bank_txn_id,value_date,narration,debit,credit,running_balance,utr_number
uci_bank_489434,2009-12-01,UCI ONLINE RETAIL UCI-489434,0.0,505.3,505.3,setl_489434
uci_bank_489435,2009-12-01,UCI ONLINE RETAIL UCI-489435,0.0,145.8,651.1,setl_489435
uci_bank_489436,2009-12-01,UCI ONLINE RETAIL UCI-489436,0.0,630.33,1281.43,setl_489436
uci_bank_489437,2009-12-01,UCI ONLINE RETAIL UCI-489437,0.0,310.75,1592.18,setl_489437
uci_bank_489438,2009-12-01,UCI ONLINE RETAIL UCI-489438,0.0,2286.24,3878.42,setl_489438
uci_bank_489439,2009-12-01,UCI ONLINE RETAIL UCI-489439,0.0,426.3,4304.72,setl_489439
uci_bank_489440,2009-12-01,UCI ONLINE RETAIL UCI-489440,0.0,50.4,4355.12,setl_489440
uci_bank_489441,2009-12-01,UCI ONLINE RETAIL UCI-489441,0.0,344.34,4699.46,setl_489441
uci_bank_489442,2009-12-01,UCI ONLINE RETAIL UCI-489442,0.0,382.37,5081.83,setl_489442
uci_bank_489443,2009-12-01,UCI ONLINE RETAIL UCI-489443,0.0,285.06,5366.89,setl_489443
uci_bank_489444,2009-12-01,UCI ONLINE RETAIL UCI-489444,0.0,141.0,5507.89,setl_489444
uci_bank_489445,2009-12-01,UCI ONLINE RETAIL UCI-489445,0.0,308.44,5816.33,setl_489445
uci_bank_489446,2009-12-01,UCI ONLINE RETAIL UCI-489446,0.0,996.1,6812.43,setl_489446
uci_bank_489447,2009-12-01,UCI ONLINE RETAIL UCI-489447,0.0,130.0,6942.43,setl_489447
uci_bank_489448,2009-12-01,UCI ONLINE RETAIL UCI-489448,0.0,570.24,7512.67,setl_489448
uci_bank_489450,2009-12-01,UCI ONLINE RETAIL UCI-489450,0.0,196.1,7708.77,setl_489450
uci_bank_489460,2009-12-01,UCI ONLINE RETAIL UCI-489460,0.0,485.79,8194.56,setl_489460
uci_bank_489462,2009-12-01,UCI ONLINE RETAIL UCI-489462,0.0,148.3,8342.86,setl_489462
uci_bank_489461,2009-12-01,UCI ONLINE RETAIL UCI-489461,0.0,589.33,8932.19,setl_489461
uci_bank_489465,2009-12-01,UCI ONLINE RETAIL UCI-489465,0.0,1197.8,10129.99,setl_489465
uci_bank_489488,2009-12-01,UCI ONLINE RETAIL UCI-489488,0.0,251.1,10381.09,setl_489488
uci_bank_489505,2009-12-01,UCI ONLINE RETAIL UCI-489505,0.0,255.5,10636.59,setl_489505
uci_bank_489514,2009-12-01,UCI ONLINE RETAIL UCI-489514,0.0,823.02,11459.61,setl_489514
uci_bank_489517,2009-12-01,UCI ONLINE RETAIL UCI-489517,0.0,282.46,11742.07,setl_489517
uci_bank_489519,2009-12-01,UCI ONLINE RETAIL UCI-489519,0.0,696.73,12438.8,setl_489519
uci_bank_489520,2009-12-01,UCI ONLINE RETAIL UCI-489520,0.0,733.63,13172.43,setl_489520
uci_bank_489522,2009-12-01,UCI ONLINE RETAIL UCI-489522,0.0,700.31,13872.74,setl_489522
uci_bank_489523,2009-12-01,UCI ONLINE RETAIL UCI-489523,0.0,1160.0,15032.74,setl_489523
uci_bank_489526,2009-12-01,UCI ONLINE RETAIL UCI-489526,0.0,929.92,15962.66,setl_489526
uci_bank_489529,2009-12-01,UCI ONLINE RETAIL UCI-489529,0.0,229.46,16192.12,setl_489529
uci_bank_489531,2009-12-01,UCI ONLINE RETAIL UCI-489531,0.0,145.0,16337.12,setl_489531
uci_bank_489532,2009-12-01,UCI ONLINE RETAIL UCI-489532,0.0,304.53,16641.65,setl_489532
uci_bank_489533,2009-12-01,UCI ONLINE RETAIL UCI-489533,0.0,192.75,16834.4,setl_489533
uci_bank_489536,2009-12-01,UCI ONLINE RETAIL UCI-489536,0.0,367.41,17201.81,setl_489536
uci_bank_489537,2009-12-01,UCI ONLINE RETAIL UCI-489537,0.0,633.33,17835.14,setl_489537
uci_bank_489539,2009-12-01,UCI ONLINE RETAIL UCI-489539,0.0,2887.14,20722.28,setl_489539
uci_bank_489540,2009-12-01,UCI ONLINE RETAIL UCI-489540,0.0,537.96,21260.24,setl_489540
uci_bank_489542,2009-12-01,UCI ONLINE RETAIL UCI-489542,0.0,387.6,21647.84,setl_489542
uci_bank_489544,2009-12-01,UCI ONLINE RETAIL UCI-489544,0.0,281.82,21929.66,setl_489544
uci_bank_489545,2009-12-01,UCI ONLINE RETAIL UCI-489545,0.0,124.95,22054.61,setl_489545
uci_bank_489546,2009-12-01,UCI ONLINE RETAIL UCI-489546,0.0,584.5,22639.11,setl_489546
uci_bank_489547,2009-12-01,UCI ONLINE RETAIL UCI-489547,0.0,641.45,23280.56,setl_489547
uci_bank_489550,2009-12-01,UCI ONLINE RETAIL UCI-489550,0.0,482.3,23762.86,setl_489550
uci_bank_489552,2009-12-01,UCI ONLINE RETAIL UCI-489552,0.0,278.61,24041.47,setl_489552
uci_bank_489556,2009-12-01,UCI ONLINE RETAIL UCI-489556,0.0,379.65,24421.12,setl_489556
uci_bank_489557,2009-12-01,UCI ONLINE RETAIL UCI-489557,0.0,603.94,25025.06,setl_489557
uci_bank_489558,2009-12-01,UCI ONLINE RETAIL UCI-489558,0.0,291.58,25316.64,setl_489558
uci_bank_489559,2009-12-01,UCI ONLINE RETAIL UCI-489559,0.0,128.6,25445.24,setl_489559
uci_bank_489560,2009-12-01,UCI ONLINE RETAIL UCI-489560,0.0,859.1,26304.34,setl_489560
uci_bank_489561,2009-12-01,UCI ONLINE RETAIL UCI-489561,0.0,246.86,26551.2,setl_489561
uci_bank_489562,2009-12-01,UCI ONLINE RETAIL UCI-489562,0.0,229.6,26780.8,setl_489562
uci_bank_489564,2009-12-01,UCI ONLINE RETAIL UCI-489564,0.0,322.9,27103.7,setl_489564
uci_bank_489566,2009-12-01,UCI ONLINE RETAIL UCI-489566,0.0,218.55,27322.25,setl_489566
uci_bank_489567,2009-12-01,UCI ONLINE RETAIL UCI-489567,0.0,307.8,27630.05,setl_489567
uci_bank_489569,2009-12-01,UCI ONLINE RETAIL UCI-489569,0.0,282.28,27912.33,setl_489569
uci_bank_489571,2009-12-01,UCI ONLINE RETAIL UCI-489571,0.0,156.71,28069.04,setl_489571
uci_bank_489572,2009-12-01,UCI ONLINE RETAIL UCI-489572,0.0,507.49,28576.53,setl_489572
uci_bank_489573,2009-12-01,UCI ONLINE RETAIL UCI-489573,0.0,580.02,29156.55,setl_489573
uci_bank_489574,2009-12-01,UCI ONLINE RETAIL UCI-489574,0.0,551.33,29707.88,setl_489574
uci_bank_489575,2009-12-01,UCI ONLINE RETAIL UCI-489575,0.0,367.28,30075.16,setl_489575
uci_bank_489576,2009-12-01,UCI ONLINE RETAIL UCI-489576,0.0,319.66,30394.82,setl_489576
uci_bank_489579,2009-12-01,UCI ONLINE RETAIL UCI-489579,0.0,219.82,30614.64,setl_489579
uci_bank_489580,2009-12-01,UCI ONLINE RETAIL UCI-489580,0.0,261.0,30875.64,setl_489580
uci_bank_489582,2009-12-01,UCI ONLINE RETAIL UCI-489582,0.0,293.95,31169.59,setl_489582
uci_bank_489581,2009-12-01,UCI ONLINE RETAIL UCI-489581,0.0,124.83,31294.42,setl_489581
uci_bank_489584,2009-12-01,UCI ONLINE RETAIL UCI-489584,0.0,21.95,31316.37,setl_489584
uci_bank_489585,2009-12-01,UCI ONLINE RETAIL UCI-489585,0.0,105.85,31422.22,setl_489585
uci_bank_489586,2009-12-01,UCI ONLINE RETAIL UCI-489586,0.0,263.42,31685.64,setl_489586
uci_bank_489590,2009-12-01,UCI ONLINE RETAIL UCI-489590,0.0,362.78,32048.42,setl_489590
uci_bank_489593,2009-12-01,UCI ONLINE RETAIL UCI-489593,0.0,423.87,32472.29,setl_489593
uci_bank_489594,2009-12-01,UCI ONLINE RETAIL UCI-489594,0.0,322.33,32794.62,setl_489594
uci_bank_489598,2009-12-01,UCI ONLINE RETAIL UCI-489598,0.0,822.37,33616.99,setl_489598
uci_bank_489599,2009-12-01,UCI ONLINE RETAIL UCI-489599,0.0,2454.68,36071.67,setl_489599
uci_bank_489606,2009-12-01,UCI ONLINE RETAIL UCI-489606,0.0,2.1,36073.77,setl_489606
uci_bank_489611,2009-12-01,UCI ONLINE RETAIL UCI-489611,0.0,2.95,36076.72,setl_489611
uci_bank_489613,2009-12-01,UCI ONLINE RETAIL UCI-489613,0.0,12.75,36089.47,setl_489613
uci_bank_489617,2009-12-01,UCI ONLINE RETAIL UCI-489617,0.0,198.0,36287.47,setl_489617
uci_bank_489634,2009-12-01,UCI ONLINE RETAIL UCI-489634,0.0,17.4,36304.87,setl_489634
uci_bank_489635,2009-12-01,UCI ONLINE RETAIL UCI-489635,0.0,352.85,36657.72,setl_489635
uci_bank_489637,2009-12-01,UCI ONLINE RETAIL UCI-489637,0.0,535.9,37193.62,setl_489637
uci_bank_489639,2009-12-01,UCI ONLINE RETAIL UCI-489639,0.0,31.2,37224.82,setl_489639
uci_bank_489640,2009-12-01,UCI ONLINE RETAIL UCI-489640,0.0,329.91,37554.73,setl_489640
uci_bank_489641,2009-12-01,UCI ONLINE RETAIL UCI-489641,0.0,622.1,38176.83,setl_489641
uci_bank_489644,2009-12-01,UCI ONLINE RETAIL UCI-489644,0.0,896.54,39073.37,setl_489644
uci_bank_489645,2009-12-01,UCI ONLINE RETAIL UCI-489645,0.0,261.74,39335.11,setl_489645
uci_bank_489650,2009-12-01,UCI ONLINE RETAIL UCI-489650,0.0,173.1,39508.21,setl_489650
uci_bank_489652,2009-12-01,UCI ONLINE RETAIL UCI-489652,0.0,294.14,39802.35,setl_489652
uci_bank_489654,2009-12-01,UCI ONLINE RETAIL UCI-489654,0.0,222.12,40024.47,setl_489654
uci_bank_489657,2009-12-01,UCI ONLINE RETAIL UCI-489657,0.0,55.2,40079.67,setl_489657
uci_bank_489656,2009-12-01,UCI ONLINE RETAIL UCI-489656,0.0,1237.3,41316.97,setl_489656
uci_bank_489658,2009-12-01,UCI ONLINE RETAIL UCI-489658,0.0,828.09,42145.06,setl_489658
uci_bank_489661,2009-12-01,UCI ONLINE RETAIL UCI-489661,0.0,23.48,42168.54,setl_489661
uci_bank_489662,2009-12-01,UCI ONLINE RETAIL UCI-489662,0.0,73.75,42242.29,setl_489662
uci_bank_489664,2009-12-01,UCI ONLINE RETAIL UCI-489664,0.0,374.43,42616.72,setl_489664
uci_bank_489665,2009-12-01,UCI ONLINE RETAIL UCI-489665,0.0,252.3,42869.02,setl_489665
uci_bank_489666,2009-12-01,UCI ONLINE RETAIL UCI-489666,0.0,263.09,43132.11,setl_489666
uci_bank_489667,2009-12-01,UCI ONLINE RETAIL UCI-489667,0.0,538.46,43670.57,setl_489667
uci_bank_489668,2009-12-01,UCI ONLINE RETAIL UCI-489668,0.0,378.12,44048.69,setl_489668
uci_bank_489669,2009-12-02,UCI ONLINE RETAIL UCI-489669,0.0,397.2,44445.89,setl_489669
uci_bank_489670,2009-12-02,UCI ONLINE RETAIL UCI-489670,0.0,114.6,44560.49,setl_489670
uci_bank_489671,2009-12-02,UCI ONLINE RETAIL UCI-489671,0.0,740.3,45300.79,setl_489671
uci_bank_489672,2009-12-02,UCI ONLINE RETAIL UCI-489672,0.0,772.65,46073.44,setl_489672
uci_bank_489673,2009-12-02,UCI ONLINE RETAIL UCI-489673,0.0,61.1,46134.54,setl_489673
uci_bank_489674,2009-12-02,UCI ONLINE RETAIL UCI-489674,0.0,261.3,46395.84,setl_489674
uci_bank_489675,2009-12-02,UCI ONLINE RETAIL UCI-489675,0.0,4939.22,51335.06,setl_489675
uci_bank_489676,2009-12-02,UCI ONLINE RETAIL UCI-489676,0.0,1210.8,52545.86,setl_489676
uci_bank_489677,2009-12-02,UCI ONLINE RETAIL UCI-489677,0.0,192.0,52737.86,setl_489677
uci_bank_489678,2009-12-02,UCI ONLINE RETAIL UCI-489678,0.0,189.3,52927.16,setl_489678
uci_bank_489679,2009-12-02,UCI ONLINE RETAIL UCI-489679,0.0,795.98,53723.14,setl_489679
uci_bank_489681,2009-12-02,UCI ONLINE RETAIL UCI-489681,0.0,89.59,53812.73,setl_489681
uci_bank_489680,2009-12-02,UCI ONLINE RETAIL UCI-489680,0.0,45.0,53857.73,setl_489680
uci_bank_489682,2009-12-02,UCI ONLINE RETAIL UCI-489682,0.0,125.73,53983.46,setl_489682
uci_bank_489683,2009-12-02,UCI ONLINE RETAIL UCI-489683,0.0,1317.97,55301.43,setl_489683
uci_bank_489684,2009-12-02,UCI ONLINE RETAIL UCI-489684,0.0,266.6,55568.03,setl_489684
uci_bank_489687,2009-12-02,UCI ONLINE RETAIL UCI-489687,0.0,221.53,55789.56,setl_489687
uci_bank_489688,2009-12-02,UCI ONLINE RETAIL UCI-489688,0.0,299.7,56089.26,setl_489688
uci_bank_489695,2009-12-02,UCI ONLINE RETAIL UCI-489695,0.0,306.95,56396.21,setl_489695
uci_bank_489699,2009-12-02,UCI ONLINE RETAIL UCI-489699,0.0,401.7,56797.91,setl_489699
uci_bank_489705,2009-12-02,UCI ONLINE RETAIL UCI-489705,0.0,17.0,56814.91,setl_489705
uci_bank_489702,2009-12-02,UCI ONLINE RETAIL UCI-489702,0.0,3108.64,59923.55,setl_489702
uci_bank_489723,2009-12-02,UCI ONLINE RETAIL UCI-489723,0.0,2052.12,61975.67,setl_489723
uci_bank_489726,2009-12-02,UCI ONLINE RETAIL UCI-489726,0.0,750.0,62725.67,setl_489726
uci_bank_489725,2009-12-02,UCI ONLINE RETAIL UCI-489725,0.0,216.0,62941.67,setl_489725
uci_bank_489727,2009-12-02,UCI ONLINE RETAIL UCI-489727,0.0,900.0,63841.67,setl_489727
uci_bank_489728,2009-12-02,UCI ONLINE RETAIL UCI-489728,0.0,180.45,64022.12,setl_489728
uci_bank_489733,2009-12-02,UCI ONLINE RETAIL UCI-489733,0.0,168.0,64190.12,setl_489733
uci_bank_489743,2009-12-02,UCI ONLINE RETAIL UCI-489743,0.0,538.77,64728.89,setl_489743
uci_bank_489748,2009-12-02,UCI ONLINE RETAIL UCI-489748,0.0,754.2,65483.09,setl_489748
uci_bank_489764,2009-12-02,UCI ONLINE RETAIL UCI-489764,0.0,223.1,65706.19,setl_489764
uci_bank_489765,2009-12-02,UCI ONLINE RETAIL UCI-489765,0.0,285.59,65991.78,setl_489765
uci_bank_489766,2009-12-02,UCI ONLINE RETAIL UCI-489766,0.0,130.18,66121.96,setl_489766
uci_bank_489780,2009-12-02,UCI ONLINE RETAIL UCI-489780,0.0,159.98,66281.94,setl_489780
uci_bank_489782,2009-12-02,UCI ONLINE RETAIL UCI-489782,0.0,230.46,66512.4,setl_489782
uci_bank_489783,2009-12-02,UCI ONLINE RETAIL UCI-489783,0.0,162.04,66674.44,setl_489783
uci_bank_489784,2009-12-02,UCI ONLINE RETAIL UCI-489784,0.0,40.8,66715.24,setl_489784
uci_bank_489785,2009-12-02,UCI ONLINE RETAIL UCI-489785,0.0,333.67,67048.91,setl_489785
uci_bank_489786,2009-12-02,UCI ONLINE RETAIL UCI-489786,0.0,216.86,67265.77,setl_489786
uci_bank_489787,2009-12-02,UCI ONLINE RETAIL UCI-489787,0.0,319.54,67585.31,setl_489787
uci_bank_489788,2009-12-02,UCI ONLINE RETAIL UCI-489788,0.0,119.16,67704.47,setl_489788
uci_bank_489790,2009-12-02,UCI ONLINE RETAIL UCI-489790,0.0,131.12,67835.59,setl_489790
uci_bank_489789,2009-12-02,UCI ONLINE RETAIL UCI-489789,0.0,80.4,67915.99,setl_489789
uci_bank_489791,2009-12-02,UCI ONLINE RETAIL UCI-489791,0.0,221.19,68137.18,setl_489791
uci_bank_489792,2009-12-02,UCI ONLINE RETAIL UCI-489792,0.0,923.79,69060.97,setl_489792
uci_bank_489793,2009-12-02,UCI ONLINE RETAIL UCI-489793,0.0,260.36,69321.33,setl_489793
uci_bank_489794,2009-12-02,UCI ONLINE RETAIL UCI-489794,0.0,58.2,69379.53,setl_489794
uci_bank_489795,2009-12-02,UCI ONLINE RETAIL UCI-489795,0.0,935.01,70314.54,setl_489795
uci_bank_489796,2009-12-02,UCI ONLINE RETAIL UCI-489796,0.0,311.5,70626.04,setl_489796
uci_bank_489797,2009-12-02,UCI ONLINE RETAIL UCI-489797,0.0,200.63,70826.67,setl_489797
uci_bank_489798,2009-12-02,UCI ONLINE RETAIL UCI-489798,0.0,311.69,71138.36,setl_489798
uci_bank_489800,2009-12-02,UCI ONLINE RETAIL UCI-489800,0.0,408.07,71546.43,setl_489800
uci_bank_489801,2009-12-02,UCI ONLINE RETAIL UCI-489801,0.0,128.48,71674.91,setl_489801
uci_bank_489802,2009-12-02,UCI ONLINE RETAIL UCI-489802,0.0,174.52,71849.43,setl_489802
uci_bank_489804,2009-12-02,UCI ONLINE RETAIL UCI-489804,0.0,251.17,72100.6,setl_489804
uci_bank_489805,2009-12-02,UCI ONLINE RETAIL UCI-489805,0.0,454.35,72554.95,setl_489805
uci_bank_489807,2009-12-02,UCI ONLINE RETAIL UCI-489807,0.0,180.13,72735.08,setl_489807
uci_bank_489808,2009-12-02,UCI ONLINE RETAIL UCI-489808,0.0,109.84,72844.92,setl_489808
uci_bank_489809,2009-12-02,UCI ONLINE RETAIL UCI-489809,0.0,112.5,72957.42,setl_489809
uci_bank_489810,2009-12-02,UCI ONLINE RETAIL UCI-489810,0.0,493.25,73450.67,setl_489810
uci_bank_489811,2009-12-02,UCI ONLINE RETAIL UCI-489811,0.0,634.29,74084.96,setl_489811
uci_bank_489812,2009-12-02,UCI ONLINE RETAIL UCI-489812,0.0,597.69,74682.65,setl_489812
uci_bank_489814,2009-12-02,UCI ONLINE RETAIL UCI-489814,0.0,824.18,75506.83,setl_489814
uci_bank_489815,2009-12-02,UCI ONLINE RETAIL UCI-489815,0.0,132.55,75639.38,setl_489815
uci_bank_489816,2009-12-02,UCI ONLINE RETAIL UCI-489816,0.0,284.55,75923.93,setl_489816
uci_bank_489817,2009-12-02,UCI ONLINE RETAIL UCI-489817,0.0,340.2,76264.13,setl_489817
uci_bank_489819,2009-12-02,UCI ONLINE RETAIL UCI-489819,0.0,618.43,76882.56,setl_489819
uci_bank_489818,2009-12-02,UCI ONLINE RETAIL UCI-489818,0.0,294.3,77176.86,setl_489818
uci_bank_489822,2009-12-02,UCI ONLINE RETAIL UCI-489822,0.0,371.27,77548.13,setl_489822
uci_bank_489823,2009-12-02,UCI ONLINE RETAIL UCI-489823,0.0,87.3,77635.43,setl_489823
uci_bank_489824,2009-12-02,UCI ONLINE RETAIL UCI-489824,0.0,176.88,77812.31,setl_489824
uci_bank_489825,2009-12-02,UCI ONLINE RETAIL UCI-489825,0.0,174.1,77986.41,setl_489825
uci_bank_489826,2009-12-02,UCI ONLINE RETAIL UCI-489826,0.0,85.95,78072.36,setl_489826
uci_bank_489827,2009-12-02,UCI ONLINE RETAIL UCI-489827,0.0,445.7,78518.06,setl_489827
uci_bank_489829,2009-12-02,UCI ONLINE RETAIL UCI-489829,0.0,472.47,78990.53,setl_489829
uci_bank_489830,2009-12-02,UCI ONLINE RETAIL UCI-489830,0.0,637.04,79627.57,setl_489830
uci_bank_489831,2009-12-02,UCI ONLINE RETAIL UCI-489831,0.0,1008.0,80635.57,setl_489831
uci_bank_489832,2009-12-02,UCI ONLINE RETAIL UCI-489832,0.0,316.22,80951.79,setl_489832
uci_bank_489834,2009-12-02,UCI ONLINE RETAIL UCI-489834,0.0,214.8,81166.59,setl_489834
uci_bank_489833,2009-12-02,UCI ONLINE RETAIL UCI-489833,0.0,150.68,81317.27,setl_489833
uci_bank_489835,2009-12-02,UCI ONLINE RETAIL UCI-489835,0.0,714.0,82031.27,setl_489835
uci_bank_489837,2009-12-02,UCI ONLINE RETAIL UCI-489837,0.0,514.97,82546.24,setl_489837
uci_bank_489840,2009-12-02,UCI ONLINE RETAIL UCI-489840,0.0,89.7,82635.94,setl_489840
uci_bank_489855,2009-12-02,UCI ONLINE RETAIL UCI-489855,0.0,157.91,82793.85,setl_489855
uci_bank_489862,2009-12-02,UCI ONLINE RETAIL UCI-489862,0.0,734.7,83528.55,setl_489862
uci_bank_489863,2009-12-02,UCI ONLINE RETAIL UCI-489863,0.0,66.82,83595.37,setl_489863
uci_bank_489864,2009-12-02,UCI ONLINE RETAIL UCI-489864,0.0,206.85,83802.22,setl_489864
uci_bank_489865,2009-12-02,UCI ONLINE RETAIL UCI-489865,0.0,234.87,84037.09,setl_489865
uci_bank_489866,2009-12-02,UCI ONLINE RETAIL UCI-489866,0.0,1003.83,85040.92,setl_489866
uci_bank_489868,2009-12-02,UCI ONLINE RETAIL UCI-489868,0.0,675.0,85715.92,setl_489868
uci_bank_489869,2009-12-02,UCI ONLINE RETAIL UCI-489869,0.0,39.98,85755.9,setl_489869
uci_bank_489870,2009-12-02,UCI ONLINE RETAIL UCI-489870,0.0,162.1,85918.0,setl_489870
uci_bank_489871,2009-12-02,UCI ONLINE RETAIL UCI-489871,0.0,735.7,86653.7,setl_489871
uci_bank_489872,2009-12-02,UCI ONLINE RETAIL UCI-489872,0.0,632.9,87286.6,setl_489872
uci_bank_489873,2009-12-02,UCI ONLINE RETAIL UCI-489873,0.0,10.2,87296.8,setl_489873
uci_bank_489874,2009-12-02,UCI ONLINE RETAIL UCI-489874,0.0,176.6,87473.4,setl_489874
uci_bank_489875,2009-12-02,UCI ONLINE RETAIL UCI-489875,0.0,530.76,88004.16,setl_489875
uci_bank_489877,2009-12-02,UCI ONLINE RETAIL UCI-489877,0.0,368.1,88372.26,setl_489877
uci_bank_489876,2009-12-02,UCI ONLINE RETAIL UCI-489876,0.0,39.85,88412.11,setl_489876
uci_bank_489878,2009-12-02,UCI ONLINE RETAIL UCI-489878,0.0,143.11,88555.22,setl_489878
uci_bank_489879,2009-12-02,UCI ONLINE RETAIL UCI-489879,0.0,163.47,88718.69,setl_489879
uci_bank_489880,2009-12-02,UCI ONLINE RETAIL UCI-489880,0.0,380.28,89098.97,setl_489880
uci_bank_489883,2009-12-02,UCI ONLINE RETAIL UCI-489883,0.0,578.28,89677.25,setl_489883
uci_bank_489884,2009-12-02,UCI ONLINE RETAIL UCI-489884,0.0,3.61,89680.86,setl_489884
uci_bank_489888,2009-12-02,UCI ONLINE RETAIL UCI-489888,0.0,597.4,90278.26,setl_489888
uci_bank_489889,2009-12-02,UCI ONLINE RETAIL UCI-489889,0.0,4734.24,95012.5,setl_489889
uci_bank_489890,2009-12-02,UCI ONLINE RETAIL UCI-489890,0.0,976.8,95989.3,setl_489890
uci_bank_489891,2009-12-02,UCI ONLINE RETAIL UCI-489891,0.0,181.08,96170.38,setl_489891
uci_bank_489893,2009-12-02,UCI ONLINE RETAIL UCI-489893,0.0,300.1,96470.48,setl_489893
uci_bank_489894,2009-12-02,UCI ONLINE RETAIL UCI-489894,0.0,520.2,96990.68,setl_489894
uci_bank_489895,2009-12-03,UCI ONLINE RETAIL UCI-489895,0.0,371.82,97362.5,setl_489895
uci_bank_489896,2009-12-03,UCI ONLINE RETAIL UCI-489896,0.0,337.93,97700.43,setl_489896
uci_bank_489897,2009-12-03,UCI ONLINE RETAIL UCI-489897,0.0,260.44,97960.87,setl_489897
uci_bank_489900,2009-12-03,UCI ONLINE RETAIL UCI-489900,0.0,287.37,98248.24,setl_489900
uci_bank_489902,2009-12-03,UCI ONLINE RETAIL UCI-489902,0.0,119.1,98367.34,setl_489902
uci_bank_489904,2009-12-03,UCI ONLINE RETAIL UCI-489904,0.0,203.78,98571.12,setl_489904
uci_bank_489905,2009-12-03,UCI ONLINE RETAIL UCI-489905,0.0,478.7,99049.82,setl_489905
uci_bank_489906,2009-12-03,UCI ONLINE RETAIL UCI-489906,0.0,120.0,99169.82,setl_489906
uci_bank_489907,2009-12-03,UCI ONLINE RETAIL UCI-489907,0.0,202.06,99371.88,setl_489907
uci_bank_489909,2009-12-03,UCI ONLINE RETAIL UCI-489909,0.0,642.2,100014.08,setl_489909
uci_bank_489908,2009-12-03,UCI ONLINE RETAIL UCI-489908,0.0,107.33,100121.41,setl_489908
uci_bank_489910,2009-12-03,UCI ONLINE RETAIL UCI-489910,0.0,144.0,100265.41,setl_489910
uci_bank_489912,2009-12-03,UCI ONLINE RETAIL UCI-489912,0.0,1146.1,101411.51,setl_489912
uci_bank_489913,2009-12-03,UCI ONLINE RETAIL UCI-489913,0.0,69.6,101481.11,setl_489913
uci_bank_489914,2009-12-03,UCI ONLINE RETAIL UCI-489914,0.0,993.0,102474.11,setl_489914
uci_bank_489916,2009-12-03,UCI ONLINE RETAIL UCI-489916,0.0,336.0,102810.11,setl_489916
uci_bank_489915,2009-12-03,UCI ONLINE RETAIL UCI-489915,0.0,54.6,102864.71,setl_489915
uci_bank_489932,2009-12-03,UCI ONLINE RETAIL UCI-489932,0.0,82.6,102947.31,setl_489932
uci_bank_489935,2009-12-03,UCI ONLINE RETAIL UCI-489935,0.0,181.65,103128.96,setl_489935
uci_bank_489994,2009-12-03,UCI ONLINE RETAIL UCI-489994,0.0,430.9,103559.86,setl_489994
uci_bank_489996,2009-12-03,UCI ONLINE RETAIL UCI-489996,0.0,320.4,103880.26,setl_489996
uci_bank_489998,2009-12-03,UCI ONLINE RETAIL UCI-489998,0.0,321.65,104201.91,setl_489998
uci_bank_489999,2009-12-03,UCI ONLINE RETAIL UCI-489999,0.0,154.2,104356.11,setl_489999
uci_bank_490000,2009-12-03,UCI ONLINE RETAIL UCI-490000,0.0,143.06,104499.17,setl_490000
uci_bank_490001,2009-12-03,UCI ONLINE RETAIL UCI-490001,0.0,169.5,104668.67,setl_490001
uci_bank_490002,2009-12-03,UCI ONLINE RETAIL UCI-490002,0.0,114.55,104783.22,setl_490002
uci_bank_490003,2009-12-03,UCI ONLINE RETAIL UCI-490003,0.0,317.55,105100.77,setl_490003
uci_bank_490004,2009-12-03,UCI ONLINE RETAIL UCI-490004,0.0,912.56,106013.33,setl_490004
uci_bank_490005,2009-12-03,UCI ONLINE RETAIL UCI-490005,0.0,556.75,106570.08,setl_490005
uci_bank_490006,2009-12-03,UCI ONLINE RETAIL UCI-490006,0.0,344.4,106914.48,setl_490006
uci_bank_490008,2009-12-03,UCI ONLINE RETAIL UCI-490008,0.0,503.93,107418.41,setl_490008
uci_bank_490009,2009-12-03,UCI ONLINE RETAIL UCI-490009,0.0,285.09,107703.5,setl_490009
uci_bank_490010,2009-12-03,UCI ONLINE RETAIL UCI-490010,0.0,1008.0,108711.5,setl_490010
uci_bank_490011,2009-12-03,UCI ONLINE RETAIL UCI-490011,0.0,221.69,108933.19,setl_490011
uci_bank_490013,2009-12-03,UCI ONLINE RETAIL UCI-490013,0.0,500.55,109433.74,setl_490013
uci_bank_490012,2009-12-03,UCI ONLINE RETAIL UCI-490012,0.0,763.35,110197.09,setl_490012
uci_bank_490014,2009-12-03,UCI ONLINE RETAIL UCI-490014,0.0,744.21,110941.3,setl_490014
uci_bank_490017,2009-12-03,UCI ONLINE RETAIL UCI-490017,0.0,393.65,111334.95,setl_490017
uci_bank_490018,2009-12-03,UCI ONLINE RETAIL UCI-490018,0.0,4380.0,115714.95,setl_490018
uci_bank_490019,2009-12-03,UCI ONLINE RETAIL UCI-490019,0.0,308.6,116023.55,setl_490019
uci_bank_490021,2009-12-03,UCI ONLINE RETAIL UCI-490021,0.0,10.2,116033.75,setl_490021
uci_bank_490020,2009-12-03,UCI ONLINE RETAIL UCI-490020,0.0,37.8,116071.55,setl_490020
uci_bank_490022,2009-12-03,UCI ONLINE RETAIL UCI-490022,0.0,45.6,116117.15,setl_490022
uci_bank_490023,2009-12-03,UCI ONLINE RETAIL UCI-490023,0.0,189.15,116306.3,setl_490023
uci_bank_490024,2009-12-03,UCI ONLINE RETAIL UCI-490024,0.0,215.0,116521.3,setl_490024
uci_bank_490034,2009-12-03,UCI ONLINE RETAIL UCI-490034,0.0,69.82,116591.12,setl_490034
uci_bank_490045,2009-12-03,UCI ONLINE RETAIL UCI-490045,0.0,180.39,116771.51,setl_490045
uci_bank_490047,2009-12-03,UCI ONLINE RETAIL UCI-490047,0.0,263.85,117035.36,setl_490047
uci_bank_490046,2009-12-03,UCI ONLINE RETAIL UCI-490046,0.0,228.3,117263.66,setl_490046
uci_bank_490048,2009-12-03,UCI ONLINE RETAIL UCI-490048,0.0,1146.71,118410.37,setl_490048
uci_bank_490049,2009-12-03,UCI ONLINE RETAIL UCI-490049,0.0,102.0,118512.37,setl_490049
uci_bank_490050,2009-12-03,UCI ONLINE RETAIL UCI-490050,0.0,13.5,118525.87,setl_490050
uci_bank_490052,2009-12-03,UCI ONLINE RETAIL UCI-490052,0.0,831.0,119356.87,setl_490052
uci_bank_490053,2009-12-03,UCI ONLINE RETAIL UCI-490053,0.0,119.54,119476.41,setl_490053
uci_bank_490054,2009-12-03,UCI ONLINE RETAIL UCI-490054,0.0,277.5,119753.91,setl_490054
uci_bank_490056,2009-12-03,UCI ONLINE RETAIL UCI-490056,0.0,61.12,119815.03,setl_490056
uci_bank_490057,2009-12-03,UCI ONLINE RETAIL UCI-490057,0.0,360.52,120175.55,setl_490057
uci_bank_490058,2009-12-03,UCI ONLINE RETAIL UCI-490058,0.0,47.85,120223.4,setl_490058
uci_bank_490059,2009-12-03,UCI ONLINE RETAIL UCI-490059,0.0,14475.0,134698.4,setl_490059
uci_bank_490060,2009-12-03,UCI ONLINE RETAIL UCI-490060,0.0,314.22,135012.62,setl_490060
uci_bank_490061,2009-12-03,UCI ONLINE RETAIL UCI-490061,0.0,4000.0,139012.62,setl_490061
uci_bank_490062,2009-12-03,UCI ONLINE RETAIL UCI-490062,0.0,165.3,139177.92,setl_490062
uci_bank_490063,2009-12-03,UCI ONLINE RETAIL UCI-490063,0.0,210.39,139388.31,setl_490063
uci_bank_490064,2009-12-03,UCI ONLINE RETAIL UCI-490064,0.0,355.59,139743.9,setl_490064
uci_bank_490065,2009-12-03,UCI ONLINE RETAIL UCI-490065,0.0,1260.0,141003.9,setl_490065
uci_bank_490066,2009-12-03,UCI ONLINE RETAIL UCI-490066,0.0,372.2,141376.1,setl_490066
uci_bank_490067,2009-12-03,UCI ONLINE RETAIL UCI-490067,0.0,952.61,142328.71,setl_490067
uci_bank_490068,2009-12-03,UCI ONLINE RETAIL UCI-490068,0.0,284.3,142613.01,setl_490068
uci_bank_490069,2009-12-03,UCI ONLINE RETAIL UCI-490069,0.0,161.4,142774.41,setl_490069
uci_bank_490070,2009-12-03,UCI ONLINE RETAIL UCI-490070,0.0,236.25,143010.66,setl_490070
uci_bank_490071,2009-12-03,UCI ONLINE RETAIL UCI-490071,0.0,294.85,143305.51,setl_490071
uci_bank_490072,2009-12-03,UCI ONLINE RETAIL UCI-490072,0.0,194.65,143500.16,setl_490072
uci_bank_490073,2009-12-03,UCI ONLINE RETAIL UCI-490073,0.0,258.1,143758.26,setl_490073
uci_bank_490075,2009-12-03,UCI ONLINE RETAIL UCI-490075,0.0,381.0,144139.26,setl_490075
uci_bank_490077,2009-12-03,UCI ONLINE RETAIL UCI-490077,0.0,115.51,144254.77,setl_490077
uci_bank_490078,2009-12-03,UCI ONLINE RETAIL UCI-490078,0.0,584.35,144839.12,setl_490078
uci_bank_490079,2009-12-03,UCI ONLINE RETAIL UCI-490079,0.0,160.35,144999.47,setl_490079
uci_bank_490080,2009-12-03,UCI ONLINE RETAIL UCI-490080,0.0,311.7,145311.17,setl_490080
uci_bank_490081,2009-12-03,UCI ONLINE RETAIL UCI-490081,0.0,723.09,146034.26,setl_490081
uci_bank_490082,2009-12-03,UCI ONLINE RETAIL UCI-490082,0.0,337.9,146372.16,setl_490082
uci_bank_490083,2009-12-03,UCI ONLINE RETAIL UCI-490083,0.0,2506.14,148878.3,setl_490083
uci_bank_490085,2009-12-03,UCI ONLINE RETAIL UCI-490085,0.0,170.06,149048.36,setl_490085
uci_bank_490086,2009-12-03,UCI ONLINE RETAIL UCI-490086,0.0,799.2,149847.56,setl_490086
uci_bank_490087,2009-12-03,UCI ONLINE RETAIL UCI-490087,0.0,898.18,150745.74,setl_490087
uci_bank_490088,2009-12-03,UCI ONLINE RETAIL UCI-490088,0.0,17.0,150762.74,setl_490088
uci_bank_490089,2009-12-03,UCI ONLINE RETAIL UCI-490089,0.0,466.2,151228.94,setl_490089
uci_bank_490090,2009-12-03,UCI ONLINE RETAIL UCI-490090,0.0,45.55,151274.49,setl_490090
uci_bank_490092,2009-12-03,UCI ONLINE RETAIL UCI-490092,0.0,510.87,151785.36,setl_490092
uci_bank_490091,2009-12-03,UCI ONLINE RETAIL UCI-490091,0.0,636.0,152421.36,setl_490091
uci_bank_490093,2009-12-03,UCI ONLINE RETAIL UCI-490093,0.0,1794.7,154216.06,setl_490093
uci_bank_490094,2009-12-03,UCI ONLINE RETAIL UCI-490094,0.0,851.76,155067.82,setl_490094
uci_bank_490095,2009-12-03,UCI ONLINE RETAIL UCI-490095,0.0,186.36,155254.18,setl_490095
uci_bank_490097,2009-12-03,UCI ONLINE RETAIL UCI-490097,0.0,279.42,155533.6,setl_490097
uci_bank_490099,2009-12-03,UCI ONLINE RETAIL UCI-490099,0.0,1225.98,156759.58,setl_490099
uci_bank_490100,2009-12-03,UCI ONLINE RETAIL UCI-490100,0.0,869.93,157629.51,setl_490100
uci_bank_490101,2009-12-03,UCI ONLINE RETAIL UCI-490101,0.0,338.5,157968.01,setl_490101
uci_bank_490106,2009-12-03,UCI ONLINE RETAIL UCI-490106,0.0,314.37,158282.38,setl_490106
uci_bank_490107,2009-12-03,UCI ONLINE RETAIL UCI-490107,0.0,110.7,158393.08,setl_490107
uci_bank_490108,2009-12-03,UCI ONLINE RETAIL UCI-490108,0.0,239.68,158632.76,setl_490108
uci_bank_490109,2009-12-03,UCI ONLINE RETAIL UCI-490109,0.0,415.0,159047.76,setl_490109
uci_bank_490110,2009-12-03,UCI ONLINE RETAIL UCI-490110,0.0,30.15,159077.91,setl_490110
uci_bank_490111,2009-12-03,UCI ONLINE RETAIL UCI-490111,0.0,321.21,159399.12,setl_490111
uci_bank_490112,2009-12-03,UCI ONLINE RETAIL UCI-490112,0.0,313.19,159712.31,setl_490112
uci_bank_490113,2009-12-03,UCI ONLINE RETAIL UCI-490113,0.0,39.2,159751.51,setl_490113
uci_bank_490114,2009-12-03,UCI ONLINE RETAIL UCI-490114,0.0,257.62,160009.13,setl_490114
uci_bank_490115,2009-12-03,UCI ONLINE RETAIL UCI-490115,0.0,342.6,160351.73,setl_490115
uci_bank_490116,2009-12-03,UCI ONLINE RETAIL UCI-490116,0.0,122.4,160474.13,setl_490116
uci_bank_490118,2009-12-03,UCI ONLINE RETAIL UCI-490118,0.0,317.04,160791.17,setl_490118
uci_bank_490119,2009-12-03,UCI ONLINE RETAIL UCI-490119,0.0,108.75,160899.92,setl_490119
uci_bank_490121,2009-12-03,UCI ONLINE RETAIL UCI-490121,0.0,112.03,161011.95,setl_490121
uci_bank_490124,2009-12-03,UCI ONLINE RETAIL UCI-490124,0.0,319.87,161331.82,setl_490124
uci_bank_490125,2009-12-03,UCI ONLINE RETAIL UCI-490125,0.0,297.05,161628.87,setl_490125
uci_bank_490127,2009-12-03,UCI ONLINE RETAIL UCI-490127,0.0,569.18,162198.05,setl_490127
uci_bank_490128,2009-12-03,UCI ONLINE RETAIL UCI-490128,0.0,241.8,162439.85,setl_490128
uci_bank_490132,2009-12-03,UCI ONLINE RETAIL UCI-490132,0.0,197.3,162637.15,setl_490132
uci_bank_490134,2009-12-03,UCI ONLINE RETAIL UCI-490134,0.0,151.65,162788.8,setl_490134
uci_bank_490135,2009-12-03,UCI ONLINE RETAIL UCI-490135,0.0,387.87,163176.67,setl_490135
uci_bank_490136,2009-12-03,UCI ONLINE RETAIL UCI-490136,0.0,174.85,163351.52,setl_490136
uci_bank_490137,2009-12-03,UCI ONLINE RETAIL UCI-490137,0.0,160.69,163512.21,setl_490137
uci_bank_490138,2009-12-03,UCI ONLINE RETAIL UCI-490138,0.0,339.78,163851.99,setl_490138
uci_bank_490139,2009-12-03,UCI ONLINE RETAIL UCI-490139,0.0,210.55,164062.54,setl_490139
uci_bank_490140,2009-12-03,UCI ONLINE RETAIL UCI-490140,0.0,407.22,164469.76,setl_490140
uci_bank_490141,2009-12-04,UCI ONLINE RETAIL UCI-490141,0.0,308.75,164778.51,setl_490141
uci_bank_490142,2009-12-04,UCI ONLINE RETAIL UCI-490142,0.0,1261.0,166039.51,setl_490142
uci_bank_490143,2009-12-04,UCI ONLINE RETAIL UCI-490143,0.0,1610.52,167650.03,setl_490143
uci_bank_490144,2009-12-04,UCI ONLINE RETAIL UCI-490144,0.0,337.1,167987.13,setl_490144
uci_bank_490145,2009-12-04,UCI ONLINE RETAIL UCI-490145,0.0,989.18,168976.31,setl_490145
uci_bank_490147,2009-12-04,UCI ONLINE RETAIL UCI-490147,0.0,510.64,169486.95,setl_490147
uci_bank_490151,2009-12-04,UCI ONLINE RETAIL UCI-490151,0.0,160.39,169647.34,setl_490151
uci_bank_490152,2009-12-04,UCI ONLINE RETAIL UCI-490152,0.0,682.65,170329.99,setl_490152
uci_bank_490154,2009-12-04,UCI ONLINE RETAIL UCI-490154,0.0,290.48,170620.47,setl_490154
uci_bank_490156,2009-12-04,UCI ONLINE RETAIL UCI-490156,0.0,455.36,171075.83,setl_490156
uci_bank_490157,2009-12-04,UCI ONLINE RETAIL UCI-490157,0.0,138.0,171213.83,setl_490157
uci_bank_490158,2009-12-04,UCI ONLINE RETAIL UCI-490158,0.0,508.26,171722.09,setl_490158
uci_bank_490159,2009-12-04,UCI ONLINE RETAIL UCI-490159,0.0,19.5,171741.59,setl_490159
uci_bank_490160,2009-12-04,UCI ONLINE RETAIL UCI-490160,0.0,244.8,171986.39,setl_490160
uci_bank_490161,2009-12-04,UCI ONLINE RETAIL UCI-490161,0.0,825.94,172812.33,setl_490161
uci_bank_490162,2009-12-04,UCI ONLINE RETAIL UCI-490162,0.0,280.2,173092.53,setl_490162
uci_bank_490163,2009-12-04,UCI ONLINE RETAIL UCI-490163,0.0,141.63,173234.16,setl_490163
uci_bank_490164,2009-12-04,UCI ONLINE RETAIL UCI-490164,0.0,1058.4,174292.56,setl_490164
uci_bank_490166,2009-12-04,UCI ONLINE RETAIL UCI-490166,0.0,371.85,174664.41,setl_490166
uci_bank_490167,2009-12-04,UCI ONLINE RETAIL UCI-490167,0.0,312.21,174976.62,setl_490167
uci_bank_490171,2009-12-04,UCI ONLINE RETAIL UCI-490171,0.0,29.28,175005.9,setl_490171
uci_bank_490202,2009-12-04,UCI ONLINE RETAIL UCI-490202,0.0,410.0,175415.9,setl_490202
uci_bank_490209,2009-12-04,UCI ONLINE RETAIL UCI-490209,0.0,908.04,176323.94,setl_490209
uci_bank_490212,2009-12-04,UCI ONLINE RETAIL UCI-490212,0.0,108.95,176432.89,setl_490212
uci_bank_490214,2009-12-04,UCI ONLINE RETAIL UCI-490214,0.0,319.15,176752.04,setl_490214
uci_bank_490218,2009-12-04,UCI ONLINE RETAIL UCI-490218,0.0,67.68,176819.72,setl_490218
uci_bank_490219,2009-12-04,UCI ONLINE RETAIL UCI-490219,0.0,155.65,176975.37,setl_490219
uci_bank_490229,2009-12-04,UCI ONLINE RETAIL UCI-490229,0.0,1185.16,178160.53,setl_490229
uci_bank_490247,2009-12-04,UCI ONLINE RETAIL UCI-490247,0.0,351.3,178511.83,setl_490247
uci_bank_490258,2009-12-04,UCI ONLINE RETAIL UCI-490258,0.0,20.4,178532.23,setl_490258
uci_bank_490266,2009-12-04,UCI ONLINE RETAIL UCI-490266,0.0,231.2,178763.43,setl_490266
uci_bank_490272,2009-12-04,UCI ONLINE RETAIL UCI-490272,0.0,521.38,179284.81,setl_490272
uci_bank_490277,2009-12-04,UCI ONLINE RETAIL UCI-490277,0.0,1077.6,180362.41,setl_490277
uci_bank_490279,2009-12-04,UCI ONLINE RETAIL UCI-490279,0.0,317.83,180680.24,setl_490279
uci_bank_490281,2009-12-04,UCI ONLINE RETAIL UCI-490281,0.0,311.2,180991.44,setl_490281
uci_bank_490282,2009-12-04,UCI ONLINE RETAIL UCI-490282,0.0,107.95,181099.39,setl_490282
uci_bank_490284,2009-12-04,UCI ONLINE RETAIL UCI-490284,0.0,439.46,181538.85,setl_490284
uci_bank_490286,2009-12-04,UCI ONLINE RETAIL UCI-490286,0.0,762.1,182300.95,setl_490286
uci_bank_490285,2009-12-04,UCI ONLINE RETAIL UCI-490285,0.0,373.74,182674.69,setl_490285
uci_bank_490288,2009-12-04,UCI ONLINE RETAIL UCI-490288,0.0,332.16,183006.85,setl_490288
uci_bank_490287,2009-12-04,UCI ONLINE RETAIL UCI-490287,0.0,367.1,183373.95,setl_490287
uci_bank_490289,2009-12-04,UCI ONLINE RETAIL UCI-490289,0.0,273.75,183647.7,setl_490289
uci_bank_490290,2009-12-04,UCI ONLINE RETAIL UCI-490290,0.0,164.03,183811.73,setl_490290
uci_bank_490291,2009-12-04,UCI ONLINE RETAIL UCI-490291,0.0,424.03,184235.76,setl_490291
uci_bank_490292,2009-12-04,UCI ONLINE RETAIL UCI-490292,0.0,460.55,184696.31,setl_490292
uci_bank_490293,2009-12-04,UCI ONLINE RETAIL UCI-490293,0.0,137.4,184833.71,setl_490293
uci_bank_490294,2009-12-04,UCI ONLINE RETAIL UCI-490294,0.0,378.96,185212.67,setl_490294
uci_bank_490295,2009-12-04,UCI ONLINE RETAIL UCI-490295,0.0,435.88,185648.55,setl_490295
uci_bank_490297,2009-12-04,UCI ONLINE RETAIL UCI-490297,0.0,694.2,186342.75,setl_490297
uci_bank_490298,2009-12-04,UCI ONLINE RETAIL UCI-490298,0.0,1523.2,187865.95,setl_490298
uci_bank_490299,2009-12-04,UCI ONLINE RETAIL UCI-490299,0.0,621.22,188487.17,setl_490299
uci_bank_490300,2009-12-04,UCI ONLINE RETAIL UCI-490300,0.0,260.64,188747.81,setl_490300
uci_bank_490301,2009-12-04,UCI ONLINE RETAIL UCI-490301,0.0,345.27,189093.08,setl_490301
uci_bank_490302,2009-12-04,UCI ONLINE RETAIL UCI-490302,0.0,303.62,189396.7,setl_490302
uci_bank_490303,2009-12-04,UCI ONLINE RETAIL UCI-490303,0.0,106.25,189502.95,setl_490303
uci_bank_490304,2009-12-04,UCI ONLINE RETAIL UCI-490304,0.0,843.01,190345.96,setl_490304
uci_bank_490305,2009-12-04,UCI ONLINE RETAIL UCI-490305,0.0,726.57,191072.53,setl_490305
uci_bank_490308,2009-12-04,UCI ONLINE RETAIL UCI-490308,0.0,194.53,191267.06,setl_490308
uci_bank_490310,2009-12-04,UCI ONLINE RETAIL UCI-490310,0.0,231.9,191498.96,setl_490310
uci_bank_490311,2009-12-04,UCI ONLINE RETAIL UCI-490311,0.0,307.65,191806.61,setl_490311
uci_bank_490312,2009-12-04,UCI ONLINE RETAIL UCI-490312,0.0,326.13,192132.74,setl_490312
uci_bank_490313,2009-12-04,UCI ONLINE RETAIL UCI-490313,0.0,137.95,192270.69,setl_490313
uci_bank_490320,2009-12-04,UCI ONLINE RETAIL UCI-490320,0.0,867.89,193138.58,setl_490320
uci_bank_490323,2009-12-04,UCI ONLINE RETAIL UCI-490323,0.0,236.69,193375.27,setl_490323
uci_bank_490324,2009-12-04,UCI ONLINE RETAIL UCI-490324,0.0,672.0,194047.27,setl_490324
uci_bank_490326,2009-12-04,UCI ONLINE RETAIL UCI-490326,0.0,149.1,194196.37,setl_490326
uci_bank_490327,2009-12-04,UCI ONLINE RETAIL UCI-490327,0.0,990.0,195186.37,setl_490327
uci_bank_490331,2009-12-04,UCI ONLINE RETAIL UCI-490331,0.0,298.99,195485.36,setl_490331
uci_bank_490340,2009-12-04,UCI ONLINE RETAIL UCI-490340,0.0,630.39,196115.75,setl_490340
uci_bank_490341,2009-12-04,UCI ONLINE RETAIL UCI-490341,0.0,334.65,196450.4,setl_490341
uci_bank_490342,2009-12-04,UCI ONLINE RETAIL UCI-490342,0.0,130.8,196581.2,setl_490342
uci_bank_490346,2009-12-04,UCI ONLINE RETAIL UCI-490346,0.0,216.6,196797.8,setl_490346
uci_bank_490347,2009-12-04,UCI ONLINE RETAIL UCI-490347,0.0,109.4,196907.2,setl_490347
uci_bank_490349,2009-12-04,UCI ONLINE RETAIL UCI-490349,0.0,32.25,196939.45,setl_490349
uci_bank_490353,2009-12-04,UCI ONLINE RETAIL UCI-490353,0.0,532.28,197471.73,setl_490353
uci_bank_490355,2009-12-04,UCI ONLINE RETAIL UCI-490355,0.0,538.11,198009.84,setl_490355
uci_bank_490356,2009-12-04,UCI ONLINE RETAIL UCI-490356,0.0,117.13,198126.97,setl_490356
uci_bank_490360,2009-12-04,UCI ONLINE RETAIL UCI-490360,0.0,126.8,198253.77,setl_490360
uci_bank_490359,2009-12-04,UCI ONLINE RETAIL UCI-490359,0.0,59.5,198313.27,setl_490359
uci_bank_490362,2009-12-04,UCI ONLINE RETAIL UCI-490362,0.0,220.9,198534.17,setl_490362
uci_bank_490363,2009-12-05,UCI ONLINE RETAIL UCI-490363,0.0,138.24,198672.41,setl_490363
uci_bank_490364,2009-12-05,UCI ONLINE RETAIL UCI-490364,0.0,103.95,198776.36,setl_490364
uci_bank_490365,2009-12-05,UCI ONLINE RETAIL UCI-490365,0.0,351.6,199127.96,setl_490365
uci_bank_490366,2009-12-05,UCI ONLINE RETAIL UCI-490366,0.0,227.25,199355.21,setl_490366
uci_bank_490367,2009-12-05,UCI ONLINE RETAIL UCI-490367,0.0,79.6,199434.81,setl_490367
uci_bank_490368,2009-12-05,UCI ONLINE RETAIL UCI-490368,0.0,159.1,199593.91,setl_490368
uci_bank_490369,2009-12-05,UCI ONLINE RETAIL UCI-490369,0.0,230.2,199824.11,setl_490369
uci_bank_490370,2009-12-05,UCI ONLINE RETAIL UCI-490370,0.0,452.95,200277.06,setl_490370
uci_bank_490371,2009-12-05,UCI ONLINE RETAIL UCI-490371,0.0,233.71,200510.77,setl_490371
uci_bank_490372,2009-12-05,UCI ONLINE RETAIL UCI-490372,0.0,434.15,200944.92,setl_490372
uci_bank_490373,2009-12-05,UCI ONLINE RETAIL UCI-490373,0.0,502.54,201447.46,setl_490373
uci_bank_490374,2009-12-05,UCI ONLINE RETAIL UCI-490374,0.0,136.75,201584.21,setl_490374
uci_bank_490375,2009-12-05,UCI ONLINE RETAIL UCI-490375,0.0,350.55,201934.76,setl_490375
uci_bank_490376,2009-12-05,UCI ONLINE RETAIL UCI-490376,0.0,796.55,202731.31,setl_490376
uci_bank_490377,2009-12-05,UCI ONLINE RETAIL UCI-490377,0.0,15.0,202746.31,setl_490377
uci_bank_490378,2009-12-05,UCI ONLINE RETAIL UCI-490378,0.0,224.1,202970.41,setl_490378
uci_bank_490380,2009-12-05,UCI ONLINE RETAIL UCI-490380,0.0,478.74,203449.15,setl_490380
uci_bank_490381,2009-12-05,UCI ONLINE RETAIL UCI-490381,0.0,97.11,203546.26,setl_490381
uci_bank_490382,2009-12-05,UCI ONLINE RETAIL UCI-490382,0.0,760.69,204306.95,setl_490382
uci_bank_490383,2009-12-05,UCI ONLINE RETAIL UCI-490383,0.0,148.3,204455.25,setl_490383
uci_bank_490385,2009-12-05,UCI ONLINE RETAIL UCI-490385,0.0,130.32,204585.57,setl_490385
uci_bank_490386,2009-12-05,UCI ONLINE RETAIL UCI-490386,0.0,549.77,205135.34,setl_490386
uci_bank_490387,2009-12-05,UCI ONLINE RETAIL UCI-490387,0.0,450.84,205586.18,setl_490387
uci_bank_490388,2009-12-05,UCI ONLINE RETAIL UCI-490388,0.0,146.62,205732.8,setl_490388
uci_bank_490389,2009-12-05,UCI ONLINE RETAIL UCI-490389,0.0,689.5,206422.3,setl_490389
uci_bank_490390,2009-12-05,UCI ONLINE RETAIL UCI-490390,0.0,256.2,206678.5,setl_490390
uci_bank_490391,2009-12-05,UCI ONLINE RETAIL UCI-490391,0.0,304.1,206982.6,setl_490391
uci_bank_490392,2009-12-05,UCI ONLINE RETAIL UCI-490392,0.0,203.32,207185.92,setl_490392
uci_bank_490393,2009-12-05,UCI ONLINE RETAIL UCI-490393,0.0,281.02,207466.94,setl_490393
uci_bank_490394,2009-12-05,UCI ONLINE RETAIL UCI-490394,0.0,870.28,208337.22,setl_490394
uci_bank_490395,2009-12-06,UCI ONLINE RETAIL UCI-490395,0.0,283.15,208620.37,setl_490395
uci_bank_490396,2009-12-06,UCI ONLINE RETAIL UCI-490396,0.0,269.15,208889.52,setl_490396
uci_bank_490397,2009-12-06,UCI ONLINE RETAIL UCI-490397,0.0,309.1,209198.62,setl_490397
uci_bank_490398,2009-12-06,UCI ONLINE RETAIL UCI-490398,0.0,567.71,209766.33,setl_490398
uci_bank_490399,2009-12-06,UCI ONLINE RETAIL UCI-490399,0.0,441.63,210207.96,setl_490399
uci_bank_490400,2009-12-06,UCI ONLINE RETAIL UCI-490400,0.0,689.9,210897.86,setl_490400
uci_bank_490401,2009-12-06,UCI ONLINE RETAIL UCI-490401,0.0,139.25,211037.11,setl_490401
uci_bank_490403,2009-12-06,UCI ONLINE RETAIL UCI-490403,0.0,316.74,211353.85,setl_490403
uci_bank_490404,2009-12-06,UCI ONLINE RETAIL UCI-490404,0.0,188.69,211542.54,setl_490404
uci_bank_490405,2009-12-06,UCI ONLINE RETAIL UCI-490405,0.0,260.65,211803.19,setl_490405
uci_bank_490408,2009-12-06,UCI ONLINE RETAIL UCI-490408,0.0,413.44,212216.63,setl_490408
uci_bank_490430,2009-12-06,UCI ONLINE RETAIL UCI-490430,0.0,253.55,212470.18,setl_490430
uci_bank_490458,2009-12-06,UCI ONLINE RETAIL UCI-490458,0.0,817.44,213287.62,setl_490458
uci_bank_490459,2009-12-06,UCI ONLINE RETAIL UCI-490459,0.0,950.69,214238.31,setl_490459
uci_bank_490461,2009-12-06,UCI ONLINE RETAIL UCI-490461,0.0,720.79,214959.1,setl_490461
uci_bank_490463,2009-12-06,UCI ONLINE RETAIL UCI-490463,0.0,305.5,215264.6,setl_490463
uci_bank_490464,2009-12-06,UCI ONLINE RETAIL UCI-490464,0.0,118.26,215382.86,setl_490464
uci_bank_490465,2009-12-06,UCI ONLINE RETAIL UCI-490465,0.0,933.35,216316.21,setl_490465
uci_bank_490466,2009-12-06,UCI ONLINE RETAIL UCI-490466,0.0,183.6,216499.81,setl_490466
uci_bank_490467,2009-12-06,UCI ONLINE RETAIL UCI-490467,0.0,280.94,216780.75,setl_490467
uci_bank_490468,2009-12-06,UCI ONLINE RETAIL UCI-490468,0.0,204.24,216984.99,setl_490468
uci_bank_490470,2009-12-06,UCI ONLINE RETAIL UCI-490470,0.0,242.96,217227.95,setl_490470
uci_bank_490472,2009-12-06,UCI ONLINE RETAIL UCI-490472,0.0,619.24,217847.19,setl_490472
uci_bank_490471,2009-12-06,UCI ONLINE RETAIL UCI-490471,0.0,212.13,218059.32,setl_490471
uci_bank_490473,2009-12-06,UCI ONLINE RETAIL UCI-490473,0.0,204.65,218263.97,setl_490473
uci_bank_490474,2009-12-06,UCI ONLINE RETAIL UCI-490474,0.0,748.42,219012.39,setl_490474
uci_bank_490476,2009-12-06,UCI ONLINE RETAIL UCI-490476,0.0,211.62,219224.01,setl_490476
uci_bank_490477,2009-12-06,UCI ONLINE RETAIL UCI-490477,0.0,533.14,219757.15,setl_490477
uci_bank_490478,2009-12-06,UCI ONLINE RETAIL UCI-490478,0.0,302.5,220059.65,setl_490478
uci_bank_490479,2009-12-06,UCI ONLINE RETAIL UCI-490479,0.0,1450.2,221509.85,setl_490479
uci_bank_490481,2009-12-06,UCI ONLINE RETAIL UCI-490481,0.0,21.25,221531.1,setl_490481
uci_bank_490482,2009-12-06,UCI ONLINE RETAIL UCI-490482,0.0,289.3,221820.4,setl_490482
uci_bank_490483,2009-12-06,UCI ONLINE RETAIL UCI-490483,0.0,132.4,221952.8,setl_490483
uci_bank_490484,2009-12-06,UCI ONLINE RETAIL UCI-490484,0.0,186.6,222139.4,setl_490484
uci_bank_490485,2009-12-06,UCI ONLINE RETAIL UCI-490485,0.0,125.94,222265.34,setl_490485
uci_bank_490486,2009-12-06,UCI ONLINE RETAIL UCI-490486,0.0,90.0,222355.34,setl_490486
uci_bank_490487,2009-12-06,UCI ONLINE RETAIL UCI-490487,0.0,81.3,222436.64,setl_490487
uci_bank_490488,2009-12-06,UCI ONLINE RETAIL UCI-490488,0.0,647.82,223084.46,setl_490488
uci_bank_490489,2009-12-06,UCI ONLINE RETAIL UCI-490489,0.0,266.19,223350.65,setl_490489
uci_bank_490490,2009-12-06,UCI ONLINE RETAIL UCI-490490,0.0,547.73,223898.38,setl_490490
uci_bank_490491,2009-12-06,UCI ONLINE RETAIL UCI-490491,0.0,175.2,224073.58,setl_490491
uci_bank_490493,2009-12-06,UCI ONLINE RETAIL UCI-490493,0.0,12.75,224086.33,setl_490493
uci_bank_490494,2009-12-06,UCI ONLINE RETAIL UCI-490494,0.0,192.27,224278.6,setl_490494
uci_bank_490496,2009-12-06,UCI ONLINE RETAIL UCI-490496,0.0,671.56,224950.16,setl_490496
uci_bank_490499,2009-12-06,UCI ONLINE RETAIL UCI-490499,0.0,406.7,225356.86,setl_490499
uci_bank_490500,2009-12-06,UCI ONLINE RETAIL UCI-490500,0.0,355.13,225711.99,setl_490500
uci_bank_490501,2009-12-06,UCI ONLINE RETAIL UCI-490501,0.0,285.64,225997.63,setl_490501
uci_bank_490502,2009-12-06,UCI ONLINE RETAIL UCI-490502,0.0,101.4,226099.03,setl_490502
uci_bank_490503,2009-12-06,UCI ONLINE RETAIL UCI-490503,0.0,582.12,226681.15,setl_490503
uci_bank_490504,2009-12-06,UCI ONLINE RETAIL UCI-490504,0.0,391.92,227073.07,setl_490504
uci_bank_490505,2009-12-06,UCI ONLINE RETAIL UCI-490505,0.0,98.16,227171.23,setl_490505
uci_bank_490506,2009-12-06,UCI ONLINE RETAIL UCI-490506,0.0,25.46,227196.69,setl_490506
uci_bank_490508,2009-12-06,UCI ONLINE RETAIL UCI-490508,0.0,450.84,227647.53,setl_490508
uci_bank_490511,2009-12-06,UCI ONLINE RETAIL UCI-490511,0.0,626.6,228274.13,setl_490511
uci_bank_490512,2009-12-06,UCI ONLINE RETAIL UCI-490512,0.0,235.13,228509.26,setl_490512
uci_bank_490514,2009-12-06,UCI ONLINE RETAIL UCI-490514,0.0,137.75,228647.01,setl_490514
uci_bank_490515,2009-12-06,UCI ONLINE RETAIL UCI-490515,0.0,147.4,228794.41,setl_490515
uci_bank_490516,2009-12-06,UCI ONLINE RETAIL UCI-490516,0.0,504.54,229298.95,setl_490516
uci_bank_490518,2009-12-06,UCI ONLINE RETAIL UCI-490518,0.0,474.32,229773.27,setl_490518
uci_bank_490519,2009-12-06,UCI ONLINE RETAIL UCI-490519,0.0,213.65,229986.92,setl_490519
uci_bank_490521,2009-12-06,UCI ONLINE RETAIL UCI-490521,0.0,235.84,230222.76,setl_490521
uci_bank_490522,2009-12-06,UCI ONLINE RETAIL UCI-490522,0.0,150.4,230373.16,setl_490522
uci_bank_490524,2009-12-06,UCI ONLINE RETAIL UCI-490524,0.0,436.18,230809.34,setl_490524
uci_bank_490525,2009-12-06,UCI ONLINE RETAIL UCI-490525,0.0,255.0,231064.34,setl_490525
uci_bank_490526,2009-12-06,UCI ONLINE RETAIL UCI-490526,0.0,533.97,231598.31,setl_490526
uci_bank_490527,2009-12-06,UCI ONLINE RETAIL UCI-490527,0.0,182.01,231780.32,setl_490527
uci_bank_490528,2009-12-06,UCI ONLINE RETAIL UCI-490528,0.0,118.25,231898.57,setl_490528
uci_bank_490529,2009-12-06,UCI ONLINE RETAIL UCI-490529,0.0,48.89,231947.46,setl_490529
uci_bank_490530,2009-12-06,UCI ONLINE RETAIL UCI-490530,0.0,161.8,232109.26,setl_490530
uci_bank_490531,2009-12-06,UCI ONLINE RETAIL UCI-490531,0.0,166.95,232276.21,setl_490531
uci_bank_490533,2009-12-06,UCI ONLINE RETAIL UCI-490533,0.0,378.05,232654.26,setl_490533
uci_bank_490534,2009-12-06,UCI ONLINE RETAIL UCI-490534,0.0,263.68,232917.94,setl_490534
uci_bank_490535,2009-12-07,UCI ONLINE RETAIL UCI-490535,0.0,560.58,233478.52,setl_490535
uci_bank_490536,2009-12-07,UCI ONLINE RETAIL UCI-490536,0.0,221.9,233700.42,setl_490536
uci_bank_490537,2009-12-07,UCI ONLINE RETAIL UCI-490537,0.0,209.41,233909.83,setl_490537
uci_bank_490538,2009-12-07,UCI ONLINE RETAIL UCI-490538,0.0,504.54,234414.37,setl_490538
uci_bank_490539,2009-12-07,UCI ONLINE RETAIL UCI-490539,0.0,346.0,234760.37,setl_490539
uci_bank_490542,2009-12-07,UCI ONLINE RETAIL UCI-490542,0.0,716.35,235476.72,setl_490542
uci_bank_490545,2009-12-07,UCI ONLINE RETAIL UCI-490545,0.0,34.0,235510.72,setl_490545
uci_bank_490547,2009-12-07,UCI ONLINE RETAIL UCI-490547,0.0,311.2,235821.92,setl_490547
uci_bank_490548,2009-12-07,UCI ONLINE RETAIL UCI-490548,0.0,504.54,236326.46,setl_490548
uci_bank_490557,2009-12-07,UCI ONLINE RETAIL UCI-490557,0.0,463.0,236789.46,setl_490557
uci_bank_490561,2009-12-07,UCI ONLINE RETAIL UCI-490561,0.0,41.3,236830.76,setl_490561
uci_bank_490563,2009-12-07,UCI ONLINE RETAIL UCI-490563,0.0,808.12,237638.88,setl_490563
uci_bank_490564,2009-12-07,UCI ONLINE RETAIL UCI-490564,0.0,367.9,238006.78,setl_490564
uci_bank_490569,2009-12-07,UCI ONLINE RETAIL UCI-490569,0.0,411.2,238417.98,setl_490569
uci_bank_490577,2009-12-07,UCI ONLINE RETAIL UCI-490577,0.0,187.19,238605.17,setl_490577
uci_bank_490603,2009-12-07,UCI ONLINE RETAIL UCI-490603,0.0,287.49,238892.66,setl_490603
uci_bank_490604,2009-12-07,UCI ONLINE RETAIL UCI-490604,0.0,682.4,239575.06,setl_490604
uci_bank_490605,2009-12-07,UCI ONLINE RETAIL UCI-490605,0.0,191.74,239766.8,setl_490605
uci_bank_490606,2009-12-07,UCI ONLINE RETAIL UCI-490606,0.0,426.0,240192.8,setl_490606
uci_bank_490607,2009-12-07,UCI ONLINE RETAIL UCI-490607,0.0,173.55,240366.35,setl_490607
uci_bank_490608,2009-12-07,UCI ONLINE RETAIL UCI-490608,0.0,163.77,240530.12,setl_490608
uci_bank_490609,2009-12-07,UCI ONLINE RETAIL UCI-490609,0.0,218.33,240748.45,setl_490609
uci_bank_490610,2009-12-07,UCI ONLINE RETAIL UCI-490610,0.0,211.62,240960.07,setl_490610
uci_bank_490611,2009-12-07,UCI ONLINE RETAIL UCI-490611,0.0,312.65,241272.72,setl_490611
uci_bank_490612,2009-12-07,UCI ONLINE RETAIL UCI-490612,0.0,610.95,241883.67,setl_490612
uci_bank_490613,2009-12-07,UCI ONLINE RETAIL UCI-490613,0.0,224.98,242108.65,setl_490613
uci_bank_490616,2009-12-07,UCI ONLINE RETAIL UCI-490616,0.0,214.8,242323.45,setl_490616
uci_bank_490618,2009-12-07,UCI ONLINE RETAIL UCI-490618,0.0,44.7,242368.15,setl_490618
uci_bank_490625,2009-12-07,UCI ONLINE RETAIL UCI-490625,0.0,362.6,242730.75,setl_490625
uci_bank_490636,2009-12-07,UCI ONLINE RETAIL UCI-490636,0.0,425.09,243155.84,setl_490636
uci_bank_490637,2009-12-07,UCI ONLINE RETAIL UCI-490637,0.0,452.16,243608.0,setl_490637
uci_bank_490638,2009-12-07,UCI ONLINE RETAIL UCI-490638,0.0,147.1,243755.1,setl_490638
uci_bank_490640,2009-12-07,UCI ONLINE RETAIL UCI-490640,0.0,321.0,244076.1,setl_490640
uci_bank_490642,2009-12-07,UCI ONLINE RETAIL UCI-490642,0.0,446.4,244522.5,setl_490642
uci_bank_490641,2009-12-07,UCI ONLINE RETAIL UCI-490641,0.0,51.0,244573.5,setl_490641
uci_bank_490653,2009-12-07,UCI ONLINE RETAIL UCI-490653,0.0,990.48,245563.98,setl_490653
uci_bank_490659,2009-12-07,UCI ONLINE RETAIL UCI-490659,0.0,380.84,245944.82,setl_490659
uci_bank_490657,2009-12-07,UCI ONLINE RETAIL UCI-490657,0.0,208.83,246153.65,setl_490657
uci_bank_490665,2009-12-07,UCI ONLINE RETAIL UCI-490665,0.0,76.5,246230.15,setl_490665
uci_bank_490667,2009-12-07,UCI ONLINE RETAIL UCI-490667,0.0,238.85,246469.0,setl_490667
uci_bank_490668,2009-12-07,UCI ONLINE RETAIL UCI-490668,0.0,312.33,246781.33,setl_490668
uci_bank_490670,2009-12-07,UCI ONLINE RETAIL UCI-490670,0.0,143.7,246925.03,setl_490670
uci_bank_490669,2009-12-07,UCI ONLINE RETAIL UCI-490669,0.0,214.17,247139.2,setl_490669
uci_bank_490671,2009-12-07,UCI ONLINE RETAIL UCI-490671,0.0,488.16,247627.36,setl_490671
uci_bank_490672,2009-12-07,UCI ONLINE RETAIL UCI-490672,0.0,660.96,248288.32,setl_490672
uci_bank_490673,2009-12-07,UCI ONLINE RETAIL UCI-490673,0.0,156.5,248444.82,setl_490673
uci_bank_490674,2009-12-07,UCI ONLINE RETAIL UCI-490674,0.0,242.1,248686.92,setl_490674
uci_bank_490675,2009-12-07,UCI ONLINE RETAIL UCI-490675,0.0,696.54,249383.46,setl_490675
uci_bank_490676,2009-12-07,UCI ONLINE RETAIL UCI-490676,0.0,451.44,249834.9,setl_490676
uci_bank_490677,2009-12-07,UCI ONLINE RETAIL UCI-490677,0.0,151.72,249986.62,setl_490677
uci_bank_490678,2009-12-07,UCI ONLINE RETAIL UCI-490678,0.0,380.65,250367.27,setl_490678
uci_bank_490679,2009-12-07,UCI ONLINE RETAIL UCI-490679,0.0,379.16,250746.43,setl_490679
uci_bank_490680,2009-12-07,UCI ONLINE RETAIL UCI-490680,0.0,293.35,251039.78,setl_490680
uci_bank_490681,2009-12-07,UCI ONLINE RETAIL UCI-490681,0.0,164.75,251204.53,setl_490681
uci_bank_490682,2009-12-07,UCI ONLINE RETAIL UCI-490682,0.0,285.9,251490.43,setl_490682
uci_bank_490683,2009-12-07,UCI ONLINE RETAIL UCI-490683,0.0,413.0,251903.43,setl_490683
uci_bank_490684,2009-12-07,UCI ONLINE RETAIL UCI-490684,0.0,74.56,251977.99,setl_490684
uci_bank_490685,2009-12-07,UCI ONLINE RETAIL UCI-490685,0.0,1066.82,253044.81,setl_490685
uci_bank_490687,2009-12-07,UCI ONLINE RETAIL UCI-490687,0.0,924.95,253969.76,setl_490687
uci_bank_490686,2009-12-07,UCI ONLINE RETAIL UCI-490686,0.0,153.28,254123.04,setl_490686
uci_bank_490689,2009-12-07,UCI ONLINE RETAIL UCI-490689,0.0,307.91,254430.95,setl_490689
uci_bank_490690,2009-12-07,UCI ONLINE RETAIL UCI-490690,0.0,207.9,254638.85,setl_490690
uci_bank_490691,2009-12-07,UCI ONLINE RETAIL UCI-490691,0.0,306.0,254944.85,setl_490691
uci_bank_490692,2009-12-07,UCI ONLINE RETAIL UCI-490692,0.0,195.78,255140.63,setl_490692
uci_bank_490693,2009-12-07,UCI ONLINE RETAIL UCI-490693,0.0,190.47,255331.1,setl_490693
uci_bank_490694,2009-12-07,UCI ONLINE RETAIL UCI-490694,0.0,1244.32,256575.42,setl_490694
uci_bank_490695,2009-12-07,UCI ONLINE RETAIL UCI-490695,0.0,108.4,256683.82,setl_490695
uci_bank_490697,2009-12-07,UCI ONLINE RETAIL UCI-490697,0.0,378.84,257062.66,setl_490697
uci_bank_490703,2009-12-07,UCI ONLINE RETAIL UCI-490703,0.0,154.2,257216.86,setl_490703
uci_bank_490704,2009-12-07,UCI ONLINE RETAIL UCI-490704,0.0,355.38,257572.24,setl_490704
uci_bank_490705,2009-12-07,UCI ONLINE RETAIL UCI-490705,0.0,204.0,257776.24,setl_490705
uci_bank_490706,2009-12-07,UCI ONLINE RETAIL UCI-490706,0.0,1088.63,258864.87,setl_490706
uci_bank_490707,2009-12-07,UCI ONLINE RETAIL UCI-490707,0.0,45.9,258910.77,setl_490707
uci_bank_490708,2009-12-07,UCI ONLINE RETAIL UCI-490708,0.0,241.05,259151.82,setl_490708
uci_bank_490709,2009-12-07,UCI ONLINE RETAIL UCI-490709,0.0,198.98,259350.8,setl_490709
uci_bank_490710,2009-12-07,UCI ONLINE RETAIL UCI-490710,0.0,332.7,259683.5,setl_490710
uci_bank_490711,2009-12-07,UCI ONLINE RETAIL UCI-490711,0.0,448.96,260132.46,setl_490711
uci_bank_490712,2009-12-07,UCI ONLINE RETAIL UCI-490712,0.0,331.4,260463.86,setl_490712
uci_bank_490714,2009-12-07,UCI ONLINE RETAIL UCI-490714,0.0,4.95,260468.81,setl_490714
uci_bank_490717,2009-12-07,UCI ONLINE RETAIL UCI-490717,0.0,449.95,260918.76,setl_490717
uci_bank_490719,2009-12-07,UCI ONLINE RETAIL UCI-490719,0.0,668.1,261586.86,setl_490719
uci_bank_490718,2009-12-07,UCI ONLINE RETAIL UCI-490718,0.0,485.31,262072.17,setl_490718
uci_bank_490720,2009-12-07,UCI ONLINE RETAIL UCI-490720,0.0,357.87,262430.04,setl_490720
uci_bank_490722,2009-12-07,UCI ONLINE RETAIL UCI-490722,0.0,386.39,262816.43,setl_490722
uci_bank_490724,2009-12-07,UCI ONLINE RETAIL UCI-490724,0.0,716.04,263532.47,setl_490724
uci_bank_490725,2009-12-07,UCI ONLINE RETAIL UCI-490725,0.0,343.44,263875.91,setl_490725
uci_bank_490726,2009-12-07,UCI ONLINE RETAIL UCI-490726,0.0,561.6,264437.51,setl_490726
uci_bank_490727,2009-12-07,UCI ONLINE RETAIL UCI-490727,0.0,285.35,264722.86,setl_490727
uci_bank_490728,2009-12-07,UCI ONLINE RETAIL UCI-490728,0.0,221.52,264944.38,setl_490728
uci_bank_490734,2009-12-07,UCI ONLINE RETAIL UCI-490734,0.0,306.55,265250.93,setl_490734
uci_bank_490733,2009-12-07,UCI ONLINE RETAIL UCI-490733,0.0,412.6,265663.53,setl_490733
uci_bank_490737,2009-12-07,UCI ONLINE RETAIL UCI-490737,0.0,389.62,266053.15,setl_490737
uci_bank_490738,2009-12-07,UCI ONLINE RETAIL UCI-490738,0.0,25.5,266078.65,setl_490738
uci_bank_490747,2009-12-07,UCI ONLINE RETAIL UCI-490747,0.0,8.92,266087.57,setl_490747
uci_bank_490749,2009-12-08,UCI ONLINE RETAIL UCI-490749,0.0,580.64,266668.21,setl_490749
uci_bank_490750,2009-12-08,UCI ONLINE RETAIL UCI-490750,0.0,312.96,266981.17,setl_490750
uci_bank_490751,2009-12-08,UCI ONLINE RETAIL UCI-490751,0.0,1429.83,268411.0,setl_490751
uci_bank_490752,2009-12-08,UCI ONLINE RETAIL UCI-490752,0.0,356.4,268767.4,setl_490752
uci_bank_490753,2009-12-08,UCI ONLINE RETAIL UCI-490753,0.0,322.65,269090.05,setl_490753
uci_bank_490754,2009-12-08,UCI ONLINE RETAIL UCI-490754,0.0,302.78,269392.83,setl_490754
uci_bank_490755,2009-12-08,UCI ONLINE RETAIL UCI-490755,0.0,338.34,269731.17,setl_490755
uci_bank_490757,2009-12-08,UCI ONLINE RETAIL UCI-490757,0.0,425.59,270156.76,setl_490757
uci_bank_490759,2009-12-08,UCI ONLINE RETAIL UCI-490759,0.0,182.88,270339.64,setl_490759
uci_bank_490760,2009-12-08,UCI ONLINE RETAIL UCI-490760,0.0,10.0,270349.64,setl_490760
uci_bank_490761,2009-12-08,UCI ONLINE RETAIL UCI-490761,0.0,255.04,270604.68,setl_490761
uci_bank_490762,2009-12-08,UCI ONLINE RETAIL UCI-490762,0.0,323.39,270928.07,setl_490762
uci_bank_490763,2009-12-08,UCI ONLINE RETAIL UCI-490763,0.0,1020.0,271948.07,setl_490763
uci_bank_490764,2009-12-08,UCI ONLINE RETAIL UCI-490764,0.0,306.45,272254.52,setl_490764
uci_bank_490767,2009-12-08,UCI ONLINE RETAIL UCI-490767,0.0,44.32,272298.84,setl_490767
uci_bank_490770,2009-12-08,UCI ONLINE RETAIL UCI-490770,0.0,135.94,272434.78,setl_490770
uci_bank_490769,2009-12-08,UCI ONLINE RETAIL UCI-490769,0.0,221.0,272655.78,setl_490769
uci_bank_490782,2009-12-08,UCI ONLINE RETAIL UCI-490782,0.0,707.93,273363.71,setl_490782
uci_bank_490785,2009-12-08,UCI ONLINE RETAIL UCI-490785,0.0,2590.8,275954.51,setl_490785
uci_bank_490786,2009-12-08,UCI ONLINE RETAIL UCI-490786,0.0,30.6,275985.11,setl_490786
uci_bank_490789,2009-12-08,UCI ONLINE RETAIL UCI-490789,0.0,192.55,276177.66,setl_490789
uci_bank_490796,2009-12-08,UCI ONLINE RETAIL UCI-490796,0.0,870.63,277048.29,setl_490796
uci_bank_490797,2009-12-08,UCI ONLINE RETAIL UCI-490797,0.0,155.7,277203.99,setl_490797
uci_bank_490800,2009-12-08,UCI ONLINE RETAIL UCI-490800,0.0,7.8,277211.79,setl_490800
uci_bank_490802,2009-12-08,UCI ONLINE RETAIL UCI-490802,0.0,19.5,277231.29,setl_490802
uci_bank_490801,2009-12-08,UCI ONLINE RETAIL UCI-490801,0.0,660.0,277891.29,setl_490801
uci_bank_490803,2009-12-08,UCI ONLINE RETAIL UCI-490803,0.0,207.32,278098.61,setl_490803
uci_bank_490804,2009-12-08,UCI ONLINE RETAIL UCI-490804,0.0,487.09,278585.7,setl_490804
uci_bank_490805,2009-12-08,UCI ONLINE RETAIL UCI-490805,0.0,215.0,278800.7,setl_490805
uci_bank_490806,2009-12-08,UCI ONLINE RETAIL UCI-490806,0.0,39.4,278840.1,setl_490806
uci_bank_490808,2009-12-08,UCI ONLINE RETAIL UCI-490808,0.0,134.04,278974.14,setl_490808
uci_bank_490809,2009-12-08,UCI ONLINE RETAIL UCI-490809,0.0,159.0,279133.14,setl_490809
uci_bank_490810,2009-12-08,UCI ONLINE RETAIL UCI-490810,0.0,259.92,279393.06,setl_490810
uci_bank_490811,2009-12-08,UCI ONLINE RETAIL UCI-490811,0.0,309.7,279702.76,setl_490811
uci_bank_490817,2009-12-08,UCI ONLINE RETAIL UCI-490817,0.0,1806.19,281508.95,setl_490817
uci_bank_490823,2009-12-08,UCI ONLINE RETAIL UCI-490823,0.0,304.8,281813.75,setl_490823
uci_bank_490834,2009-12-08,UCI ONLINE RETAIL UCI-490834,0.0,564.38,282378.13,setl_490834
uci_bank_490836,2009-12-08,UCI ONLINE RETAIL UCI-490836,0.0,2.9,282381.03,setl_490836
uci_bank_490838,2009-12-08,UCI ONLINE RETAIL UCI-490838,0.0,20.25,282401.28,setl_490838
uci_bank_490846,2009-12-08,UCI ONLINE RETAIL UCI-490846,0.0,129.3,282530.58,setl_490846
uci_bank_490847,2009-12-08,UCI ONLINE RETAIL UCI-490847,0.0,249.64,282780.22,setl_490847
uci_bank_490851,2009-12-08,UCI ONLINE RETAIL UCI-490851,0.0,311.8,283092.02,setl_490851
uci_bank_490855,2009-12-08,UCI ONLINE RETAIL UCI-490855,0.0,363.6,283455.62,setl_490855
uci_bank_490863,2009-12-08,UCI ONLINE RETAIL UCI-490863,0.0,88.05,283543.67,setl_490863
uci_bank_490871,2009-12-08,UCI ONLINE RETAIL UCI-490871,0.0,211.41,283755.08,setl_490871
uci_bank_490881,2009-12-08,UCI ONLINE RETAIL UCI-490881,0.0,10.0,283765.08,setl_490881
uci_bank_490893,2009-12-08,UCI ONLINE RETAIL UCI-490893,0.0,111.24,283876.32,setl_490893
uci_bank_490899,2009-12-08,UCI ONLINE RETAIL UCI-490899,0.0,792.84,284669.16,setl_490899
uci_bank_490905,2009-12-08,UCI ONLINE RETAIL UCI-490905,0.0,656.85,285326.01,setl_490905
uci_bank_490917,2009-12-08,UCI ONLINE RETAIL UCI-490917,0.0,312.9,285638.91,setl_490917
uci_bank_490920,2009-12-08,UCI ONLINE RETAIL UCI-490920,0.0,109.08,285747.99,setl_490920
uci_bank_490921,2009-12-08,UCI ONLINE RETAIL UCI-490921,0.0,42.3,285790.29,setl_490921
uci_bank_490922,2009-12-08,UCI ONLINE RETAIL UCI-490922,0.0,114.3,285904.59,setl_490922
uci_bank_490924,2009-12-08,UCI ONLINE RETAIL UCI-490924,0.0,123.1,286027.69,setl_490924
uci_bank_490925,2009-12-08,UCI ONLINE RETAIL UCI-490925,0.0,648.5,286676.19,setl_490925
uci_bank_490926,2009-12-08,UCI ONLINE RETAIL UCI-490926,0.0,250.02,286926.21,setl_490926
uci_bank_490928,2009-12-08,UCI ONLINE RETAIL UCI-490928,0.0,404.44,287330.65,setl_490928
uci_bank_490927,2009-12-08,UCI ONLINE RETAIL UCI-490927,0.0,304.2,287634.85,setl_490927
uci_bank_490930,2009-12-08,UCI ONLINE RETAIL UCI-490930,0.0,81.12,287715.97,setl_490930
uci_bank_490932,2009-12-08,UCI ONLINE RETAIL UCI-490932,0.0,12.4,287728.37,setl_490932
uci_bank_490933,2009-12-08,UCI ONLINE RETAIL UCI-490933,0.0,2452.56,290180.93,setl_490933
uci_bank_490936,2009-12-08,UCI ONLINE RETAIL UCI-490936,0.0,366.9,290547.83,setl_490936
uci_bank_490937,2009-12-08,UCI ONLINE RETAIL UCI-490937,0.0,2285.58,292833.41,setl_490937
uci_bank_490938,2009-12-08,UCI ONLINE RETAIL UCI-490938,0.0,215.3,293048.71,setl_490938
uci_bank_490940,2009-12-08,UCI ONLINE RETAIL UCI-490940,0.0,0.95,293049.66,setl_490940
uci_bank_490941,2009-12-08,UCI ONLINE RETAIL UCI-490941,0.0,644.52,293694.18,setl_490941
uci_bank_490944,2009-12-08,UCI ONLINE RETAIL UCI-490944,0.0,151.2,293845.38,setl_490944
uci_bank_490945,2009-12-08,UCI ONLINE RETAIL UCI-490945,0.0,97.55,293942.93,setl_490945
uci_bank_490948,2009-12-08,UCI ONLINE RETAIL UCI-490948,0.0,15.0,293957.93,setl_490948
uci_bank_490953,2009-12-08,UCI ONLINE RETAIL UCI-490953,0.0,966.66,294924.59,setl_490953
uci_bank_490954,2009-12-08,UCI ONLINE RETAIL UCI-490954,0.0,102.82,295027.41,setl_490954
uci_bank_490956,2009-12-08,UCI ONLINE RETAIL UCI-490956,0.0,2442.72,297470.13,setl_490956
uci_bank_490957,2009-12-08,UCI ONLINE RETAIL UCI-490957,0.0,3796.37,301266.5,setl_490957
uci_bank_490958,2009-12-08,UCI ONLINE RETAIL UCI-490958,0.0,328.8,301595.3,setl_490958
uci_bank_490959,2009-12-08,UCI ONLINE RETAIL UCI-490959,0.0,507.9,302103.2,setl_490959
uci_bank_490961,2009-12-08,UCI ONLINE RETAIL UCI-490961,0.0,194.75,302297.95,setl_490961
uci_bank_490962,2009-12-08,UCI ONLINE RETAIL UCI-490962,0.0,683.14,302981.09,setl_490962
uci_bank_490964,2009-12-08,UCI ONLINE RETAIL UCI-490964,0.0,104.15,303085.24,setl_490964
uci_bank_490966,2009-12-08,UCI ONLINE RETAIL UCI-490966,0.0,436.71,303521.95,setl_490966
uci_bank_490968,2009-12-08,UCI ONLINE RETAIL UCI-490968,0.0,484.0,304005.95,setl_490968
uci_bank_490971,2009-12-08,UCI ONLINE RETAIL UCI-490971,0.0,372.64,304378.59,setl_490971
uci_bank_490972,2009-12-08,UCI ONLINE RETAIL UCI-490972,0.0,728.05,305106.64,setl_490972
uci_bank_490978,2009-12-08,UCI ONLINE RETAIL UCI-490978,0.0,193.08,305299.72,setl_490978
uci_bank_490981,2009-12-08,UCI ONLINE RETAIL UCI-490981,0.0,313.45,305613.17,setl_490981
uci_bank_490982,2009-12-08,UCI ONLINE RETAIL UCI-490982,0.0,8.82,305621.99,setl_490982
uci_bank_490984,2009-12-08,UCI ONLINE RETAIL UCI-490984,0.0,303.45,305925.44,setl_490984
uci_bank_490989,2009-12-08,UCI ONLINE RETAIL UCI-490989,0.0,462.46,306387.9,setl_490989
uci_bank_490990,2009-12-08,UCI ONLINE RETAIL UCI-490990,0.0,271.85,306659.75,setl_490990
uci_bank_490992,2009-12-08,UCI ONLINE RETAIL UCI-490992,0.0,438.74,307098.49,setl_490992
uci_bank_490998,2009-12-08,UCI ONLINE RETAIL UCI-490998,0.0,379.13,307477.62,setl_490998
uci_bank_490999,2009-12-08,UCI ONLINE RETAIL UCI-490999,0.0,24.65,307502.27,setl_490999
uci_bank_491006,2009-12-08,UCI ONLINE RETAIL UCI-491006,0.0,272.5,307774.77,setl_491006
uci_bank_491007,2009-12-08,UCI ONLINE RETAIL UCI-491007,0.0,213.27,307988.04,setl_491007
uci_bank_491008,2009-12-08,UCI ONLINE RETAIL UCI-491008,0.0,191.89,308179.93,setl_491008
uci_bank_491009,2009-12-08,UCI ONLINE RETAIL UCI-491009,0.0,255.68,308435.61,setl_491009
uci_bank_491010,2009-12-08,UCI ONLINE RETAIL UCI-491010,0.0,318.0,308753.61,setl_491010
uci_bank_491011,2009-12-08,UCI ONLINE RETAIL UCI-491011,0.0,389.99,309143.6,setl_491011
uci_bank_491014,2009-12-08,UCI ONLINE RETAIL UCI-491014,0.0,549.09,309692.69,setl_491014
uci_bank_491024,2009-12-08,UCI ONLINE RETAIL UCI-491024,0.0,383.04,310075.73,setl_491024
uci_bank_491025,2009-12-08,UCI ONLINE RETAIL UCI-491025,0.0,325.44,310401.17,setl_491025
uci_bank_491026,2009-12-08,UCI ONLINE RETAIL UCI-491026,0.0,162.72,310563.89,setl_491026
uci_bank_491033,2009-12-08,UCI ONLINE RETAIL UCI-491033,0.0,328.02,310891.91,setl_491033
uci_bank_491034,2009-12-09,UCI ONLINE RETAIL UCI-491034,0.0,305.5,311197.41,setl_491034
uci_bank_491035,2009-12-09,UCI ONLINE RETAIL UCI-491035,0.0,295.35,311492.76,setl_491035
uci_bank_491038,2009-12-09,UCI ONLINE RETAIL UCI-491038,0.0,528.9,312021.66,setl_491038
uci_bank_491039,2009-12-09,UCI ONLINE RETAIL UCI-491039,0.0,301.0,312322.66,setl_491039
uci_bank_491044,2009-12-09,UCI ONLINE RETAIL UCI-491044,0.0,234.38,312557.04,setl_491044
uci_bank_491045,2009-12-09,UCI ONLINE RETAIL UCI-491045,0.0,303.2,312860.24,setl_491045
uci_bank_491048,2009-12-09,UCI ONLINE RETAIL UCI-491048,0.0,519.42,313379.66,setl_491048
uci_bank_491049,2009-12-09,UCI ONLINE RETAIL UCI-491049,0.0,748.9,314128.56,setl_491049
uci_bank_491051,2009-12-09,UCI ONLINE RETAIL UCI-491051,0.0,408.51,314537.07,setl_491051
uci_bank_491050,2009-12-09,UCI ONLINE RETAIL UCI-491050,0.0,333.8,314870.87,setl_491050
uci_bank_491055,2009-12-09,UCI ONLINE RETAIL UCI-491055,0.0,219.55,315090.42,setl_491055
uci_bank_491054,2009-12-09,UCI ONLINE RETAIL UCI-491054,0.0,320.2,315410.62,setl_491054
uci_bank_491056,2009-12-09,UCI ONLINE RETAIL UCI-491056,0.0,1007.74,316418.36,setl_491056
uci_bank_491057,2009-12-09,UCI ONLINE RETAIL UCI-491057,0.0,77.8,316496.16,setl_491057
uci_bank_491058,2009-12-09,UCI ONLINE RETAIL UCI-491058,0.0,307.95,316804.11,setl_491058
uci_bank_491059,2009-12-09,UCI ONLINE RETAIL UCI-491059,0.0,285.3,317089.41,setl_491059
uci_bank_491061,2009-12-09,UCI ONLINE RETAIL UCI-491061,0.0,233.53,317322.94,setl_491061
uci_bank_491060,2009-12-09,UCI ONLINE RETAIL UCI-491060,0.0,392.4,317715.34,setl_491060
uci_bank_491062,2009-12-09,UCI ONLINE RETAIL UCI-491062,0.0,124.0,317839.34,setl_491062
uci_bank_491063,2009-12-09,UCI ONLINE RETAIL UCI-491063,0.0,203.3,318042.64,setl_491063
uci_bank_491064,2009-12-09,UCI ONLINE RETAIL UCI-491064,0.0,185.9,318228.54,setl_491064
uci_bank_491067,2009-12-09,UCI ONLINE RETAIL UCI-491067,0.0,333.3,318561.84,setl_491067
uci_bank_491068,2009-12-09,UCI ONLINE RETAIL UCI-491068,0.0,700.4,319262.24,setl_491068
uci_bank_491069,2009-12-09,UCI ONLINE RETAIL UCI-491069,0.0,521.05,319783.29,setl_491069
uci_bank_491070,2009-12-09,UCI ONLINE RETAIL UCI-491070,0.0,383.8,320167.09,setl_491070
uci_bank_491071,2009-12-09,UCI ONLINE RETAIL UCI-491071,0.0,194.1,320361.19,setl_491071
uci_bank_491072,2009-12-09,UCI ONLINE RETAIL UCI-491072,0.0,15.45,320376.64,setl_491072
uci_bank_491073,2009-12-09,UCI ONLINE RETAIL UCI-491073,0.0,95.76,320472.4,setl_491073
uci_bank_491074,2009-12-09,UCI ONLINE RETAIL UCI-491074,0.0,23.6,320496.0,setl_491074
uci_bank_491075,2009-12-09,UCI ONLINE RETAIL UCI-491075,0.0,187.8,320683.8,setl_491075
uci_bank_491077,2009-12-09,UCI ONLINE RETAIL UCI-491077,0.0,433.05,321116.85,setl_491077
uci_bank_491078,2009-12-09,UCI ONLINE RETAIL UCI-491078,0.0,259.11,321375.96,setl_491078
uci_bank_491079,2009-12-09,UCI ONLINE RETAIL UCI-491079,0.0,588.85,321964.81,setl_491079
uci_bank_491081,2009-12-09,UCI ONLINE RETAIL UCI-491081,0.0,308.0,322272.81,setl_491081
uci_bank_491082,2009-12-09,UCI ONLINE RETAIL UCI-491082,0.0,1273.5,323546.31,setl_491082
uci_bank_491083,2009-12-09,UCI ONLINE RETAIL UCI-491083,0.0,322.98,323869.29,setl_491083
uci_bank_491085,2009-12-09,UCI ONLINE RETAIL UCI-491085,0.0,130.6,323999.89,setl_491085
uci_bank_491086,2009-12-09,UCI ONLINE RETAIL UCI-491086,0.0,267.26,324267.15,setl_491086
uci_bank_491089,2009-12-09,UCI ONLINE RETAIL UCI-491089,0.0,200.24,324467.39,setl_491089
uci_bank_491091,2009-12-09,UCI ONLINE RETAIL UCI-491091,0.0,3249.32,327716.71,setl_491091
uci_bank_491090,2009-12-09,UCI ONLINE RETAIL UCI-491090,0.0,351.45,328068.16,setl_491090
uci_bank_491092,2009-12-09,UCI ONLINE RETAIL UCI-491092,0.0,844.12,328912.28,setl_491092
uci_bank_491094,2009-12-09,UCI ONLINE RETAIL UCI-491094,0.0,216.0,329128.28,setl_491094
uci_bank_491093,2009-12-09,UCI ONLINE RETAIL UCI-491093,0.0,1445.56,330573.84,setl_491093
uci_bank_491095,2009-12-09,UCI ONLINE RETAIL UCI-491095,0.0,135.0,330708.84,setl_491095
uci_bank_491096,2009-12-09,UCI ONLINE RETAIL UCI-491096,0.0,175.95,330884.79,setl_491096
uci_bank_491097,2009-12-09,UCI ONLINE RETAIL UCI-491097,0.0,338.13,331222.92,setl_491097
uci_bank_491098,2009-12-09,UCI ONLINE RETAIL UCI-491098,0.0,179.78,331402.7,setl_491098
uci_bank_491100,2009-12-09,UCI ONLINE RETAIL UCI-491100,0.0,63.5,331466.2,setl_491100
uci_bank_491101,2009-12-09,UCI ONLINE RETAIL UCI-491101,0.0,298.68,331764.88,setl_491101
uci_bank_491102,2009-12-09,UCI ONLINE RETAIL UCI-491102,0.0,50.55,331815.43,setl_491102
uci_bank_491103,2009-12-09,UCI ONLINE RETAIL UCI-491103,0.0,163.26,331978.69,setl_491103
uci_bank_491104,2009-12-09,UCI ONLINE RETAIL UCI-491104,0.0,1552.9,333531.59,setl_491104
uci_bank_491105,2009-12-09,UCI ONLINE RETAIL UCI-491105,0.0,212.58,333744.17,setl_491105
uci_bank_491109,2009-12-09,UCI ONLINE RETAIL UCI-491109,0.0,143.36,333887.53,setl_491109
uci_bank_491111,2009-12-09,UCI ONLINE RETAIL UCI-491111,0.0,321.67,334209.2,setl_491111
uci_bank_491112,2009-12-09,UCI ONLINE RETAIL UCI-491112,0.0,174.33,334383.53,setl_491112
uci_bank_491113,2009-12-09,UCI ONLINE RETAIL UCI-491113,0.0,893.33,335276.86,setl_491113
uci_bank_491116,2009-12-09,UCI ONLINE RETAIL UCI-491116,0.0,301.57,335578.43,setl_491116
uci_bank_491118,2009-12-09,UCI ONLINE RETAIL UCI-491118,0.0,580.79,336159.22,setl_491118
uci_bank_491122,2009-12-09,UCI ONLINE RETAIL UCI-491122,0.0,601.6,336760.82,setl_491122
uci_bank_491123,2009-12-09,UCI ONLINE RETAIL UCI-491123,0.0,380.36,337141.18,setl_491123
uci_bank_491124,2009-12-09,UCI ONLINE RETAIL UCI-491124,0.0,327.38,337468.56,setl_491124
uci_bank_491125,2009-12-09,UCI ONLINE RETAIL UCI-491125,0.0,966.24,338434.8,setl_491125
uci_bank_491126,2009-12-09,UCI ONLINE RETAIL UCI-491126,0.0,389.34,338824.14,setl_491126
uci_bank_491127,2009-12-09,UCI ONLINE RETAIL UCI-491127,0.0,256.2,339080.34,setl_491127
uci_bank_491129,2009-12-09,UCI ONLINE RETAIL UCI-491129,0.0,50.7,339131.04,setl_491129
uci_bank_491131,2009-12-09,UCI ONLINE RETAIL UCI-491131,0.0,1.7,339132.74,setl_491131
uci_bank_491132,2009-12-09,UCI ONLINE RETAIL UCI-491132,0.0,171.6,339304.34,setl_491132
uci_bank_491133,2009-12-09,UCI ONLINE RETAIL UCI-491133,0.0,480.0,339784.34,setl_491133
uci_bank_491136,2009-12-09,UCI ONLINE RETAIL UCI-491136,0.0,343.52,340127.86,setl_491136
uci_bank_491138,2009-12-09,UCI ONLINE RETAIL UCI-491138,0.0,179.85,340307.71,setl_491138
uci_bank_491143,2009-12-09,UCI ONLINE RETAIL UCI-491143,0.0,476.04,340783.75,setl_491143
uci_bank_491144,2009-12-09,UCI ONLINE RETAIL UCI-491144,0.0,873.48,341657.23,setl_491144
uci_bank_491145,2009-12-09,UCI ONLINE RETAIL UCI-491145,0.0,135.0,341792.23,setl_491145
uci_bank_491146,2009-12-09,UCI ONLINE RETAIL UCI-491146,0.0,178.98,341971.21,setl_491146
uci_bank_491147,2009-12-09,UCI ONLINE RETAIL UCI-491147,0.0,34.3,342005.51,setl_491147
uci_bank_491148,2009-12-10,UCI ONLINE RETAIL UCI-491148,0.0,3882.66,345888.17,setl_491148
uci_bank_491149,2009-12-10,UCI ONLINE RETAIL UCI-491149,0.0,289.92,346178.09,setl_491149
uci_bank_491150,2009-12-10,UCI ONLINE RETAIL UCI-491150,0.0,435.6,346613.69,setl_491150
uci_bank_491151,2009-12-10,UCI ONLINE RETAIL UCI-491151,0.0,661.16,347274.85,setl_491151
uci_bank_491152,2009-12-10,UCI ONLINE RETAIL UCI-491152,0.0,436.8,347711.65,setl_491152
uci_bank_491154,2009-12-10,UCI ONLINE RETAIL UCI-491154,0.0,289.85,348001.5,setl_491154
uci_bank_491153,2009-12-10,UCI ONLINE RETAIL UCI-491153,0.0,300.35,348301.85,setl_491153
uci_bank_491158,2009-12-10,UCI ONLINE RETAIL UCI-491158,0.0,275.73,348577.58,setl_491158
uci_bank_491159,2009-12-10,UCI ONLINE RETAIL UCI-491159,0.0,291.0,348868.58,setl_491159
uci_bank_491160,2009-12-10,UCI ONLINE RETAIL UCI-491160,0.0,377.57,349246.15,setl_491160
uci_bank_491161,2009-12-10,UCI ONLINE RETAIL UCI-491161,0.0,109.35,349355.5,setl_491161
uci_bank_491163,2009-12-10,UCI ONLINE RETAIL UCI-491163,0.0,179.6,349535.1,setl_491163
uci_bank_491164,2009-12-10,UCI ONLINE RETAIL UCI-491164,0.0,33.55,349568.65,setl_491164
uci_bank_491165,2009-12-10,UCI ONLINE RETAIL UCI-491165,0.0,737.7,350306.35,setl_491165
uci_bank_491169,2009-12-10,UCI ONLINE RETAIL UCI-491169,0.0,8.5,350314.85,setl_491169
uci_bank_491170,2009-12-10,UCI ONLINE RETAIL UCI-491170,0.0,328.99,350643.84,setl_491170
uci_bank_491171,2009-12-10,UCI ONLINE RETAIL UCI-491171,0.0,203.85,350847.69,setl_491171
uci_bank_491172,2009-12-10,UCI ONLINE RETAIL UCI-491172,0.0,730.59,351578.28,setl_491172
uci_bank_491173,2009-12-10,UCI ONLINE RETAIL UCI-491173,0.0,248.49,351826.77,setl_491173
uci_bank_491174,2009-12-10,UCI ONLINE RETAIL UCI-491174,0.0,228.96,352055.73,setl_491174
uci_bank_491175,2009-12-10,UCI ONLINE RETAIL UCI-491175,0.0,347.54,352403.27,setl_491175
uci_bank_491176,2009-12-10,UCI ONLINE RETAIL UCI-491176,0.0,1213.02,353616.29,setl_491176
uci_bank_491177,2009-12-10,UCI ONLINE RETAIL UCI-491177,0.0,105.78,353722.07,setl_491177
uci_bank_491178,2009-12-10,UCI ONLINE RETAIL UCI-491178,0.0,390.44,354112.51,setl_491178
uci_bank_491180,2009-12-10,UCI ONLINE RETAIL UCI-491180,0.0,294.52,354407.03,setl_491180
uci_bank_491181,2009-12-10,UCI ONLINE RETAIL UCI-491181,0.0,592.2,354999.23,setl_491181
uci_bank_491182,2009-12-10,UCI ONLINE RETAIL UCI-491182,0.0,190.3,355189.53,setl_491182
uci_bank_491184,2009-12-10,UCI ONLINE RETAIL UCI-491184,0.0,139.85,355329.38,setl_491184
uci_bank_491183,2009-12-10,UCI ONLINE RETAIL UCI-491183,0.0,945.58,356274.96,setl_491183
uci_bank_491185,2009-12-10,UCI ONLINE RETAIL UCI-491185,0.0,421.17,356696.13,setl_491185
uci_bank_491186,2009-12-10,UCI ONLINE RETAIL UCI-491186,0.0,288.49,356984.62,setl_491186
uci_bank_491187,2009-12-10,UCI ONLINE RETAIL UCI-491187,0.0,97.5,357082.12,setl_491187
uci_bank_491188,2009-12-10,UCI ONLINE RETAIL UCI-491188,0.0,79.7,357161.82,setl_491188
uci_bank_491189,2009-12-10,UCI ONLINE RETAIL UCI-491189,0.0,31.2,357193.02,setl_491189
uci_bank_491191,2009-12-10,UCI ONLINE RETAIL UCI-491191,0.0,71.79,357264.81,setl_491191
uci_bank_491193,2009-12-10,UCI ONLINE RETAIL UCI-491193,0.0,762.98,358027.79,setl_491193
uci_bank_491192,2009-12-10,UCI ONLINE RETAIL UCI-491192,0.0,509.3,358537.09,setl_491192
uci_bank_491194,2009-12-10,UCI ONLINE RETAIL UCI-491194,0.0,302.7,358839.79,setl_491194
uci_bank_491195,2009-12-10,UCI ONLINE RETAIL UCI-491195,0.0,658.5,359498.29,setl_491195
uci_bank_491196,2009-12-10,UCI ONLINE RETAIL UCI-491196,0.0,165.5,359663.79,setl_491196
uci_bank_491197,2009-12-10,UCI ONLINE RETAIL UCI-491197,0.0,126.57,359790.36,setl_491197
uci_bank_491198,2009-12-10,UCI ONLINE RETAIL UCI-491198,0.0,95.55,359885.91,setl_491198
uci_bank_491199,2009-12-10,UCI ONLINE RETAIL UCI-491199,0.0,143.72,360029.63,setl_491199
uci_bank_491200,2009-12-10,UCI ONLINE RETAIL UCI-491200,0.0,165.0,360194.63,setl_491200
uci_bank_491201,2009-12-10,UCI ONLINE RETAIL UCI-491201,0.0,413.1,360607.73,setl_491201
uci_bank_491203,2009-12-10,UCI ONLINE RETAIL UCI-491203,0.0,580.15,361187.88,setl_491203
uci_bank_491204,2009-12-10,UCI ONLINE RETAIL UCI-491204,0.0,224.36,361412.24,setl_491204
uci_bank_491205,2009-12-10,UCI ONLINE RETAIL UCI-491205,0.0,1391.91,362804.15,setl_491205
uci_bank_491207,2009-12-10,UCI ONLINE RETAIL UCI-491207,0.0,105.76,362909.91,setl_491207
uci_bank_491209,2009-12-10,UCI ONLINE RETAIL UCI-491209,0.0,278.08,363187.99,setl_491209
uci_bank_491210,2009-12-10,UCI ONLINE RETAIL UCI-491210,0.0,785.62,363973.61,setl_491210
uci_bank_491211,2009-12-10,UCI ONLINE RETAIL UCI-491211,0.0,1766.28,365739.89,setl_491211
uci_bank_491212,2009-12-10,UCI ONLINE RETAIL UCI-491212,0.0,873.61,366613.5,setl_491212
uci_bank_491226,2009-12-10,UCI ONLINE RETAIL UCI-491226,0.0,448.2,367061.7,setl_491226
uci_bank_491235,2009-12-10,UCI ONLINE RETAIL UCI-491235,0.0,307.2,367368.9,setl_491235
uci_bank_491238,2009-12-10,UCI ONLINE RETAIL UCI-491238,0.0,170.45,367539.35,setl_491238
uci_bank_491240,2009-12-10,UCI ONLINE RETAIL UCI-491240,0.0,936.26,368475.61,setl_491240
uci_bank_491247,2009-12-10,UCI ONLINE RETAIL UCI-491247,0.0,436.4,368912.01,setl_491247
uci_bank_491314,2009-12-10,UCI ONLINE RETAIL UCI-491314,0.0,1505.4,370417.41,setl_491314
uci_bank_491317,2009-12-10,UCI ONLINE RETAIL UCI-491317,0.0,683.91,371101.32,setl_491317
uci_bank_491318,2009-12-10,UCI ONLINE RETAIL UCI-491318,0.0,369.6,371470.92,setl_491318
uci_bank_491319,2009-12-10,UCI ONLINE RETAIL UCI-491319,0.0,181.63,371652.55,setl_491319
uci_bank_491320,2009-12-10,UCI ONLINE RETAIL UCI-491320,0.0,178.2,371830.75,setl_491320
uci_bank_491321,2009-12-10,UCI ONLINE RETAIL UCI-491321,0.0,844.45,372675.2,setl_491321
uci_bank_491340,2009-12-10,UCI ONLINE RETAIL UCI-491340,0.0,517.7,373192.9,setl_491340
uci_bank_491356,2009-12-10,UCI ONLINE RETAIL UCI-491356,0.0,282.03,373474.93,setl_491356
uci_bank_491358,2009-12-10,UCI ONLINE RETAIL UCI-491358,0.0,99.6,373574.53,setl_491358
uci_bank_491368,2009-12-10,UCI ONLINE RETAIL UCI-491368,0.0,164.31,373738.84,setl_491368
uci_bank_491385,2009-12-10,UCI ONLINE RETAIL UCI-491385,0.0,328.7,374067.54,setl_491385
uci_bank_491394,2009-12-10,UCI ONLINE RETAIL UCI-491394,0.0,404.82,374472.36,setl_491394
uci_bank_491395,2009-12-10,UCI ONLINE RETAIL UCI-491395,0.0,204.26,374676.62,setl_491395
uci_bank_491396,2009-12-10,UCI ONLINE RETAIL UCI-491396,0.0,435.51,375112.13,setl_491396
uci_bank_491397,2009-12-10,UCI ONLINE RETAIL UCI-491397,0.0,155.79,375267.92,setl_491397
uci_bank_491399,2009-12-10,UCI ONLINE RETAIL UCI-491399,0.0,171.5,375439.42,setl_491399
uci_bank_491400,2009-12-10,UCI ONLINE RETAIL UCI-491400,0.0,427.52,375866.94,setl_491400
uci_bank_491401,2009-12-10,UCI ONLINE RETAIL UCI-491401,0.0,218.05,376084.99,setl_491401
uci_bank_491403,2009-12-10,UCI ONLINE RETAIL UCI-491403,0.0,616.53,376701.52,setl_491403
uci_bank_491405,2009-12-10,UCI ONLINE RETAIL UCI-491405,0.0,70.8,376772.32,setl_491405
uci_bank_491406,2009-12-10,UCI ONLINE RETAIL UCI-491406,0.0,792.02,377564.34,setl_491406
uci_bank_491407,2009-12-10,UCI ONLINE RETAIL UCI-491407,0.0,130.62,377694.96,setl_491407
uci_bank_491408,2009-12-10,UCI ONLINE RETAIL UCI-491408,0.0,133.75,377828.71,setl_491408
uci_bank_491422,2009-12-10,UCI ONLINE RETAIL UCI-491422,0.0,864.89,378693.6,setl_491422
uci_bank_491421,2009-12-10,UCI ONLINE RETAIL UCI-491421,0.0,208.9,378902.5,setl_491421
uci_bank_491424,2009-12-10,UCI ONLINE RETAIL UCI-491424,0.0,177.91,379080.41,setl_491424
uci_bank_491425,2009-12-10,UCI ONLINE RETAIL UCI-491425,0.0,230.0,379310.41,setl_491425
uci_bank_491426,2009-12-10,UCI ONLINE RETAIL UCI-491426,0.0,917.76,380228.17,setl_491426
uci_bank_491427,2009-12-10,UCI ONLINE RETAIL UCI-491427,0.0,583.7,380811.87,setl_491427
uci_bank_491429,2009-12-11,UCI ONLINE RETAIL UCI-491429,0.0,375.66,381187.53,setl_491429
uci_bank_491432,2009-12-11,UCI ONLINE RETAIL UCI-491432,0.0,325.64,381513.17,setl_491432
uci_bank_491431,2009-12-11,UCI ONLINE RETAIL UCI-491431,0.0,1980.0,383493.17,setl_491431
uci_bank_491433,2009-12-11,UCI ONLINE RETAIL UCI-491433,0.0,233.1,383726.27,setl_491433
uci_bank_491434,2009-12-11,UCI ONLINE RETAIL UCI-491434,0.0,327.32,384053.59,setl_491434
uci_bank_491435,2009-12-11,UCI ONLINE RETAIL UCI-491435,0.0,244.42,384298.01,setl_491435
uci_bank_491436,2009-12-11,UCI ONLINE RETAIL UCI-491436,0.0,10.14,384308.15,setl_491436
uci_bank_491437,2009-12-11,UCI ONLINE RETAIL UCI-491437,0.0,439.18,384747.33,setl_491437
uci_bank_491438,2009-12-11,UCI ONLINE RETAIL UCI-491438,0.0,375.18,385122.51,setl_491438
uci_bank_491439,2009-12-11,UCI ONLINE RETAIL UCI-491439,0.0,306.0,385428.51,setl_491439
uci_bank_491440,2009-12-11,UCI ONLINE RETAIL UCI-491440,0.0,1350.0,386778.51,setl_491440
uci_bank_491442,2009-12-11,UCI ONLINE RETAIL UCI-491442,0.0,102.0,386880.51,setl_491442
uci_bank_491443,2009-12-11,UCI ONLINE RETAIL UCI-491443,0.0,574.07,387454.58,setl_491443
uci_bank_491444,2009-12-11,UCI ONLINE RETAIL UCI-491444,0.0,41.89,387496.47,setl_491444
uci_bank_491445,2009-12-11,UCI ONLINE RETAIL UCI-491445,0.0,122.95,387619.42,setl_491445
uci_bank_491447,2009-12-11,UCI ONLINE RETAIL UCI-491447,0.0,15.9,387635.32,setl_491447
uci_bank_491448,2009-12-11,UCI ONLINE RETAIL UCI-491448,0.0,459.58,388094.9,setl_491448
uci_bank_491449,2009-12-11,UCI ONLINE RETAIL UCI-491449,0.0,1641.9,389736.8,setl_491449
uci_bank_491450,2009-12-11,UCI ONLINE RETAIL UCI-491450,0.0,634.88,390371.68,setl_491450
uci_bank_491452,2009-12-11,UCI ONLINE RETAIL UCI-491452,0.0,222.05,390593.73,setl_491452
uci_bank_491453,2009-12-11,UCI ONLINE RETAIL UCI-491453,0.0,86.75,390680.48,setl_491453
uci_bank_491454,2009-12-11,UCI ONLINE RETAIL UCI-491454,0.0,218.44,390898.92,setl_491454
uci_bank_491456,2009-12-11,UCI ONLINE RETAIL UCI-491456,0.0,11016.0,401914.92,setl_491456
uci_bank_491457,2009-12-11,UCI ONLINE RETAIL UCI-491457,0.0,362.93,402277.85,setl_491457
uci_bank_491462,2009-12-11,UCI ONLINE RETAIL UCI-491462,0.0,718.83,402996.68,setl_491462
uci_bank_491463,2009-12-11,UCI ONLINE RETAIL UCI-491463,0.0,7.5,403004.18,setl_491463
uci_bank_491464,2009-12-11,UCI ONLINE RETAIL UCI-491464,0.0,52.8,403056.98,setl_491464
uci_bank_491465,2009-12-11,UCI ONLINE RETAIL UCI-491465,0.0,350.68,403407.66,setl_491465
uci_bank_491468,2009-12-11,UCI ONLINE RETAIL UCI-491468,0.0,1107.95,404515.61,setl_491468
uci_bank_491474,2009-12-11,UCI ONLINE RETAIL UCI-491474,0.0,217.34,404732.95,setl_491474
uci_bank_491479,2009-12-11,UCI ONLINE RETAIL UCI-491479,0.0,391.16,405124.11,setl_491479
uci_bank_491497,2009-12-11,UCI ONLINE RETAIL UCI-491497,0.0,899.64,406023.75,setl_491497
uci_bank_491498,2009-12-11,UCI ONLINE RETAIL UCI-491498,0.0,209.59,406233.34,setl_491498
uci_bank_491506,2009-12-11,UCI ONLINE RETAIL UCI-491506,0.0,199.68,406433.02,setl_491506
uci_bank_491508,2009-12-11,UCI ONLINE RETAIL UCI-491508,0.0,348.6,406781.62,setl_491508
uci_bank_491516,2009-12-11,UCI ONLINE RETAIL UCI-491516,0.0,51.27,406832.89,setl_491516
uci_bank_491528,2009-12-11,UCI ONLINE RETAIL UCI-491528,0.0,307.54,407140.43,setl_491528
uci_bank_491554,2009-12-11,UCI ONLINE RETAIL UCI-491554,0.0,198.77,407339.2,setl_491554
uci_bank_491555,2009-12-11,UCI ONLINE RETAIL UCI-491555,0.0,513.54,407852.74,setl_491555
uci_bank_491570,2009-12-11,UCI ONLINE RETAIL UCI-491570,0.0,811.76,408664.5,setl_491570
uci_bank_491584,2009-12-11,UCI ONLINE RETAIL UCI-491584,0.0,525.34,409189.84,setl_491584
uci_bank_491586,2009-12-11,UCI ONLINE RETAIL UCI-491586,0.0,117.96,409307.8,setl_491586
uci_bank_491587,2009-12-11,UCI ONLINE RETAIL UCI-491587,0.0,500.0,409807.8,setl_491587
uci_bank_491603,2009-12-11,UCI ONLINE RETAIL UCI-491603,0.0,539.47,410347.27,setl_491603
uci_bank_491607,2009-12-11,UCI ONLINE RETAIL UCI-491607,0.0,289.53,410636.8,setl_491607
uci_bank_491612,2009-12-11,UCI ONLINE RETAIL UCI-491612,0.0,849.94,411486.74,setl_491612
uci_bank_491613,2009-12-11,UCI ONLINE RETAIL UCI-491613,0.0,252.04,411738.78,setl_491613
uci_bank_491622,2009-12-11,UCI ONLINE RETAIL UCI-491622,0.0,483.42,412222.2,setl_491622
uci_bank_491625,2009-12-11,UCI ONLINE RETAIL UCI-491625,0.0,615.3,412837.5,setl_491625
uci_bank_491627,2009-12-11,UCI ONLINE RETAIL UCI-491627,0.0,460.3,413297.8,setl_491627
uci_bank_491629,2009-12-11,UCI ONLINE RETAIL UCI-491629,0.0,308.81,413606.61,setl_491629
uci_bank_491630,2009-12-11,UCI ONLINE RETAIL UCI-491630,0.0,438.22,414044.83,setl_491630
uci_bank_491631,2009-12-11,UCI ONLINE RETAIL UCI-491631,0.0,160.55,414205.38,setl_491631
uci_bank_491633,2009-12-11,UCI ONLINE RETAIL UCI-491633,0.0,465.42,414670.8,setl_491633
uci_bank_491634,2009-12-11,UCI ONLINE RETAIL UCI-491634,0.0,574.09,415244.89,setl_491634
uci_bank_491635,2009-12-11,UCI ONLINE RETAIL UCI-491635,0.0,1323.86,416568.75,setl_491635
uci_bank_491636,2009-12-11,UCI ONLINE RETAIL UCI-491636,0.0,285.48,416854.23,setl_491636
uci_bank_491637,2009-12-11,UCI ONLINE RETAIL UCI-491637,0.0,638.52,417492.75,setl_491637
uci_bank_491640,2009-12-11,UCI ONLINE RETAIL UCI-491640,0.0,406.12,417898.87,setl_491640
uci_bank_491642,2009-12-11,UCI ONLINE RETAIL UCI-491642,0.0,358.32,418257.19,setl_491642
uci_bank_491643,2009-12-11,UCI ONLINE RETAIL UCI-491643,0.0,1056.86,419314.05,setl_491643
uci_bank_491644,2009-12-11,UCI ONLINE RETAIL UCI-491644,0.0,100.55,419414.6,setl_491644
uci_bank_491645,2009-12-11,UCI ONLINE RETAIL UCI-491645,0.0,156.14,419570.74,setl_491645
uci_bank_491646,2009-12-11,UCI ONLINE RETAIL UCI-491646,0.0,641.51,420212.25,setl_491646
uci_bank_491647,2009-12-11,UCI ONLINE RETAIL UCI-491647,0.0,15.5,420227.75,setl_491647
uci_bank_491648,2009-12-13,UCI ONLINE RETAIL UCI-491648,0.0,214.09,420441.84,setl_491648
uci_bank_491649,2009-12-13,UCI ONLINE RETAIL UCI-491649,0.0,549.08,420990.92,setl_491649
uci_bank_491651,2009-12-13,UCI ONLINE RETAIL UCI-491651,0.0,356.55,421347.47,setl_491651
uci_bank_491652,2009-12-13,UCI ONLINE RETAIL UCI-491652,0.0,510.36,421857.83,setl_491652
uci_bank_491653,2009-12-13,UCI ONLINE RETAIL UCI-491653,0.0,164.48,422022.31,setl_491653
uci_bank_491654,2009-12-13,UCI ONLINE RETAIL UCI-491654,0.0,469.49,422491.8,setl_491654
uci_bank_491655,2009-12-13,UCI ONLINE RETAIL UCI-491655,0.0,15.5,422507.3,setl_491655
uci_bank_491656,2009-12-13,UCI ONLINE RETAIL UCI-491656,0.0,344.65,422851.95,setl_491656
uci_bank_491658,2009-12-13,UCI ONLINE RETAIL UCI-491658,0.0,155.06,423007.01,setl_491658
uci_bank_491659,2009-12-13,UCI ONLINE RETAIL UCI-491659,0.0,416.82,423423.83,setl_491659
uci_bank_491660,2009-12-13,UCI ONLINE RETAIL UCI-491660,0.0,152.25,423576.08,setl_491660
uci_bank_491662,2009-12-13,UCI ONLINE RETAIL UCI-491662,0.0,356.17,423932.25,setl_491662
uci_bank_491661,2009-12-13,UCI ONLINE RETAIL UCI-491661,0.0,326.4,424258.65,setl_491661
uci_bank_491663,2009-12-13,UCI ONLINE RETAIL UCI-491663,0.0,90.95,424349.6,setl_491663
uci_bank_491664,2009-12-13,UCI ONLINE RETAIL UCI-491664,0.0,450.71,424800.31,setl_491664
uci_bank_491665,2009-12-13,UCI ONLINE RETAIL UCI-491665,0.0,1184.61,425984.92,setl_491665
uci_bank_491667,2009-12-13,UCI ONLINE RETAIL UCI-491667,0.0,120.06,426104.98,setl_491667
uci_bank_491666,2009-12-13,UCI ONLINE RETAIL UCI-491666,0.0,335.98,426440.96,setl_491666
uci_bank_491668,2009-12-13,UCI ONLINE RETAIL UCI-491668,0.0,370.2,426811.16,setl_491668
uci_bank_491669,2009-12-13,UCI ONLINE RETAIL UCI-491669,0.0,76.84,426888.0,setl_491669
uci_bank_491670,2009-12-13,UCI ONLINE RETAIL UCI-491670,0.0,650.88,427538.88,setl_491670
uci_bank_491671,2009-12-13,UCI ONLINE RETAIL UCI-491671,0.0,505.13,428044.01,setl_491671
uci_bank_491672,2009-12-13,UCI ONLINE RETAIL UCI-491672,0.0,336.82,428380.83,setl_491672
uci_bank_491673,2009-12-13,UCI ONLINE RETAIL UCI-491673,0.0,126.7,428507.53,setl_491673
uci_bank_491675,2009-12-13,UCI ONLINE RETAIL UCI-491675,0.0,374.04,428881.57,setl_491675
uci_bank_491674,2009-12-13,UCI ONLINE RETAIL UCI-491674,0.0,591.48,429473.05,setl_491674
uci_bank_491677,2009-12-13,UCI ONLINE RETAIL UCI-491677,0.0,15.0,429488.05,setl_491677
uci_bank_491678,2009-12-13,UCI ONLINE RETAIL UCI-491678,0.0,300.42,429788.47,setl_491678
uci_bank_491679,2009-12-13,UCI ONLINE RETAIL UCI-491679,0.0,145.06,429933.53,setl_491679
uci_bank_491680,2009-12-13,UCI ONLINE RETAIL UCI-491680,0.0,244.8,430178.33,setl_491680
uci_bank_491681,2009-12-13,UCI ONLINE RETAIL UCI-491681,0.0,272.4,430450.73,setl_491681
uci_bank_491682,2009-12-13,UCI ONLINE RETAIL UCI-491682,0.0,21.95,430472.68,setl_491682
uci_bank_491683,2009-12-13,UCI ONLINE RETAIL UCI-491683,0.0,361.55,430834.23,setl_491683
uci_bank_491684,2009-12-13,UCI ONLINE RETAIL UCI-491684,0.0,228.8,431063.03,setl_491684
uci_bank_491685,2009-12-13,UCI ONLINE RETAIL UCI-491685,0.0,5.1,431068.13,setl_491685
uci_bank_491686,2009-12-13,UCI ONLINE RETAIL UCI-491686,0.0,452.5,431520.63,setl_491686
uci_bank_491687,2009-12-13,UCI ONLINE RETAIL UCI-491687,0.0,588.4,432109.03,setl_491687
uci_bank_491688,2009-12-13,UCI ONLINE RETAIL UCI-491688,0.0,197.98,432307.01,setl_491688
uci_bank_491690,2009-12-13,UCI ONLINE RETAIL UCI-491690,0.0,511.64,432818.65,setl_491690
uci_bank_491691,2009-12-13,UCI ONLINE RETAIL UCI-491691,0.0,386.73,433205.38,setl_491691
uci_bank_491692,2009-12-13,UCI ONLINE RETAIL UCI-491692,0.0,856.78,434062.16,setl_491692
uci_bank_491694,2009-12-13,UCI ONLINE RETAIL UCI-491694,0.0,228.34,434290.5,setl_491694
uci_bank_491695,2009-12-13,UCI ONLINE RETAIL UCI-491695,0.0,106.65,434397.15,setl_491695
uci_bank_491696,2009-12-13,UCI ONLINE RETAIL UCI-491696,0.0,56.45,434453.6,setl_491696
uci_bank_491697,2009-12-13,UCI ONLINE RETAIL UCI-491697,0.0,493.37,434946.97,setl_491697
uci_bank_491698,2009-12-13,UCI ONLINE RETAIL UCI-491698,0.0,1014.54,435961.51,setl_491698
uci_bank_491699,2009-12-13,UCI ONLINE RETAIL UCI-491699,0.0,286.28,436247.79,setl_491699
uci_bank_491700,2009-12-13,UCI ONLINE RETAIL UCI-491700,0.0,507.65,436755.44,setl_491700
uci_bank_491701,2009-12-13,UCI ONLINE RETAIL UCI-491701,0.0,123.43,436878.87,setl_491701
uci_bank_491703,2009-12-13,UCI ONLINE RETAIL UCI-491703,0.0,399.8,437278.67,setl_491703
uci_bank_491704,2009-12-13,UCI ONLINE RETAIL UCI-491704,0.0,65.1,437343.77,setl_491704
uci_bank_491706,2009-12-13,UCI ONLINE RETAIL UCI-491706,0.0,15.3,437359.07,setl_491706
uci_bank_491707,2009-12-13,UCI ONLINE RETAIL UCI-491707,0.0,98.25,437457.32,setl_491707
uci_bank_491708,2009-12-13,UCI ONLINE RETAIL UCI-491708,0.0,100.8,437558.12,setl_491708
uci_bank_491709,2009-12-13,UCI ONLINE RETAIL UCI-491709,0.0,147.99,437706.11,setl_491709
uci_bank_491710,2009-12-13,UCI ONLINE RETAIL UCI-491710,0.0,258.3,437964.41,setl_491710
uci_bank_491711,2009-12-13,UCI ONLINE RETAIL UCI-491711,0.0,313.64,438278.05,setl_491711
uci_bank_491712,2009-12-13,UCI ONLINE RETAIL UCI-491712,0.0,360.51,438638.56,setl_491712
uci_bank_491713,2009-12-13,UCI ONLINE RETAIL UCI-491713,0.0,545.1,439183.66,setl_491713
uci_bank_491714,2009-12-13,UCI ONLINE RETAIL UCI-491714,0.0,526.46,439710.12,setl_491714
uci_bank_491715,2009-12-13,UCI ONLINE RETAIL UCI-491715,0.0,233.42,439943.54,setl_491715
uci_bank_491716,2009-12-13,UCI ONLINE RETAIL UCI-491716,0.0,217.8,440161.34,setl_491716
uci_bank_491717,2009-12-13,UCI ONLINE RETAIL UCI-491717,0.0,213.88,440375.22,setl_491717
uci_bank_491718,2009-12-13,UCI ONLINE RETAIL UCI-491718,0.0,181.51,440556.73,setl_491718
uci_bank_491719,2009-12-13,UCI ONLINE RETAIL UCI-491719,0.0,348.61,440905.34,setl_491719
uci_bank_491720,2009-12-13,UCI ONLINE RETAIL UCI-491720,0.0,261.7,441167.04,setl_491720
uci_bank_491721,2009-12-13,UCI ONLINE RETAIL UCI-491721,0.0,354.29,441521.33,setl_491721
uci_bank_491722,2009-12-13,UCI ONLINE RETAIL UCI-491722,0.0,292.98,441814.31,setl_491722
uci_bank_491724,2009-12-13,UCI ONLINE RETAIL UCI-491724,0.0,124.9,441939.21,setl_491724
uci_bank_491725,2009-12-14,UCI ONLINE RETAIL UCI-491725,0.0,45.0,441984.21,setl_491725
uci_bank_491726,2009-12-14,UCI ONLINE RETAIL UCI-491726,0.0,1081.66,443065.87,setl_491726
uci_bank_491729,2009-12-14,UCI ONLINE RETAIL UCI-491729,0.0,171.82,443237.69,setl_491729
uci_bank_491730,2009-12-14,UCI ONLINE RETAIL UCI-491730,0.0,252.12,443489.81,setl_491730
uci_bank_491731,2009-12-14,UCI ONLINE RETAIL UCI-491731,0.0,228.6,443718.41,setl_491731
uci_bank_491733,2009-12-14,UCI ONLINE RETAIL UCI-491733,0.0,366.4,444084.81,setl_491733
uci_bank_491734,2009-12-14,UCI ONLINE RETAIL UCI-491734,0.0,950.0,445034.81,setl_491734
uci_bank_491735,2009-12-14,UCI ONLINE RETAIL UCI-491735,0.0,225.8,445260.61,setl_491735
uci_bank_491736,2009-12-14,UCI ONLINE RETAIL UCI-491736,0.0,756.51,446017.12,setl_491736
uci_bank_491737,2009-12-14,UCI ONLINE RETAIL UCI-491737,0.0,31.93,446049.05,setl_491737
uci_bank_491738,2009-12-14,UCI ONLINE RETAIL UCI-491738,0.0,1286.43,447335.48,setl_491738
uci_bank_491743,2009-12-14,UCI ONLINE RETAIL UCI-491743,0.0,597.56,447933.04,setl_491743
uci_bank_491742,2009-12-14,UCI ONLINE RETAIL UCI-491742,0.0,22.5,447955.54,setl_491742
uci_bank_491744,2009-12-14,UCI ONLINE RETAIL UCI-491744,0.0,22.5,447978.04,setl_491744
uci_bank_491745,2009-12-14,UCI ONLINE RETAIL UCI-491745,0.0,66.75,448044.79,setl_491745
uci_bank_491746,2009-12-14,UCI ONLINE RETAIL UCI-491746,0.0,327.71,448372.5,setl_491746
uci_bank_491747,2009-12-14,UCI ONLINE RETAIL UCI-491747,0.0,187.7,448560.2,setl_491747
uci_bank_491748,2009-12-14,UCI ONLINE RETAIL UCI-491748,0.0,319.38,448879.58,setl_491748
uci_bank_491750,2009-12-14,UCI ONLINE RETAIL UCI-491750,0.0,572.05,449451.63,setl_491750
uci_bank_491751,2009-12-14,UCI ONLINE RETAIL UCI-491751,0.0,196.92,449648.55,setl_491751
uci_bank_491752,2009-12-14,UCI ONLINE RETAIL UCI-491752,0.0,309.3,449957.85,setl_491752
uci_bank_491753,2009-12-14,UCI ONLINE RETAIL UCI-491753,0.0,348.85,450306.7,setl_491753
uci_bank_491754,2009-12-14,UCI ONLINE RETAIL UCI-491754,0.0,38.66,450345.36,setl_491754
uci_bank_491755,2009-12-14,UCI ONLINE RETAIL UCI-491755,0.0,79.95,450425.31,setl_491755
uci_bank_491756,2009-12-14,UCI ONLINE RETAIL UCI-491756,0.0,318.36,450743.67,setl_491756
uci_bank_491757,2009-12-14,UCI ONLINE RETAIL UCI-491757,0.0,705.6,451449.27,setl_491757
uci_bank_491758,2009-12-14,UCI ONLINE RETAIL UCI-491758,0.0,400.91,451850.18,setl_491758
uci_bank_491759,2009-12-14,UCI ONLINE RETAIL UCI-491759,0.0,15.0,451865.18,setl_491759
uci_bank_491760,2009-12-14,UCI ONLINE RETAIL UCI-491760,0.0,170.05,452035.23,setl_491760
uci_bank_491780,2009-12-14,UCI ONLINE RETAIL UCI-491780,0.0,615.22,452650.45,setl_491780
uci_bank_491784,2009-12-14,UCI ONLINE RETAIL UCI-491784,0.0,675.05,453325.5,setl_491784
uci_bank_491782,2009-12-14,UCI ONLINE RETAIL UCI-491782,0.0,162.25,453487.75,setl_491782
uci_bank_491800,2009-12-14,UCI ONLINE RETAIL UCI-491800,0.0,5259.17,458746.92,setl_491800
uci_bank_491803,2009-12-14,UCI ONLINE RETAIL UCI-491803,0.0,698.61,459445.53,setl_491803
uci_bank_491804,2009-12-14,UCI ONLINE RETAIL UCI-491804,0.0,112.64,459558.17,setl_491804
uci_bank_491805,2009-12-14,UCI ONLINE RETAIL UCI-491805,0.0,1350.81,460908.98,setl_491805
uci_bank_491806,2009-12-14,UCI ONLINE RETAIL UCI-491806,0.0,8.95,460917.93,setl_491806
uci_bank_491807,2009-12-14,UCI ONLINE RETAIL UCI-491807,0.0,164.28,461082.21,setl_491807
uci_bank_491809,2009-12-14,UCI ONLINE RETAIL UCI-491809,0.0,272.02,461354.23,setl_491809
uci_bank_491811,2009-12-14,UCI ONLINE RETAIL UCI-491811,0.0,290.15,461644.38,setl_491811
uci_bank_491810,2009-12-14,UCI ONLINE RETAIL UCI-491810,0.0,619.67,462264.05,setl_491810
uci_bank_491812,2009-12-14,UCI ONLINE RETAIL UCI-491812,0.0,13854.2,476118.25,setl_491812
uci_bank_491813,2009-12-14,UCI ONLINE RETAIL UCI-491813,0.0,157.5,476275.75,setl_491813
uci_bank_491814,2009-12-14,UCI ONLINE RETAIL UCI-491814,0.0,310.43,476586.18,setl_491814
uci_bank_491816,2009-12-14,UCI ONLINE RETAIL UCI-491816,0.0,1550.07,478136.25,setl_491816
uci_bank_491815,2009-12-14,UCI ONLINE RETAIL UCI-491815,0.0,177.84,478314.09,setl_491815
uci_bank_491825,2009-12-14,UCI ONLINE RETAIL UCI-491825,0.0,414.36,478728.45,setl_491825
uci_bank_491826,2009-12-14,UCI ONLINE RETAIL UCI-491826,0.0,850.83,479579.28,setl_491826
uci_bank_491828,2009-12-14,UCI ONLINE RETAIL UCI-491828,0.0,409.2,479988.48,setl_491828
uci_bank_491829,2009-12-14,UCI ONLINE RETAIL UCI-491829,0.0,325.44,480313.92,setl_491829
uci_bank_491831,2009-12-14,UCI ONLINE RETAIL UCI-491831,0.0,137.73,480451.65,setl_491831
uci_bank_491832,2009-12-14,UCI ONLINE RETAIL UCI-491832,0.0,132.51,480584.16,setl_491832
uci_bank_491833,2009-12-14,UCI ONLINE RETAIL UCI-491833,0.0,390.66,480974.82,setl_491833
uci_bank_491834,2009-12-14,UCI ONLINE RETAIL UCI-491834,0.0,197.05,481171.87,setl_491834
uci_bank_491840,2009-12-14,UCI ONLINE RETAIL UCI-491840,0.0,129.6,481301.47,setl_491840
uci_bank_491861,2009-12-14,UCI ONLINE RETAIL UCI-491861,0.0,266.02,481567.49,setl_491861
uci_bank_491868,2009-12-14,UCI ONLINE RETAIL UCI-491868,0.0,431.98,481999.47,setl_491868
uci_bank_491888,2009-12-14,UCI ONLINE RETAIL UCI-491888,0.0,626.0,482625.47,setl_491888
uci_bank_491893,2009-12-14,UCI ONLINE RETAIL UCI-491893,0.0,274.0,482899.47,setl_491893
uci_bank_491894,2009-12-14,UCI ONLINE RETAIL UCI-491894,0.0,1126.81,484026.28,setl_491894
uci_bank_491923,2009-12-14,UCI ONLINE RETAIL UCI-491923,0.0,307.24,484333.52,setl_491923
uci_bank_491924,2009-12-14,UCI ONLINE RETAIL UCI-491924,0.0,700.83,485034.35,setl_491924
uci_bank_491935,2009-12-14,UCI ONLINE RETAIL UCI-491935,0.0,689.71,485724.06,setl_491935
uci_bank_491941,2009-12-14,UCI ONLINE RETAIL UCI-491941,0.0,70.8,485794.86,setl_491941
uci_bank_491949,2009-12-14,UCI ONLINE RETAIL UCI-491949,0.0,53.2,485848.06,setl_491949
uci_bank_491950,2009-12-14,UCI ONLINE RETAIL UCI-491950,0.0,238.05,486086.11,setl_491950
uci_bank_491951,2009-12-14,UCI ONLINE RETAIL UCI-491951,0.0,926.31,487012.42,setl_491951
uci_bank_491953,2009-12-14,UCI ONLINE RETAIL UCI-491953,0.0,2308.5,489320.92,setl_491953
uci_bank_491954,2009-12-14,UCI ONLINE RETAIL UCI-491954,0.0,88.5,489409.42,setl_491954
uci_bank_491955,2009-12-14,UCI ONLINE RETAIL UCI-491955,0.0,50.4,489459.82,setl_491955
uci_bank_491956,2009-12-14,UCI ONLINE RETAIL UCI-491956,0.0,381.4,489841.22,setl_491956
uci_bank_491957,2009-12-14,UCI ONLINE RETAIL UCI-491957,0.0,149.5,489990.72,setl_491957
uci_bank_491958,2009-12-14,UCI ONLINE RETAIL UCI-491958,0.0,99.86,490090.58,setl_491958
uci_bank_491959,2009-12-14,UCI ONLINE RETAIL UCI-491959,0.0,111.0,490201.58,setl_491959
uci_bank_491960,2009-12-14,UCI ONLINE RETAIL UCI-491960,0.0,659.4,490860.98,setl_491960
uci_bank_491961,2009-12-14,UCI ONLINE RETAIL UCI-491961,0.0,1456.2,492317.18,setl_491961
uci_bank_491963,2009-12-14,UCI ONLINE RETAIL UCI-491963,0.0,93.35,492410.53,setl_491963
uci_bank_491964,2009-12-14,UCI ONLINE RETAIL UCI-491964,0.0,45.3,492455.83,setl_491964
uci_bank_491965,2009-12-14,UCI ONLINE RETAIL UCI-491965,0.0,497.65,492953.48,setl_491965
uci_bank_491967,2009-12-14,UCI ONLINE RETAIL UCI-491967,0.0,384.16,493337.64,setl_491967
uci_bank_491979,2009-12-15,UCI ONLINE RETAIL UCI-491979,0.0,891.41,494229.05,setl_491979
uci_bank_491980,2009-12-15,UCI ONLINE RETAIL UCI-491980,0.0,227.72,494456.77,setl_491980
uci_bank_491981,2009-12-15,UCI ONLINE RETAIL UCI-491981,0.0,381.22,494837.99,setl_491981
uci_bank_491982,2009-12-15,UCI ONLINE RETAIL UCI-491982,0.0,154.69,494992.68,setl_491982
uci_bank_491983,2009-12-15,UCI ONLINE RETAIL UCI-491983,0.0,415.49,495408.17,setl_491983
uci_bank_491984,2009-12-15,UCI ONLINE RETAIL UCI-491984,0.0,306.54,495714.71,setl_491984
uci_bank_491986,2009-12-15,UCI ONLINE RETAIL UCI-491986,0.0,495.0,496209.71,setl_491986
uci_bank_491987,2009-12-15,UCI ONLINE RETAIL UCI-491987,0.0,62.31,496272.02,setl_491987
uci_bank_491988,2009-12-15,UCI ONLINE RETAIL UCI-491988,0.0,429.66,496701.68,setl_491988
uci_bank_491991,2009-12-15,UCI ONLINE RETAIL UCI-491991,0.0,27.0,496728.68,setl_491991
uci_bank_491992,2009-12-15,UCI ONLINE RETAIL UCI-491992,0.0,57.9,496786.58,setl_491992
uci_bank_491993,2009-12-15,UCI ONLINE RETAIL UCI-491993,0.0,304.7,497091.28,setl_491993
uci_bank_491994,2009-12-15,UCI ONLINE RETAIL UCI-491994,0.0,306.4,497397.68,setl_491994
uci_bank_491996,2009-12-15,UCI ONLINE RETAIL UCI-491996,0.0,1337.0,498734.68,setl_491996
uci_bank_491995,2009-12-15,UCI ONLINE RETAIL UCI-491995,0.0,367.75,499102.43,setl_491995
uci_bank_491997,2009-12-15,UCI ONLINE RETAIL UCI-491997,0.0,292.31,499394.74,setl_491997
uci_bank_491998,2009-12-15,UCI ONLINE RETAIL UCI-491998,0.0,297.86,499692.6,setl_491998
uci_bank_491999,2009-12-15,UCI ONLINE RETAIL UCI-491999,0.0,310.87,500003.47,setl_491999
uci_bank_492003,2009-12-15,UCI ONLINE RETAIL UCI-492003,0.0,253.42,500256.89,setl_492003
uci_bank_492004,2009-12-15,UCI ONLINE RETAIL UCI-492004,0.0,847.0,501103.89,setl_492004
uci_bank_492005,2009-12-15,UCI ONLINE RETAIL UCI-492005,0.0,2320.2,503424.09,setl_492005
uci_bank_492007,2009-12-15,UCI ONLINE RETAIL UCI-492007,0.0,169.5,503593.59,setl_492007
uci_bank_492008,2009-12-15,UCI ONLINE RETAIL UCI-492008,0.0,61.2,503654.79,setl_492008
uci_bank_492009,2009-12-15,UCI ONLINE RETAIL UCI-492009,0.0,174.65,503829.44,setl_492009
uci_bank_492011,2009-12-15,UCI ONLINE RETAIL UCI-492011,0.0,253.64,504083.08,setl_492011
uci_bank_492012,2009-12-15,UCI ONLINE RETAIL UCI-492012,0.0,675.12,504758.2,setl_492012
uci_bank_492014,2009-12-15,UCI ONLINE RETAIL UCI-492014,0.0,13.5,504771.7,setl_492014
uci_bank_492015,2009-12-15,UCI ONLINE RETAIL UCI-492015,0.0,1413.34,506185.04,setl_492015
uci_bank_492016,2009-12-15,UCI ONLINE RETAIL UCI-492016,0.0,179.36,506364.4,setl_492016
uci_bank_492017,2009-12-15,UCI ONLINE RETAIL UCI-492017,0.0,394.42,506758.82,setl_492017
uci_bank_492018,2009-12-15,UCI ONLINE RETAIL UCI-492018,0.0,531.3,507290.12,setl_492018
uci_bank_492020,2009-12-15,UCI ONLINE RETAIL UCI-492020,0.0,414.78,507704.9,setl_492020
uci_bank_492021,2009-12-15,UCI ONLINE RETAIL UCI-492021,0.0,208.8,507913.7,setl_492021
uci_bank_492022,2009-12-15,UCI ONLINE RETAIL UCI-492022,0.0,216.0,508129.7,setl_492022
uci_bank_492035,2009-12-15,UCI ONLINE RETAIL UCI-492035,0.0,285.22,508414.92,setl_492035
uci_bank_492039,2009-12-15,UCI ONLINE RETAIL UCI-492039,0.0,301.9,508716.82,setl_492039
uci_bank_492051,2009-12-15,UCI ONLINE RETAIL UCI-492051,0.0,870.84,509587.66,setl_492051
uci_bank_492064,2009-12-15,UCI ONLINE RETAIL UCI-492064,0.0,558.17,510145.83,setl_492064
uci_bank_492071,2009-12-15,UCI ONLINE RETAIL UCI-492071,0.0,6.75,510152.58,setl_492071
uci_bank_492073,2009-12-15,UCI ONLINE RETAIL UCI-492073,0.0,1500.46,511653.04,setl_492073
uci_bank_492074,2009-12-15,UCI ONLINE RETAIL UCI-492074,0.0,377.49,512030.53,setl_492074
uci_bank_492075,2009-12-15,UCI ONLINE RETAIL UCI-492075,0.0,477.36,512507.89,setl_492075
uci_bank_492076,2009-12-15,UCI ONLINE RETAIL UCI-492076,0.0,152.0,512659.89,setl_492076
uci_bank_492077,2009-12-15,UCI ONLINE RETAIL UCI-492077,0.0,290.72,512950.61,setl_492077
uci_bank_492078,2009-12-15,UCI ONLINE RETAIL UCI-492078,0.0,147.68,513098.29,setl_492078
uci_bank_492079,2009-12-15,UCI ONLINE RETAIL UCI-492079,0.0,324.8,513423.09,setl_492079
uci_bank_492080,2009-12-15,UCI ONLINE RETAIL UCI-492080,0.0,308.38,513731.47,setl_492080
uci_bank_492092,2009-12-15,UCI ONLINE RETAIL UCI-492092,0.0,698.2,514429.67,setl_492092
uci_bank_492098,2009-12-15,UCI ONLINE RETAIL UCI-492098,0.0,2343.72,516773.39,setl_492098
uci_bank_492117,2009-12-15,UCI ONLINE RETAIL UCI-492117,0.0,1021.53,517794.92,setl_492117
uci_bank_492125,2009-12-15,UCI ONLINE RETAIL UCI-492125,0.0,146.46,517941.38,setl_492125
uci_bank_492127,2009-12-15,UCI ONLINE RETAIL UCI-492127,0.0,538.77,518480.15,setl_492127
uci_bank_492133,2009-12-15,UCI ONLINE RETAIL UCI-492133,0.0,1737.2,520217.35,setl_492133
uci_bank_492153,2009-12-15,UCI ONLINE RETAIL UCI-492153,0.0,208.68,520426.03,setl_492153
uci_bank_492168,2009-12-15,UCI ONLINE RETAIL UCI-492168,0.0,391.55,520817.58,setl_492168
uci_bank_492169,2009-12-15,UCI ONLINE RETAIL UCI-492169,0.0,823.81,521641.39,setl_492169
uci_bank_492170,2009-12-15,UCI ONLINE RETAIL UCI-492170,0.0,138.22,521779.61,setl_492170
uci_bank_492172,2009-12-15,UCI ONLINE RETAIL UCI-492172,0.0,327.91,522107.52,setl_492172
uci_bank_492173,2009-12-15,UCI ONLINE RETAIL UCI-492173,0.0,316.39,522423.91,setl_492173
uci_bank_492174,2009-12-15,UCI ONLINE RETAIL UCI-492174,0.0,478.16,522902.07,setl_492174
uci_bank_492175,2009-12-15,UCI ONLINE RETAIL UCI-492175,0.0,182.25,523084.32,setl_492175
uci_bank_492176,2009-12-15,UCI ONLINE RETAIL UCI-492176,0.0,466.88,523551.2,setl_492176
uci_bank_492177,2009-12-15,UCI ONLINE RETAIL UCI-492177,0.0,598.2,524149.4,setl_492177
uci_bank_492179,2009-12-15,UCI ONLINE RETAIL UCI-492179,0.0,24.63,524174.03,setl_492179
uci_bank_492178,2009-12-15,UCI ONLINE RETAIL UCI-492178,0.0,340.39,524514.42,setl_492178
uci_bank_492181,2009-12-15,UCI ONLINE RETAIL UCI-492181,0.0,380.78,524895.2,setl_492181
uci_bank_492185,2009-12-15,UCI ONLINE RETAIL UCI-492185,0.0,960.0,525855.2,setl_492185
uci_bank_492202,2009-12-15,UCI ONLINE RETAIL UCI-492202,0.0,774.21,526629.41,setl_492202
uci_bank_492203,2009-12-15,UCI ONLINE RETAIL UCI-492203,0.0,204.0,526833.41,setl_492203
uci_bank_492204,2009-12-15,UCI ONLINE RETAIL UCI-492204,0.0,322.92,527156.33,setl_492204
uci_bank_492208,2009-12-15,UCI ONLINE RETAIL UCI-492208,0.0,334.14,527490.47,setl_492208
uci_bank_492209,2009-12-15,UCI ONLINE RETAIL UCI-492209,0.0,236.17,527726.64,setl_492209
uci_bank_492210,2009-12-15,UCI ONLINE RETAIL UCI-492210,0.0,263.4,527990.04,setl_492210
uci_bank_492214,2009-12-15,UCI ONLINE RETAIL UCI-492214,0.0,301.16,528291.2,setl_492214
uci_bank_492216,2009-12-15,UCI ONLINE RETAIL UCI-492216,0.0,939.21,529230.41,setl_492216
uci_bank_492218,2009-12-15,UCI ONLINE RETAIL UCI-492218,0.0,297.86,529528.27,setl_492218
uci_bank_492220,2009-12-15,UCI ONLINE RETAIL UCI-492220,0.0,205.32,529733.59,setl_492220
uci_bank_492221,2009-12-15,UCI ONLINE RETAIL UCI-492221,0.0,288.88,530022.47,setl_492221
uci_bank_492222,2009-12-15,UCI ONLINE RETAIL UCI-492222,0.0,187.84,530210.31,setl_492222
uci_bank_492223,2009-12-15,UCI ONLINE RETAIL UCI-492223,0.0,179.0,530389.31,setl_492223
uci_bank_492224,2009-12-15,UCI ONLINE RETAIL UCI-492224,0.0,801.3,531190.61,setl_492224
uci_bank_492225,2009-12-15,UCI ONLINE RETAIL UCI-492225,0.0,1084.08,532274.69,setl_492225
uci_bank_492227,2009-12-15,UCI ONLINE RETAIL UCI-492227,0.0,334.5,532609.19,setl_492227
uci_bank_492228,2009-12-15,UCI ONLINE RETAIL UCI-492228,0.0,343.66,532952.85,setl_492228
uci_bank_492229,2009-12-15,UCI ONLINE RETAIL UCI-492229,0.0,388.74,533341.59,setl_492229
uci_bank_492230,2009-12-15,UCI ONLINE RETAIL UCI-492230,0.0,60.48,533402.07,setl_492230
uci_bank_492231,2009-12-15,UCI ONLINE RETAIL UCI-492231,0.0,53.0,533455.07,setl_492231
uci_bank_492233,2009-12-15,UCI ONLINE RETAIL UCI-492233,0.0,126.5,533581.57,setl_492233
uci_bank_492232,2009-12-15,UCI ONLINE RETAIL UCI-492232,0.0,61.45,533643.02,setl_492232
uci_bank_492234,2009-12-15,UCI ONLINE RETAIL UCI-492234,0.0,297.4,533940.42,setl_492234
uci_bank_492235,2009-12-15,UCI ONLINE RETAIL UCI-492235,0.0,155.34,534095.76,setl_492235
uci_bank_492236,2009-12-15,UCI ONLINE RETAIL UCI-492236,0.0,2156.0,536251.76,setl_492236
uci_bank_492237,2009-12-15,UCI ONLINE RETAIL UCI-492237,0.0,3480.0,539731.76,setl_492237
uci_bank_492238,2009-12-15,UCI ONLINE RETAIL UCI-492238,0.0,520.46,540252.22,setl_492238
uci_bank_492239,2009-12-16,UCI ONLINE RETAIL UCI-492239,0.0,313.8,540566.02,setl_492239
uci_bank_492240,2009-12-16,UCI ONLINE RETAIL UCI-492240,0.0,575.64,541141.66,setl_492240
uci_bank_492241,2009-12-16,UCI ONLINE RETAIL UCI-492241,0.0,969.66,542111.32,setl_492241
uci_bank_492242,2009-12-16,UCI ONLINE RETAIL UCI-492242,0.0,321.65,542432.97,setl_492242
uci_bank_492244,2009-12-16,UCI ONLINE RETAIL UCI-492244,0.0,435.5,542868.47,setl_492244
uci_bank_492246,2009-12-16,UCI ONLINE RETAIL UCI-492246,0.0,1226.79,544095.26,setl_492246
uci_bank_492245,2009-12-16,UCI ONLINE RETAIL UCI-492245,0.0,243.86,544339.12,setl_492245
uci_bank_492247,2009-12-16,UCI ONLINE RETAIL UCI-492247,0.0,307.15,544646.27,setl_492247
uci_bank_492248,2009-12-16,UCI ONLINE RETAIL UCI-492248,0.0,511.2,545157.47,setl_492248
uci_bank_492249,2009-12-16,UCI ONLINE RETAIL UCI-492249,0.0,243.65,545401.12,setl_492249
uci_bank_492250,2009-12-16,UCI ONLINE RETAIL UCI-492250,0.0,462.95,545864.07,setl_492250
uci_bank_492251,2009-12-16,UCI ONLINE RETAIL UCI-492251,0.0,825.32,546689.39,setl_492251
uci_bank_492252,2009-12-16,UCI ONLINE RETAIL UCI-492252,0.0,357.0,547046.39,setl_492252
uci_bank_492253,2009-12-16,UCI ONLINE RETAIL UCI-492253,0.0,223.7,547270.09,setl_492253
uci_bank_492269,2009-12-16,UCI ONLINE RETAIL UCI-492269,0.0,855.45,548125.54,setl_492269
uci_bank_492270,2009-12-16,UCI ONLINE RETAIL UCI-492270,0.0,96.3,548221.84,setl_492270
uci_bank_492271,2009-12-16,UCI ONLINE RETAIL UCI-492271,0.0,68.7,548290.54,setl_492271
uci_bank_492272,2009-12-16,UCI ONLINE RETAIL UCI-492272,0.0,141.66,548432.2,setl_492272
uci_bank_492273,2009-12-16,UCI ONLINE RETAIL UCI-492273,0.0,10.2,548442.4,setl_492273
uci_bank_492281,2009-12-16,UCI ONLINE RETAIL UCI-492281,0.0,306.3,548748.7,setl_492281
uci_bank_492282,2009-12-16,UCI ONLINE RETAIL UCI-492282,0.0,371.48,549120.18,setl_492282
uci_bank_492283,2009-12-16,UCI ONLINE RETAIL UCI-492283,0.0,117.3,549237.48,setl_492283
uci_bank_492285,2009-12-16,UCI ONLINE RETAIL UCI-492285,0.0,164.1,549401.58,setl_492285
uci_bank_492287,2009-12-16,UCI ONLINE RETAIL UCI-492287,0.0,313.3,549714.88,setl_492287
uci_bank_492290,2009-12-16,UCI ONLINE RETAIL UCI-492290,0.0,187.44,549902.32,setl_492290
uci_bank_492296,2009-12-16,UCI ONLINE RETAIL UCI-492296,0.0,499.15,550401.47,setl_492296
uci_bank_492297,2009-12-16,UCI ONLINE RETAIL UCI-492297,0.0,307.95,550709.42,setl_492297
uci_bank_492300,2009-12-16,UCI ONLINE RETAIL UCI-492300,0.0,348.15,551057.57,setl_492300
uci_bank_492302,2009-12-16,UCI ONLINE RETAIL UCI-492302,0.0,183.4,551240.97,setl_492302
uci_bank_492304,2009-12-16,UCI ONLINE RETAIL UCI-492304,0.0,214.25,551455.22,setl_492304
uci_bank_492312,2009-12-16,UCI ONLINE RETAIL UCI-492312,0.0,123.19,551578.41,setl_492312
uci_bank_492313,2009-12-16,UCI ONLINE RETAIL UCI-492313,0.0,407.69,551986.1,setl_492313
uci_bank_492314,2009-12-16,UCI ONLINE RETAIL UCI-492314,0.0,336.6,552322.7,setl_492314
uci_bank_492318,2009-12-16,UCI ONLINE RETAIL UCI-492318,0.0,214.21,552536.91,setl_492318
uci_bank_492317,2009-12-16,UCI ONLINE RETAIL UCI-492317,0.0,593.4,553130.31,setl_492317
uci_bank_492321,2009-12-16,UCI ONLINE RETAIL UCI-492321,0.0,1181.5,554311.81,setl_492321
uci_bank_492319,2009-12-16,UCI ONLINE RETAIL UCI-492319,0.0,161.6,554473.41,setl_492319
uci_bank_492322,2009-12-16,UCI ONLINE RETAIL UCI-492322,0.0,352.0,554825.41,setl_492322
uci_bank_492325,2009-12-16,UCI ONLINE RETAIL UCI-492325,0.0,212.1,555037.51,setl_492325
uci_bank_492328,2009-12-16,UCI ONLINE RETAIL UCI-492328,0.0,271.56,555309.07,setl_492328
uci_bank_492340,2009-12-16,UCI ONLINE RETAIL UCI-492340,0.0,311.99,555621.06,setl_492340
uci_bank_492342,2009-12-16,UCI ONLINE RETAIL UCI-492342,0.0,1221.97,556843.03,setl_492342
uci_bank_492347,2009-12-16,UCI ONLINE RETAIL UCI-492347,0.0,1209.58,558052.61,setl_492347
uci_bank_492348,2009-12-16,UCI ONLINE RETAIL UCI-492348,0.0,540.66,558593.27,setl_492348
uci_bank_492349,2009-12-16,UCI ONLINE RETAIL UCI-492349,0.0,306.2,558899.47,setl_492349
uci_bank_492351,2009-12-16,UCI ONLINE RETAIL UCI-492351,0.0,35.45,558934.92,setl_492351
uci_bank_492356,2009-12-16,UCI ONLINE RETAIL UCI-492356,0.0,422.35,559357.27,setl_492356
uci_bank_492357,2009-12-16,UCI ONLINE RETAIL UCI-492357,0.0,115.3,559472.57,setl_492357
uci_bank_492358,2009-12-16,UCI ONLINE RETAIL UCI-492358,0.0,1750.43,561223.0,setl_492358
uci_bank_492359,2009-12-16,UCI ONLINE RETAIL UCI-492359,0.0,78.6,561301.6,setl_492359
uci_bank_492360,2009-12-16,UCI ONLINE RETAIL UCI-492360,0.0,584.1,561885.7,setl_492360
uci_bank_492361,2009-12-16,UCI ONLINE RETAIL UCI-492361,0.0,342.36,562228.06,setl_492361
uci_bank_492362,2009-12-16,UCI ONLINE RETAIL UCI-492362,0.0,436.56,562664.62,setl_492362
uci_bank_492367,2009-12-16,UCI ONLINE RETAIL UCI-492367,0.0,618.79,563283.41,setl_492367
uci_bank_492368,2009-12-16,UCI ONLINE RETAIL UCI-492368,0.0,519.53,563802.94,setl_492368
uci_bank_492369,2009-12-16,UCI ONLINE RETAIL UCI-492369,0.0,323.25,564126.19,setl_492369
uci_bank_492370,2009-12-16,UCI ONLINE RETAIL UCI-492370,0.0,130.51,564256.7,setl_492370
uci_bank_492371,2009-12-16,UCI ONLINE RETAIL UCI-492371,0.0,252.2,564508.9,setl_492371
uci_bank_492372,2009-12-16,UCI ONLINE RETAIL UCI-492372,0.0,195.5,564704.4,setl_492372
uci_bank_492374,2009-12-16,UCI ONLINE RETAIL UCI-492374,0.0,425.95,565130.35,setl_492374
uci_bank_492375,2009-12-16,UCI ONLINE RETAIL UCI-492375,0.0,14.2,565144.55,setl_492375
uci_bank_492376,2009-12-16,UCI ONLINE RETAIL UCI-492376,0.0,215.75,565360.3,setl_492376
uci_bank_492378,2009-12-16,UCI ONLINE RETAIL UCI-492378,0.0,422.15,565782.45,setl_492378
uci_bank_492379,2009-12-16,UCI ONLINE RETAIL UCI-492379,0.0,338.31,566120.76,setl_492379
uci_bank_492380,2009-12-16,UCI ONLINE RETAIL UCI-492380,0.0,274.32,566395.08,setl_492380
uci_bank_492383,2009-12-16,UCI ONLINE RETAIL UCI-492383,0.0,542.36,566937.44,setl_492383
uci_bank_492387,2009-12-16,UCI ONLINE RETAIL UCI-492387,0.0,1088.8,568026.24,setl_492387
uci_bank_492391,2009-12-16,UCI ONLINE RETAIL UCI-492391,0.0,340.67,568366.91,setl_492391
uci_bank_492395,2009-12-16,UCI ONLINE RETAIL UCI-492395,0.0,22.67,568389.58,setl_492395
uci_bank_492397,2009-12-16,UCI ONLINE RETAIL UCI-492397,0.0,78.2,568467.78,setl_492397
uci_bank_492398,2009-12-16,UCI ONLINE RETAIL UCI-492398,0.0,50.4,568518.18,setl_492398
uci_bank_492399,2009-12-16,UCI ONLINE RETAIL UCI-492399,0.0,320.65,568838.83,setl_492399
uci_bank_492401,2009-12-16,UCI ONLINE RETAIL UCI-492401,0.0,324.87,569163.7,setl_492401
uci_bank_492403,2009-12-16,UCI ONLINE RETAIL UCI-492403,0.0,276.5,569440.2,setl_492403
uci_bank_492404,2009-12-16,UCI ONLINE RETAIL UCI-492404,0.0,98.3,569538.5,setl_492404
uci_bank_492405,2009-12-16,UCI ONLINE RETAIL UCI-492405,0.0,255.37,569793.87,setl_492405
uci_bank_492406,2009-12-16,UCI ONLINE RETAIL UCI-492406,0.0,597.5,570391.37,setl_492406
uci_bank_492407,2009-12-16,UCI ONLINE RETAIL UCI-492407,0.0,278.07,570669.44,setl_492407
uci_bank_492408,2009-12-16,UCI ONLINE RETAIL UCI-492408,0.0,133.0,570802.44,setl_492408
uci_bank_492409,2009-12-16,UCI ONLINE RETAIL UCI-492409,0.0,189.31,570991.75,setl_492409
uci_bank_492410,2009-12-16,UCI ONLINE RETAIL UCI-492410,0.0,781.1,571772.85,setl_492410
uci_bank_492412,2009-12-16,UCI ONLINE RETAIL UCI-492412,0.0,136.2,571909.05,setl_492412
uci_bank_492413,2009-12-16,UCI ONLINE RETAIL UCI-492413,0.0,295.64,572204.69,setl_492413
uci_bank_492415,2009-12-16,UCI ONLINE RETAIL UCI-492415,0.0,904.38,573109.07,setl_492415
uci_bank_492417,2009-12-16,UCI ONLINE RETAIL UCI-492417,0.0,220.07,573329.14,setl_492417
uci_bank_492418,2009-12-16,UCI ONLINE RETAIL UCI-492418,0.0,3416.72,576745.86,setl_492418
uci_bank_492419,2009-12-16,UCI ONLINE RETAIL UCI-492419,0.0,426.09,577171.95,setl_492419
uci_bank_492421,2009-12-16,UCI ONLINE RETAIL UCI-492421,0.0,125.95,577297.9,setl_492421
uci_bank_492423,2009-12-16,UCI ONLINE RETAIL UCI-492423,0.0,124.57,577422.47,setl_492423
uci_bank_492424,2009-12-16,UCI ONLINE RETAIL UCI-492424,0.0,3.75,577426.22,setl_492424
uci_bank_492426,2009-12-17,UCI ONLINE RETAIL UCI-492426,0.0,301.02,577727.24,setl_492426
uci_bank_492427,2009-12-17,UCI ONLINE RETAIL UCI-492427,0.0,342.55,578069.79,setl_492427
uci_bank_492428,2009-12-17,UCI ONLINE RETAIL UCI-492428,0.0,447.53,578517.32,setl_492428
uci_bank_492429,2009-12-17,UCI ONLINE RETAIL UCI-492429,0.0,1425.3,579942.62,setl_492429
uci_bank_492430,2009-12-17,UCI ONLINE RETAIL UCI-492430,0.0,100.8,580043.42,setl_492430
uci_bank_492431,2009-12-17,UCI ONLINE RETAIL UCI-492431,0.0,353.0,580396.42,setl_492431
uci_bank_492432,2009-12-17,UCI ONLINE RETAIL UCI-492432,0.0,273.88,580670.3,setl_492432
uci_bank_492433,2009-12-17,UCI ONLINE RETAIL UCI-492433,0.0,176.4,580846.7,setl_492433
uci_bank_492434,2009-12-17,UCI ONLINE RETAIL UCI-492434,0.0,589.34,581436.04,setl_492434
uci_bank_492435,2009-12-17,UCI ONLINE RETAIL UCI-492435,0.0,140.9,581576.94,setl_492435
uci_bank_492436,2009-12-17,UCI ONLINE RETAIL UCI-492436,0.0,329.58,581906.52,setl_492436
uci_bank_492437,2009-12-17,UCI ONLINE RETAIL UCI-492437,0.0,323.78,582230.3,setl_492437
uci_bank_492438,2009-12-17,UCI ONLINE RETAIL UCI-492438,0.0,164.59,582394.89,setl_492438
uci_bank_492439,2009-12-17,UCI ONLINE RETAIL UCI-492439,0.0,1952.64,584347.53,setl_492439
uci_bank_492440,2009-12-17,UCI ONLINE RETAIL UCI-492440,0.0,295.55,584643.08,setl_492440
uci_bank_492441,2009-12-17,UCI ONLINE RETAIL UCI-492441,0.0,435.45,585078.53,setl_492441
uci_bank_492442,2009-12-17,UCI ONLINE RETAIL UCI-492442,0.0,323.0,585401.53,setl_492442
uci_bank_492443,2009-12-17,UCI ONLINE RETAIL UCI-492443,0.0,366.62,585768.15,setl_492443
uci_bank_492444,2009-12-17,UCI ONLINE RETAIL UCI-492444,0.0,171.26,585939.41,setl_492444
uci_bank_492445,2009-12-17,UCI ONLINE RETAIL UCI-492445,0.0,1594.85,587534.26,setl_492445
uci_bank_492446,2009-12-17,UCI ONLINE RETAIL UCI-492446,0.0,589.4,588123.66,setl_492446
uci_bank_492448,2009-12-17,UCI ONLINE RETAIL UCI-492448,0.0,699.08,588822.74,setl_492448
uci_bank_492449,2009-12-17,UCI ONLINE RETAIL UCI-492449,0.0,120.15,588942.89,setl_492449
uci_bank_492465,2009-12-17,UCI ONLINE RETAIL UCI-492465,0.0,193.85,589136.74,setl_492465
uci_bank_492462,2009-12-17,UCI ONLINE RETAIL UCI-492462,0.0,233.94,589370.68,setl_492462
uci_bank_492472,2009-12-17,UCI ONLINE RETAIL UCI-492472,0.0,172.07,589542.75,setl_492472
uci_bank_492484,2009-12-17,UCI ONLINE RETAIL UCI-492484,0.0,176.71,589719.46,setl_492484
uci_bank_492499,2009-12-17,UCI ONLINE RETAIL UCI-492499,0.0,400.76,590120.22,setl_492499
uci_bank_492500,2009-12-17,UCI ONLINE RETAIL UCI-492500,0.0,6.6,590126.82,setl_492500
uci_bank_492512,2009-12-17,UCI ONLINE RETAIL UCI-492512,0.0,199.19,590326.01,setl_492512
uci_bank_492516,2009-12-17,UCI ONLINE RETAIL UCI-492516,0.0,226.74,590552.75,setl_492516
uci_bank_492517,2009-12-17,UCI ONLINE RETAIL UCI-492517,0.0,233.4,590786.15,setl_492517
uci_bank_492518,2009-12-17,UCI ONLINE RETAIL UCI-492518,0.0,809.62,591595.77,setl_492518
uci_bank_492519,2009-12-17,UCI ONLINE RETAIL UCI-492519,0.0,299.65,591895.42,setl_492519
uci_bank_492520,2009-12-17,UCI ONLINE RETAIL UCI-492520,0.0,420.41,592315.83,setl_492520
uci_bank_492521,2009-12-17,UCI ONLINE RETAIL UCI-492521,0.0,71.4,592387.23,setl_492521
uci_bank_492522,2009-12-17,UCI ONLINE RETAIL UCI-492522,0.0,160.83,592548.06,setl_492522
uci_bank_492524,2009-12-17,UCI ONLINE RETAIL UCI-492524,0.0,391.44,592939.5,setl_492524
uci_bank_492525,2009-12-17,UCI ONLINE RETAIL UCI-492525,0.0,74.94,593014.44,setl_492525
uci_bank_492526,2009-12-17,UCI ONLINE RETAIL UCI-492526,0.0,7.8,593022.24,setl_492526
uci_bank_492527,2009-12-17,UCI ONLINE RETAIL UCI-492527,0.0,437.96,593460.2,setl_492527
uci_bank_492528,2009-12-17,UCI ONLINE RETAIL UCI-492528,0.0,302.06,593762.26,setl_492528
uci_bank_492529,2009-12-17,UCI ONLINE RETAIL UCI-492529,0.0,433.96,594196.22,setl_492529
uci_bank_492530,2009-12-17,UCI ONLINE RETAIL UCI-492530,0.0,2.95,594199.17,setl_492530
uci_bank_492534,2009-12-17,UCI ONLINE RETAIL UCI-492534,0.0,78.33,594277.5,setl_492534
uci_bank_492535,2009-12-17,UCI ONLINE RETAIL UCI-492535,0.0,286.04,594563.54,setl_492535
uci_bank_492536,2009-12-17,UCI ONLINE RETAIL UCI-492536,0.0,343.96,594907.5,setl_492536
uci_bank_492537,2009-12-17,UCI ONLINE RETAIL UCI-492537,0.0,411.7,595319.2,setl_492537
uci_bank_492538,2009-12-17,UCI ONLINE RETAIL UCI-492538,0.0,255.15,595574.35,setl_492538
uci_bank_492539,2009-12-17,UCI ONLINE RETAIL UCI-492539,0.0,252.59,595826.94,setl_492539
uci_bank_492540,2009-12-17,UCI ONLINE RETAIL UCI-492540,0.0,256.66,596083.6,setl_492540
uci_bank_492542,2009-12-17,UCI ONLINE RETAIL UCI-492542,0.0,88.28,596171.88,setl_492542
uci_bank_492544,2009-12-17,UCI ONLINE RETAIL UCI-492544,0.0,96.0,596267.88,setl_492544
uci_bank_492545,2009-12-17,UCI ONLINE RETAIL UCI-492545,0.0,139.0,596406.88,setl_492545
uci_bank_492546,2009-12-17,UCI ONLINE RETAIL UCI-492546,0.0,141.0,596547.88,setl_492546
uci_bank_492547,2009-12-17,UCI ONLINE RETAIL UCI-492547,0.0,424.3,596972.18,setl_492547
uci_bank_492549,2009-12-17,UCI ONLINE RETAIL UCI-492549,0.0,339.9,597312.08,setl_492549
uci_bank_492571,2009-12-17,UCI ONLINE RETAIL UCI-492571,0.0,310.7,597622.78,setl_492571
uci_bank_492578,2009-12-17,UCI ONLINE RETAIL UCI-492578,0.0,319.5,597942.28,setl_492578
uci_bank_492579,2009-12-17,UCI ONLINE RETAIL UCI-492579,0.0,1707.48,599649.76,setl_492579
uci_bank_492580,2009-12-17,UCI ONLINE RETAIL UCI-492580,0.0,144.51,599794.27,setl_492580
uci_bank_492581,2009-12-17,UCI ONLINE RETAIL UCI-492581,0.0,251.3,600045.57,setl_492581
uci_bank_492582,2009-12-17,UCI ONLINE RETAIL UCI-492582,0.0,322.6,600368.17,setl_492582
uci_bank_492583,2009-12-17,UCI ONLINE RETAIL UCI-492583,0.0,263.9,600632.07,setl_492583
uci_bank_492585,2009-12-17,UCI ONLINE RETAIL UCI-492585,0.0,754.75,601386.82,setl_492585
uci_bank_492588,2009-12-17,UCI ONLINE RETAIL UCI-492588,0.0,348.2,601735.02,setl_492588
uci_bank_492589,2009-12-17,UCI ONLINE RETAIL UCI-492589,0.0,95.4,601830.42,setl_492589
uci_bank_492591,2009-12-17,UCI ONLINE RETAIL UCI-492591,0.0,282.3,602112.72,setl_492591
uci_bank_492592,2009-12-17,UCI ONLINE RETAIL UCI-492592,0.0,799.3,602912.02,setl_492592
uci_bank_492593,2009-12-17,UCI ONLINE RETAIL UCI-492593,0.0,208.66,603120.68,setl_492593
uci_bank_492594,2009-12-17,UCI ONLINE RETAIL UCI-492594,0.0,117.35,603238.03,setl_492594
uci_bank_492635,2009-12-17,UCI ONLINE RETAIL UCI-492635,0.0,729.12,603967.15,setl_492635
uci_bank_492640,2009-12-17,UCI ONLINE RETAIL UCI-492640,0.0,421.4,604388.55,setl_492640
uci_bank_492641,2009-12-17,UCI ONLINE RETAIL UCI-492641,0.0,162.8,604551.35,setl_492641
uci_bank_492643,2009-12-17,UCI ONLINE RETAIL UCI-492643,0.0,234.54,604785.89,setl_492643
uci_bank_492644,2009-12-17,UCI ONLINE RETAIL UCI-492644,0.0,950.04,605735.93,setl_492644
uci_bank_492650,2009-12-17,UCI ONLINE RETAIL UCI-492650,0.0,803.25,606539.18,setl_492650
uci_bank_492652,2009-12-17,UCI ONLINE RETAIL UCI-492652,0.0,184.44,606723.62,setl_492652
uci_bank_492659,2009-12-17,UCI ONLINE RETAIL UCI-492659,0.0,173.22,606896.84,setl_492659
uci_bank_492680,2009-12-17,UCI ONLINE RETAIL UCI-492680,0.0,157.43,607054.27,setl_492680
uci_bank_492684,2009-12-17,UCI ONLINE RETAIL UCI-492684,0.0,144.6,607198.87,setl_492684
uci_bank_492687,2009-12-17,UCI ONLINE RETAIL UCI-492687,0.0,10.1,607208.97,setl_492687
uci_bank_492705,2009-12-17,UCI ONLINE RETAIL UCI-492705,0.0,429.8,607638.77,setl_492705
uci_bank_492707,2009-12-17,UCI ONLINE RETAIL UCI-492707,0.0,133.34,607772.11,setl_492707
uci_bank_492708,2009-12-18,UCI ONLINE RETAIL UCI-492708,0.0,428.44,608200.55,setl_492708
uci_bank_492710,2009-12-18,UCI ONLINE RETAIL UCI-492710,0.0,608.4,608808.95,setl_492710
uci_bank_492711,2009-12-18,UCI ONLINE RETAIL UCI-492711,0.0,6.75,608815.7,setl_492711
uci_bank_492713,2009-12-18,UCI ONLINE RETAIL UCI-492713,0.0,6.75,608822.45,setl_492713
uci_bank_492714,2009-12-18,UCI ONLINE RETAIL UCI-492714,0.0,351.69,609174.14,setl_492714
uci_bank_492716,2009-12-18,UCI ONLINE RETAIL UCI-492716,0.0,205.47,609379.61,setl_492716
uci_bank_492717,2009-12-18,UCI ONLINE RETAIL UCI-492717,0.0,458.2,609837.81,setl_492717
uci_bank_492718,2009-12-18,UCI ONLINE RETAIL UCI-492718,0.0,22.5,609860.31,setl_492718
uci_bank_492720,2009-12-18,UCI ONLINE RETAIL UCI-492720,0.0,896.85,610757.16,setl_492720
uci_bank_492722,2009-12-18,UCI ONLINE RETAIL UCI-492722,0.0,1.0,610758.16,setl_492722
uci_bank_492723,2009-12-18,UCI ONLINE RETAIL UCI-492723,0.0,8.4,610766.56,setl_492723
uci_bank_492724,2009-12-18,UCI ONLINE RETAIL UCI-492724,0.0,8370.08,619136.64,setl_492724
uci_bank_492726,2009-12-18,UCI ONLINE RETAIL UCI-492726,0.0,294.0,619430.64,setl_492726
uci_bank_492727,2009-12-18,UCI ONLINE RETAIL UCI-492727,0.0,567.0,619997.64,setl_492727
uci_bank_492728,2009-12-18,UCI ONLINE RETAIL UCI-492728,0.0,622.48,620620.12,setl_492728
uci_bank_492729,2009-12-18,UCI ONLINE RETAIL UCI-492729,0.0,366.58,620986.7,setl_492729
uci_bank_492730,2009-12-18,UCI ONLINE RETAIL UCI-492730,0.0,64.17,621050.87,setl_492730
uci_bank_492731,2009-12-18,UCI ONLINE RETAIL UCI-492731,0.0,290.65,621341.52,setl_492731
uci_bank_492732,2009-12-18,UCI ONLINE RETAIL UCI-492732,0.0,486.0,621827.52,setl_492732
uci_bank_492733,2009-12-18,UCI ONLINE RETAIL UCI-492733,0.0,376.0,622203.52,setl_492733
uci_bank_492734,2009-12-18,UCI ONLINE RETAIL UCI-492734,0.0,70.8,622274.32,setl_492734
uci_bank_492735,2009-12-18,UCI ONLINE RETAIL UCI-492735,0.0,668.65,622942.97,setl_492735
uci_bank_492736,2009-12-18,UCI ONLINE RETAIL UCI-492736,0.0,102.75,623045.72,setl_492736
uci_bank_492737,2009-12-18,UCI ONLINE RETAIL UCI-492737,0.0,356.95,623402.67,setl_492737
uci_bank_492738,2009-12-18,UCI ONLINE RETAIL UCI-492738,0.0,1010.55,624413.22,setl_492738
uci_bank_492741,2009-12-18,UCI ONLINE RETAIL UCI-492741,0.0,3.75,624416.97,setl_492741
uci_bank_492740,2009-12-18,UCI ONLINE RETAIL UCI-492740,0.0,1839.6,626256.57,setl_492740
uci_bank_492742,2009-12-18,UCI ONLINE RETAIL UCI-492742,0.0,1636.43,627893.0,setl_492742
uci_bank_492743,2009-12-18,UCI ONLINE RETAIL UCI-492743,0.0,143.7,628036.7,setl_492743
uci_bank_492744,2009-12-18,UCI ONLINE RETAIL UCI-492744,0.0,75.0,628111.7,setl_492744
uci_bank_492745,2009-12-18,UCI ONLINE RETAIL UCI-492745,0.0,310.01,628421.71,setl_492745
uci_bank_492747,2009-12-18,UCI ONLINE RETAIL UCI-492747,0.0,187.55,628609.26,setl_492747
uci_bank_492749,2009-12-18,UCI ONLINE RETAIL UCI-492749,0.0,757.45,629366.71,setl_492749
uci_bank_492750,2009-12-18,UCI ONLINE RETAIL UCI-492750,0.0,285.3,629652.01,setl_492750
uci_bank_492751,2009-12-18,UCI ONLINE RETAIL UCI-492751,0.0,316.59,629968.6,setl_492751
uci_bank_492752,2009-12-18,UCI ONLINE RETAIL UCI-492752,0.0,1.95,629970.55,setl_492752
uci_bank_492753,2009-12-18,UCI ONLINE RETAIL UCI-492753,0.0,779.04,630749.59,setl_492753
uci_bank_492761,2009-12-18,UCI ONLINE RETAIL UCI-492761,0.0,664.65,631414.24,setl_492761
uci_bank_492760,2009-12-18,UCI ONLINE RETAIL UCI-492760,0.0,180.3,631594.54,setl_492760
uci_bank_492762,2009-12-18,UCI ONLINE RETAIL UCI-492762,0.0,914.24,632508.78,setl_492762
uci_bank_492763,2009-12-18,UCI ONLINE RETAIL UCI-492763,0.0,307.91,632816.69,setl_492763
uci_bank_492764,2009-12-18,UCI ONLINE RETAIL UCI-492764,0.0,498.5,633315.19,setl_492764
uci_bank_492765,2009-12-18,UCI ONLINE RETAIL UCI-492765,0.0,495.65,633810.84,setl_492765
uci_bank_492766,2009-12-18,UCI ONLINE RETAIL UCI-492766,0.0,211.36,634022.2,setl_492766
uci_bank_492767,2009-12-18,UCI ONLINE RETAIL UCI-492767,0.0,340.5,634362.7,setl_492767
uci_bank_492768,2009-12-18,UCI ONLINE RETAIL UCI-492768,0.0,316.54,634679.24,setl_492768
uci_bank_492769,2009-12-18,UCI ONLINE RETAIL UCI-492769,0.0,272.0,634951.24,setl_492769
uci_bank_492770,2009-12-18,UCI ONLINE RETAIL UCI-492770,0.0,86.46,635037.7,setl_492770
uci_bank_492771,2009-12-18,UCI ONLINE RETAIL UCI-492771,0.0,101.04,635138.74,setl_492771
uci_bank_492772,2009-12-18,UCI ONLINE RETAIL UCI-492772,0.0,131.25,635269.99,setl_492772
uci_bank_492773,2009-12-18,UCI ONLINE RETAIL UCI-492773,0.0,914.16,636184.15,setl_492773
uci_bank_492774,2009-12-18,UCI ONLINE RETAIL UCI-492774,0.0,314.44,636498.59,setl_492774
uci_bank_492775,2009-12-18,UCI ONLINE RETAIL UCI-492775,0.0,312.6,636811.19,setl_492775
uci_bank_492776,2009-12-18,UCI ONLINE RETAIL UCI-492776,0.0,410.42,637221.61,setl_492776
uci_bank_492777,2009-12-18,UCI ONLINE RETAIL UCI-492777,0.0,207.71,637429.32,setl_492777
uci_bank_492778,2009-12-18,UCI ONLINE RETAIL UCI-492778,0.0,376.85,637806.17,setl_492778
uci_bank_492779,2009-12-18,UCI ONLINE RETAIL UCI-492779,0.0,107.3,637913.47,setl_492779
uci_bank_492780,2009-12-18,UCI ONLINE RETAIL UCI-492780,0.0,3.9,637917.37,setl_492780
uci_bank_492781,2009-12-18,UCI ONLINE RETAIL UCI-492781,0.0,646.3,638563.67,setl_492781
uci_bank_492784,2009-12-18,UCI ONLINE RETAIL UCI-492784,0.0,403.56,638967.23,setl_492784
uci_bank_492785,2009-12-18,UCI ONLINE RETAIL UCI-492785,0.0,485.4,639452.63,setl_492785
uci_bank_492792,2009-12-20,UCI ONLINE RETAIL UCI-492792,0.0,330.05,639782.68,setl_492792
uci_bank_492793,2009-12-20,UCI ONLINE RETAIL UCI-492793,0.0,313.83,640096.51,setl_492793
uci_bank_492794,2009-12-20,UCI ONLINE RETAIL UCI-492794,0.0,310.72,640407.23,setl_492794
uci_bank_492795,2009-12-20,UCI ONLINE RETAIL UCI-492795,0.0,158.6,640565.83,setl_492795
uci_bank_492796,2009-12-20,UCI ONLINE RETAIL UCI-492796,0.0,153.2,640719.03,setl_492796
uci_bank_492797,2009-12-20,UCI ONLINE RETAIL UCI-492797,0.0,353.25,641072.28,setl_492797
uci_bank_492798,2009-12-20,UCI ONLINE RETAIL UCI-492798,0.0,193.53,641265.81,setl_492798
uci_bank_492799,2009-12-20,UCI ONLINE RETAIL UCI-492799,0.0,511.14,641776.95,setl_492799
uci_bank_492800,2009-12-20,UCI ONLINE RETAIL UCI-492800,0.0,243.0,642019.95,setl_492800
uci_bank_492801,2009-12-20,UCI ONLINE RETAIL UCI-492801,0.0,254.54,642274.49,setl_492801
uci_bank_492803,2009-12-20,UCI ONLINE RETAIL UCI-492803,0.0,383.86,642658.35,setl_492803
uci_bank_492804,2009-12-20,UCI ONLINE RETAIL UCI-492804,0.0,264.64,642922.99,setl_492804
uci_bank_492806,2009-12-20,UCI ONLINE RETAIL UCI-492806,0.0,756.15,643679.14,setl_492806
uci_bank_492805,2009-12-20,UCI ONLINE RETAIL UCI-492805,0.0,243.65,643922.79,setl_492805
uci_bank_492807,2009-12-20,UCI ONLINE RETAIL UCI-492807,0.0,229.37,644152.16,setl_492807
uci_bank_492807,2009-12-20,UCI ONLINE RETAIL UCI-492807,0.0,113.45,644265.61,setl_492807
uci_bank_492808,2009-12-20,UCI ONLINE RETAIL UCI-492808,0.0,464.56,644730.17,setl_492808
uci_bank_492809,2009-12-20,UCI ONLINE RETAIL UCI-492809,0.0,316.83,645047.0,setl_492809
uci_bank_492810,2009-12-20,UCI ONLINE RETAIL UCI-492810,0.0,602.4,645649.4,setl_492810
uci_bank_492811,2009-12-20,UCI ONLINE RETAIL UCI-492811,0.0,226.54,645875.94,setl_492811
uci_bank_492812,2009-12-20,UCI ONLINE RETAIL UCI-492812,0.0,554.0,646429.94,setl_492812
uci_bank_492813,2009-12-20,UCI ONLINE RETAIL UCI-492813,0.0,622.65,647052.59,setl_492813
uci_bank_492814,2009-12-20,UCI ONLINE RETAIL UCI-492814,0.0,412.62,647465.21,setl_492814
uci_bank_492815,2009-12-20,UCI ONLINE RETAIL UCI-492815,0.0,111.68,647576.89,setl_492815
uci_bank_492816,2009-12-20,UCI ONLINE RETAIL UCI-492816,0.0,330.6,647907.49,setl_492816
uci_bank_492817,2009-12-20,UCI ONLINE RETAIL UCI-492817,0.0,199.13,648106.62,setl_492817
uci_bank_492818,2009-12-20,UCI ONLINE RETAIL UCI-492818,0.0,259.15,648365.77,setl_492818
uci_bank_492819,2009-12-20,UCI ONLINE RETAIL UCI-492819,0.0,913.15,649278.92,setl_492819
uci_bank_492820,2009-12-20,UCI ONLINE RETAIL UCI-492820,0.0,192.09,649471.01,setl_492820
uci_bank_492822,2009-12-20,UCI ONLINE RETAIL UCI-492822,0.0,46.8,649517.81,setl_492822
uci_bank_492823,2009-12-20,UCI ONLINE RETAIL UCI-492823,0.0,379.72,649897.53,setl_492823
uci_bank_492824,2009-12-20,UCI ONLINE RETAIL UCI-492824,0.0,3.37,649900.9,setl_492824
uci_bank_492830,2009-12-20,UCI ONLINE RETAIL UCI-492830,0.0,975.06,650875.96,setl_492830
uci_bank_492832,2009-12-21,UCI ONLINE RETAIL UCI-492832,0.0,321.88,651197.84,setl_492832
uci_bank_492834,2009-12-21,UCI ONLINE RETAIL UCI-492834,0.0,367.8,651565.64,setl_492834
uci_bank_492836,2009-12-21,UCI ONLINE RETAIL UCI-492836,0.0,200.0,651765.64,setl_492836
uci_bank_492837,2009-12-21,UCI ONLINE RETAIL UCI-492837,0.0,633.22,652398.86,setl_492837
uci_bank_492839,2009-12-21,UCI ONLINE RETAIL UCI-492839,0.0,673.12,653071.98,setl_492839
uci_bank_492840,2009-12-21,UCI ONLINE RETAIL UCI-492840,0.0,107.1,653179.08,setl_492840
uci_bank_492841,2009-12-21,UCI ONLINE RETAIL UCI-492841,0.0,7.95,653187.03,setl_492841
uci_bank_492842,2009-12-21,UCI ONLINE RETAIL UCI-492842,0.0,607.0,653794.03,setl_492842
uci_bank_492843,2009-12-21,UCI ONLINE RETAIL UCI-492843,0.0,456.0,654250.03,setl_492843
uci_bank_492869,2009-12-21,UCI ONLINE RETAIL UCI-492869,0.0,122.25,654372.28,setl_492869
uci_bank_492875,2009-12-21,UCI ONLINE RETAIL UCI-492875,0.0,270.0,654642.28,setl_492875
uci_bank_492878,2009-12-21,UCI ONLINE RETAIL UCI-492878,0.0,266.7,654908.98,setl_492878
uci_bank_492891,2009-12-21,UCI ONLINE RETAIL UCI-492891,0.0,318.66,655227.64,setl_492891
uci_bank_492929,2009-12-21,UCI ONLINE RETAIL UCI-492929,0.0,371.55,655599.19,setl_492929
uci_bank_492935,2009-12-21,UCI ONLINE RETAIL UCI-492935,0.0,74.1,655673.29,setl_492935
uci_bank_492940,2009-12-21,UCI ONLINE RETAIL UCI-492940,0.0,209.4,655882.69,setl_492940
uci_bank_492942,2009-12-21,UCI ONLINE RETAIL UCI-492942,0.0,305.95,656188.64,setl_492942
uci_bank_492943,2009-12-21,UCI ONLINE RETAIL UCI-492943,0.0,7112.68,663301.32,setl_492943
uci_bank_492944,2009-12-21,UCI ONLINE RETAIL UCI-492944,0.0,138.75,663440.07,setl_492944
uci_bank_492945,2009-12-21,UCI ONLINE RETAIL UCI-492945,0.0,308.34,663748.41,setl_492945
uci_bank_492948,2009-12-21,UCI ONLINE RETAIL UCI-492948,0.0,154.65,663903.06,setl_492948
uci_bank_492949,2009-12-21,UCI ONLINE RETAIL UCI-492949,0.0,66.48,663969.54,setl_492949
uci_bank_492950,2009-12-21,UCI ONLINE RETAIL UCI-492950,0.0,801.43,664770.97,setl_492950
uci_bank_492951,2009-12-21,UCI ONLINE RETAIL UCI-492951,0.0,433.99,665204.96,setl_492951
uci_bank_492953,2009-12-21,UCI ONLINE RETAIL UCI-492953,0.0,487.3,665692.26,setl_492953
uci_bank_492954,2009-12-21,UCI ONLINE RETAIL UCI-492954,0.0,178.5,665870.76,setl_492954
uci_bank_492975,2009-12-21,UCI ONLINE RETAIL UCI-492975,0.0,50.25,665921.01,setl_492975
uci_bank_492993,2009-12-21,UCI ONLINE RETAIL UCI-492993,0.0,30.64,665951.65,setl_492993
uci_bank_493050,2009-12-21,UCI ONLINE RETAIL UCI-493050,0.0,122.3,666073.95,setl_493050
uci_bank_493052,2009-12-21,UCI ONLINE RETAIL UCI-493052,0.0,303.85,666377.8,setl_493052
uci_bank_493053,2009-12-21,UCI ONLINE RETAIL UCI-493053,0.0,66.2,666444.0,setl_493053
uci_bank_493069,2009-12-22,UCI ONLINE RETAIL UCI-493069,0.0,196.75,666640.75,setl_493069
uci_bank_493071,2009-12-22,UCI ONLINE RETAIL UCI-493071,0.0,398.7,667039.45,setl_493071
uci_bank_493076,2009-12-22,UCI ONLINE RETAIL UCI-493076,0.0,24.45,667063.9,setl_493076
uci_bank_493077,2009-12-22,UCI ONLINE RETAIL UCI-493077,0.0,313.6,667377.5,setl_493077
uci_bank_493139,2009-12-22,UCI ONLINE RETAIL UCI-493139,0.0,581.45,667958.95,setl_493139
uci_bank_493157,2009-12-22,UCI ONLINE RETAIL UCI-493157,0.0,212.21,668171.16,setl_493157
uci_bank_493181,2009-12-22,UCI ONLINE RETAIL UCI-493181,0.0,3284.88,671456.04,setl_493181
uci_bank_493183,2009-12-22,UCI ONLINE RETAIL UCI-493183,0.0,568.51,672024.55,setl_493183
uci_bank_493187,2009-12-22,UCI ONLINE RETAIL UCI-493187,0.0,192.42,672216.97,setl_493187
uci_bank_493188,2009-12-22,UCI ONLINE RETAIL UCI-493188,0.0,22.96,672239.93,setl_493188
uci_bank_493189,2009-12-22,UCI ONLINE RETAIL UCI-493189,0.0,68.14,672308.07,setl_493189
uci_bank_493200,2009-12-22,UCI ONLINE RETAIL UCI-493200,0.0,66.01,672374.08,setl_493200
uci_bank_493257,2009-12-22,UCI ONLINE RETAIL UCI-493257,0.0,1072.44,673446.52,setl_493257
uci_bank_493258,2009-12-22,UCI ONLINE RETAIL UCI-493258,0.0,2872.04,676318.56,setl_493258
uci_bank_493266,2009-12-22,UCI ONLINE RETAIL UCI-493266,0.0,136.3,676454.86,setl_493266
uci_bank_493300,2009-12-22,UCI ONLINE RETAIL UCI-493300,0.0,131.8,676586.66,setl_493300
uci_bank_493301,2009-12-22,UCI ONLINE RETAIL UCI-493301,0.0,179.46,676766.12,setl_493301
uci_bank_493302,2009-12-22,UCI ONLINE RETAIL UCI-493302,0.0,21.51,676787.63,setl_493302
uci_bank_493303,2009-12-22,UCI ONLINE RETAIL UCI-493303,0.0,12.72,676800.35,setl_493303
uci_bank_493304,2009-12-22,UCI ONLINE RETAIL UCI-493304,0.0,21.4,676821.75,setl_493304
uci_bank_493308,2009-12-22,UCI ONLINE RETAIL UCI-493308,0.0,324.99,677146.74,setl_493308
uci_bank_493325,2009-12-23,UCI ONLINE RETAIL UCI-493325,0.0,701.2,677847.94,setl_493325
uci_bank_493326,2009-12-23,UCI ONLINE RETAIL UCI-493326,0.0,799.92,678647.86,setl_493326
uci_bank_493360,2009-12-23,UCI ONLINE RETAIL UCI-493360,0.0,113.12,678760.98,setl_493360
uci_bank_493371,2009-12-23,UCI ONLINE RETAIL UCI-493371,0.0,352.05,679113.03,setl_493371
uci_bank_493372,2009-12-23,UCI ONLINE RETAIL UCI-493372,0.0,643.7,679756.73,setl_493372
uci_bank_493375,2009-12-23,UCI ONLINE RETAIL UCI-493375,0.0,163.2,679919.93,setl_493375
uci_bank_493376,2009-12-23,UCI ONLINE RETAIL UCI-493376,0.0,1.95,679921.88,setl_493376
uci_bank_493393,2009-12-23,UCI ONLINE RETAIL UCI-493393,0.0,2565.83,682487.71,setl_493393
uci_bank_493395,2009-12-23,UCI ONLINE RETAIL UCI-493395,0.0,2583.23,685070.94,setl_493395
uci_bank_493398,2009-12-23,UCI ONLINE RETAIL UCI-493398,0.0,66.9,685137.84,setl_493398
uci_bank_493399,2009-12-23,UCI ONLINE RETAIL UCI-493399,0.0,879.72,686017.56,setl_493399
uci_bank_493407,2009-12-23,UCI ONLINE RETAIL UCI-493407,0.0,24.6,686042.16,setl_493407
uci_bank_493409,2009-12-23,UCI ONLINE RETAIL UCI-493409,0.0,612.0,686654.16,setl_493409
uci_bank_493410,2010-01-04,UCI ONLINE RETAIL UCI-493410,0.0,22.5,686676.66,setl_493410
uci_bank_493412,2010-01-04,UCI ONLINE RETAIL UCI-493412,0.0,22.5,686699.16,setl_493412
uci_bank_493414,2010-01-04,UCI ONLINE RETAIL UCI-493414,0.0,290.2,686989.36,setl_493414
uci_bank_493427,2010-01-04,UCI ONLINE RETAIL UCI-493427,0.0,264.38,687253.74,setl_493427
uci_bank_493428,2010-01-04,UCI ONLINE RETAIL UCI-493428,0.0,230.9,687484.64,setl_493428
uci_bank_493432,2010-01-04,UCI ONLINE RETAIL UCI-493432,0.0,481.38,687966.02,setl_493432
uci_bank_493433,2010-01-04,UCI ONLINE RETAIL UCI-493433,0.0,405.3,688371.32,setl_493433
uci_bank_493434,2010-01-04,UCI ONLINE RETAIL UCI-493434,0.0,1021.02,689392.34,setl_493434
uci_bank_493435,2010-01-04,UCI ONLINE RETAIL UCI-493435,0.0,797.65,690189.99,setl_493435
uci_bank_493436,2010-01-04,UCI ONLINE RETAIL UCI-493436,0.0,3000.24,693190.23,setl_493436
uci_bank_493437,2010-01-04,UCI ONLINE RETAIL UCI-493437,0.0,758.4,693948.63,setl_493437
uci_bank_493438,2010-01-04,UCI ONLINE RETAIL UCI-493438,0.0,360.0,694308.63,setl_493438
uci_bank_493439,2010-01-04,UCI ONLINE RETAIL UCI-493439,0.0,2021.72,696330.35,setl_493439
uci_bank_493442,2010-01-04,UCI ONLINE RETAIL UCI-493442,0.0,309.2,696639.55,setl_493442
uci_bank_493443,2010-01-04,UCI ONLINE RETAIL UCI-493443,0.0,567.5,697207.05,setl_493443
uci_bank_493444,2010-01-04,UCI ONLINE RETAIL UCI-493444,0.0,211.29,697418.34,setl_493444
uci_bank_493446,2010-01-04,UCI ONLINE RETAIL UCI-493446,0.0,189.68,697608.02,setl_493446
uci_bank_493463,2010-01-04,UCI ONLINE RETAIL UCI-493463,0.0,30.37,697638.39,setl_493463
uci_bank_493467,2010-01-04,UCI ONLINE RETAIL UCI-493467,0.0,415.85,698054.24,setl_493467
uci_bank_493536,2010-01-04,UCI ONLINE RETAIL UCI-493536,0.0,412.17,698466.41,setl_493536
uci_bank_493537,2010-01-04,UCI ONLINE RETAIL UCI-493537,0.0,660.0,699126.41,setl_493537
uci_bank_493540,2010-01-04,UCI ONLINE RETAIL UCI-493540,0.0,165.0,699291.41,setl_493540
uci_bank_493542,2010-01-04,UCI ONLINE RETAIL UCI-493542,0.0,118.75,699410.16,setl_493542
uci_bank_493543,2010-01-04,UCI ONLINE RETAIL UCI-493543,0.0,425.06,699835.22,setl_493543
uci_bank_493546,2010-01-04,UCI ONLINE RETAIL UCI-493546,0.0,136.28,699971.5,setl_493546
uci_bank_493565,2010-01-04,UCI ONLINE RETAIL UCI-493565,0.0,133.2,700104.7,setl_493565
uci_bank_493566,2010-01-05,UCI ONLINE RETAIL UCI-493566,0.0,316.7,700421.4,setl_493566
uci_bank_493568,2010-01-05,UCI ONLINE RETAIL UCI-493568,0.0,644.58,701065.98,setl_493568
uci_bank_493569,2010-01-05,UCI ONLINE RETAIL UCI-493569,0.0,279.11,701345.09,setl_493569
uci_bank_493571,2010-01-05,UCI ONLINE RETAIL UCI-493571,0.0,135.25,701480.34,setl_493571
uci_bank_493573,2010-01-05,UCI ONLINE RETAIL UCI-493573,0.0,364.04,701844.38,setl_493573
uci_bank_493574,2010-01-05,UCI ONLINE RETAIL UCI-493574,0.0,531.72,702376.1,setl_493574
uci_bank_493575,2010-01-05,UCI ONLINE RETAIL UCI-493575,0.0,302.2,702678.3,setl_493575
uci_bank_493577,2010-01-05,UCI ONLINE RETAIL UCI-493577,0.0,311.42,702989.72,setl_493577
uci_bank_493609,2010-01-05,UCI ONLINE RETAIL UCI-493609,0.0,42.0,703031.72,setl_493609
uci_bank_493613,2010-01-05,UCI ONLINE RETAIL UCI-493613,0.0,510.0,703541.72,setl_493613
uci_bank_493619,2010-01-05,UCI ONLINE RETAIL UCI-493619,0.0,309.46,703851.18,setl_493619
uci_bank_493666,2010-01-05,UCI ONLINE RETAIL UCI-493666,0.0,585.85,704437.03,setl_493666
uci_bank_493667,2010-01-05,UCI ONLINE RETAIL UCI-493667,0.0,974.39,705411.42,setl_493667
uci_bank_493670,2010-01-05,UCI ONLINE RETAIL UCI-493670,0.0,614.05,706025.47,setl_493670
uci_bank_493671,2010-01-05,UCI ONLINE RETAIL UCI-493671,0.0,757.1,706782.57,setl_493671
uci_bank_493672,2010-01-05,UCI ONLINE RETAIL UCI-493672,0.0,464.37,707246.94,setl_493672
uci_bank_493685,2010-01-05,UCI ONLINE RETAIL UCI-493685,0.0,906.23,708153.17,setl_493685
uci_bank_493695,2010-01-05,UCI ONLINE RETAIL UCI-493695,0.0,386.93,708540.1,setl_493695
uci_bank_493696,2010-01-05,UCI ONLINE RETAIL UCI-493696,0.0,2054.79,710594.89,setl_493696
uci_bank_493699,2010-01-05,UCI ONLINE RETAIL UCI-493699,0.0,256.7,710851.59,setl_493699
uci_bank_493700,2010-01-05,UCI ONLINE RETAIL UCI-493700,0.0,255.05,711106.64,setl_493700
uci_bank_493701,2010-01-05,UCI ONLINE RETAIL UCI-493701,0.0,714.05,711820.69,setl_493701
uci_bank_493702,2010-01-05,UCI ONLINE RETAIL UCI-493702,0.0,1600.0,713420.69,setl_493702
uci_bank_493703,2010-01-05,UCI ONLINE RETAIL UCI-493703,0.0,1560.0,714980.69,setl_493703
uci_bank_493704,2010-01-05,UCI ONLINE RETAIL UCI-493704,0.0,346.75,715327.44,setl_493704
uci_bank_493706,2010-01-05,UCI ONLINE RETAIL UCI-493706,0.0,848.75,716176.19,setl_493706
uci_bank_493707,2010-01-05,UCI ONLINE RETAIL UCI-493707,0.0,588.31,716764.5,setl_493707
uci_bank_493708,2010-01-05,UCI ONLINE RETAIL UCI-493708,0.0,980.63,717745.13,setl_493708
uci_bank_493709,2010-01-05,UCI ONLINE RETAIL UCI-493709,0.0,442.44,718187.57,setl_493709
uci_bank_493710,2010-01-05,UCI ONLINE RETAIL UCI-493710,0.0,118.1,718305.67,setl_493710
uci_bank_493715,2010-01-05,UCI ONLINE RETAIL UCI-493715,0.0,167.27,718472.94,setl_493715
uci_bank_493716,2010-01-05,UCI ONLINE RETAIL UCI-493716,0.0,468.56,718941.5,setl_493716
uci_bank_493717,2010-01-05,UCI ONLINE RETAIL UCI-493717,0.0,299.34,719240.84,setl_493717
uci_bank_493718,2010-01-06,UCI ONLINE RETAIL UCI-493718,0.0,421.16,719662.0,setl_493718
uci_bank_493719,2010-01-06,UCI ONLINE RETAIL UCI-493719,0.0,627.91,720289.91,setl_493719
uci_bank_493720,2010-01-06,UCI ONLINE RETAIL UCI-493720,0.0,551.45,720841.36,setl_493720
uci_bank_493721,2010-01-06,UCI ONLINE RETAIL UCI-493721,0.0,151.1,720992.46,setl_493721
uci_bank_493722,2010-01-06,UCI ONLINE RETAIL UCI-493722,0.0,1640.58,722633.04,setl_493722
uci_bank_493738,2010-01-06,UCI ONLINE RETAIL UCI-493738,0.0,586.16,723219.2,setl_493738
uci_bank_493739,2010-01-06,UCI ONLINE RETAIL UCI-493739,0.0,689.82,723909.02,setl_493739
uci_bank_493755,2010-01-06,UCI ONLINE RETAIL UCI-493755,0.0,57.6,723966.62,setl_493755
uci_bank_493757,2010-01-06,UCI ONLINE RETAIL UCI-493757,0.0,635.85,724602.47,setl_493757
uci_bank_493759,2010-01-06,UCI ONLINE RETAIL UCI-493759,0.0,754.81,725357.28,setl_493759
uci_bank_493760,2010-01-06,UCI ONLINE RETAIL UCI-493760,0.0,30.45,725387.73,setl_493760
uci_bank_493761,2010-01-06,UCI ONLINE RETAIL UCI-493761,0.0,2179.08,727566.81,setl_493761
uci_bank_493762,2010-01-06,UCI ONLINE RETAIL UCI-493762,0.0,414.72,727981.53,setl_493762
uci_bank_493765,2010-01-07,UCI ONLINE RETAIL UCI-493765,0.0,1390.52,729372.05,setl_493765
uci_bank_493793,2010-01-07,UCI ONLINE RETAIL UCI-493793,0.0,750.0,730122.05,setl_493793
uci_bank_493794,2010-01-07,UCI ONLINE RETAIL UCI-493794,0.0,318.0,730440.05,setl_493794
uci_bank_493797,2010-01-07,UCI ONLINE RETAIL UCI-493797,0.0,306.0,730746.05,setl_493797
uci_bank_493796,2010-01-07,UCI ONLINE RETAIL UCI-493796,0.0,2287.2,733033.25,setl_493796
uci_bank_493798,2010-01-07,UCI ONLINE RETAIL UCI-493798,0.0,1377.88,734411.13,setl_493798
uci_bank_493799,2010-01-07,UCI ONLINE RETAIL UCI-493799,0.0,2427.6,736838.73,setl_493799
uci_bank_493800,2010-01-07,UCI ONLINE RETAIL UCI-493800,0.0,854.72,737693.45,setl_493800
uci_bank_493801,2010-01-07,UCI ONLINE RETAIL UCI-493801,0.0,9.9,737703.35,setl_493801
uci_bank_493802,2010-01-07,UCI ONLINE RETAIL UCI-493802,0.0,935.55,738638.9,setl_493802
uci_bank_493804,2010-01-07,UCI ONLINE RETAIL UCI-493804,0.0,332.58,738971.48,setl_493804
uci_bank_493806,2010-01-07,UCI ONLINE RETAIL UCI-493806,0.0,26.05,738997.53,setl_493806
uci_bank_493810,2010-01-07,UCI ONLINE RETAIL UCI-493810,0.0,93.05,739090.58,setl_493810
uci_bank_493812,2010-01-07,UCI ONLINE RETAIL UCI-493812,0.0,3677.9,742768.48,setl_493812
uci_bank_493813,2010-01-07,UCI ONLINE RETAIL UCI-493813,0.0,392.95,743161.43,setl_493813
uci_bank_493814,2010-01-07,UCI ONLINE RETAIL UCI-493814,0.0,202.73,743364.16,setl_493814
uci_bank_493815,2010-01-07,UCI ONLINE RETAIL UCI-493815,0.0,108.37,743472.53,setl_493815
uci_bank_493816,2010-01-07,UCI ONLINE RETAIL UCI-493816,0.0,212.0,743684.53,setl_493816
uci_bank_493817,2010-01-07,UCI ONLINE RETAIL UCI-493817,0.0,323.4,744007.93,setl_493817
uci_bank_493818,2010-01-07,UCI ONLINE RETAIL UCI-493818,0.0,360.76,744368.69,setl_493818
uci_bank_493819,2010-01-07,UCI ONLINE RETAIL UCI-493819,0.0,44051.6,788420.29,setl_493819
uci_bank_493820,2010-01-07,UCI ONLINE RETAIL UCI-493820,0.0,262.05,788682.34,setl_493820
uci_bank_493824,2010-01-07,UCI ONLINE RETAIL UCI-493824,0.0,165.6,788847.94,setl_493824
uci_bank_493825,2010-01-07,UCI ONLINE RETAIL UCI-493825,0.0,200.09,789048.03,setl_493825
uci_bank_493826,2010-01-07,UCI ONLINE RETAIL UCI-493826,0.0,49.2,789097.23,setl_493826
uci_bank_493827,2010-01-07,UCI ONLINE RETAIL UCI-493827,0.0,324.24,789421.47,setl_493827
uci_bank_493828,2010-01-07,UCI ONLINE RETAIL UCI-493828,0.0,316.2,789737.67,setl_493828
uci_bank_493834,2010-01-07,UCI ONLINE RETAIL UCI-493834,0.0,334.35,790072.02,setl_493834
uci_bank_493840,2010-01-07,UCI ONLINE RETAIL UCI-493840,0.0,614.5,790686.52,setl_493840
uci_bank_493841,2010-01-07,UCI ONLINE RETAIL UCI-493841,0.0,699.83,791386.35,setl_493841
uci_bank_493843,2010-01-07,UCI ONLINE RETAIL UCI-493843,0.0,217.2,791603.55,setl_493843
uci_bank_493844,2010-01-07,UCI ONLINE RETAIL UCI-493844,0.0,140.22,791743.77,setl_493844
uci_bank_493846,2010-01-07,UCI ONLINE RETAIL UCI-493846,0.0,284.52,792028.29,setl_493846
uci_bank_493847,2010-01-07,UCI ONLINE RETAIL UCI-493847,0.0,518.14,792546.43,setl_493847
uci_bank_493848,2010-01-07,UCI ONLINE RETAIL UCI-493848,0.0,158.0,792704.43,setl_493848
uci_bank_493860,2010-01-07,UCI ONLINE RETAIL UCI-493860,0.0,452.6,793157.03,setl_493860
uci_bank_493863,2010-01-07,UCI ONLINE RETAIL UCI-493863,0.0,2130.3,795287.33,setl_493863
uci_bank_493865,2010-01-07,UCI ONLINE RETAIL UCI-493865,0.0,1251.7,796539.03,setl_493865
uci_bank_493866,2010-01-07,UCI ONLINE RETAIL UCI-493866,0.0,439.28,796978.31,setl_493866
uci_bank_493872,2010-01-07,UCI ONLINE RETAIL UCI-493872,0.0,314.46,797292.77,setl_493872
uci_bank_493873,2010-01-07,UCI ONLINE RETAIL UCI-493873,0.0,589.07,797881.84,setl_493873
uci_bank_493874,2010-01-07,UCI ONLINE RETAIL UCI-493874,0.0,302.9,798184.74,setl_493874
uci_bank_493875,2010-01-07,UCI ONLINE RETAIL UCI-493875,0.0,237.45,798422.19,setl_493875
uci_bank_493876,2010-01-07,UCI ONLINE RETAIL UCI-493876,0.0,205.75,798627.94,setl_493876
uci_bank_493877,2010-01-07,UCI ONLINE RETAIL UCI-493877,0.0,2388.82,801016.76,setl_493877
uci_bank_493878,2010-01-08,UCI ONLINE RETAIL UCI-493878,0.0,508.72,801525.48,setl_493878
uci_bank_493880,2010-01-08,UCI ONLINE RETAIL UCI-493880,0.0,563.98,802089.46,setl_493880
uci_bank_493881,2010-01-08,UCI ONLINE RETAIL UCI-493881,0.0,357.0,802446.46,setl_493881
uci_bank_493882,2010-01-08,UCI ONLINE RETAIL UCI-493882,0.0,680.22,803126.68,setl_493882
uci_bank_493883,2010-01-08,UCI ONLINE RETAIL UCI-493883,0.0,3528.0,806654.68,setl_493883
uci_bank_493884,2010-01-08,UCI ONLINE RETAIL UCI-493884,0.0,396.0,807050.68,setl_493884
uci_bank_493885,2010-01-08,UCI ONLINE RETAIL UCI-493885,0.0,6624.0,813674.68,setl_493885
uci_bank_493886,2010-01-08,UCI ONLINE RETAIL UCI-493886,0.0,500.89,814175.57,setl_493886
uci_bank_493887,2010-01-08,UCI ONLINE RETAIL UCI-493887,0.0,760.02,814935.59,setl_493887
uci_bank_493897,2010-01-08,UCI ONLINE RETAIL UCI-493897,0.0,780.52,815716.11,setl_493897
uci_bank_493899,2010-01-08,UCI ONLINE RETAIL UCI-493899,0.0,404.55,816120.66,setl_493899
uci_bank_493900,2010-01-08,UCI ONLINE RETAIL UCI-493900,0.0,780.52,816901.18,setl_493900
uci_bank_493922,2010-01-08,UCI ONLINE RETAIL UCI-493922,0.0,194.1,817095.28,setl_493922
uci_bank_493923,2010-01-08,UCI ONLINE RETAIL UCI-493923,0.0,702.55,817797.83,setl_493923
uci_bank_493925,2010-01-08,UCI ONLINE RETAIL UCI-493925,0.0,228.3,818026.13,setl_493925
uci_bank_493924,2010-01-08,UCI ONLINE RETAIL UCI-493924,0.0,180.0,818206.13,setl_493924
uci_bank_493926,2010-01-08,UCI ONLINE RETAIL UCI-493926,0.0,228.67,818434.8,setl_493926
uci_bank_493927,2010-01-08,UCI ONLINE RETAIL UCI-493927,0.0,358.68,818793.48,setl_493927
uci_bank_493929,2010-01-08,UCI ONLINE RETAIL UCI-493929,0.0,281.25,819074.73,setl_493929
uci_bank_493930,2010-01-08,UCI ONLINE RETAIL UCI-493930,0.0,141.6,819216.33,setl_493930
uci_bank_493941,2010-01-08,UCI ONLINE RETAIL UCI-493941,0.0,382.32,819598.65,setl_493941
uci_bank_493945,2010-01-08,UCI ONLINE RETAIL UCI-493945,0.0,200.45,819799.1,setl_493945
uci_bank_493946,2010-01-08,UCI ONLINE RETAIL UCI-493946,0.0,363.74,820162.84,setl_493946
uci_bank_493947,2010-01-08,UCI ONLINE RETAIL UCI-493947,0.0,284.34,820447.18,setl_493947
uci_bank_493948,2010-01-08,UCI ONLINE RETAIL UCI-493948,0.0,1104.25,821551.43,setl_493948
uci_bank_493949,2010-01-08,UCI ONLINE RETAIL UCI-493949,0.0,174.1,821725.53,setl_493949
uci_bank_493950,2010-01-08,UCI ONLINE RETAIL UCI-493950,0.0,740.63,822466.16,setl_493950
uci_bank_493951,2010-01-08,UCI ONLINE RETAIL UCI-493951,0.0,114.6,822580.76,setl_493951
uci_bank_493952,2010-01-08,UCI ONLINE RETAIL UCI-493952,0.0,212.4,822793.16,setl_493952
uci_bank_493953,2010-01-08,UCI ONLINE RETAIL UCI-493953,0.0,328.62,823121.78,setl_493953
uci_bank_493954,2010-01-08,UCI ONLINE RETAIL UCI-493954,0.0,258.39,823380.17,setl_493954
uci_bank_493955,2010-01-08,UCI ONLINE RETAIL UCI-493955,0.0,1190.46,824570.63,setl_493955
uci_bank_493956,2010-01-08,UCI ONLINE RETAIL UCI-493956,0.0,101.85,824672.48,setl_493956
uci_bank_493957,2010-01-08,UCI ONLINE RETAIL UCI-493957,0.0,304.76,824977.24,setl_493957
uci_bank_493959,2010-01-08,UCI ONLINE RETAIL UCI-493959,0.0,177.35,825154.59,setl_493959
uci_bank_493960,2010-01-08,UCI ONLINE RETAIL UCI-493960,0.0,483.57,825638.16,setl_493960
uci_bank_493961,2010-01-08,UCI ONLINE RETAIL UCI-493961,0.0,354.69,825992.85,setl_493961
uci_bank_493962,2010-01-08,UCI ONLINE RETAIL UCI-493962,0.0,673.0,826665.85,setl_493962
uci_bank_493963,2010-01-08,UCI ONLINE RETAIL UCI-493963,0.0,465.8,827131.65,setl_493963
uci_bank_493964,2010-01-08,UCI ONLINE RETAIL UCI-493964,0.0,1970.19,829101.84,setl_493964
uci_bank_493965,2010-01-08,UCI ONLINE RETAIL UCI-493965,0.0,236.8,829338.64,setl_493965
uci_bank_493968,2010-01-08,UCI ONLINE RETAIL UCI-493968,0.0,691.04,830029.68,setl_493968
uci_bank_493969,2010-01-08,UCI ONLINE RETAIL UCI-493969,0.0,1007.78,831037.46,setl_493969
uci_bank_493970,2010-01-08,UCI ONLINE RETAIL UCI-493970,0.0,297.1,831334.56,setl_493970
uci_bank_493971,2010-01-10,UCI ONLINE RETAIL UCI-493971,0.0,152.05,831486.61,setl_493971
uci_bank_493972,2010-01-10,UCI ONLINE RETAIL UCI-493972,0.0,327.6,831814.21,setl_493972
uci_bank_493973,2010-01-10,UCI ONLINE RETAIL UCI-493973,0.0,91.28,831905.49,setl_493973
uci_bank_493974,2010-01-10,UCI ONLINE RETAIL UCI-493974,0.0,241.54,832147.03,setl_493974
uci_bank_493975,2010-01-10,UCI ONLINE RETAIL UCI-493975,0.0,760.24,832907.27,setl_493975
uci_bank_493976,2010-01-10,UCI ONLINE RETAIL UCI-493976,0.0,497.2,833404.47,setl_493976
uci_bank_493977,2010-01-10,UCI ONLINE RETAIL UCI-493977,0.0,275.95,833680.42,setl_493977
uci_bank_493978,2010-01-10,UCI ONLINE RETAIL UCI-493978,0.0,1276.23,834956.65,setl_493978
uci_bank_493979,2010-01-10,UCI ONLINE RETAIL UCI-493979,0.0,147.6,835104.25,setl_493979
uci_bank_493980,2010-01-10,UCI ONLINE RETAIL UCI-493980,0.0,601.8,835706.05,setl_493980
uci_bank_493981,2010-01-10,UCI ONLINE RETAIL UCI-493981,0.0,3654.38,839360.43,setl_493981
uci_bank_493983,2010-01-10,UCI ONLINE RETAIL UCI-493983,0.0,447.36,839807.79,setl_493983
uci_bank_493982,2010-01-10,UCI ONLINE RETAIL UCI-493982,0.0,268.3,840076.09,setl_493982
uci_bank_493985,2010-01-10,UCI ONLINE RETAIL UCI-493985,0.0,328.05,840404.14,setl_493985
uci_bank_493987,2010-01-10,UCI ONLINE RETAIL UCI-493987,0.0,716.43,841120.57,setl_493987
uci_bank_493988,2010-01-10,UCI ONLINE RETAIL UCI-493988,0.0,300.6,841421.17,setl_493988
uci_bank_493989,2010-01-10,UCI ONLINE RETAIL UCI-493989,0.0,1192.9,842614.07,setl_493989
uci_bank_493990,2010-01-10,UCI ONLINE RETAIL UCI-493990,0.0,168.3,842782.37,setl_493990
uci_bank_493991,2010-01-10,UCI ONLINE RETAIL UCI-493991,0.0,238.8,843021.17,setl_493991
uci_bank_493993,2010-01-10,UCI ONLINE RETAIL UCI-493993,0.0,635.88,843657.05,setl_493993
uci_bank_493994,2010-01-10,UCI ONLINE RETAIL UCI-493994,0.0,5520.0,849177.05,setl_493994
uci_bank_493995,2010-01-10,UCI ONLINE RETAIL UCI-493995,0.0,2699.44,851876.49,setl_493995
uci_bank_493996,2010-01-10,UCI ONLINE RETAIL UCI-493996,0.0,307.06,852183.55,setl_493996
uci_bank_493997,2010-01-10,UCI ONLINE RETAIL UCI-493997,0.0,137.79,852321.34,setl_493997
uci_bank_493998,2010-01-10,UCI ONLINE RETAIL UCI-493998,0.0,305.8,852627.14,setl_493998
uci_bank_494000,2010-01-10,UCI ONLINE RETAIL UCI-494000,0.0,443.48,853070.62,setl_494000
uci_bank_494001,2010-01-10,UCI ONLINE RETAIL UCI-494001,0.0,552.79,853623.41,setl_494001
uci_bank_494002,2010-01-10,UCI ONLINE RETAIL UCI-494002,0.0,290.12,853913.53,setl_494002
uci_bank_494003,2010-01-10,UCI ONLINE RETAIL UCI-494003,0.0,194.25,854107.78,setl_494003
uci_bank_494004,2010-01-10,UCI ONLINE RETAIL UCI-494004,0.0,338.71,854446.49,setl_494004
uci_bank_494007,2010-01-10,UCI ONLINE RETAIL UCI-494007,0.0,136.15,854582.64,setl_494007
uci_bank_494008,2010-01-11,UCI ONLINE RETAIL UCI-494008,0.0,326.54,854909.18,setl_494008
uci_bank_494009,2010-01-11,UCI ONLINE RETAIL UCI-494009,0.0,345.18,855254.36,setl_494009
uci_bank_494010,2010-01-11,UCI ONLINE RETAIL UCI-494010,0.0,126.15,855380.51,setl_494010
uci_bank_494020,2010-01-11,UCI ONLINE RETAIL UCI-494020,0.0,249.6,855630.11,setl_494020
uci_bank_494021,2010-01-11,UCI ONLINE RETAIL UCI-494021,0.0,357.17,855987.28,setl_494021
uci_bank_494022,2010-01-11,UCI ONLINE RETAIL UCI-494022,0.0,1980.0,857967.28,setl_494022
uci_bank_494023,2010-01-11,UCI ONLINE RETAIL UCI-494023,0.0,488.68,858455.96,setl_494023
uci_bank_494026,2010-01-11,UCI ONLINE RETAIL UCI-494026,0.0,365.04,858821.0,setl_494026
uci_bank_494027,2010-01-11,UCI ONLINE RETAIL UCI-494027,0.0,209.0,859030.0,setl_494027
uci_bank_494028,2010-01-11,UCI ONLINE RETAIL UCI-494028,0.0,306.62,859336.62,setl_494028
uci_bank_494029,2010-01-11,UCI ONLINE RETAIL UCI-494029,0.0,478.77,859815.39,setl_494029
uci_bank_494032,2010-01-11,UCI ONLINE RETAIL UCI-494032,0.0,306.74,860122.13,setl_494032
uci_bank_494035,2010-01-11,UCI ONLINE RETAIL UCI-494035,0.0,521.05,860643.18,setl_494035
uci_bank_494036,2010-01-11,UCI ONLINE RETAIL UCI-494036,0.0,595.0,861238.18,setl_494036
uci_bank_494037,2010-01-11,UCI ONLINE RETAIL UCI-494037,0.0,565.0,861803.18,setl_494037
uci_bank_494040,2010-01-11,UCI ONLINE RETAIL UCI-494040,0.0,9.7,861812.88,setl_494040
uci_bank_494042,2010-01-11,UCI ONLINE RETAIL UCI-494042,0.0,975.11,862787.99,setl_494042
uci_bank_494046,2010-01-11,UCI ONLINE RETAIL UCI-494046,0.0,47.4,862835.39,setl_494046
uci_bank_494045,2010-01-11,UCI ONLINE RETAIL UCI-494045,0.0,435.88,863271.27,setl_494045
uci_bank_494047,2010-01-11,UCI ONLINE RETAIL UCI-494047,0.0,473.56,863744.83,setl_494047
uci_bank_494048,2010-01-11,UCI ONLINE RETAIL UCI-494048,0.0,499.36,864244.19,setl_494048
uci_bank_494079,2010-01-11,UCI ONLINE RETAIL UCI-494079,0.0,150.31,864394.5,setl_494079
uci_bank_494108,2010-01-11,UCI ONLINE RETAIL UCI-494108,0.0,858.27,865252.77,setl_494108
uci_bank_494110,2010-01-11,UCI ONLINE RETAIL UCI-494110,0.0,408.42,865661.19,setl_494110
uci_bank_494113,2010-01-11,UCI ONLINE RETAIL UCI-494113,0.0,150.0,865811.19,setl_494113
uci_bank_494118,2010-01-11,UCI ONLINE RETAIL UCI-494118,0.0,305.28,866116.47,setl_494118
uci_bank_494119,2010-01-11,UCI ONLINE RETAIL UCI-494119,0.0,559.96,866676.43,setl_494119
uci_bank_494120,2010-01-11,UCI ONLINE RETAIL UCI-494120,0.0,1642.5,868318.93,setl_494120
uci_bank_494128,2010-01-11,UCI ONLINE RETAIL UCI-494128,0.0,60.3,868379.23,setl_494128
uci_bank_494139,2010-01-11,UCI ONLINE RETAIL UCI-494139,0.0,271.2,868650.43,setl_494139
uci_bank_494140,2010-01-11,UCI ONLINE RETAIL UCI-494140,0.0,117.0,868767.43,setl_494140
uci_bank_494141,2010-01-11,UCI ONLINE RETAIL UCI-494141,0.0,256.8,869024.23,setl_494141
uci_bank_494142,2010-01-11,UCI ONLINE RETAIL UCI-494142,0.0,165.8,869190.03,setl_494142
uci_bank_494143,2010-01-11,UCI ONLINE RETAIL UCI-494143,0.0,881.2,870071.23,setl_494143
uci_bank_494146,2010-01-11,UCI ONLINE RETAIL UCI-494146,0.0,152.88,870224.11,setl_494146
uci_bank_494148,2010-01-11,UCI ONLINE RETAIL UCI-494148,0.0,803.76,871027.87,setl_494148
uci_bank_494149,2010-01-11,UCI ONLINE RETAIL UCI-494149,0.0,321.52,871349.39,setl_494149
uci_bank_494150,2010-01-11,UCI ONLINE RETAIL UCI-494150,0.0,726.6,872075.99,setl_494150
uci_bank_494153,2010-01-11,UCI ONLINE RETAIL UCI-494153,0.0,142.35,872218.34,setl_494153
uci_bank_494154,2010-01-11,UCI ONLINE RETAIL UCI-494154,0.0,384.49,872602.83,setl_494154
uci_bank_494157,2010-01-11,UCI ONLINE RETAIL UCI-494157,0.0,463.11,873065.94,setl_494157
uci_bank_494160,2010-01-11,UCI ONLINE RETAIL UCI-494160,0.0,368.1,873434.04,setl_494160
uci_bank_494161,2010-01-11,UCI ONLINE RETAIL UCI-494161,0.0,833.94,874267.98,setl_494161
uci_bank_494163,2010-01-12,UCI ONLINE RETAIL UCI-494163,0.0,95.2,874363.18,setl_494163
uci_bank_494164,2010-01-12,UCI ONLINE RETAIL UCI-494164,0.0,24.45,874387.63,setl_494164
uci_bank_494165,2010-01-12,UCI ONLINE RETAIL UCI-494165,0.0,235.8,874623.43,setl_494165
uci_bank_494167,2010-01-12,UCI ONLINE RETAIL UCI-494167,0.0,133.52,874756.95,setl_494167
uci_bank_494169,2010-01-12,UCI ONLINE RETAIL UCI-494169,0.0,163.4,874920.35,setl_494169
uci_bank_494170,2010-01-12,UCI ONLINE RETAIL UCI-494170,0.0,484.54,875404.89,setl_494170
uci_bank_494206,2010-01-12,UCI ONLINE RETAIL UCI-494206,0.0,495.0,875899.89,setl_494206
uci_bank_494207,2010-01-12,UCI ONLINE RETAIL UCI-494207,0.0,293.35,876193.24,setl_494207
uci_bank_494208,2010-01-12,UCI ONLINE RETAIL UCI-494208,0.0,137.7,876330.94,setl_494208
uci_bank_494209,2010-01-12,UCI ONLINE RETAIL UCI-494209,0.0,260.15,876591.09,setl_494209
uci_bank_494210,2010-01-12,UCI ONLINE RETAIL UCI-494210,0.0,731.52,877322.61,setl_494210
uci_bank_494211,2010-01-12,UCI ONLINE RETAIL UCI-494211,0.0,120.7,877443.31,setl_494211
uci_bank_494213,2010-01-12,UCI ONLINE RETAIL UCI-494213,0.0,101.95,877545.26,setl_494213
uci_bank_494212,2010-01-12,UCI ONLINE RETAIL UCI-494212,0.0,690.52,878235.78,setl_494212
uci_bank_494214,2010-01-12,UCI ONLINE RETAIL UCI-494214,0.0,1579.72,879815.5,setl_494214
uci_bank_494216,2010-01-12,UCI ONLINE RETAIL UCI-494216,0.0,446.1,880261.6,setl_494216
uci_bank_494217,2010-01-12,UCI ONLINE RETAIL UCI-494217,0.0,308.24,880569.84,setl_494217
uci_bank_494218,2010-01-12,UCI ONLINE RETAIL UCI-494218,0.0,204.28,880774.12,setl_494218
uci_bank_494227,2010-01-12,UCI ONLINE RETAIL UCI-494227,0.0,658.95,881433.07,setl_494227
uci_bank_494228,2010-01-12,UCI ONLINE RETAIL UCI-494228,0.0,285.83,881718.9,setl_494228
uci_bank_494229,2010-01-12,UCI ONLINE RETAIL UCI-494229,0.0,1218.8,882937.7,setl_494229
uci_bank_494230,2010-01-12,UCI ONLINE RETAIL UCI-494230,0.0,32.5,882970.2,setl_494230
uci_bank_494233,2010-01-12,UCI ONLINE RETAIL UCI-494233,0.0,1254.56,884224.76,setl_494233
uci_bank_494234,2010-01-12,UCI ONLINE RETAIL UCI-494234,0.0,5.0,884229.76,setl_494234
uci_bank_494235,2010-01-12,UCI ONLINE RETAIL UCI-494235,0.0,643.5,884873.26,setl_494235
uci_bank_494236,2010-01-12,UCI ONLINE RETAIL UCI-494236,0.0,120.0,884993.26,setl_494236
uci_bank_494237,2010-01-12,UCI ONLINE RETAIL UCI-494237,0.0,219.89,885213.15,setl_494237
uci_bank_494239,2010-01-12,UCI ONLINE RETAIL UCI-494239,0.0,584.08,885797.23,setl_494239
uci_bank_494241,2010-01-12,UCI ONLINE RETAIL UCI-494241,0.0,326.98,886124.21,setl_494241
uci_bank_494240,2010-01-12,UCI ONLINE RETAIL UCI-494240,0.0,665.1,886789.31,setl_494240
uci_bank_494243,2010-01-12,UCI ONLINE RETAIL UCI-494243,0.0,18532.3,905321.61,setl_494243
uci_bank_494244,2010-01-12,UCI ONLINE RETAIL UCI-494244,0.0,6711.0,912032.61,setl_494244
uci_bank_494246,2010-01-12,UCI ONLINE RETAIL UCI-494246,0.0,36.25,912068.86,setl_494246
uci_bank_494264,2010-01-12,UCI ONLINE RETAIL UCI-494264,0.0,432.83,912501.69,setl_494264
uci_bank_494267,2010-01-12,UCI ONLINE RETAIL UCI-494267,0.0,363.12,912864.81,setl_494267
uci_bank_494268,2010-01-12,UCI ONLINE RETAIL UCI-494268,0.0,306.3,913171.11,setl_494268
uci_bank_494269,2010-01-13,UCI ONLINE RETAIL UCI-494269,0.0,334.99,913506.1,setl_494269
uci_bank_494272,2010-01-13,UCI ONLINE RETAIL UCI-494272,0.0,321.44,913827.54,setl_494272
uci_bank_494275,2010-01-13,UCI ONLINE RETAIL UCI-494275,0.0,534.6,914362.14,setl_494275
uci_bank_494276,2010-01-13,UCI ONLINE RETAIL UCI-494276,0.0,305.1,914667.24,setl_494276
uci_bank_494277,2010-01-13,UCI ONLINE RETAIL UCI-494277,0.0,1335.92,916003.16,setl_494277
uci_bank_494278,2010-01-13,UCI ONLINE RETAIL UCI-494278,0.0,708.2,916711.36,setl_494278
uci_bank_494280,2010-01-13,UCI ONLINE RETAIL UCI-494280,0.0,854.35,917565.71,setl_494280
uci_bank_494281,2010-01-13,UCI ONLINE RETAIL UCI-494281,0.0,317.64,917883.35,setl_494281
uci_bank_494327,2010-01-13,UCI ONLINE RETAIL UCI-494327,0.0,430.83,918314.18,setl_494327
uci_bank_494335,2010-01-13,UCI ONLINE RETAIL UCI-494335,0.0,288.85,918603.03,setl_494335
uci_bank_494336,2010-01-13,UCI ONLINE RETAIL UCI-494336,0.0,332.7,918935.73,setl_494336
uci_bank_494338,2010-01-13,UCI ONLINE RETAIL UCI-494338,0.0,403.06,919338.79,setl_494338
uci_bank_494339,2010-01-13,UCI ONLINE RETAIL UCI-494339,0.0,530.34,919869.13,setl_494339
uci_bank_494342,2010-01-13,UCI ONLINE RETAIL UCI-494342,0.0,177.9,920047.03,setl_494342
uci_bank_494343,2010-01-13,UCI ONLINE RETAIL UCI-494343,0.0,143.22,920190.25,setl_494343
uci_bank_494344,2010-01-13,UCI ONLINE RETAIL UCI-494344,0.0,89.32,920279.57,setl_494344
uci_bank_494345,2010-01-13,UCI ONLINE RETAIL UCI-494345,0.0,374.11,920653.68,setl_494345
uci_bank_494348,2010-01-13,UCI ONLINE RETAIL UCI-494348,0.0,546.95,921200.63,setl_494348
uci_bank_494349,2010-01-13,UCI ONLINE RETAIL UCI-494349,0.0,117.8,921318.43,setl_494349
uci_bank_494351,2010-01-13,UCI ONLINE RETAIL UCI-494351,0.0,354.45,921672.88,setl_494351
uci_bank_494354,2010-01-13,UCI ONLINE RETAIL UCI-494354,0.0,1273.5,922946.38,setl_494354
uci_bank_494357,2010-01-13,UCI ONLINE RETAIL UCI-494357,0.0,1383.41,924329.79,setl_494357
uci_bank_494359,2010-01-13,UCI ONLINE RETAIL UCI-494359,0.0,383.02,924712.81,setl_494359
uci_bank_494362,2010-01-13,UCI ONLINE RETAIL UCI-494362,0.0,119.38,924832.19,setl_494362
uci_bank_494364,2010-01-13,UCI ONLINE RETAIL UCI-494364,0.0,748.91,925581.1,setl_494364
uci_bank_494383,2010-01-14,UCI ONLINE RETAIL UCI-494383,0.0,179.7,925760.8,setl_494383
uci_bank_494384,2010-01-14,UCI ONLINE RETAIL UCI-494384,0.0,381.66,926142.46,setl_494384
uci_bank_494385,2010-01-14,UCI ONLINE RETAIL UCI-494385,0.0,486.64,926629.1,setl_494385
uci_bank_494389,2010-01-14,UCI ONLINE RETAIL UCI-494389,0.0,480.47,927109.57,setl_494389
uci_bank_494390,2010-01-14,UCI ONLINE RETAIL UCI-494390,0.0,520.24,927629.81,setl_494390
uci_bank_494391,2010-01-14,UCI ONLINE RETAIL UCI-494391,0.0,164.34,927794.15,setl_494391
uci_bank_494392,2010-01-14,UCI ONLINE RETAIL UCI-494392,0.0,129.09,927923.24,setl_494392
uci_bank_494394,2010-01-14,UCI ONLINE RETAIL UCI-494394,0.0,274.2,928197.44,setl_494394
uci_bank_494395,2010-01-14,UCI ONLINE RETAIL UCI-494395,0.0,953.5,929150.94,setl_494395
uci_bank_494416,2010-01-14,UCI ONLINE RETAIL UCI-494416,0.0,371.47,929522.41,setl_494416
uci_bank_494419,2010-01-14,UCI ONLINE RETAIL UCI-494419,0.0,39.8,929562.21,setl_494419
uci_bank_494429,2010-01-14,UCI ONLINE RETAIL UCI-494429,0.0,141.6,929703.81,setl_494429
uci_bank_494432,2010-01-14,UCI ONLINE RETAIL UCI-494432,0.0,1240.0,930943.81,setl_494432
uci_bank_494433,2010-01-14,UCI ONLINE RETAIL UCI-494433,0.0,244.8,931188.61,setl_494433
uci_bank_494434,2010-01-14,UCI ONLINE RETAIL UCI-494434,0.0,302.15,931490.76,setl_494434
uci_bank_494435,2010-01-14,UCI ONLINE RETAIL UCI-494435,0.0,201.05,931691.81,setl_494435
uci_bank_494436,2010-01-14,UCI ONLINE RETAIL UCI-494436,0.0,419.65,932111.46,setl_494436
uci_bank_494437,2010-01-14,UCI ONLINE RETAIL UCI-494437,0.0,222.85,932334.31,setl_494437
uci_bank_494439,2010-01-14,UCI ONLINE RETAIL UCI-494439,0.0,328.5,932662.81,setl_494439
uci_bank_494440,2010-01-14,UCI ONLINE RETAIL UCI-494440,0.0,290.72,932953.53,setl_494440
uci_bank_494441,2010-01-14,UCI ONLINE RETAIL UCI-494441,0.0,182.46,933135.99,setl_494441
uci_bank_494442,2010-01-14,UCI ONLINE RETAIL UCI-494442,0.0,671.93,933807.92,setl_494442
uci_bank_494443,2010-01-14,UCI ONLINE RETAIL UCI-494443,0.0,272.73,934080.65,setl_494443
uci_bank_494445,2010-01-14,UCI ONLINE RETAIL UCI-494445,0.0,280.82,934361.47,setl_494445
uci_bank_494447,2010-01-14,UCI ONLINE RETAIL UCI-494447,0.0,354.66,934716.13,setl_494447
uci_bank_494451,2010-01-14,UCI ONLINE RETAIL UCI-494451,0.0,355.62,935071.75,setl_494451
uci_bank_494450,2010-01-14,UCI ONLINE RETAIL UCI-494450,0.0,22.5,935094.25,setl_494450
uci_bank_494454,2010-01-14,UCI ONLINE RETAIL UCI-494454,0.0,127.7,935221.95,setl_494454
uci_bank_494455,2010-01-14,UCI ONLINE RETAIL UCI-494455,0.0,532.1,935754.05,setl_494455
uci_bank_494456,2010-01-14,UCI ONLINE RETAIL UCI-494456,0.0,290.63,936044.68,setl_494456
uci_bank_494458,2010-01-14,UCI ONLINE RETAIL UCI-494458,0.0,15.0,936059.68,setl_494458
uci_bank_494459,2010-01-14,UCI ONLINE RETAIL UCI-494459,0.0,925.85,936985.53,setl_494459
uci_bank_494467,2010-01-14,UCI ONLINE RETAIL UCI-494467,0.0,475.88,937461.41,setl_494467
uci_bank_494468,2010-01-14,UCI ONLINE RETAIL UCI-494468,0.0,343.2,937804.61,setl_494468
uci_bank_494470,2010-01-14,UCI ONLINE RETAIL UCI-494470,0.0,130.8,937935.41,setl_494470
uci_bank_494469,2010-01-14,UCI ONLINE RETAIL UCI-494469,0.0,429.64,938365.05,setl_494469
uci_bank_494471,2010-01-14,UCI ONLINE RETAIL UCI-494471,0.0,1639.12,940004.17,setl_494471
uci_bank_494473,2010-01-14,UCI ONLINE RETAIL UCI-494473,0.0,859.27,940863.44,setl_494473
uci_bank_494475,2010-01-14,UCI ONLINE RETAIL UCI-494475,0.0,125.97,940989.41,setl_494475
uci_bank_494476,2010-01-14,UCI ONLINE RETAIL UCI-494476,0.0,367.68,941357.09,setl_494476
uci_bank_494478,2010-01-14,UCI ONLINE RETAIL UCI-494478,0.0,975.76,942332.85,setl_494478
uci_bank_494479,2010-01-14,UCI ONLINE RETAIL UCI-494479,0.0,858.25,943191.1,setl_494479
uci_bank_494480,2010-01-14,UCI ONLINE RETAIL UCI-494480,0.0,855.9,944047.0,setl_494480
uci_bank_494482,2010-01-14,UCI ONLINE RETAIL UCI-494482,0.0,1131.62,945178.62,setl_494482
uci_bank_494481,2010-01-14,UCI ONLINE RETAIL UCI-494481,0.0,532.1,945710.72,setl_494481
uci_bank_494483,2010-01-14,UCI ONLINE RETAIL UCI-494483,0.0,939.4,946650.12,setl_494483
uci_bank_494484,2010-01-14,UCI ONLINE RETAIL UCI-494484,0.0,327.19,946977.31,setl_494484
uci_bank_494490,2010-01-14,UCI ONLINE RETAIL UCI-494490,0.0,498.12,947475.43,setl_494490
uci_bank_494498,2010-01-14,UCI ONLINE RETAIL UCI-494498,0.0,12.6,947488.03,setl_494498
uci_bank_494499,2010-01-14,UCI ONLINE RETAIL UCI-494499,0.0,470.22,947958.25,setl_494499
uci_bank_494503,2010-01-14,UCI ONLINE RETAIL UCI-494503,0.0,485.52,948443.77,setl_494503
uci_bank_494504,2010-01-14,UCI ONLINE RETAIL UCI-494504,0.0,93.47,948537.24,setl_494504
uci_bank_494505,2010-01-14,UCI ONLINE RETAIL UCI-494505,0.0,169.33,948706.57,setl_494505
uci_bank_494506,2010-01-14,UCI ONLINE RETAIL UCI-494506,0.0,439.62,949146.19,setl_494506
uci_bank_494507,2010-01-14,UCI ONLINE RETAIL UCI-494507,0.0,278.38,949424.57,setl_494507
uci_bank_494508,2010-01-15,UCI ONLINE RETAIL UCI-494508,0.0,113.8,949538.37,setl_494508
uci_bank_494509,2010-01-15,UCI ONLINE RETAIL UCI-494509,0.0,45.6,949583.97,setl_494509
uci_bank_494510,2010-01-15,UCI ONLINE RETAIL UCI-494510,0.0,439.62,950023.59,setl_494510
uci_bank_494511,2010-01-15,UCI ONLINE RETAIL UCI-494511,0.0,1075.27,951098.86,setl_494511
uci_bank_494512,2010-01-15,UCI ONLINE RETAIL UCI-494512,0.0,301.6,951400.46,setl_494512
uci_bank_494513,2010-01-15,UCI ONLINE RETAIL UCI-494513,0.0,45.0,951445.46,setl_494513
uci_bank_494514,2010-01-15,UCI ONLINE RETAIL UCI-494514,0.0,694.2,952139.66,setl_494514
uci_bank_494515,2010-01-15,UCI ONLINE RETAIL UCI-494515,0.0,2370.78,954510.44,setl_494515
uci_bank_494516,2010-01-15,UCI ONLINE RETAIL UCI-494516,0.0,306.4,954816.84,setl_494516
uci_bank_494518,2010-01-15,UCI ONLINE RETAIL UCI-494518,0.0,330.0,955146.84,setl_494518
uci_bank_494529,2010-01-15,UCI ONLINE RETAIL UCI-494529,0.0,280.05,955426.89,setl_494529
uci_bank_494533,2010-01-15,UCI ONLINE RETAIL UCI-494533,0.0,137.1,955563.99,setl_494533
uci_bank_494585,2010-01-15,UCI ONLINE RETAIL UCI-494585,0.0,7.1,955571.09,setl_494585
uci_bank_494586,2010-01-15,UCI ONLINE RETAIL UCI-494586,0.0,244.19,955815.28,setl_494586
uci_bank_494587,2010-01-15,UCI ONLINE RETAIL UCI-494587,0.0,60.12,955875.4,setl_494587
uci_bank_494588,2010-01-15,UCI ONLINE RETAIL UCI-494588,0.0,347.0,956222.4,setl_494588
uci_bank_494589,2010-01-15,UCI ONLINE RETAIL UCI-494589,0.0,482.8,956705.2,setl_494589
uci_bank_494590,2010-01-15,UCI ONLINE RETAIL UCI-494590,0.0,2.95,956708.15,setl_494590
uci_bank_494591,2010-01-15,UCI ONLINE RETAIL UCI-494591,0.0,89.25,956797.4,setl_494591
uci_bank_494594,2010-01-15,UCI ONLINE RETAIL UCI-494594,0.0,316.25,957113.65,setl_494594
uci_bank_494603,2010-01-15,UCI ONLINE RETAIL UCI-494603,0.0,193.68,957307.33,setl_494603
uci_bank_494605,2010-01-15,UCI ONLINE RETAIL UCI-494605,0.0,120.95,957428.28,setl_494605
uci_bank_494606,2010-01-15,UCI ONLINE RETAIL UCI-494606,0.0,347.34,957775.62,setl_494606
uci_bank_494607,2010-01-15,UCI ONLINE RETAIL UCI-494607,0.0,91.5,957867.12,setl_494607
uci_bank_494608,2010-01-15,UCI ONLINE RETAIL UCI-494608,0.0,521.9,958389.02,setl_494608
uci_bank_494611,2010-01-15,UCI ONLINE RETAIL UCI-494611,0.0,79.2,958468.22,setl_494611
uci_bank_494612,2010-01-15,UCI ONLINE RETAIL UCI-494612,0.0,148.15,958616.37,setl_494612
uci_bank_494613,2010-01-15,UCI ONLINE RETAIL UCI-494613,0.0,361.81,958978.18,setl_494613
uci_bank_494614,2010-01-15,UCI ONLINE RETAIL UCI-494614,0.0,506.6,959484.78,setl_494614
uci_bank_494616,2010-01-15,UCI ONLINE RETAIL UCI-494616,0.0,110.72,959595.5,setl_494616
uci_bank_494617,2010-01-15,UCI ONLINE RETAIL UCI-494617,0.0,290.0,959885.5,setl_494617
uci_bank_494618,2010-01-15,UCI ONLINE RETAIL UCI-494618,0.0,235.52,960121.02,setl_494618
uci_bank_494619,2010-01-15,UCI ONLINE RETAIL UCI-494619,0.0,738.18,960859.2,setl_494619
uci_bank_494620,2010-01-15,UCI ONLINE RETAIL UCI-494620,0.0,208.1,961067.3,setl_494620
uci_bank_494621,2010-01-15,UCI ONLINE RETAIL UCI-494621,0.0,195.2,961262.5,setl_494621
uci_bank_494622,2010-01-15,UCI ONLINE RETAIL UCI-494622,0.0,55.47,961317.97,setl_494622
uci_bank_494623,2010-01-15,UCI ONLINE RETAIL UCI-494623,0.0,175.37,961493.34,setl_494623
uci_bank_494624,2010-01-15,UCI ONLINE RETAIL UCI-494624,0.0,158.9,961652.24,setl_494624
uci_bank_494625,2010-01-15,UCI ONLINE RETAIL UCI-494625,0.0,205.48,961857.72,setl_494625
uci_bank_494627,2010-01-15,UCI ONLINE RETAIL UCI-494627,0.0,83.4,961941.12,setl_494627
uci_bank_494630,2010-01-15,UCI ONLINE RETAIL UCI-494630,0.0,244.2,962185.32,setl_494630
uci_bank_494632,2010-01-15,UCI ONLINE RETAIL UCI-494632,0.0,306.3,962491.62,setl_494632
uci_bank_494634,2010-01-15,UCI ONLINE RETAIL UCI-494634,0.0,214.0,962705.62,setl_494634
uci_bank_494635,2010-01-15,UCI ONLINE RETAIL UCI-494635,0.0,226.49,962932.11,setl_494635
uci_bank_494636,2010-01-17,UCI ONLINE RETAIL UCI-494636,0.0,224.09,963156.2,setl_494636
uci_bank_494637,2010-01-17,UCI ONLINE RETAIL UCI-494637,0.0,113.33,963269.53,setl_494637
uci_bank_494638,2010-01-17,UCI ONLINE RETAIL UCI-494638,0.0,278.47,963548.0,setl_494638
uci_bank_494639,2010-01-17,UCI ONLINE RETAIL UCI-494639,0.0,975.0,964523.0,setl_494639
uci_bank_494640,2010-01-17,UCI ONLINE RETAIL UCI-494640,0.0,409.69,964932.69,setl_494640
uci_bank_494641,2010-01-17,UCI ONLINE RETAIL UCI-494641,0.0,1568.87,966501.56,setl_494641
uci_bank_494642,2010-01-17,UCI ONLINE RETAIL UCI-494642,0.0,521.9,967023.46,setl_494642
uci_bank_494643,2010-01-17,UCI ONLINE RETAIL UCI-494643,0.0,1936.74,968960.2,setl_494643
uci_bank_494644,2010-01-17,UCI ONLINE RETAIL UCI-494644,0.0,519.18,969479.38,setl_494644
uci_bank_494645,2010-01-17,UCI ONLINE RETAIL UCI-494645,0.0,242.5,969721.88,setl_494645
uci_bank_494646,2010-01-17,UCI ONLINE RETAIL UCI-494646,0.0,136.8,969858.68,setl_494646
uci_bank_494647,2010-01-17,UCI ONLINE RETAIL UCI-494647,0.0,1185.81,971044.49,setl_494647
uci_bank_494648,2010-01-17,UCI ONLINE RETAIL UCI-494648,0.0,454.9,971499.39,setl_494648
uci_bank_494649,2010-01-17,UCI ONLINE RETAIL UCI-494649,0.0,156.33,971655.72,setl_494649
uci_bank_494651,2010-01-17,UCI ONLINE RETAIL UCI-494651,0.0,685.9,972341.62,setl_494651
uci_bank_494652,2010-01-17,UCI ONLINE RETAIL UCI-494652,0.0,560.23,972901.85,setl_494652
uci_bank_494653,2010-01-17,UCI ONLINE RETAIL UCI-494653,0.0,400.8,973302.65,setl_494653
uci_bank_494654,2010-01-17,UCI ONLINE RETAIL UCI-494654,0.0,587.52,973890.17,setl_494654
uci_bank_494655,2010-01-17,UCI ONLINE RETAIL UCI-494655,0.0,240.0,974130.17,setl_494655
uci_bank_494656,2010-01-17,UCI ONLINE RETAIL UCI-494656,0.0,294.4,974424.57,setl_494656
uci_bank_494657,2010-01-17,UCI ONLINE RETAIL UCI-494657,0.0,101.3,974525.87,setl_494657
uci_bank_494658,2010-01-17,UCI ONLINE RETAIL UCI-494658,0.0,135.58,974661.45,setl_494658
uci_bank_494659,2010-01-17,UCI ONLINE RETAIL UCI-494659,0.0,383.5,975044.95,setl_494659
uci_bank_494660,2010-01-17,UCI ONLINE RETAIL UCI-494660,0.0,185.8,975230.75,setl_494660
uci_bank_494661,2010-01-17,UCI ONLINE RETAIL UCI-494661,0.0,150.18,975380.93,setl_494661
uci_bank_494662,2010-01-17,UCI ONLINE RETAIL UCI-494662,0.0,377.32,975758.25,setl_494662
uci_bank_494663,2010-01-17,UCI ONLINE RETAIL UCI-494663,0.0,239.84,975998.09,setl_494663
uci_bank_494664,2010-01-17,UCI ONLINE RETAIL UCI-494664,0.0,443.83,976441.92,setl_494664
uci_bank_494665,2010-01-17,UCI ONLINE RETAIL UCI-494665,0.0,488.68,976930.6,setl_494665
uci_bank_494666,2010-01-17,UCI ONLINE RETAIL UCI-494666,0.0,1258.38,978188.98,setl_494666
uci_bank_494667,2010-01-17,UCI ONLINE RETAIL UCI-494667,0.0,206.4,978395.38,setl_494667
uci_bank_494668,2010-01-17,UCI ONLINE RETAIL UCI-494668,0.0,182.25,978577.63,setl_494668
uci_bank_494669,2010-01-17,UCI ONLINE RETAIL UCI-494669,0.0,146.81,978724.44,setl_494669
uci_bank_494670,2010-01-17,UCI ONLINE RETAIL UCI-494670,0.0,608.75,979333.19,setl_494670
uci_bank_494671,2010-01-17,UCI ONLINE RETAIL UCI-494671,0.0,185.7,979518.89,setl_494671
uci_bank_494672,2010-01-17,UCI ONLINE RETAIL UCI-494672,0.0,151.49,979670.38,setl_494672
uci_bank_494673,2010-01-17,UCI ONLINE RETAIL UCI-494673,0.0,514.81,980185.19,setl_494673
uci_bank_494674,2010-01-17,UCI ONLINE RETAIL UCI-494674,0.0,151.11,980336.3,setl_494674
uci_bank_494676,2010-01-17,UCI ONLINE RETAIL UCI-494676,0.0,144.1,980480.4,setl_494676
uci_bank_494677,2010-01-18,UCI ONLINE RETAIL UCI-494677,0.0,202.35,980682.75,setl_494677
uci_bank_494678,2010-01-18,UCI ONLINE RETAIL UCI-494678,0.0,3151.0,983833.75,setl_494678
uci_bank_494679,2010-01-18,UCI ONLINE RETAIL UCI-494679,0.0,299.49,984133.24,setl_494679
uci_bank_494680,2010-01-18,UCI ONLINE RETAIL UCI-494680,0.0,263.83,984397.07,setl_494680
uci_bank_494681,2010-01-18,UCI ONLINE RETAIL UCI-494681,0.0,369.44,984766.51,setl_494681
uci_bank_494682,2010-01-18,UCI ONLINE RETAIL UCI-494682,0.0,359.16,985125.67,setl_494682
uci_bank_494683,2010-01-18,UCI ONLINE RETAIL UCI-494683,0.0,226.08,985351.75,setl_494683
uci_bank_494684,2010-01-18,UCI ONLINE RETAIL UCI-494684,0.0,112.95,985464.7,setl_494684
uci_bank_494686,2010-01-18,UCI ONLINE RETAIL UCI-494686,0.0,206.44,985671.14,setl_494686
uci_bank_494687,2010-01-18,UCI ONLINE RETAIL UCI-494687,0.0,83.4,985754.54,setl_494687
uci_bank_494732,2010-01-18,UCI ONLINE RETAIL UCI-494732,0.0,658.73,986413.27,setl_494732
uci_bank_494762,2010-01-18,UCI ONLINE RETAIL UCI-494762,0.0,181.44,986594.71,setl_494762
uci_bank_494768,2010-01-18,UCI ONLINE RETAIL UCI-494768,0.0,297.32,986892.03,setl_494768
uci_bank_494778,2010-01-18,UCI ONLINE RETAIL UCI-494778,0.0,308.39,987200.42,setl_494778
uci_bank_494779,2010-01-18,UCI ONLINE RETAIL UCI-494779,0.0,216.72,987417.14,setl_494779
uci_bank_494780,2010-01-18,UCI ONLINE RETAIL UCI-494780,0.0,838.75,988255.89,setl_494780
uci_bank_494783,2010-01-18,UCI ONLINE RETAIL UCI-494783,0.0,482.4,988738.29,setl_494783
uci_bank_494785,2010-01-18,UCI ONLINE RETAIL UCI-494785,0.0,380.52,989118.81,setl_494785
uci_bank_494787,2010-01-18,UCI ONLINE RETAIL UCI-494787,0.0,206.38,989325.19,setl_494787
uci_bank_494788,2010-01-18,UCI ONLINE RETAIL UCI-494788,0.0,11.9,989337.09,setl_494788
uci_bank_494789,2010-01-18,UCI ONLINE RETAIL UCI-494789,0.0,125.63,989462.72,setl_494789
uci_bank_494790,2010-01-18,UCI ONLINE RETAIL UCI-494790,0.0,213.53,989676.25,setl_494790
uci_bank_494792,2010-01-18,UCI ONLINE RETAIL UCI-494792,0.0,235.89,989912.14,setl_494792
uci_bank_494794,2010-01-18,UCI ONLINE RETAIL UCI-494794,0.0,291.5,990203.64,setl_494794
uci_bank_494795,2010-01-18,UCI ONLINE RETAIL UCI-494795,0.0,189.3,990392.94,setl_494795
uci_bank_494797,2010-01-18,UCI ONLINE RETAIL UCI-494797,0.0,181.3,990574.24,setl_494797
uci_bank_494798,2010-01-18,UCI ONLINE RETAIL UCI-494798,0.0,376.25,990950.49,setl_494798
uci_bank_494799,2010-01-18,UCI ONLINE RETAIL UCI-494799,0.0,443.13,991393.62,setl_494799
uci_bank_494803,2010-01-18,UCI ONLINE RETAIL UCI-494803,0.0,205.82,991599.44,setl_494803
uci_bank_494804,2010-01-18,UCI ONLINE RETAIL UCI-494804,0.0,463.0,992062.44,setl_494804
uci_bank_494805,2010-01-18,UCI ONLINE RETAIL UCI-494805,0.0,7.5,992069.94,setl_494805
uci_bank_494807,2010-01-18,UCI ONLINE RETAIL UCI-494807,0.0,60.96,992130.9,setl_494807
uci_bank_494808,2010-01-18,UCI ONLINE RETAIL UCI-494808,0.0,223.54,992354.44,setl_494808
uci_bank_494809,2010-01-18,UCI ONLINE RETAIL UCI-494809,0.0,8.5,992362.94,setl_494809
uci_bank_494811,2010-01-18,UCI ONLINE RETAIL UCI-494811,0.0,250.15,992613.09,setl_494811
uci_bank_494815,2010-01-19,UCI ONLINE RETAIL UCI-494815,0.0,246.75,992859.84,setl_494815
uci_bank_494816,2010-01-19,UCI ONLINE RETAIL UCI-494816,0.0,76.74,992936.58,setl_494816
uci_bank_494817,2010-01-19,UCI ONLINE RETAIL UCI-494817,0.0,226.62,993163.2,setl_494817
uci_bank_494818,2010-01-19,UCI ONLINE RETAIL UCI-494818,0.0,80.8,993244.0,setl_494818
uci_bank_494819,2010-01-19,UCI ONLINE RETAIL UCI-494819,0.0,320.7,993564.7,setl_494819
uci_bank_494823,2010-01-19,UCI ONLINE RETAIL UCI-494823,0.0,100.8,993665.5,setl_494823
uci_bank_494827,2010-01-19,UCI ONLINE RETAIL UCI-494827,0.0,332.5,993998.0,setl_494827
uci_bank_494836,2010-01-19,UCI ONLINE RETAIL UCI-494836,0.0,205.7,994203.7,setl_494836
uci_bank_494847,2010-01-19,UCI ONLINE RETAIL UCI-494847,0.0,154.83,994358.53,setl_494847
uci_bank_494860,2010-01-19,UCI ONLINE RETAIL UCI-494860,0.0,211.95,994570.48,setl_494860
uci_bank_494866,2010-01-19,UCI ONLINE RETAIL UCI-494866,0.0,676.4,995246.88,setl_494866
uci_bank_494867,2010-01-19,UCI ONLINE RETAIL UCI-494867,0.0,270.8,995517.68,setl_494867
uci_bank_494868,2010-01-19,UCI ONLINE RETAIL UCI-494868,0.0,1537.31,997054.99,setl_494868
uci_bank_494870,2010-01-19,UCI ONLINE RETAIL UCI-494870,0.0,673.15,997728.14,setl_494870
uci_bank_494871,2010-01-19,UCI ONLINE RETAIL UCI-494871,0.0,740.76,998468.9,setl_494871
uci_bank_494872,2010-01-19,UCI ONLINE RETAIL UCI-494872,0.0,286.43,998755.33,setl_494872
uci_bank_494873,2010-01-19,UCI ONLINE RETAIL UCI-494873,0.0,715.5,999470.83,setl_494873
uci_bank_494874,2010-01-19,UCI ONLINE RETAIL UCI-494874,0.0,346.36,999817.19,setl_494874
uci_bank_494875,2010-01-19,UCI ONLINE RETAIL UCI-494875,0.0,4448.09,1004265.28,setl_494875
uci_bank_494876,2010-01-19,UCI ONLINE RETAIL UCI-494876,0.0,155.55,1004420.83,setl_494876
uci_bank_494878,2010-01-19,UCI ONLINE RETAIL UCI-494878,0.0,113.28,1004534.11,setl_494878
uci_bank_494887,2010-01-19,UCI ONLINE RETAIL UCI-494887,0.0,196.65,1004730.76,setl_494887
uci_bank_494888,2010-01-19,UCI ONLINE RETAIL UCI-494888,0.0,45.0,1004775.76,setl_494888
uci_bank_494889,2010-01-19,UCI ONLINE RETAIL UCI-494889,0.0,291.38,1005067.14,setl_494889
uci_bank_494890,2010-01-19,UCI ONLINE RETAIL UCI-494890,0.0,92.35,1005159.49,setl_494890
uci_bank_494891,2010-01-19,UCI ONLINE RETAIL UCI-494891,0.0,1130.22,1006289.71,setl_494891
uci_bank_494892,2010-01-19,UCI ONLINE RETAIL UCI-494892,0.0,8.7,1006298.41,setl_494892
uci_bank_494893,2010-01-19,UCI ONLINE RETAIL UCI-494893,0.0,940.74,1007239.15,setl_494893
uci_bank_494894,2010-01-19,UCI ONLINE RETAIL UCI-494894,0.0,279.0,1007518.15,setl_494894
uci_bank_494895,2010-01-19,UCI ONLINE RETAIL UCI-494895,0.0,724.13,1008242.28,setl_494895
uci_bank_494896,2010-01-19,UCI ONLINE RETAIL UCI-494896,0.0,360.87,1008603.15,setl_494896
uci_bank_494897,2010-01-19,UCI ONLINE RETAIL UCI-494897,0.0,537.78,1009140.93,setl_494897
uci_bank_494898,2010-01-19,UCI ONLINE RETAIL UCI-494898,0.0,122.7,1009263.63,setl_494898
uci_bank_494899,2010-01-19,UCI ONLINE RETAIL UCI-494899,0.0,72.0,1009335.63,setl_494899
uci_bank_494900,2010-01-19,UCI ONLINE RETAIL UCI-494900,0.0,684.48,1010020.11,setl_494900
uci_bank_494904,2010-01-19,UCI ONLINE RETAIL UCI-494904,0.0,310.26,1010330.37,setl_494904
uci_bank_494905,2010-01-19,UCI ONLINE RETAIL UCI-494905,0.0,200.18,1010530.55,setl_494905
uci_bank_494906,2010-01-19,UCI ONLINE RETAIL UCI-494906,0.0,273.56,1010804.11,setl_494906
uci_bank_494908,2010-01-19,UCI ONLINE RETAIL UCI-494908,0.0,152.64,1010956.75,setl_494908
uci_bank_494912,2010-01-19,UCI ONLINE RETAIL UCI-494912,0.0,1376.46,1012333.21,setl_494912
uci_bank_494913,2010-01-19,UCI ONLINE RETAIL UCI-494913,0.0,189.95,1012523.16,setl_494913
uci_bank_494914,2010-01-19,UCI ONLINE RETAIL UCI-494914,0.0,771.64,1013294.8,setl_494914
uci_bank_494915,2010-01-19,UCI ONLINE RETAIL UCI-494915,0.0,972.44,1014267.24,setl_494915
uci_bank_494916,2010-01-19,UCI ONLINE RETAIL UCI-494916,0.0,174.12,1014441.36,setl_494916
uci_bank_494917,2010-01-19,UCI ONLINE RETAIL UCI-494917,0.0,183.2,1014624.56,setl_494917
uci_bank_494919,2010-01-20,UCI ONLINE RETAIL UCI-494919,0.0,1352.4,1015976.96,setl_494919
uci_bank_494920,2010-01-20,UCI ONLINE RETAIL UCI-494920,0.0,35.72,1016012.68,setl_494920
uci_bank_494921,2010-01-20,UCI ONLINE RETAIL UCI-494921,0.0,323.0,1016335.68,setl_494921
uci_bank_494922,2010-01-20,UCI ONLINE RETAIL UCI-494922,0.0,282.33,1016618.01,setl_494922
uci_bank_494930,2010-01-20,UCI ONLINE RETAIL UCI-494930,0.0,480.0,1017098.01,setl_494930
uci_bank_494931,2010-01-20,UCI ONLINE RETAIL UCI-494931,0.0,1135.01,1018233.02,setl_494931
uci_bank_494946,2010-01-20,UCI ONLINE RETAIL UCI-494946,0.0,554.94,1018787.96,setl_494946
uci_bank_494966,2010-01-20,UCI ONLINE RETAIL UCI-494966,0.0,278.17,1019066.13,setl_494966
uci_bank_494971,2010-01-20,UCI ONLINE RETAIL UCI-494971,0.0,221.32,1019287.45,setl_494971
uci_bank_494987,2010-01-20,UCI ONLINE RETAIL UCI-494987,0.0,777.53,1020064.98,setl_494987
uci_bank_494989,2010-01-20,UCI ONLINE RETAIL UCI-494989,0.0,348.71,1020413.69,setl_494989
uci_bank_494990,2010-01-20,UCI ONLINE RETAIL UCI-494990,0.0,322.29,1020735.98,setl_494990
uci_bank_494991,2010-01-20,UCI ONLINE RETAIL UCI-494991,0.0,211.85,1020947.83,setl_494991
uci_bank_494993,2010-01-20,UCI ONLINE RETAIL UCI-494993,0.0,133.25,1021081.08,setl_494993
uci_bank_494994,2010-01-20,UCI ONLINE RETAIL UCI-494994,0.0,216.0,1021297.08,setl_494994
uci_bank_494995,2010-01-20,UCI ONLINE RETAIL UCI-494995,0.0,301.58,1021598.66,setl_494995
uci_bank_494997,2010-01-20,UCI ONLINE RETAIL UCI-494997,0.0,228.96,1021827.62,setl_494997
uci_bank_494996,2010-01-20,UCI ONLINE RETAIL UCI-494996,0.0,133.8,1021961.42,setl_494996
uci_bank_495009,2010-01-20,UCI ONLINE RETAIL UCI-495009,0.0,171.46,1022132.88,setl_495009
uci_bank_495010,2010-01-20,UCI ONLINE RETAIL UCI-495010,0.0,181.45,1022314.33,setl_495010
uci_bank_495011,2010-01-20,UCI ONLINE RETAIL UCI-495011,0.0,161.3,1022475.63,setl_495011
uci_bank_495016,2010-01-20,UCI ONLINE RETAIL UCI-495016,0.0,529.01,1023004.64,setl_495016
uci_bank_495020,2010-01-20,UCI ONLINE RETAIL UCI-495020,0.0,846.46,1023851.1,setl_495020
uci_bank_495022,2010-01-20,UCI ONLINE RETAIL UCI-495022,0.0,9.7,1023860.8,setl_495022
uci_bank_495028,2010-01-20,UCI ONLINE RETAIL UCI-495028,0.0,202.35,1024063.15,setl_495028
uci_bank_495029,2010-01-20,UCI ONLINE RETAIL UCI-495029,0.0,255.64,1024318.79,setl_495029
uci_bank_495030,2010-01-20,UCI ONLINE RETAIL UCI-495030,0.0,835.45,1025154.24,setl_495030
uci_bank_495031,2010-01-20,UCI ONLINE RETAIL UCI-495031,0.0,463.16,1025617.4,setl_495031
uci_bank_495033,2010-01-20,UCI ONLINE RETAIL UCI-495033,0.0,81.75,1025699.15,setl_495033
uci_bank_495053,2010-01-20,UCI ONLINE RETAIL UCI-495053,0.0,101.43,1025800.58,setl_495053
uci_bank_495055,2010-01-20,UCI ONLINE RETAIL UCI-495055,0.0,756.85,1026557.43,setl_495055
uci_bank_495056,2010-01-20,UCI ONLINE RETAIL UCI-495056,0.0,756.85,1027314.28,setl_495056
uci_bank_495057,2010-01-20,UCI ONLINE RETAIL UCI-495057,0.0,282.75,1027597.03,setl_495057
uci_bank_495058,2010-01-20,UCI ONLINE RETAIL UCI-495058,0.0,167.1,1027764.13,setl_495058
uci_bank_495059,2010-01-20,UCI ONLINE RETAIL UCI-495059,0.0,226.89,1027991.02,setl_495059
uci_bank_495071,2010-01-21,UCI ONLINE RETAIL UCI-495071,0.0,455.0,1028446.02,setl_495071
uci_bank_495072,2010-01-21,UCI ONLINE RETAIL UCI-495072,0.0,833.52,1029279.54,setl_495072
uci_bank_495073,2010-01-21,UCI ONLINE RETAIL UCI-495073,0.0,3590.07,1032869.61,setl_495073
uci_bank_495074,2010-01-21,UCI ONLINE RETAIL UCI-495074,0.0,108.72,1032978.33,setl_495074
uci_bank_495075,2010-01-21,UCI ONLINE RETAIL UCI-495075,0.0,411.92,1033390.25,setl_495075
uci_bank_495077,2010-01-21,UCI ONLINE RETAIL UCI-495077,0.0,303.8,1033694.05,setl_495077
uci_bank_495078,2010-01-21,UCI ONLINE RETAIL UCI-495078,0.0,157.8,1033851.85,setl_495078
uci_bank_495079,2010-01-21,UCI ONLINE RETAIL UCI-495079,0.0,274.89,1034126.74,setl_495079
uci_bank_495080,2010-01-21,UCI ONLINE RETAIL UCI-495080,0.0,54.95,1034181.69,setl_495080
uci_bank_495085,2010-01-21,UCI ONLINE RETAIL UCI-495085,0.0,303.87,1034485.56,setl_495085
uci_bank_495090,2010-01-21,UCI ONLINE RETAIL UCI-495090,0.0,537.25,1035022.81,setl_495090
uci_bank_495102,2010-01-21,UCI ONLINE RETAIL UCI-495102,0.0,686.22,1035709.03,setl_495102
uci_bank_495110,2010-01-21,UCI ONLINE RETAIL UCI-495110,0.0,199.53,1035908.56,setl_495110
uci_bank_495148,2010-01-21,UCI ONLINE RETAIL UCI-495148,0.0,523.48,1036432.04,setl_495148
uci_bank_495149,2010-01-21,UCI ONLINE RETAIL UCI-495149,0.0,216.22,1036648.26,setl_495149
uci_bank_495151,2010-01-21,UCI ONLINE RETAIL UCI-495151,0.0,104.38,1036752.64,setl_495151
uci_bank_495150,2010-01-21,UCI ONLINE RETAIL UCI-495150,0.0,149.0,1036901.64,setl_495150
uci_bank_495152,2010-01-21,UCI ONLINE RETAIL UCI-495152,0.0,393.88,1037295.52,setl_495152
uci_bank_495153,2010-01-21,UCI ONLINE RETAIL UCI-495153,0.0,438.05,1037733.57,setl_495153
uci_bank_495154,2010-01-21,UCI ONLINE RETAIL UCI-495154,0.0,130.8,1037864.37,setl_495154
uci_bank_495158,2010-01-21,UCI ONLINE RETAIL UCI-495158,0.0,218.8,1038083.17,setl_495158
uci_bank_495171,2010-01-21,UCI ONLINE RETAIL UCI-495171,0.0,133.15,1038216.32,setl_495171
uci_bank_495176,2010-01-21,UCI ONLINE RETAIL UCI-495176,0.0,413.0,1038629.32,setl_495176
uci_bank_495177,2010-01-21,UCI ONLINE RETAIL UCI-495177,0.0,412.15,1039041.47,setl_495177
uci_bank_495178,2010-01-21,UCI ONLINE RETAIL UCI-495178,0.0,534.7,1039576.17,setl_495178
uci_bank_495179,2010-01-21,UCI ONLINE RETAIL UCI-495179,0.0,260.0,1039836.17,setl_495179
uci_bank_495182,2010-01-21,UCI ONLINE RETAIL UCI-495182,0.0,269.91,1040106.08,setl_495182
uci_bank_495183,2010-01-21,UCI ONLINE RETAIL UCI-495183,0.0,1210.43,1041316.51,setl_495183
uci_bank_495184,2010-01-21,UCI ONLINE RETAIL UCI-495184,0.0,345.29,1041661.8,setl_495184
uci_bank_495185,2010-01-21,UCI ONLINE RETAIL UCI-495185,0.0,2507.06,1044168.86,setl_495185
uci_bank_495188,2010-01-21,UCI ONLINE RETAIL UCI-495188,0.0,588.45,1044757.31,setl_495188
uci_bank_495187,2010-01-21,UCI ONLINE RETAIL UCI-495187,0.0,527.3,1045284.61,setl_495187
uci_bank_495189,2010-01-21,UCI ONLINE RETAIL UCI-495189,0.0,127.48,1045412.09,setl_495189
uci_bank_495192,2010-01-21,UCI ONLINE RETAIL UCI-495192,0.0,324.9,1045736.99,setl_495192
uci_bank_495193,2010-01-21,UCI ONLINE RETAIL UCI-495193,0.0,227.1,1045964.09,setl_495193
uci_bank_495194,2010-01-21,UCI ONLINE RETAIL UCI-495194,0.0,6989.4,1052953.49,setl_495194
uci_bank_495195,2010-01-21,UCI ONLINE RETAIL UCI-495195,0.0,368.8,1053322.29,setl_495195
uci_bank_495196,2010-01-21,UCI ONLINE RETAIL UCI-495196,0.0,25.3,1053347.59,setl_495196
uci_bank_495197,2010-01-21,UCI ONLINE RETAIL UCI-495197,0.0,284.2,1053631.79,setl_495197
uci_bank_495198,2010-01-21,UCI ONLINE RETAIL UCI-495198,0.0,373.8,1054005.59,setl_495198
uci_bank_495200,2010-01-21,UCI ONLINE RETAIL UCI-495200,0.0,323.66,1054329.25,setl_495200
uci_bank_495206,2010-01-21,UCI ONLINE RETAIL UCI-495206,0.0,258.09,1054587.34,setl_495206
uci_bank_495208,2010-01-21,UCI ONLINE RETAIL UCI-495208,0.0,11.25,1054598.59,setl_495208
uci_bank_495215,2010-01-21,UCI ONLINE RETAIL UCI-495215,0.0,192.45,1054791.04,setl_495215
uci_bank_495225,2010-01-21,UCI ONLINE RETAIL UCI-495225,0.0,173.66,1054964.7,setl_495225
uci_bank_495224,2010-01-21,UCI ONLINE RETAIL UCI-495224,0.0,17.49,1054982.19,setl_495224
uci_bank_495226,2010-01-21,UCI ONLINE RETAIL UCI-495226,0.0,212.25,1055194.44,setl_495226
uci_bank_495227,2010-01-21,UCI ONLINE RETAIL UCI-495227,0.0,188.54,1055382.98,setl_495227
uci_bank_495228,2010-01-22,UCI ONLINE RETAIL UCI-495228,0.0,8951.24,1064334.22,setl_495228
uci_bank_495229,2010-01-22,UCI ONLINE RETAIL UCI-495229,0.0,1222.32,1065556.54,setl_495229
uci_bank_495230,2010-01-22,UCI ONLINE RETAIL UCI-495230,0.0,724.92,1066281.46,setl_495230
uci_bank_495232,2010-01-22,UCI ONLINE RETAIL UCI-495232,0.0,1193.89,1067475.35,setl_495232
uci_bank_495233,2010-01-22,UCI ONLINE RETAIL UCI-495233,0.0,96.0,1067571.35,setl_495233
uci_bank_495235,2010-01-22,UCI ONLINE RETAIL UCI-495235,0.0,1193.89,1068765.24,setl_495235
uci_bank_495236,2010-01-22,UCI ONLINE RETAIL UCI-495236,0.0,812.44,1069577.68,setl_495236
uci_bank_495237,2010-01-22,UCI ONLINE RETAIL UCI-495237,0.0,526.96,1070104.64,setl_495237
uci_bank_495238,2010-01-22,UCI ONLINE RETAIL UCI-495238,0.0,302.06,1070406.7,setl_495238
uci_bank_495240,2010-01-22,UCI ONLINE RETAIL UCI-495240,0.0,555.0,1070961.7,setl_495240
uci_bank_495241,2010-01-22,UCI ONLINE RETAIL UCI-495241,0.0,436.3,1071398.0,setl_495241
uci_bank_495242,2010-01-22,UCI ONLINE RETAIL UCI-495242,0.0,13.5,1071411.5,setl_495242
uci_bank_495243,2010-01-22,UCI ONLINE RETAIL UCI-495243,0.0,256.95,1071668.45,setl_495243
uci_bank_495244,2010-01-22,UCI ONLINE RETAIL UCI-495244,0.0,920.95,1072589.4,setl_495244
uci_bank_495276,2010-01-22,UCI ONLINE RETAIL UCI-495276,0.0,1075.3,1073664.7,setl_495276
uci_bank_495277,2010-01-22,UCI ONLINE RETAIL UCI-495277,0.0,210.05,1073874.75,setl_495277
uci_bank_495279,2010-01-22,UCI ONLINE RETAIL UCI-495279,0.0,597.44,1074472.19,setl_495279
uci_bank_495280,2010-01-22,UCI ONLINE RETAIL UCI-495280,0.0,323.65,1074795.84,setl_495280
uci_bank_495289,2010-01-22,UCI ONLINE RETAIL UCI-495289,0.0,302.4,1075098.24,setl_495289
uci_bank_495290,2010-01-22,UCI ONLINE RETAIL UCI-495290,0.0,299.89,1075398.13,setl_495290
uci_bank_495291,2010-01-22,UCI ONLINE RETAIL UCI-495291,0.0,256.6,1075654.73,setl_495291
uci_bank_495292,2010-01-22,UCI ONLINE RETAIL UCI-495292,0.0,231.55,1075886.28,setl_495292
uci_bank_495293,2010-01-22,UCI ONLINE RETAIL UCI-495293,0.0,192.51,1076078.79,setl_495293
uci_bank_495294,2010-01-22,UCI ONLINE RETAIL UCI-495294,0.0,238.78,1076317.57,setl_495294
uci_bank_495295,2010-01-22,UCI ONLINE RETAIL UCI-495295,0.0,22.5,1076340.07,setl_495295
uci_bank_495300,2010-01-22,UCI ONLINE RETAIL UCI-495300,0.0,1120.46,1077460.53,setl_495300
uci_bank_495302,2010-01-22,UCI ONLINE RETAIL UCI-495302,0.0,189.0,1077649.53,setl_495302
uci_bank_495304,2010-01-22,UCI ONLINE RETAIL UCI-495304,0.0,701.55,1078351.08,setl_495304
uci_bank_495307,2010-01-22,UCI ONLINE RETAIL UCI-495307,0.0,908.14,1079259.22,setl_495307
uci_bank_495308,2010-01-22,UCI ONLINE RETAIL UCI-495308,0.0,20.45,1079279.67,setl_495308
uci_bank_495310,2010-01-22,UCI ONLINE RETAIL UCI-495310,0.0,1807.98,1081087.65,setl_495310
uci_bank_495311,2010-01-22,UCI ONLINE RETAIL UCI-495311,0.0,237.65,1081325.3,setl_495311
uci_bank_495312,2010-01-22,UCI ONLINE RETAIL UCI-495312,0.0,181.39,1081506.69,setl_495312
uci_bank_495313,2010-01-22,UCI ONLINE RETAIL UCI-495313,0.0,319.38,1081826.07,setl_495313
uci_bank_495314,2010-01-22,UCI ONLINE RETAIL UCI-495314,0.0,115.49,1081941.56,setl_495314
uci_bank_495316,2010-01-22,UCI ONLINE RETAIL UCI-495316,0.0,48.2,1081989.76,setl_495316
uci_bank_495317,2010-01-22,UCI ONLINE RETAIL UCI-495317,0.0,787.35,1082777.11,setl_495317
uci_bank_495318,2010-01-22,UCI ONLINE RETAIL UCI-495318,0.0,80.2,1082857.31,setl_495318
uci_bank_495322,2010-01-22,UCI ONLINE RETAIL UCI-495322,0.0,286.18,1083143.49,setl_495322
uci_bank_495331,2010-01-22,UCI ONLINE RETAIL UCI-495331,0.0,614.19,1083757.68,setl_495331
uci_bank_495333,2010-01-22,UCI ONLINE RETAIL UCI-495333,0.0,16.95,1083774.63,setl_495333
uci_bank_495340,2010-01-22,UCI ONLINE RETAIL UCI-495340,0.0,982.83,1084757.46,setl_495340
uci_bank_495344,2010-01-24,UCI ONLINE RETAIL UCI-495344,0.0,277.68,1085035.14,setl_495344
uci_bank_495345,2010-01-24,UCI ONLINE RETAIL UCI-495345,0.0,441.26,1085476.4,setl_495345
uci_bank_495346,2010-01-24,UCI ONLINE RETAIL UCI-495346,0.0,137.12,1085613.52,setl_495346
uci_bank_495347,2010-01-24,UCI ONLINE RETAIL UCI-495347,0.0,162.25,1085775.77,setl_495347
uci_bank_495348,2010-01-24,UCI ONLINE RETAIL UCI-495348,0.0,238.89,1086014.66,setl_495348
uci_bank_495349,2010-01-24,UCI ONLINE RETAIL UCI-495349,0.0,315.55,1086330.21,setl_495349
uci_bank_495350,2010-01-24,UCI ONLINE RETAIL UCI-495350,0.0,118.31,1086448.52,setl_495350
uci_bank_495351,2010-01-24,UCI ONLINE RETAIL UCI-495351,0.0,436.35,1086884.87,setl_495351
uci_bank_495352,2010-01-24,UCI ONLINE RETAIL UCI-495352,0.0,154.77,1087039.64,setl_495352
uci_bank_495353,2010-01-24,UCI ONLINE RETAIL UCI-495353,0.0,159.1,1087198.74,setl_495353
uci_bank_495354,2010-01-24,UCI ONLINE RETAIL UCI-495354,0.0,394.6,1087593.34,setl_495354
uci_bank_495355,2010-01-24,UCI ONLINE RETAIL UCI-495355,0.0,379.33,1087972.67,setl_495355
uci_bank_495356,2010-01-24,UCI ONLINE RETAIL UCI-495356,0.0,307.1,1088279.77,setl_495356
uci_bank_495357,2010-01-24,UCI ONLINE RETAIL UCI-495357,0.0,185.06,1088464.83,setl_495357
uci_bank_495358,2010-01-24,UCI ONLINE RETAIL UCI-495358,0.0,924.64,1089389.47,setl_495358
uci_bank_495359,2010-01-24,UCI ONLINE RETAIL UCI-495359,0.0,1018.98,1090408.45,setl_495359
uci_bank_495360,2010-01-24,UCI ONLINE RETAIL UCI-495360,0.0,557.53,1090965.98,setl_495360
uci_bank_495361,2010-01-24,UCI ONLINE RETAIL UCI-495361,0.0,76.4,1091042.38,setl_495361
uci_bank_495362,2010-01-24,UCI ONLINE RETAIL UCI-495362,0.0,950.72,1091993.1,setl_495362
uci_bank_495364,2010-01-24,UCI ONLINE RETAIL UCI-495364,0.0,106.65,1092099.75,setl_495364
uci_bank_495365,2010-01-24,UCI ONLINE RETAIL UCI-495365,0.0,501.23,1092600.98,setl_495365
uci_bank_495366,2010-01-24,UCI ONLINE RETAIL UCI-495366,0.0,297.63,1092898.61,setl_495366
uci_bank_495367,2010-01-24,UCI ONLINE RETAIL UCI-495367,0.0,326.55,1093225.16,setl_495367
uci_bank_495369,2010-01-24,UCI ONLINE RETAIL UCI-495369,0.0,565.79,1093790.95,setl_495369
uci_bank_495370,2010-01-24,UCI ONLINE RETAIL UCI-495370,0.0,16.44,1093807.39,setl_495370
uci_bank_495371,2010-01-24,UCI ONLINE RETAIL UCI-495371,0.0,378.71,1094186.1,setl_495371
uci_bank_495372,2010-01-24,UCI ONLINE RETAIL UCI-495372,0.0,260.84,1094446.94,setl_495372
uci_bank_495374,2010-01-24,UCI ONLINE RETAIL UCI-495374,0.0,308.01,1094754.95,setl_495374
uci_bank_495375,2010-01-24,UCI ONLINE RETAIL UCI-495375,0.0,409.93,1095164.88,setl_495375
uci_bank_495376,2010-01-24,UCI ONLINE RETAIL UCI-495376,0.0,139.65,1095304.53,setl_495376
uci_bank_495377,2010-01-24,UCI ONLINE RETAIL UCI-495377,0.0,475.0,1095779.53,setl_495377
uci_bank_495378,2010-01-24,UCI ONLINE RETAIL UCI-495378,0.0,61.35,1095840.88,setl_495378
uci_bank_495379,2010-01-24,UCI ONLINE RETAIL UCI-495379,0.0,435.54,1096276.42,setl_495379
uci_bank_495380,2010-01-24,UCI ONLINE RETAIL UCI-495380,0.0,296.68,1096573.1,setl_495380
uci_bank_495381,2010-01-24,UCI ONLINE RETAIL UCI-495381,0.0,397.05,1096970.15,setl_495381
uci_bank_495382,2010-01-24,UCI ONLINE RETAIL UCI-495382,0.0,200.2,1097170.35,setl_495382
uci_bank_495383,2010-01-24,UCI ONLINE RETAIL UCI-495383,0.0,281.1,1097451.45,setl_495383
uci_bank_495384,2010-01-24,UCI ONLINE RETAIL UCI-495384,0.0,125.34,1097576.79,setl_495384
uci_bank_495385,2010-01-24,UCI ONLINE RETAIL UCI-495385,0.0,257.3,1097834.09,setl_495385
uci_bank_495386,2010-01-24,UCI ONLINE RETAIL UCI-495386,0.0,162.65,1097996.74,setl_495386
uci_bank_495387,2010-01-24,UCI ONLINE RETAIL UCI-495387,0.0,357.88,1098354.62,setl_495387
uci_bank_495388,2010-01-24,UCI ONLINE RETAIL UCI-495388,0.0,364.73,1098719.35,setl_495388
uci_bank_495389,2010-01-24,UCI ONLINE RETAIL UCI-495389,0.0,245.17,1098964.52,setl_495389
uci_bank_495390,2010-01-24,UCI ONLINE RETAIL UCI-495390,0.0,225.5,1099190.02,setl_495390
uci_bank_495391,2010-01-24,UCI ONLINE RETAIL UCI-495391,0.0,340.17,1099530.19,setl_495391
uci_bank_495392,2010-01-24,UCI ONLINE RETAIL UCI-495392,0.0,285.35,1099815.54,setl_495392
uci_bank_495393,2010-01-24,UCI ONLINE RETAIL UCI-495393,0.0,175.26,1099990.8,setl_495393
uci_bank_495394,2010-01-24,UCI ONLINE RETAIL UCI-495394,0.0,135.0,1100125.8,setl_495394
uci_bank_495395,2010-01-24,UCI ONLINE RETAIL UCI-495395,0.0,323.38,1100449.18,setl_495395
uci_bank_495396,2010-01-25,UCI ONLINE RETAIL UCI-495396,0.0,462.05,1100911.23,setl_495396
uci_bank_495397,2010-01-25,UCI ONLINE RETAIL UCI-495397,0.0,332.55,1101243.78,setl_495397
uci_bank_495398,2010-01-25,UCI ONLINE RETAIL UCI-495398,0.0,518.35,1101762.13,setl_495398
uci_bank_495399,2010-01-25,UCI ONLINE RETAIL UCI-495399,0.0,521.77,1102283.9,setl_495399
uci_bank_495400,2010-01-25,UCI ONLINE RETAIL UCI-495400,0.0,262.95,1102546.85,setl_495400
uci_bank_495401,2010-01-25,UCI ONLINE RETAIL UCI-495401,0.0,627.77,1103174.62,setl_495401
uci_bank_495402,2010-01-25,UCI ONLINE RETAIL UCI-495402,0.0,302.2,1103476.82,setl_495402
uci_bank_495404,2010-01-25,UCI ONLINE RETAIL UCI-495404,0.0,1432.02,1104908.84,setl_495404
uci_bank_495405,2010-01-25,UCI ONLINE RETAIL UCI-495405,0.0,247.55,1105156.39,setl_495405
uci_bank_495407,2010-01-25,UCI ONLINE RETAIL UCI-495407,0.0,350.73,1105507.12,setl_495407
uci_bank_495408,2010-01-25,UCI ONLINE RETAIL UCI-495408,0.0,140.55,1105647.67,setl_495408
uci_bank_495409,2010-01-25,UCI ONLINE RETAIL UCI-495409,0.0,310.67,1105958.34,setl_495409
uci_bank_495414,2010-01-25,UCI ONLINE RETAIL UCI-495414,0.0,83.14,1106041.48,setl_495414
uci_bank_495415,2010-01-25,UCI ONLINE RETAIL UCI-495415,0.0,344.75,1106386.23,setl_495415
uci_bank_495439,2010-01-25,UCI ONLINE RETAIL UCI-495439,0.0,422.7,1106808.93,setl_495439
uci_bank_495456,2010-01-25,UCI ONLINE RETAIL UCI-495456,0.0,312.1,1107121.03,setl_495456
uci_bank_495467,2010-01-25,UCI ONLINE RETAIL UCI-495467,0.0,1051.92,1108172.95,setl_495467
uci_bank_495487,2010-01-25,UCI ONLINE RETAIL UCI-495487,0.0,772.87,1108945.82,setl_495487
uci_bank_495488,2010-01-25,UCI ONLINE RETAIL UCI-495488,0.0,627.43,1109573.25,setl_495488
uci_bank_495501,2010-01-25,UCI ONLINE RETAIL UCI-495501,0.0,352.2,1109925.45,setl_495501
uci_bank_495503,2010-01-25,UCI ONLINE RETAIL UCI-495503,0.0,342.42,1110267.87,setl_495503
uci_bank_495504,2010-01-25,UCI ONLINE RETAIL UCI-495504,0.0,617.97,1110885.84,setl_495504
uci_bank_495505,2010-01-25,UCI ONLINE RETAIL UCI-495505,0.0,215.7,1111101.54,setl_495505
uci_bank_495506,2010-01-25,UCI ONLINE RETAIL UCI-495506,0.0,46.5,1111148.04,setl_495506
uci_bank_495507,2010-01-25,UCI ONLINE RETAIL UCI-495507,0.0,536.85,1111684.89,setl_495507
uci_bank_495508,2010-01-25,UCI ONLINE RETAIL UCI-495508,0.0,1025.46,1112710.35,setl_495508
uci_bank_495509,2010-01-25,UCI ONLINE RETAIL UCI-495509,0.0,454.74,1113165.09,setl_495509
uci_bank_495510,2010-01-25,UCI ONLINE RETAIL UCI-495510,0.0,183.93,1113349.02,setl_495510
uci_bank_495512,2010-01-25,UCI ONLINE RETAIL UCI-495512,0.0,616.18,1113965.2,setl_495512
uci_bank_495514,2010-01-25,UCI ONLINE RETAIL UCI-495514,0.0,144.65,1114109.85,setl_495514
uci_bank_495524,2010-01-25,UCI ONLINE RETAIL UCI-495524,0.0,19.95,1114129.8,setl_495524
uci_bank_495526,2010-01-25,UCI ONLINE RETAIL UCI-495526,0.0,379.13,1114508.93,setl_495526
uci_bank_495527,2010-01-25,UCI ONLINE RETAIL UCI-495527,0.0,180.45,1114689.38,setl_495527
uci_bank_495529,2010-01-25,UCI ONLINE RETAIL UCI-495529,0.0,445.34,1115134.72,setl_495529
uci_bank_495530,2010-01-25,UCI ONLINE RETAIL UCI-495530,0.0,730.94,1115865.66,setl_495530
uci_bank_495531,2010-01-25,UCI ONLINE RETAIL UCI-495531,0.0,170.81,1116036.47,setl_495531
uci_bank_495533,2010-01-25,UCI ONLINE RETAIL UCI-495533,0.0,215.46,1116251.93,setl_495533
uci_bank_495534,2010-01-25,UCI ONLINE RETAIL UCI-495534,0.0,305.34,1116557.27,setl_495534
uci_bank_495536,2010-01-25,UCI ONLINE RETAIL UCI-495536,0.0,204.6,1116761.87,setl_495536
uci_bank_495544,2010-01-25,UCI ONLINE RETAIL UCI-495544,0.0,452.6,1117214.47,setl_495544
uci_bank_495546,2010-01-25,UCI ONLINE RETAIL UCI-495546,0.0,818.01,1118032.48,setl_495546
uci_bank_495547,2010-01-25,UCI ONLINE RETAIL UCI-495547,0.0,235.5,1118267.98,setl_495547
uci_bank_495548,2010-01-25,UCI ONLINE RETAIL UCI-495548,0.0,13.2,1118281.18,setl_495548
uci_bank_495549,2010-01-25,UCI ONLINE RETAIL UCI-495549,0.0,387.74,1118668.92,setl_495549
uci_bank_495551,2010-01-25,UCI ONLINE RETAIL UCI-495551,0.0,155.45,1118824.37,setl_495551
uci_bank_495575,2010-01-26,UCI ONLINE RETAIL UCI-495575,0.0,505.13,1119329.5,setl_495575
uci_bank_495576,2010-01-26,UCI ONLINE RETAIL UCI-495576,0.0,302.55,1119632.05,setl_495576
uci_bank_495577,2010-01-26,UCI ONLINE RETAIL UCI-495577,0.0,301.8,1119933.85,setl_495577
uci_bank_495578,2010-01-26,UCI ONLINE RETAIL UCI-495578,0.0,267.22,1120201.07,setl_495578
uci_bank_495580,2010-01-26,UCI ONLINE RETAIL UCI-495580,0.0,132.2,1120333.27,setl_495580
uci_bank_495581,2010-01-26,UCI ONLINE RETAIL UCI-495581,0.0,441.23,1120774.5,setl_495581
uci_bank_495584,2010-01-26,UCI ONLINE RETAIL UCI-495584,0.0,229.59,1121004.09,setl_495584
uci_bank_495591,2010-01-26,UCI ONLINE RETAIL UCI-495591,0.0,18570.88,1139574.97,setl_495591
uci_bank_495605,2010-01-26,UCI ONLINE RETAIL UCI-495605,0.0,455.02,1140029.99,setl_495605
uci_bank_495609,2010-01-26,UCI ONLINE RETAIL UCI-495609,0.0,54.0,1140083.99,setl_495609
uci_bank_495633,2010-01-26,UCI ONLINE RETAIL UCI-495633,0.0,133.01,1140217.0,setl_495633
uci_bank_495634,2010-01-26,UCI ONLINE RETAIL UCI-495634,0.0,221.5,1140438.5,setl_495634
uci_bank_495676,2010-01-26,UCI ONLINE RETAIL UCI-495676,0.0,388.24,1140826.74,setl_495676
uci_bank_495677,2010-01-26,UCI ONLINE RETAIL UCI-495677,0.0,220.6,1141047.34,setl_495677
uci_bank_495678,2010-01-26,UCI ONLINE RETAIL UCI-495678,0.0,374.35,1141421.69,setl_495678
uci_bank_495681,2010-01-26,UCI ONLINE RETAIL UCI-495681,0.0,495.72,1141917.41,setl_495681
uci_bank_495680,2010-01-26,UCI ONLINE RETAIL UCI-495680,0.0,556.66,1142474.07,setl_495680
uci_bank_495682,2010-01-26,UCI ONLINE RETAIL UCI-495682,0.0,389.86,1142863.93,setl_495682
uci_bank_495683,2010-01-26,UCI ONLINE RETAIL UCI-495683,0.0,140.95,1143004.88,setl_495683
uci_bank_495684,2010-01-26,UCI ONLINE RETAIL UCI-495684,0.0,34.78,1143039.66,setl_495684
uci_bank_495686,2010-01-26,UCI ONLINE RETAIL UCI-495686,0.0,633.25,1143672.91,setl_495686
uci_bank_495687,2010-01-26,UCI ONLINE RETAIL UCI-495687,0.0,76.52,1143749.43,setl_495687
uci_bank_495688,2010-01-26,UCI ONLINE RETAIL UCI-495688,0.0,352.29,1144101.72,setl_495688
uci_bank_495689,2010-01-26,UCI ONLINE RETAIL UCI-495689,0.0,565.15,1144666.87,setl_495689
uci_bank_495699,2010-01-26,UCI ONLINE RETAIL UCI-495699,0.0,1834.14,1146501.01,setl_495699
uci_bank_495700,2010-01-26,UCI ONLINE RETAIL UCI-495700,0.0,20.4,1146521.41,setl_495700
uci_bank_495702,2010-01-26,UCI ONLINE RETAIL UCI-495702,0.0,125.3,1146646.71,setl_495702
uci_bank_495703,2010-01-26,UCI ONLINE RETAIL UCI-495703,0.0,261.88,1146908.59,setl_495703
uci_bank_495706,2010-01-26,UCI ONLINE RETAIL UCI-495706,0.0,371.91,1147280.5,setl_495706
uci_bank_495707,2010-01-26,UCI ONLINE RETAIL UCI-495707,0.0,296.4,1147576.9,setl_495707
uci_bank_495708,2010-01-26,UCI ONLINE RETAIL UCI-495708,0.0,453.38,1148030.28,setl_495708
uci_bank_495710,2010-01-26,UCI ONLINE RETAIL UCI-495710,0.0,630.79,1148661.07,setl_495710
uci_bank_495711,2010-01-26,UCI ONLINE RETAIL UCI-495711,0.0,544.22,1149205.29,setl_495711
uci_bank_495712,2010-01-26,UCI ONLINE RETAIL UCI-495712,0.0,781.52,1149986.81,setl_495712
uci_bank_495713,2010-01-26,UCI ONLINE RETAIL UCI-495713,0.0,177.0,1150163.81,setl_495713
uci_bank_495715,2010-01-26,UCI ONLINE RETAIL UCI-495715,0.0,114.28,1150278.09,setl_495715
uci_bank_495716,2010-01-26,UCI ONLINE RETAIL UCI-495716,0.0,593.66,1150871.75,setl_495716
uci_bank_495718,2010-01-26,UCI ONLINE RETAIL UCI-495718,0.0,234.57,1151106.32,setl_495718
uci_bank_495719,2010-01-26,UCI ONLINE RETAIL UCI-495719,0.0,109.2,1151215.52,setl_495719
uci_bank_495720,2010-01-26,UCI ONLINE RETAIL UCI-495720,0.0,430.3,1151645.82,setl_495720
uci_bank_495721,2010-01-26,UCI ONLINE RETAIL UCI-495721,0.0,216.04,1151861.86,setl_495721
uci_bank_495722,2010-01-26,UCI ONLINE RETAIL UCI-495722,0.0,301.54,1152163.4,setl_495722
uci_bank_495724,2010-01-26,UCI ONLINE RETAIL UCI-495724,0.0,108.84,1152272.24,setl_495724
uci_bank_495725,2010-01-26,UCI ONLINE RETAIL UCI-495725,0.0,533.44,1152805.68,setl_495725
uci_bank_495726,2010-01-26,UCI ONLINE RETAIL UCI-495726,0.0,346.3,1153151.98,setl_495726
uci_bank_495727,2010-01-26,UCI ONLINE RETAIL UCI-495727,0.0,201.6,1153353.58,setl_495727
uci_bank_495731,2010-01-26,UCI ONLINE RETAIL UCI-495731,0.0,267.79,1153621.37,setl_495731
uci_bank_495733,2010-01-26,UCI ONLINE RETAIL UCI-495733,0.0,68.34,1153689.71,setl_495733
uci_bank_495734,2010-01-26,UCI ONLINE RETAIL UCI-495734,0.0,205.82,1153895.53,setl_495734
uci_bank_495735,2010-01-26,UCI ONLINE RETAIL UCI-495735,0.0,201.56,1154097.09,setl_495735
uci_bank_495736,2010-01-26,UCI ONLINE RETAIL UCI-495736,0.0,21.0,1154118.09,setl_495736
uci_bank_495742,2010-01-26,UCI ONLINE RETAIL UCI-495742,0.0,63.24,1154181.33,setl_495742
uci_bank_495746,2010-01-26,UCI ONLINE RETAIL UCI-495746,0.0,281.75,1154463.08,setl_495746
uci_bank_495745,2010-01-26,UCI ONLINE RETAIL UCI-495745,0.0,56.73,1154519.81,setl_495745
uci_bank_495748,2010-01-26,UCI ONLINE RETAIL UCI-495748,0.0,117.72,1154637.53,setl_495748
uci_bank_495747,2010-01-26,UCI ONLINE RETAIL UCI-495747,0.0,129.23,1154766.76,setl_495747
uci_bank_495750,2010-01-26,UCI ONLINE RETAIL UCI-495750,0.0,132.79,1154899.55,setl_495750
uci_bank_495754,2010-01-26,UCI ONLINE RETAIL UCI-495754,0.0,15.58,1154915.13,setl_495754
uci_bank_495753,2010-01-26,UCI ONLINE RETAIL UCI-495753,0.0,178.31,1155093.44,setl_495753
uci_bank_495755,2010-01-26,UCI ONLINE RETAIL UCI-495755,0.0,342.8,1155436.24,setl_495755
uci_bank_495756,2010-01-26,UCI ONLINE RETAIL UCI-495756,0.0,39.67,1155475.91,setl_495756
uci_bank_495758,2010-01-26,UCI ONLINE RETAIL UCI-495758,0.0,274.2,1155750.11,setl_495758
uci_bank_495760,2010-01-26,UCI ONLINE RETAIL UCI-495760,0.0,64.13,1155814.24,setl_495760
uci_bank_495763,2010-01-26,UCI ONLINE RETAIL UCI-495763,0.0,107.14,1155921.38,setl_495763
uci_bank_495765,2010-01-26,UCI ONLINE RETAIL UCI-495765,0.0,29.95,1155951.33,setl_495765
uci_bank_495766,2010-01-26,UCI ONLINE RETAIL UCI-495766,0.0,84.58,1156035.91,setl_495766
uci_bank_495773,2010-01-26,UCI ONLINE RETAIL UCI-495773,0.0,4.57,1156040.48,setl_495773
uci_bank_495776,2010-01-26,UCI ONLINE RETAIL UCI-495776,0.0,49.35,1156089.83,setl_495776
uci_bank_495777,2010-01-26,UCI ONLINE RETAIL UCI-495777,0.0,179.45,1156269.28,setl_495777
uci_bank_495780,2010-01-26,UCI ONLINE RETAIL UCI-495780,0.0,16.33,1156285.61,setl_495780
uci_bank_495782,2010-01-26,UCI ONLINE RETAIL UCI-495782,0.0,139.71,1156425.32,setl_495782
uci_bank_495783,2010-01-26,UCI ONLINE RETAIL UCI-495783,0.0,48.96,1156474.28,setl_495783
uci_bank_495784,2010-01-26,UCI ONLINE RETAIL UCI-495784,0.0,11.31,1156485.59,setl_495784
uci_bank_495788,2010-01-26,UCI ONLINE RETAIL UCI-495788,0.0,11.9,1156497.49,setl_495788
uci_bank_495791,2010-01-26,UCI ONLINE RETAIL UCI-495791,0.0,243.63,1156741.12,setl_495791
uci_bank_495792,2010-01-26,UCI ONLINE RETAIL UCI-495792,0.0,114.89,1156856.01,setl_495792
uci_bank_495794,2010-01-26,UCI ONLINE RETAIL UCI-495794,0.0,41.09,1156897.1,setl_495794
uci_bank_495795,2010-01-26,UCI ONLINE RETAIL UCI-495795,0.0,27.82,1156924.92,setl_495795
uci_bank_495799,2010-01-26,UCI ONLINE RETAIL UCI-495799,0.0,81.61,1157006.53,setl_495799
uci_bank_495801,2010-01-26,UCI ONLINE RETAIL UCI-495801,0.0,77.52,1157084.05,setl_495801
uci_bank_495802,2010-01-26,UCI ONLINE RETAIL UCI-495802,0.0,387.54,1157471.59,setl_495802
uci_bank_495806,2010-01-27,UCI ONLINE RETAIL UCI-495806,0.0,478.9,1157950.49,setl_495806
uci_bank_495807,2010-01-27,UCI ONLINE RETAIL UCI-495807,0.0,184.3,1158134.79,setl_495807
uci_bank_495808,2010-01-27,UCI ONLINE RETAIL UCI-495808,0.0,188.44,1158323.23,setl_495808
uci_bank_495809,2010-01-27,UCI ONLINE RETAIL UCI-495809,0.0,324.5,1158647.73,setl_495809
uci_bank_495810,2010-01-27,UCI ONLINE RETAIL UCI-495810,0.0,492.4,1159140.13,setl_495810
uci_bank_495811,2010-01-27,UCI ONLINE RETAIL UCI-495811,0.0,304.1,1159444.23,setl_495811
uci_bank_495812,2010-01-27,UCI ONLINE RETAIL UCI-495812,0.0,345.72,1159789.95,setl_495812
uci_bank_495815,2010-01-27,UCI ONLINE RETAIL UCI-495815,0.0,595.95,1160385.9,setl_495815
uci_bank_495818,2010-01-27,UCI ONLINE RETAIL UCI-495818,0.0,148.63,1160534.53,setl_495818
uci_bank_495819,2010-01-27,UCI ONLINE RETAIL UCI-495819,0.0,158.4,1160692.93,setl_495819
uci_bank_495854,2010-01-27,UCI ONLINE RETAIL UCI-495854,0.0,348.61,1161041.54,setl_495854
uci_bank_495875,2010-01-27,UCI ONLINE RETAIL UCI-495875,0.0,398.16,1161439.7,setl_495875
uci_bank_495880,2010-01-27,UCI ONLINE RETAIL UCI-495880,0.0,1020.0,1162459.7,setl_495880
uci_bank_495882,2010-01-27,UCI ONLINE RETAIL UCI-495882,0.0,332.04,1162791.74,setl_495882
uci_bank_495883,2010-01-27,UCI ONLINE RETAIL UCI-495883,0.0,366.28,1163158.02,setl_495883
uci_bank_495884,2010-01-27,UCI ONLINE RETAIL UCI-495884,0.0,148.85,1163306.87,setl_495884
uci_bank_495885,2010-01-27,UCI ONLINE RETAIL UCI-495885,0.0,337.67,1163644.54,setl_495885
uci_bank_495886,2010-01-27,UCI ONLINE RETAIL UCI-495886,0.0,106.4,1163750.94,setl_495886
uci_bank_495887,2010-01-27,UCI ONLINE RETAIL UCI-495887,0.0,106.05,1163856.99,setl_495887
uci_bank_495889,2010-01-27,UCI ONLINE RETAIL UCI-495889,0.0,157.08,1164014.07,setl_495889
uci_bank_495898,2010-01-27,UCI ONLINE RETAIL UCI-495898,0.0,236.75,1164250.82,setl_495898
uci_bank_495906,2010-01-27,UCI ONLINE RETAIL UCI-495906,0.0,4385.71,1168636.53,setl_495906
uci_bank_495907,2010-01-27,UCI ONLINE RETAIL UCI-495907,0.0,602.3,1169238.83,setl_495907
uci_bank_495908,2010-01-27,UCI ONLINE RETAIL UCI-495908,0.0,854.8,1170093.63,setl_495908
uci_bank_495909,2010-01-27,UCI ONLINE RETAIL UCI-495909,0.0,104.95,1170198.58,setl_495909
uci_bank_495910,2010-01-27,UCI ONLINE RETAIL UCI-495910,0.0,198.84,1170397.42,setl_495910
uci_bank_495912,2010-01-27,UCI ONLINE RETAIL UCI-495912,0.0,558.14,1170955.56,setl_495912
uci_bank_495913,2010-01-27,UCI ONLINE RETAIL UCI-495913,0.0,394.6,1171350.16,setl_495913
uci_bank_495915,2010-01-27,UCI ONLINE RETAIL UCI-495915,0.0,300.68,1171650.84,setl_495915
uci_bank_495916,2010-01-27,UCI ONLINE RETAIL UCI-495916,0.0,346.95,1171997.79,setl_495916
uci_bank_495917,2010-01-27,UCI ONLINE RETAIL UCI-495917,0.0,533.72,1172531.51,setl_495917
uci_bank_495918,2010-01-27,UCI ONLINE RETAIL UCI-495918,0.0,15.9,1172547.41,setl_495918
uci_bank_495919,2010-01-27,UCI ONLINE RETAIL UCI-495919,0.0,823.15,1173370.56,setl_495919
uci_bank_495920,2010-01-27,UCI ONLINE RETAIL UCI-495920,0.0,770.15,1174140.71,setl_495920
uci_bank_495921,2010-01-27,UCI ONLINE RETAIL UCI-495921,0.0,357.59,1174498.3,setl_495921
uci_bank_495925,2010-01-27,UCI ONLINE RETAIL UCI-495925,0.0,325.38,1174823.68,setl_495925
uci_bank_495928,2010-01-27,UCI ONLINE RETAIL UCI-495928,0.0,1072.4,1175896.08,setl_495928
uci_bank_495929,2010-01-27,UCI ONLINE RETAIL UCI-495929,0.0,321.08,1176217.16,setl_495929
uci_bank_495935,2010-01-27,UCI ONLINE RETAIL UCI-495935,0.0,251.68,1176468.84,setl_495935
uci_bank_495936,2010-01-27,UCI ONLINE RETAIL UCI-495936,0.0,1356.63,1177825.47,setl_495936
uci_bank_495937,2010-01-27,UCI ONLINE RETAIL UCI-495937,0.0,363.1,1178188.57,setl_495937
uci_bank_495938,2010-01-27,UCI ONLINE RETAIL UCI-495938,0.0,582.3,1178770.87,setl_495938
uci_bank_495939,2010-01-27,UCI ONLINE RETAIL UCI-495939,0.0,168.55,1178939.42,setl_495939
uci_bank_495940,2010-01-27,UCI ONLINE RETAIL UCI-495940,0.0,201.2,1179140.62,setl_495940
uci_bank_495941,2010-01-27,UCI ONLINE RETAIL UCI-495941,0.0,151.95,1179292.57,setl_495941
uci_bank_495942,2010-01-27,UCI ONLINE RETAIL UCI-495942,0.0,67.6,1179360.17,setl_495942
uci_bank_495945,2010-01-27,UCI ONLINE RETAIL UCI-495945,0.0,1025.87,1180386.04,setl_495945
uci_bank_495946,2010-01-27,UCI ONLINE RETAIL UCI-495946,0.0,110.5,1180496.54,setl_495946
uci_bank_495947,2010-01-27,UCI ONLINE RETAIL UCI-495947,0.0,565.3,1181061.84,setl_495947
uci_bank_495949,2010-01-27,UCI ONLINE RETAIL UCI-495949,0.0,151.87,1181213.71,setl_495949
uci_bank_495950,2010-01-27,UCI ONLINE RETAIL UCI-495950,0.0,15.9,1181229.61,setl_495950
uci_bank_495954,2010-01-28,UCI ONLINE RETAIL UCI-495954,0.0,911.44,1182141.05,setl_495954
uci_bank_495955,2010-01-28,UCI ONLINE RETAIL UCI-495955,0.0,449.97,1182591.02,setl_495955
uci_bank_495956,2010-01-28,UCI ONLINE RETAIL UCI-495956,0.0,654.0,1183245.02,setl_495956
uci_bank_495957,2010-01-28,UCI ONLINE RETAIL UCI-495957,0.0,303.9,1183548.92,setl_495957
uci_bank_495958,2010-01-28,UCI ONLINE RETAIL UCI-495958,0.0,138.18,1183687.1,setl_495958
uci_bank_495960,2010-01-28,UCI ONLINE RETAIL UCI-495960,0.0,586.88,1184273.98,setl_495960
uci_bank_495962,2010-01-28,UCI ONLINE RETAIL UCI-495962,0.0,305.7,1184579.68,setl_495962
uci_bank_495963,2010-01-28,UCI ONLINE RETAIL UCI-495963,0.0,489.31,1185068.99,setl_495963
uci_bank_495993,2010-01-28,UCI ONLINE RETAIL UCI-495993,0.0,155.86,1185224.85,setl_495993
uci_bank_495994,2010-01-28,UCI ONLINE RETAIL UCI-495994,0.0,428.8,1185653.65,setl_495994
uci_bank_495995,2010-01-28,UCI ONLINE RETAIL UCI-495995,0.0,37.05,1185690.7,setl_495995
uci_bank_496002,2010-01-28,UCI ONLINE RETAIL UCI-496002,0.0,317.64,1186008.34,setl_496002
uci_bank_496003,2010-01-28,UCI ONLINE RETAIL UCI-496003,0.0,113.19,1186121.53,setl_496003
uci_bank_496004,2010-01-28,UCI ONLINE RETAIL UCI-496004,0.0,235.12,1186356.65,setl_496004
uci_bank_496007,2010-01-28,UCI ONLINE RETAIL UCI-496007,0.0,490.39,1186847.04,setl_496007
uci_bank_496008,2010-01-28,UCI ONLINE RETAIL UCI-496008,0.0,1034.67,1187881.71,setl_496008
uci_bank_496010,2010-01-28,UCI ONLINE RETAIL UCI-496010,0.0,186.82,1188068.53,setl_496010
uci_bank_496011,2010-01-28,UCI ONLINE RETAIL UCI-496011,0.0,46.08,1188114.61,setl_496011
uci_bank_496012,2010-01-28,UCI ONLINE RETAIL UCI-496012,0.0,553.06,1188667.67,setl_496012
uci_bank_496013,2010-01-28,UCI ONLINE RETAIL UCI-496013,0.0,665.24,1189332.91,setl_496013
uci_bank_496014,2010-01-28,UCI ONLINE RETAIL UCI-496014,0.0,76.32,1189409.23,setl_496014
uci_bank_496017,2010-01-28,UCI ONLINE RETAIL UCI-496017,0.0,279.07,1189688.3,setl_496017
uci_bank_496019,2010-01-28,UCI ONLINE RETAIL UCI-496019,0.0,75.2,1189763.5,setl_496019
uci_bank_496020,2010-01-28,UCI ONLINE RETAIL UCI-496020,0.0,37.2,1189800.7,setl_496020
uci_bank_496022,2010-01-28,UCI ONLINE RETAIL UCI-496022,0.0,3.38,1189804.08,setl_496022
uci_bank_496023,2010-01-28,UCI ONLINE RETAIL UCI-496023,0.0,131.9,1189935.98,setl_496023
uci_bank_496024,2010-01-28,UCI ONLINE RETAIL UCI-496024,0.0,873.44,1190809.42,setl_496024
uci_bank_496033,2010-01-28,UCI ONLINE RETAIL UCI-496033,0.0,246.78,1191056.2,setl_496033
uci_bank_496042,2010-01-28,UCI ONLINE RETAIL UCI-496042,0.0,286.15,1191342.35,setl_496042
uci_bank_496047,2010-01-28,UCI ONLINE RETAIL UCI-496047,0.0,842.82,1192185.17,setl_496047
uci_bank_496054,2010-01-28,UCI ONLINE RETAIL UCI-496054,0.0,463.22,1192648.39,setl_496054
uci_bank_496056,2010-01-28,UCI ONLINE RETAIL UCI-496056,0.0,81.6,1192729.99,setl_496056
uci_bank_496057,2010-01-28,UCI ONLINE RETAIL UCI-496057,0.0,422.7,1193152.69,setl_496057
uci_bank_496058,2010-01-28,UCI ONLINE RETAIL UCI-496058,0.0,846.81,1193999.5,setl_496058
uci_bank_496059,2010-01-28,UCI ONLINE RETAIL UCI-496059,0.0,20.0,1194019.5,setl_496059
uci_bank_496060,2010-01-28,UCI ONLINE RETAIL UCI-496060,0.0,630.32,1194649.82,setl_496060
uci_bank_496061,2010-01-28,UCI ONLINE RETAIL UCI-496061,0.0,318.98,1194968.8,setl_496061
uci_bank_496062,2010-01-28,UCI ONLINE RETAIL UCI-496062,0.0,808.15,1195776.95,setl_496062
uci_bank_496063,2010-01-28,UCI ONLINE RETAIL UCI-496063,0.0,392.82,1196169.77,setl_496063
uci_bank_496065,2010-01-28,UCI ONLINE RETAIL UCI-496065,0.0,110.88,1196280.65,setl_496065
uci_bank_496066,2010-01-28,UCI ONLINE RETAIL UCI-496066,0.0,346.56,1196627.21,setl_496066
uci_bank_496067,2010-01-28,UCI ONLINE RETAIL UCI-496067,0.0,76.32,1196703.53,setl_496067
uci_bank_496068,2010-01-28,UCI ONLINE RETAIL UCI-496068,0.0,176.7,1196880.23,setl_496068
uci_bank_496069,2010-01-28,UCI ONLINE RETAIL UCI-496069,0.0,517.16,1197397.39,setl_496069
uci_bank_496070,2010-01-28,UCI ONLINE RETAIL UCI-496070,0.0,306.3,1197703.69,setl_496070
uci_bank_496072,2010-01-28,UCI ONLINE RETAIL UCI-496072,0.0,571.84,1198275.53,setl_496072
uci_bank_496073,2010-01-28,UCI ONLINE RETAIL UCI-496073,0.0,795.68,1199071.21,setl_496073
uci_bank_496074,2010-01-28,UCI ONLINE RETAIL UCI-496074,0.0,272.45,1199343.66,setl_496074
uci_bank_496075,2010-01-28,UCI ONLINE RETAIL UCI-496075,0.0,121.1,1199464.76,setl_496075
uci_bank_496081,2010-01-28,UCI ONLINE RETAIL UCI-496081,0.0,171.33,1199636.09,setl_496081
uci_bank_496083,2010-01-28,UCI ONLINE RETAIL UCI-496083,0.0,5.1,1199641.19,setl_496083
uci_bank_496085,2010-01-28,UCI ONLINE RETAIL UCI-496085,0.0,124.1,1199765.29,setl_496085
uci_bank_496086,2010-01-28,UCI ONLINE RETAIL UCI-496086,0.0,413.75,1200179.04,setl_496086
uci_bank_496088,2010-01-29,UCI ONLINE RETAIL UCI-496088,0.0,301.4,1200480.44,setl_496088
uci_bank_496089,2010-01-29,UCI ONLINE RETAIL UCI-496089,0.0,676.5,1201156.94,setl_496089
uci_bank_496092,2010-01-29,UCI ONLINE RETAIL UCI-496092,0.0,430.2,1201587.14,setl_496092
uci_bank_496093,2010-01-29,UCI ONLINE RETAIL UCI-496093,0.0,909.5,1202496.64,setl_496093
uci_bank_496094,2010-01-29,UCI ONLINE RETAIL UCI-496094,0.0,311.24,1202807.88,setl_496094
uci_bank_496095,2010-01-29,UCI ONLINE RETAIL UCI-496095,0.0,96.5,1202904.38,setl_496095
uci_bank_496096,2010-01-29,UCI ONLINE RETAIL UCI-496096,0.0,777.9,1203682.28,setl_496096
uci_bank_496097,2010-01-29,UCI ONLINE RETAIL UCI-496097,0.0,360.0,1204042.28,setl_496097
uci_bank_496099,2010-01-29,UCI ONLINE RETAIL UCI-496099,0.0,529.0,1204571.28,setl_496099
uci_bank_496103,2010-01-29,UCI ONLINE RETAIL UCI-496103,0.0,18.75,1204590.03,setl_496103
uci_bank_496107,2010-01-29,UCI ONLINE RETAIL UCI-496107,0.0,10.6,1204600.63,setl_496107
uci_bank_496110,2010-01-29,UCI ONLINE RETAIL UCI-496110,0.0,15.9,1204616.53,setl_496110
uci_bank_496112,2010-01-29,UCI ONLINE RETAIL UCI-496112,0.0,18.75,1204635.28,setl_496112
uci_bank_496113,2010-01-29,UCI ONLINE RETAIL UCI-496113,0.0,10.5,1204645.78,setl_496113
uci_bank_496115,2010-01-29,UCI ONLINE RETAIL UCI-496115,0.0,8985.6,1213631.38,setl_496115
uci_bank_496130,2010-01-29,UCI ONLINE RETAIL UCI-496130,0.0,439.15,1214070.53,setl_496130
uci_bank_496155,2010-01-29,UCI ONLINE RETAIL UCI-496155,0.0,305.4,1214375.93,setl_496155
uci_bank_496166,2010-01-29,UCI ONLINE RETAIL UCI-496166,0.0,490.2,1214866.13,setl_496166
uci_bank_496167,2010-01-29,UCI ONLINE RETAIL UCI-496167,0.0,368.55,1215234.68,setl_496167
uci_bank_496168,2010-01-29,UCI ONLINE RETAIL UCI-496168,0.0,214.2,1215448.88,setl_496168
uci_bank_496170,2010-01-29,UCI ONLINE RETAIL UCI-496170,0.0,5.0,1215453.88,setl_496170
uci_bank_496171,2010-01-29,UCI ONLINE RETAIL UCI-496171,0.0,199.3,1215653.18,setl_496171
uci_bank_496172,2010-01-29,UCI ONLINE RETAIL UCI-496172,0.0,92.16,1215745.34,setl_496172
uci_bank_496173,2010-01-29,UCI ONLINE RETAIL UCI-496173,0.0,208.57,1215953.91,setl_496173
uci_bank_496174,2010-01-29,UCI ONLINE RETAIL UCI-496174,0.0,231.32,1216185.23,setl_496174
uci_bank_496198,2010-01-29,UCI ONLINE RETAIL UCI-496198,0.0,497.93,1216683.16,setl_496198
uci_bank_496201,2010-01-29,UCI ONLINE RETAIL UCI-496201,0.0,309.76,1216992.92,setl_496201
uci_bank_496200,2010-01-29,UCI ONLINE RETAIL UCI-496200,0.0,493.94,1217486.86,setl_496200
uci_bank_496203,2010-01-29,UCI ONLINE RETAIL UCI-496203,0.0,2.5,1217489.36,setl_496203
uci_bank_496204,2010-01-29,UCI ONLINE RETAIL UCI-496204,0.0,869.88,1218359.24,setl_496204
uci_bank_496205,2010-01-29,UCI ONLINE RETAIL UCI-496205,0.0,416.5,1218775.74,setl_496205
uci_bank_496216,2010-01-29,UCI ONLINE RETAIL UCI-496216,0.0,323.5,1219099.24,setl_496216
uci_bank_496217,2010-01-29,UCI ONLINE RETAIL UCI-496217,0.0,345.44,1219444.68,setl_496217
uci_bank_496220,2010-01-29,UCI ONLINE RETAIL UCI-496220,0.0,509.12,1219953.8,setl_496220
uci_bank_496222,2010-01-29,UCI ONLINE RETAIL UCI-496222,0.0,664.0,1220617.8,setl_496222
uci_bank_496221,2010-01-29,UCI ONLINE RETAIL UCI-496221,0.0,276.07,1220893.87,setl_496221
uci_bank_496230,2010-01-29,UCI ONLINE RETAIL UCI-496230,0.0,10.5,1220904.37,setl_496230
uci_bank_496232,2010-01-29,UCI ONLINE RETAIL UCI-496232,0.0,327.95,1221232.32,setl_496232
uci_bank_496233,2010-01-29,UCI ONLINE RETAIL UCI-496233,0.0,188.83,1221421.15,setl_496233
uci_bank_496237,2010-01-29,UCI ONLINE RETAIL UCI-496237,0.0,2646.4,1224067.55,setl_496237
uci_bank_496236,2010-01-29,UCI ONLINE RETAIL UCI-496236,0.0,75.9,1224143.45,setl_496236
uci_bank_496235,2010-01-29,UCI ONLINE RETAIL UCI-496235,0.0,414.92,1224558.37,setl_496235
uci_bank_496238,2010-01-29,UCI ONLINE RETAIL UCI-496238,0.0,72.6,1224630.97,setl_496238
uci_bank_496245,2010-01-29,UCI ONLINE RETAIL UCI-496245,0.0,193.8,1224824.77,setl_496245
uci_bank_496288,2010-01-29,UCI ONLINE RETAIL UCI-496288,0.0,782.26,1225607.03,setl_496288
uci_bank_496291,2010-01-31,UCI ONLINE RETAIL UCI-496291,0.0,339.3,1225946.33,setl_496291
uci_bank_496292,2010-01-31,UCI ONLINE RETAIL UCI-496292,0.0,185.23,1226131.56,setl_496292
uci_bank_496293,2010-01-31,UCI ONLINE RETAIL UCI-496293,0.0,487.77,1226619.33,setl_496293
uci_bank_496294,2010-01-31,UCI ONLINE RETAIL UCI-496294,0.0,227.95,1226847.28,setl_496294
uci_bank_496296,2010-01-31,UCI ONLINE RETAIL UCI-496296,0.0,129.75,1226977.03,setl_496296
uci_bank_496297,2010-01-31,UCI ONLINE RETAIL UCI-496297,0.0,319.55,1227296.58,setl_496297
uci_bank_496299,2010-01-31,UCI ONLINE RETAIL UCI-496299,0.0,694.5,1227991.08,setl_496299
uci_bank_496300,2010-01-31,UCI ONLINE RETAIL UCI-496300,0.0,151.32,1228142.4,setl_496300
uci_bank_496301,2010-01-31,UCI ONLINE RETAIL UCI-496301,0.0,696.45,1228838.85,setl_496301
uci_bank_496302,2010-01-31,UCI ONLINE RETAIL UCI-496302,0.0,125.7,1228964.55,setl_496302
uci_bank_496303,2010-01-31,UCI ONLINE RETAIL UCI-496303,0.0,543.93,1229508.48,setl_496303
uci_bank_496304,2010-01-31,UCI ONLINE RETAIL UCI-496304,0.0,508.27,1230016.75,setl_496304
uci_bank_496305,2010-01-31,UCI ONLINE RETAIL UCI-496305,0.0,304.47,1230321.22,setl_496305
uci_bank_496306,2010-01-31,UCI ONLINE RETAIL UCI-496306,0.0,310.39,1230631.61,setl_496306
uci_bank_496307,2010-01-31,UCI ONLINE RETAIL UCI-496307,0.0,95.9,1230727.51,setl_496307
uci_bank_496308,2010-01-31,UCI ONLINE RETAIL UCI-496308,0.0,973.82,1231701.33,setl_496308
uci_bank_496309,2010-01-31,UCI ONLINE RETAIL UCI-496309,0.0,732.2,1232433.53,setl_496309
uci_bank_496310,2010-01-31,UCI ONLINE RETAIL UCI-496310,0.0,110.82,1232544.35,setl_496310
uci_bank_496311,2010-01-31,UCI ONLINE RETAIL UCI-496311,0.0,214.95,1232759.3,setl_496311
uci_bank_496313,2010-01-31,UCI ONLINE RETAIL UCI-496313,0.0,225.86,1232985.16,setl_496313
uci_bank_496315,2010-01-31,UCI ONLINE RETAIL UCI-496315,0.0,127.06,1233112.22,setl_496315
uci_bank_496316,2010-01-31,UCI ONLINE RETAIL UCI-496316,0.0,579.6,1233691.82,setl_496316
uci_bank_496317,2010-01-31,UCI ONLINE RETAIL UCI-496317,0.0,317.62,1234009.44,setl_496317
uci_bank_496318,2010-01-31,UCI ONLINE RETAIL UCI-496318,0.0,82.7,1234092.14,setl_496318
uci_bank_496319,2010-01-31,UCI ONLINE RETAIL UCI-496319,0.0,128.0,1234220.14,setl_496319
uci_bank_496322,2010-01-31,UCI ONLINE RETAIL UCI-496322,0.0,416.32,1234636.46,setl_496322
uci_bank_496321,2010-01-31,UCI ONLINE RETAIL UCI-496321,0.0,257.71,1234894.17,setl_496321
uci_bank_496323,2010-01-31,UCI ONLINE RETAIL UCI-496323,0.0,115.2,1235009.37,setl_496323
uci_bank_496324,2010-01-31,UCI ONLINE RETAIL UCI-496324,0.0,307.8,1235317.17,setl_496324
uci_bank_496325,2010-01-31,UCI ONLINE RETAIL UCI-496325,0.0,320.26,1235637.43,setl_496325
uci_bank_496326,2010-01-31,UCI ONLINE RETAIL UCI-496326,0.0,301.7,1235939.13,setl_496326
uci_bank_496327,2010-01-31,UCI ONLINE RETAIL UCI-496327,0.0,229.77,1236168.9,setl_496327
uci_bank_496329,2010-01-31,UCI ONLINE RETAIL UCI-496329,0.0,91.14,1236260.04,setl_496329
uci_bank_496330,2010-01-31,UCI ONLINE RETAIL UCI-496330,0.0,302.08,1236562.12,setl_496330
uci_bank_496331,2010-01-31,UCI ONLINE RETAIL UCI-496331,0.0,482.67,1237044.79,setl_496331
uci_bank_496333,2010-01-31,UCI ONLINE RETAIL UCI-496333,0.0,283.43,1237328.22,setl_496333
uci_bank_496334,2010-01-31,UCI ONLINE RETAIL UCI-496334,0.0,1026.38,1238354.6,setl_496334
uci_bank_496335,2010-01-31,UCI ONLINE RETAIL UCI-496335,0.0,298.3,1238652.9,setl_496335
uci_bank_496337,2010-01-31,UCI ONLINE RETAIL UCI-496337,0.0,161.39,1238814.29,setl_496337
uci_bank_496338,2010-01-31,UCI ONLINE RETAIL UCI-496338,0.0,283.8,1239098.09,setl_496338
uci_bank_496339,2010-01-31,UCI ONLINE RETAIL UCI-496339,0.0,314.99,1239413.08,setl_496339
uci_bank_496340,2010-01-31,UCI ONLINE RETAIL UCI-496340,0.0,1755.74,1241168.82,setl_496340
uci_bank_496341,2010-01-31,UCI ONLINE RETAIL UCI-496341,0.0,1614.39,1242783.21,setl_496341
uci_bank_496342,2010-01-31,UCI ONLINE RETAIL UCI-496342,0.0,286.34,1243069.55,setl_496342
uci_bank_496343,2010-01-31,UCI ONLINE RETAIL UCI-496343,0.0,386.19,1243455.74,setl_496343
uci_bank_496344,2010-01-31,UCI ONLINE RETAIL UCI-496344,0.0,106.68,1243562.42,setl_496344
uci_bank_496345,2010-01-31,UCI ONLINE RETAIL UCI-496345,0.0,129.75,1243692.17,setl_496345
uci_bank_496348,2010-01-31,UCI ONLINE RETAIL UCI-496348,0.0,281.05,1243973.22,setl_496348
uci_bank_496349,2010-02-01,UCI ONLINE RETAIL UCI-496349,0.0,435.32,1244408.54,setl_496349
uci_bank_496351,2010-02-01,UCI ONLINE RETAIL UCI-496351,0.0,257.05,1244665.59,setl_496351
uci_bank_496354,2010-02-01,UCI ONLINE RETAIL UCI-496354,0.0,159.66,1244825.25,setl_496354
uci_bank_496355,2010-02-01,UCI ONLINE RETAIL UCI-496355,0.0,730.08,1245555.33,setl_496355
uci_bank_496356,2010-02-01,UCI ONLINE RETAIL UCI-496356,0.0,528.24,1246083.57,setl_496356
uci_bank_496357,2010-02-01,UCI ONLINE RETAIL UCI-496357,0.0,436.04,1246519.61,setl_496357
uci_bank_496359,2010-02-01,UCI ONLINE RETAIL UCI-496359,0.0,56.0,1246575.61,setl_496359
uci_bank_496361,2010-02-01,UCI ONLINE RETAIL UCI-496361,0.0,107.9,1246683.51,setl_496361
uci_bank_496363,2010-02-01,UCI ONLINE RETAIL UCI-496363,0.0,347.33,1247030.84,setl_496363
uci_bank_496370,2010-02-01,UCI ONLINE RETAIL UCI-496370,0.0,388.88,1247419.72,setl_496370
uci_bank_496373,2010-02-01,UCI ONLINE RETAIL UCI-496373,0.0,549.3,1247969.02,setl_496373
uci_bank_496374,2010-02-01,UCI ONLINE RETAIL UCI-496374,0.0,138.3,1248107.32,setl_496374
uci_bank_496381,2010-02-01,UCI ONLINE RETAIL UCI-496381,0.0,274.9,1248382.22,setl_496381
uci_bank_496399,2010-02-01,UCI ONLINE RETAIL UCI-496399,0.0,389.03,1248771.25,setl_496399
uci_bank_496400,2010-02-01,UCI ONLINE RETAIL UCI-496400,0.0,452.9,1249224.15,setl_496400
uci_bank_496407,2010-02-01,UCI ONLINE RETAIL UCI-496407,0.0,188.15,1249412.3,setl_496407
uci_bank_496412,2010-02-01,UCI ONLINE RETAIL UCI-496412,0.0,325.44,1249737.74,setl_496412
uci_bank_496425,2010-02-01,UCI ONLINE RETAIL UCI-496425,0.0,282.76,1250020.5,setl_496425
uci_bank_496426,2010-02-01,UCI ONLINE RETAIL UCI-496426,0.0,35.4,1250055.9,setl_496426
uci_bank_496427,2010-02-01,UCI ONLINE RETAIL UCI-496427,0.0,291.14,1250347.04,setl_496427
uci_bank_496428,2010-02-01,UCI ONLINE RETAIL UCI-496428,0.0,218.4,1250565.44,setl_496428
uci_bank_496429,2010-02-01,UCI ONLINE RETAIL UCI-496429,0.0,246.75,1250812.19,setl_496429
uci_bank_496430,2010-02-01,UCI ONLINE RETAIL UCI-496430,0.0,111.82,1250924.01,setl_496430
uci_bank_496431,2010-02-01,UCI ONLINE RETAIL UCI-496431,0.0,188.65,1251112.66,setl_496431
uci_bank_496434,2010-02-01,UCI ONLINE RETAIL UCI-496434,0.0,279.51,1251392.17,setl_496434
uci_bank_496436,2010-02-01,UCI ONLINE RETAIL UCI-496436,0.0,217.2,1251609.37,setl_496436
uci_bank_496438,2010-02-01,UCI ONLINE RETAIL UCI-496438,0.0,129.76,1251739.13,setl_496438
uci_bank_496439,2010-02-01,UCI ONLINE RETAIL UCI-496439,0.0,56.0,1251795.13,setl_496439
uci_bank_496440,2010-02-01,UCI ONLINE RETAIL UCI-496440,0.0,39.0,1251834.13,setl_496440
uci_bank_496441,2010-02-01,UCI ONLINE RETAIL UCI-496441,0.0,241.1,1252075.23,setl_496441
uci_bank_496442,2010-02-01,UCI ONLINE RETAIL UCI-496442,0.0,45.2,1252120.43,setl_496442
uci_bank_496443,2010-02-01,UCI ONLINE RETAIL UCI-496443,0.0,793.92,1252914.35,setl_496443
uci_bank_496444,2010-02-01,UCI ONLINE RETAIL UCI-496444,0.0,293.02,1253207.37,setl_496444
uci_bank_496445,2010-02-01,UCI ONLINE RETAIL UCI-496445,0.0,759.1,1253966.47,setl_496445
uci_bank_496446,2010-02-01,UCI ONLINE RETAIL UCI-496446,0.0,217.71,1254184.18,setl_496446
uci_bank_496459,2010-02-01,UCI ONLINE RETAIL UCI-496459,0.0,364.29,1254548.47,setl_496459
uci_bank_496460,2010-02-01,UCI ONLINE RETAIL UCI-496460,0.0,28.15,1254576.62,setl_496460
uci_bank_496461,2010-02-01,UCI ONLINE RETAIL UCI-496461,0.0,312.16,1254888.78,setl_496461
uci_bank_496462,2010-02-01,UCI ONLINE RETAIL UCI-496462,0.0,310.14,1255198.92,setl_496462
uci_bank_496463,2010-02-01,UCI ONLINE RETAIL UCI-496463,0.0,818.19,1256017.11,setl_496463
uci_bank_496464,2010-02-01,UCI ONLINE RETAIL UCI-496464,0.0,452.4,1256469.51,setl_496464
uci_bank_496465,2010-02-01,UCI ONLINE RETAIL UCI-496465,0.0,708.7,1257178.21,setl_496465
uci_bank_496466,2010-02-01,UCI ONLINE RETAIL UCI-496466,0.0,15.9,1257194.11,setl_496466
uci_bank_496467,2010-02-01,UCI ONLINE RETAIL UCI-496467,0.0,818.19,1258012.3,setl_496467
uci_bank_496469,2010-02-01,UCI ONLINE RETAIL UCI-496469,0.0,113.4,1258125.7,setl_496469
uci_bank_496470,2010-02-01,UCI ONLINE RETAIL UCI-496470,0.0,298.37,1258424.07,setl_496470
uci_bank_496471,2010-02-01,UCI ONLINE RETAIL UCI-496471,0.0,231.56,1258655.63,setl_496471
uci_bank_496473,2010-02-01,UCI ONLINE RETAIL UCI-496473,0.0,342.25,1258997.88,setl_496473
uci_bank_496474,2010-02-01,UCI ONLINE RETAIL UCI-496474,0.0,206.15,1259204.03,setl_496474
uci_bank_496475,2010-02-01,UCI ONLINE RETAIL UCI-496475,0.0,300.4,1259504.43,setl_496475
uci_bank_496476,2010-02-01,UCI ONLINE RETAIL UCI-496476,0.0,44.25,1259548.68,setl_496476
uci_bank_496477,2010-02-01,UCI ONLINE RETAIL UCI-496477,0.0,35.04,1259583.72,setl_496477
uci_bank_496480,2010-02-01,UCI ONLINE RETAIL UCI-496480,0.0,603.8,1260187.52,setl_496480
uci_bank_496486,2010-02-01,UCI ONLINE RETAIL UCI-496486,0.0,166.31,1260353.83,setl_496486
uci_bank_496488,2010-02-01,UCI ONLINE RETAIL UCI-496488,0.0,156.3,1260510.13,setl_496488
uci_bank_496491,2010-02-01,UCI ONLINE RETAIL UCI-496491,0.0,117.22,1260627.35,setl_496491
uci_bank_496493,2010-02-02,UCI ONLINE RETAIL UCI-496493,0.0,1.3,1260628.65,setl_496493
uci_bank_496496,2010-02-02,UCI ONLINE RETAIL UCI-496496,0.0,1.3,1260629.95,setl_496496
uci_bank_496500,2010-02-02,UCI ONLINE RETAIL UCI-496500,0.0,179.97,1260809.92,setl_496500
uci_bank_496502,2010-02-02,UCI ONLINE RETAIL UCI-496502,0.0,1023.6,1261833.52,setl_496502
uci_bank_496503,2010-02-02,UCI ONLINE RETAIL UCI-496503,0.0,288.95,1262122.47,setl_496503
uci_bank_496504,2010-02-02,UCI ONLINE RETAIL UCI-496504,0.0,337.5,1262459.97,setl_496504
uci_bank_496505,2010-02-02,UCI ONLINE RETAIL UCI-496505,0.0,364.5,1262824.47,setl_496505
uci_bank_496506,2010-02-02,UCI ONLINE RETAIL UCI-496506,0.0,352.13,1263176.6,setl_496506
uci_bank_496507,2010-02-02,UCI ONLINE RETAIL UCI-496507,0.0,176.1,1263352.7,setl_496507
uci_bank_496509,2010-02-02,UCI ONLINE RETAIL UCI-496509,0.0,141.24,1263493.94,setl_496509
uci_bank_496510,2010-02-02,UCI ONLINE RETAIL UCI-496510,0.0,740.43,1264234.37,setl_496510
uci_bank_496512,2010-02-02,UCI ONLINE RETAIL UCI-496512,0.0,420.26,1264654.63,setl_496512
uci_bank_496513,2010-02-02,UCI ONLINE RETAIL UCI-496513,0.0,737.22,1265391.85,setl_496513
uci_bank_496514,2010-02-02,UCI ONLINE RETAIL UCI-496514,0.0,361.83,1265753.68,setl_496514
uci_bank_496516,2010-02-02,UCI ONLINE RETAIL UCI-496516,0.0,594.75,1266348.43,setl_496516
uci_bank_496517,2010-02-02,UCI ONLINE RETAIL UCI-496517,0.0,550.8,1266899.23,setl_496517
uci_bank_496518,2010-02-02,UCI ONLINE RETAIL UCI-496518,0.0,270.06,1267169.29,setl_496518
uci_bank_496519,2010-02-02,UCI ONLINE RETAIL UCI-496519,0.0,304.35,1267473.64,setl_496519
uci_bank_496520,2010-02-02,UCI ONLINE RETAIL UCI-496520,0.0,1445.67,1268919.31,setl_496520
uci_bank_496528,2010-02-02,UCI ONLINE RETAIL UCI-496528,0.0,674.4,1269593.71,setl_496528
uci_bank_496529,2010-02-02,UCI ONLINE RETAIL UCI-496529,0.0,208.0,1269801.71,setl_496529
uci_bank_496530,2010-02-02,UCI ONLINE RETAIL UCI-496530,0.0,623.78,1270425.49,setl_496530
uci_bank_496534,2010-02-02,UCI ONLINE RETAIL UCI-496534,0.0,777.4,1271202.89,setl_496534
uci_bank_496551,2010-02-02,UCI ONLINE RETAIL UCI-496551,0.0,553.66,1271756.55,setl_496551
uci_bank_496564,2010-02-02,UCI ONLINE RETAIL UCI-496564,0.0,608.5,1272365.05,setl_496564
uci_bank_496577,2010-02-02,UCI ONLINE RETAIL UCI-496577,0.0,524.6,1272889.65,setl_496577
uci_bank_496578,2010-02-02,UCI ONLINE RETAIL UCI-496578,0.0,365.16,1273254.81,setl_496578
uci_bank_496579,2010-02-02,UCI ONLINE RETAIL UCI-496579,0.0,214.48,1273469.29,setl_496579
uci_bank_496580,2010-02-02,UCI ONLINE RETAIL UCI-496580,0.0,63.15,1273532.44,setl_496580
uci_bank_496581,2010-02-02,UCI ONLINE RETAIL UCI-496581,0.0,207.83,1273740.27,setl_496581
uci_bank_496582,2010-02-02,UCI ONLINE RETAIL UCI-496582,0.0,50.94,1273791.21,setl_496582
uci_bank_496584,2010-02-02,UCI ONLINE RETAIL UCI-496584,0.0,608.5,1274399.71,setl_496584
uci_bank_496587,2010-02-02,UCI ONLINE RETAIL UCI-496587,0.0,94.67,1274494.38,setl_496587
uci_bank_496588,2010-02-02,UCI ONLINE RETAIL UCI-496588,0.0,366.2,1274860.58,setl_496588
uci_bank_496589,2010-02-02,UCI ONLINE RETAIL UCI-496589,0.0,583.08,1275443.66,setl_496589
uci_bank_496590,2010-02-02,UCI ONLINE RETAIL UCI-496590,0.0,37.5,1275481.16,setl_496590
uci_bank_496592,2010-02-02,UCI ONLINE RETAIL UCI-496592,0.0,849.86,1276331.02,setl_496592
uci_bank_496595,2010-02-02,UCI ONLINE RETAIL UCI-496595,0.0,354.1,1276685.12,setl_496595
uci_bank_496597,2010-02-02,UCI ONLINE RETAIL UCI-496597,0.0,1399.92,1278085.04,setl_496597
uci_bank_496609,2010-02-02,UCI ONLINE RETAIL UCI-496609,0.0,287.26,1278372.3,setl_496609
uci_bank_496611,2010-02-02,UCI ONLINE RETAIL UCI-496611,0.0,1970.76,1280343.06,setl_496611
uci_bank_496612,2010-02-03,UCI ONLINE RETAIL UCI-496612,0.0,907.4,1281250.46,setl_496612
uci_bank_496613,2010-02-03,UCI ONLINE RETAIL UCI-496613,0.0,664.8,1281915.26,setl_496613
uci_bank_496614,2010-02-03,UCI ONLINE RETAIL UCI-496614,0.0,501.96,1282417.22,setl_496614
uci_bank_496616,2010-02-03,UCI ONLINE RETAIL UCI-496616,0.0,714.21,1283131.43,setl_496616
uci_bank_496617,2010-02-03,UCI ONLINE RETAIL UCI-496617,0.0,266.5,1283397.93,setl_496617
uci_bank_496618,2010-02-03,UCI ONLINE RETAIL UCI-496618,0.0,17.0,1283414.93,setl_496618
uci_bank_496623,2010-02-03,UCI ONLINE RETAIL UCI-496623,0.0,598.91,1284013.84,setl_496623
uci_bank_496624,2010-02-03,UCI ONLINE RETAIL UCI-496624,0.0,411.66,1284425.5,setl_496624
uci_bank_496625,2010-02-03,UCI ONLINE RETAIL UCI-496625,0.0,595.58,1285021.08,setl_496625
uci_bank_496626,2010-02-03,UCI ONLINE RETAIL UCI-496626,0.0,1045.45,1286066.53,setl_496626
uci_bank_496627,2010-02-03,UCI ONLINE RETAIL UCI-496627,0.0,87.0,1286153.53,setl_496627
uci_bank_496628,2010-02-03,UCI ONLINE RETAIL UCI-496628,0.0,219.41,1286372.94,setl_496628
uci_bank_496629,2010-02-03,UCI ONLINE RETAIL UCI-496629,0.0,20.4,1286393.34,setl_496629
uci_bank_496631,2010-02-03,UCI ONLINE RETAIL UCI-496631,0.0,385.2,1286778.54,setl_496631
uci_bank_496641,2010-02-03,UCI ONLINE RETAIL UCI-496641,0.0,328.0,1287106.54,setl_496641
uci_bank_496642,2010-02-03,UCI ONLINE RETAIL UCI-496642,0.0,237.9,1287344.44,setl_496642
uci_bank_496643,2010-02-03,UCI ONLINE RETAIL UCI-496643,0.0,1143.42,1288487.86,setl_496643
uci_bank_496644,2010-02-03,UCI ONLINE RETAIL UCI-496644,0.0,110.88,1288598.74,setl_496644
uci_bank_496651,2010-02-03,UCI ONLINE RETAIL UCI-496651,0.0,517.8,1289116.54,setl_496651
uci_bank_496652,2010-02-03,UCI ONLINE RETAIL UCI-496652,0.0,112.2,1289228.74,setl_496652
uci_bank_496662,2010-02-03,UCI ONLINE RETAIL UCI-496662,0.0,195.55,1289424.29,setl_496662
uci_bank_496665,2010-02-03,UCI ONLINE RETAIL UCI-496665,0.0,509.46,1289933.75,setl_496665
uci_bank_496675,2010-02-03,UCI ONLINE RETAIL UCI-496675,0.0,107.75,1290041.5,setl_496675
uci_bank_496677,2010-02-03,UCI ONLINE RETAIL UCI-496677,0.0,105.88,1290147.38,setl_496677
uci_bank_496690,2010-02-03,UCI ONLINE RETAIL UCI-496690,0.0,458.4,1290605.78,setl_496690
uci_bank_496703,2010-02-03,UCI ONLINE RETAIL UCI-496703,0.0,931.43,1291537.21,setl_496703
uci_bank_496704,2010-02-03,UCI ONLINE RETAIL UCI-496704,0.0,652.65,1292189.86,setl_496704
uci_bank_496705,2010-02-03,UCI ONLINE RETAIL UCI-496705,0.0,294.17,1292484.03,setl_496705
uci_bank_496706,2010-02-03,UCI ONLINE RETAIL UCI-496706,0.0,710.65,1293194.68,setl_496706
uci_bank_496710,2010-02-03,UCI ONLINE RETAIL UCI-496710,0.0,112.5,1293307.18,setl_496710
uci_bank_496725,2010-02-03,UCI ONLINE RETAIL UCI-496725,0.0,102.74,1293409.92,setl_496725
uci_bank_496728,2010-02-03,UCI ONLINE RETAIL UCI-496728,0.0,346.75,1293756.67,setl_496728
uci_bank_496730,2010-02-03,UCI ONLINE RETAIL UCI-496730,0.0,485.5,1294242.17,setl_496730
uci_bank_496737,2010-02-03,UCI ONLINE RETAIL UCI-496737,0.0,294.65,1294536.82,setl_496737
uci_bank_496745,2010-02-03,UCI ONLINE RETAIL UCI-496745,0.0,306.1,1294842.92,setl_496745
uci_bank_496750,2010-02-03,UCI ONLINE RETAIL UCI-496750,0.0,150.0,1294992.92,setl_496750
uci_bank_496768,2010-02-03,UCI ONLINE RETAIL UCI-496768,0.0,307.74,1295300.66,setl_496768
uci_bank_496770,2010-02-03,UCI ONLINE RETAIL UCI-496770,0.0,191.02,1295491.68,setl_496770
uci_bank_496771,2010-02-03,UCI ONLINE RETAIL UCI-496771,0.0,349.25,1295840.93,setl_496771
uci_bank_496772,2010-02-03,UCI ONLINE RETAIL UCI-496772,0.0,315.0,1296155.93,setl_496772
uci_bank_496773,2010-02-03,UCI ONLINE RETAIL UCI-496773,0.0,687.08,1296843.01,setl_496773
uci_bank_496774,2010-02-03,UCI ONLINE RETAIL UCI-496774,0.0,300.3,1297143.31,setl_496774
uci_bank_496775,2010-02-03,UCI ONLINE RETAIL UCI-496775,0.0,360.3,1297503.61,setl_496775
uci_bank_496792,2010-02-03,UCI ONLINE RETAIL UCI-496792,0.0,105.0,1297608.61,setl_496792
uci_bank_496802,2010-02-04,UCI ONLINE RETAIL UCI-496802,0.0,704.55,1298313.16,setl_496802
uci_bank_496803,2010-02-04,UCI ONLINE RETAIL UCI-496803,0.0,41.3,1298354.46,setl_496803
uci_bank_496816,2010-02-04,UCI ONLINE RETAIL UCI-496816,0.0,221.69,1298576.15,setl_496816
uci_bank_496817,2010-02-04,UCI ONLINE RETAIL UCI-496817,0.0,299.86,1298876.01,setl_496817
uci_bank_496818,2010-02-04,UCI ONLINE RETAIL UCI-496818,0.0,231.4,1299107.41,setl_496818
uci_bank_496821,2010-02-04,UCI ONLINE RETAIL UCI-496821,0.0,450.38,1299557.79,setl_496821
uci_bank_496822,2010-02-04,UCI ONLINE RETAIL UCI-496822,0.0,606.3,1300164.09,setl_496822
uci_bank_496829,2010-02-04,UCI ONLINE RETAIL UCI-496829,0.0,965.78,1301129.87,setl_496829
uci_bank_496850,2010-02-04,UCI ONLINE RETAIL UCI-496850,0.0,286.42,1301416.29,setl_496850
uci_bank_496851,2010-02-04,UCI ONLINE RETAIL UCI-496851,0.0,487.12,1301903.41,setl_496851
uci_bank_496862,2010-02-04,UCI ONLINE RETAIL UCI-496862,0.0,125.65,1302029.06,setl_496862
uci_bank_496863,2010-02-04,UCI ONLINE RETAIL UCI-496863,0.0,585.03,1302614.09,setl_496863
uci_bank_496864,2010-02-04,UCI ONLINE RETAIL UCI-496864,0.0,437.9,1303051.99,setl_496864
uci_bank_496865,2010-02-04,UCI ONLINE RETAIL UCI-496865,0.0,64.5,1303116.49,setl_496865
uci_bank_496866,2010-02-04,UCI ONLINE RETAIL UCI-496866,0.0,237.65,1303354.14,setl_496866
uci_bank_496867,2010-02-04,UCI ONLINE RETAIL UCI-496867,0.0,625.0,1303979.14,setl_496867
uci_bank_496868,2010-02-04,UCI ONLINE RETAIL UCI-496868,0.0,127.15,1304106.29,setl_496868
uci_bank_496869,2010-02-04,UCI ONLINE RETAIL UCI-496869,0.0,662.4,1304768.69,setl_496869
uci_bank_496870,2010-02-04,UCI ONLINE RETAIL UCI-496870,0.0,112.5,1304881.19,setl_496870
uci_bank_496871,2010-02-04,UCI ONLINE RETAIL UCI-496871,0.0,460.39,1305341.58,setl_496871
uci_bank_496872,2010-02-04,UCI ONLINE RETAIL UCI-496872,0.0,260.74,1305602.32,setl_496872
uci_bank_496873,2010-02-04,UCI ONLINE RETAIL UCI-496873,0.0,78.5,1305680.82,setl_496873
uci_bank_496876,2010-02-04,UCI ONLINE RETAIL UCI-496876,0.0,94.55,1305775.37,setl_496876
uci_bank_496877,2010-02-04,UCI ONLINE RETAIL UCI-496877,0.0,488.88,1306264.25,setl_496877
uci_bank_496881,2010-02-04,UCI ONLINE RETAIL UCI-496881,0.0,164.83,1306429.08,setl_496881
uci_bank_496882,2010-02-04,UCI ONLINE RETAIL UCI-496882,0.0,686.03,1307115.11,setl_496882
uci_bank_496900,2010-02-04,UCI ONLINE RETAIL UCI-496900,0.0,1728.58,1308843.69,setl_496900
uci_bank_496904,2010-02-04,UCI ONLINE RETAIL UCI-496904,0.0,389.25,1309232.94,setl_496904
uci_bank_496907,2010-02-04,UCI ONLINE RETAIL UCI-496907,0.0,475.3,1309708.24,setl_496907
uci_bank_496911,2010-02-04,UCI ONLINE RETAIL UCI-496911,0.0,311.43,1310019.67,setl_496911
uci_bank_496912,2010-02-04,UCI ONLINE RETAIL UCI-496912,0.0,475.3,1310494.97,setl_496912
uci_bank_496913,2010-02-04,UCI ONLINE RETAIL UCI-496913,0.0,399.75,1310894.72,setl_496913
uci_bank_496914,2010-02-04,UCI ONLINE RETAIL UCI-496914,0.0,90.0,1310984.72,setl_496914
uci_bank_496915,2010-02-04,UCI ONLINE RETAIL UCI-496915,0.0,701.51,1311686.23,setl_496915
uci_bank_496916,2010-02-04,UCI ONLINE RETAIL UCI-496916,0.0,51.0,1311737.23,setl_496916
uci_bank_496917,2010-02-04,UCI ONLINE RETAIL UCI-496917,0.0,327.4,1312064.63,setl_496917
uci_bank_496918,2010-02-04,UCI ONLINE RETAIL UCI-496918,0.0,376.95,1312441.58,setl_496918
uci_bank_496919,2010-02-04,UCI ONLINE RETAIL UCI-496919,0.0,475.3,1312916.88,setl_496919
uci_bank_496921,2010-02-04,UCI ONLINE RETAIL UCI-496921,0.0,433.55,1313350.43,setl_496921
uci_bank_496920,2010-02-04,UCI ONLINE RETAIL UCI-496920,0.0,220.09,1313570.52,setl_496920
uci_bank_496925,2010-02-04,UCI ONLINE RETAIL UCI-496925,0.0,47.65,1313618.17,setl_496925
uci_bank_496926,2010-02-04,UCI ONLINE RETAIL UCI-496926,0.0,461.65,1314079.82,setl_496926
uci_bank_496927,2010-02-04,UCI ONLINE RETAIL UCI-496927,0.0,164.95,1314244.77,setl_496927
uci_bank_496928,2010-02-04,UCI ONLINE RETAIL UCI-496928,0.0,152.17,1314396.94,setl_496928
uci_bank_496929,2010-02-04,UCI ONLINE RETAIL UCI-496929,0.0,399.72,1314796.66,setl_496929
uci_bank_496930,2010-02-04,UCI ONLINE RETAIL UCI-496930,0.0,311.14,1315107.8,setl_496930
uci_bank_496931,2010-02-04,UCI ONLINE RETAIL UCI-496931,0.0,325.12,1315432.92,setl_496931
uci_bank_496932,2010-02-04,UCI ONLINE RETAIL UCI-496932,0.0,390.65,1315823.57,setl_496932
uci_bank_496933,2010-02-04,UCI ONLINE RETAIL UCI-496933,0.0,243.65,1316067.22,setl_496933
uci_bank_496934,2010-02-04,UCI ONLINE RETAIL UCI-496934,0.0,105.53,1316172.75,setl_496934
uci_bank_496935,2010-02-04,UCI ONLINE RETAIL UCI-496935,0.0,104.7,1316277.45,setl_496935
uci_bank_496944,2010-02-04,UCI ONLINE RETAIL UCI-496944,0.0,129.88,1316407.33,setl_496944
uci_bank_496945,2010-02-04,UCI ONLINE RETAIL UCI-496945,0.0,1042.88,1317450.21,setl_496945
uci_bank_496946,2010-02-04,UCI ONLINE RETAIL UCI-496946,0.0,283.43,1317733.64,setl_496946
uci_bank_496947,2010-02-04,UCI ONLINE RETAIL UCI-496947,0.0,832.48,1318566.12,setl_496947
uci_bank_496948,2010-02-04,UCI ONLINE RETAIL UCI-496948,0.0,313.67,1318879.79,setl_496948
uci_bank_496949,2010-02-04,UCI ONLINE RETAIL UCI-496949,0.0,150.35,1319030.14,setl_496949
uci_bank_496959,2010-02-04,UCI ONLINE RETAIL UCI-496959,0.0,318.0,1319348.14,setl_496959
uci_bank_496961,2010-02-04,UCI ONLINE RETAIL UCI-496961,0.0,231.05,1319579.19,setl_496961
uci_bank_496962,2010-02-04,UCI ONLINE RETAIL UCI-496962,0.0,318.0,1319897.19,setl_496962
uci_bank_496963,2010-02-04,UCI ONLINE RETAIL UCI-496963,0.0,60.48,1319957.67,setl_496963
uci_bank_496972,2010-02-04,UCI ONLINE RETAIL UCI-496972,0.0,312.74,1320270.41,setl_496972
uci_bank_496973,2010-02-05,UCI ONLINE RETAIL UCI-496973,0.0,269.37,1320539.78,setl_496973
uci_bank_496974,2010-02-05,UCI ONLINE RETAIL UCI-496974,0.0,1138.84,1321678.62,setl_496974
uci_bank_496975,2010-02-05,UCI ONLINE RETAIL UCI-496975,0.0,228.58,1321907.2,setl_496975
uci_bank_496976,2010-02-05,UCI ONLINE RETAIL UCI-496976,0.0,124.45,1322031.65,setl_496976
uci_bank_496977,2010-02-05,UCI ONLINE RETAIL UCI-496977,0.0,532.93,1322564.58,setl_496977
uci_bank_496978,2010-02-05,UCI ONLINE RETAIL UCI-496978,0.0,372.15,1322936.73,setl_496978
uci_bank_496980,2010-02-05,UCI ONLINE RETAIL UCI-496980,0.0,300.5,1323237.23,setl_496980
uci_bank_496981,2010-02-05,UCI ONLINE RETAIL UCI-496981,0.0,247.2,1323484.43,setl_496981
uci_bank_496982,2010-02-05,UCI ONLINE RETAIL UCI-496982,0.0,97.95,1323582.38,setl_496982
uci_bank_496987,2010-02-05,UCI ONLINE RETAIL UCI-496987,0.0,497.16,1324079.54,setl_496987
uci_bank_496990,2010-02-05,UCI ONLINE RETAIL UCI-496990,0.0,1328.77,1325408.31,setl_496990
uci_bank_496994,2010-02-05,UCI ONLINE RETAIL UCI-496994,0.0,1653.76,1327062.07,setl_496994
uci_bank_496996,2010-02-05,UCI ONLINE RETAIL UCI-496996,0.0,315.6,1327377.67,setl_496996
uci_bank_497000,2010-02-05,UCI ONLINE RETAIL UCI-497000,0.0,118.1,1327495.77,setl_497000
uci_bank_497002,2010-02-05,UCI ONLINE RETAIL UCI-497002,0.0,413.0,1327908.77,setl_497002
uci_bank_497004,2010-02-05,UCI ONLINE RETAIL UCI-497004,0.0,376.0,1328284.77,setl_497004
uci_bank_497005,2010-02-05,UCI ONLINE RETAIL UCI-497005,0.0,234.0,1328518.77,setl_497005
uci_bank_497006,2010-02-05,UCI ONLINE RETAIL UCI-497006,0.0,674.64,1329193.41,setl_497006
uci_bank_497007,2010-02-05,UCI ONLINE RETAIL UCI-497007,0.0,130.75,1329324.16,setl_497007
uci_bank_497025,2010-02-05,UCI ONLINE RETAIL UCI-497025,0.0,125.27,1329449.43,setl_497025
uci_bank_497027,2010-02-05,UCI ONLINE RETAIL UCI-497027,0.0,982.26,1330431.69,setl_497027
uci_bank_497029,2010-02-05,UCI ONLINE RETAIL UCI-497029,0.0,354.87,1330786.56,setl_497029
uci_bank_497030,2010-02-05,UCI ONLINE RETAIL UCI-497030,0.0,458.42,1331244.98,setl_497030
uci_bank_497031,2010-02-05,UCI ONLINE RETAIL UCI-497031,0.0,113.38,1331358.36,setl_497031
uci_bank_497033,2010-02-05,UCI ONLINE RETAIL UCI-497033,0.0,302.46,1331660.82,setl_497033
uci_bank_497035,2010-02-05,UCI ONLINE RETAIL UCI-497035,0.0,573.81,1332234.63,setl_497035
uci_bank_497036,2010-02-05,UCI ONLINE RETAIL UCI-497036,0.0,258.7,1332493.33,setl_497036
uci_bank_497039,2010-02-05,UCI ONLINE RETAIL UCI-497039,0.0,102.84,1332596.17,setl_497039
uci_bank_497043,2010-02-05,UCI ONLINE RETAIL UCI-497043,0.0,466.19,1333062.36,setl_497043
uci_bank_497056,2010-02-05,UCI ONLINE RETAIL UCI-497056,0.0,387.02,1333449.38,setl_497056
uci_bank_497073,2010-02-05,UCI ONLINE RETAIL UCI-497073,0.0,88.98,1333538.36,setl_497073
uci_bank_497084,2010-02-05,UCI ONLINE RETAIL UCI-497084,0.0,176.66,1333715.02,setl_497084
uci_bank_497100,2010-02-05,UCI ONLINE RETAIL UCI-497100,0.0,33.66,1333748.68,setl_497100
uci_bank_497106,2010-02-05,UCI ONLINE RETAIL UCI-497106,0.0,37.07,1333785.75,setl_497106
uci_bank_497124,2010-02-05,UCI ONLINE RETAIL UCI-497124,0.0,661.34,1334447.09,setl_497124
uci_bank_497152,2010-02-05,UCI ONLINE RETAIL UCI-497152,0.0,109.0,1334556.09,setl_497152
uci_bank_497157,2010-02-05,UCI ONLINE RETAIL UCI-497157,0.0,5206.5,1339762.59,setl_497157
uci_bank_497163,2010-02-05,UCI ONLINE RETAIL UCI-497163,0.0,15.0,1339777.59,setl_497163
uci_bank_497195,2010-02-07,UCI ONLINE RETAIL UCI-497195,0.0,54.3,1339831.89,setl_497195
uci_bank_497196,2010-02-07,UCI ONLINE RETAIL UCI-497196,0.0,301.25,1340133.14,setl_497196
uci_bank_497197,2010-02-07,UCI ONLINE RETAIL UCI-497197,0.0,368.27,1340501.41,setl_497197
uci_bank_497198,2010-02-07,UCI ONLINE RETAIL UCI-497198,0.0,99.69,1340601.1,setl_497198
uci_bank_497200,2010-02-07,UCI ONLINE RETAIL UCI-497200,0.0,110.27,1340711.37,setl_497200
uci_bank_497201,2010-02-07,UCI ONLINE RETAIL UCI-497201,0.0,987.64,1341699.01,setl_497201
uci_bank_497202,2010-02-07,UCI ONLINE RETAIL UCI-497202,0.0,212.78,1341911.79,setl_497202
uci_bank_497203,2010-02-07,UCI ONLINE RETAIL UCI-497203,0.0,484.91,1342396.7,setl_497203
uci_bank_497204,2010-02-07,UCI ONLINE RETAIL UCI-497204,0.0,298.99,1342695.69,setl_497204
uci_bank_497205,2010-02-07,UCI ONLINE RETAIL UCI-497205,0.0,268.1,1342963.79,setl_497205
uci_bank_497207,2010-02-07,UCI ONLINE RETAIL UCI-497207,0.0,197.96,1343161.75,setl_497207
uci_bank_497208,2010-02-07,UCI ONLINE RETAIL UCI-497208,0.0,357.04,1343518.79,setl_497208
uci_bank_497209,2010-02-07,UCI ONLINE RETAIL UCI-497209,0.0,418.65,1343937.44,setl_497209
uci_bank_497211,2010-02-07,UCI ONLINE RETAIL UCI-497211,0.0,181.6,1344119.04,setl_497211
uci_bank_497210,2010-02-07,UCI ONLINE RETAIL UCI-497210,0.0,191.7,1344310.74,setl_497210
uci_bank_497212,2010-02-07,UCI ONLINE RETAIL UCI-497212,0.0,309.7,1344620.44,setl_497212
uci_bank_497213,2010-02-07,UCI ONLINE RETAIL UCI-497213,0.0,349.31,1344969.75,setl_497213
uci_bank_497214,2010-02-07,UCI ONLINE RETAIL UCI-497214,0.0,129.7,1345099.45,setl_497214
uci_bank_497215,2010-02-07,UCI ONLINE RETAIL UCI-497215,0.0,310.44,1345409.89,setl_497215
uci_bank_497218,2010-02-07,UCI ONLINE RETAIL UCI-497218,0.0,196.2,1345606.09,setl_497218
uci_bank_497216,2010-02-07,UCI ONLINE RETAIL UCI-497216,0.0,407.91,1346014.0,setl_497216
uci_bank_497217,2010-02-07,UCI ONLINE RETAIL UCI-497217,0.0,7497.64,1353511.64,setl_497217
uci_bank_497219,2010-02-07,UCI ONLINE RETAIL UCI-497219,0.0,388.8,1353900.44,setl_497219
uci_bank_497221,2010-02-07,UCI ONLINE RETAIL UCI-497221,0.0,301.56,1354202.0,setl_497221
uci_bank_497222,2010-02-07,UCI ONLINE RETAIL UCI-497222,0.0,106.75,1354308.75,setl_497222
uci_bank_497223,2010-02-07,UCI ONLINE RETAIL UCI-497223,0.0,261.0,1354569.75,setl_497223
uci_bank_497225,2010-02-07,UCI ONLINE RETAIL UCI-497225,0.0,304.32,1354874.07,setl_497225
uci_bank_497226,2010-02-07,UCI ONLINE RETAIL UCI-497226,0.0,288.5,1355162.57,setl_497226
uci_bank_497227,2010-02-07,UCI ONLINE RETAIL UCI-497227,0.0,1690.32,1356852.89,setl_497227
uci_bank_497228,2010-02-08,UCI ONLINE RETAIL UCI-497228,0.0,341.78,1357194.67,setl_497228
uci_bank_497229,2010-02-08,UCI ONLINE RETAIL UCI-497229,0.0,312.59,1357507.26,setl_497229
uci_bank_497230,2010-02-08,UCI ONLINE RETAIL UCI-497230,0.0,328.75,1357836.01,setl_497230
uci_bank_497233,2010-02-08,UCI ONLINE RETAIL UCI-497233,0.0,438.03,1358274.04,setl_497233
uci_bank_497234,2010-02-08,UCI ONLINE RETAIL UCI-497234,0.0,344.18,1358618.22,setl_497234
uci_bank_497235,2010-02-08,UCI ONLINE RETAIL UCI-497235,0.0,426.87,1359045.09,setl_497235
uci_bank_497236,2010-02-08,UCI ONLINE RETAIL UCI-497236,0.0,147.0,1359192.09,setl_497236
uci_bank_497237,2010-02-08,UCI ONLINE RETAIL UCI-497237,0.0,216.95,1359409.04,setl_497237
uci_bank_497238,2010-02-08,UCI ONLINE RETAIL UCI-497238,0.0,748.98,1360158.02,setl_497238
uci_bank_497240,2010-02-08,UCI ONLINE RETAIL UCI-497240,0.0,217.8,1360375.82,setl_497240
uci_bank_497242,2010-02-08,UCI ONLINE RETAIL UCI-497242,0.0,163.8,1360539.62,setl_497242
uci_bank_497244,2010-02-08,UCI ONLINE RETAIL UCI-497244,0.0,2.95,1360542.57,setl_497244
uci_bank_497247,2010-02-08,UCI ONLINE RETAIL UCI-497247,0.0,113.0,1360655.57,setl_497247
uci_bank_497249,2010-02-08,UCI ONLINE RETAIL UCI-497249,0.0,183.55,1360839.12,setl_497249
uci_bank_497250,2010-02-08,UCI ONLINE RETAIL UCI-497250,0.0,129.96,1360969.08,setl_497250
uci_bank_497251,2010-02-08,UCI ONLINE RETAIL UCI-497251,0.0,611.54,1361580.62,setl_497251
uci_bank_497252,2010-02-08,UCI ONLINE RETAIL UCI-497252,0.0,404.91,1361985.53,setl_497252
uci_bank_497253,2010-02-08,UCI ONLINE RETAIL UCI-497253,0.0,297.64,1362283.17,setl_497253
uci_bank_497254,2010-02-08,UCI ONLINE RETAIL UCI-497254,0.0,166.9,1362450.07,setl_497254
uci_bank_497256,2010-02-08,UCI ONLINE RETAIL UCI-497256,0.0,604.1,1363054.17,setl_497256
uci_bank_497257,2010-02-08,UCI ONLINE RETAIL UCI-497257,0.0,307.85,1363362.02,setl_497257
uci_bank_497258,2010-02-08,UCI ONLINE RETAIL UCI-497258,0.0,202.45,1363564.47,setl_497258
uci_bank_497259,2010-02-08,UCI ONLINE RETAIL UCI-497259,0.0,120.6,1363685.07,setl_497259
uci_bank_497261,2010-02-08,UCI ONLINE RETAIL UCI-497261,0.0,154.38,1363839.45,setl_497261
uci_bank_497263,2010-02-08,UCI ONLINE RETAIL UCI-497263,0.0,85.68,1363925.13,setl_497263
uci_bank_497264,2010-02-08,UCI ONLINE RETAIL UCI-497264,0.0,115.03,1364040.16,setl_497264
uci_bank_497265,2010-02-08,UCI ONLINE RETAIL UCI-497265,0.0,314.1,1364354.26,setl_497265
uci_bank_497266,2010-02-08,UCI ONLINE RETAIL UCI-497266,0.0,150.03,1364504.29,setl_497266
uci_bank_497267,2010-02-08,UCI ONLINE RETAIL UCI-497267,0.0,283.79,1364788.08,setl_497267
uci_bank_497269,2010-02-08,UCI ONLINE RETAIL UCI-497269,0.0,135.4,1364923.48,setl_497269
uci_bank_497272,2010-02-08,UCI ONLINE RETAIL UCI-497272,0.0,327.33,1365250.81,setl_497272
uci_bank_497274,2010-02-08,UCI ONLINE RETAIL UCI-497274,0.0,311.75,1365562.56,setl_497274
uci_bank_497284,2010-02-08,UCI ONLINE RETAIL UCI-497284,0.0,334.18,1365896.74,setl_497284
uci_bank_497312,2010-02-08,UCI ONLINE RETAIL UCI-497312,0.0,399.59,1366296.33,setl_497312
uci_bank_497334,2010-02-08,UCI ONLINE RETAIL UCI-497334,0.0,99.9,1366396.23,setl_497334
uci_bank_497335,2010-02-08,UCI ONLINE RETAIL UCI-497335,0.0,98.7,1366494.93,setl_497335
uci_bank_497336,2010-02-08,UCI ONLINE RETAIL UCI-497336,0.0,558.9,1367053.83,setl_497336
uci_bank_497337,2010-02-08,UCI ONLINE RETAIL UCI-497337,0.0,365.1,1367418.93,setl_497337
uci_bank_497339,2010-02-08,UCI ONLINE RETAIL UCI-497339,0.0,365.1,1367784.03,setl_497339
uci_bank_497340,2010-02-08,UCI ONLINE RETAIL UCI-497340,0.0,168.8,1367952.83,setl_497340
uci_bank_497341,2010-02-08,UCI ONLINE RETAIL UCI-497341,0.0,419.6,1368372.43,setl_497341
uci_bank_497342,2010-02-08,UCI ONLINE RETAIL UCI-497342,0.0,142.9,1368515.33,setl_497342
uci_bank_497345,2010-02-08,UCI ONLINE RETAIL UCI-497345,0.0,29.1,1368544.43,setl_497345
uci_bank_497346,2010-02-08,UCI ONLINE RETAIL UCI-497346,0.0,259.15,1368803.58,setl_497346
uci_bank_497347,2010-02-08,UCI ONLINE RETAIL UCI-497347,0.0,546.15,1369349.73,setl_497347
uci_bank_497348,2010-02-08,UCI ONLINE RETAIL UCI-497348,0.0,197.7,1369547.43,setl_497348
uci_bank_497349,2010-02-08,UCI ONLINE RETAIL UCI-497349,0.0,68.2,1369615.63,setl_497349
uci_bank_497351,2010-02-08,UCI ONLINE RETAIL UCI-497351,0.0,128.2,1369743.83,setl_497351
uci_bank_497358,2010-02-08,UCI ONLINE RETAIL UCI-497358,0.0,156.62,1369900.45,setl_497358
uci_bank_497359,2010-02-09,UCI ONLINE RETAIL UCI-497359,0.0,134.9,1370035.35,setl_497359
uci_bank_497360,2010-02-09,UCI ONLINE RETAIL UCI-497360,0.0,1885.61,1371920.96,setl_497360
uci_bank_497362,2010-02-09,UCI ONLINE RETAIL UCI-497362,0.0,1701.66,1373622.62,setl_497362
uci_bank_497363,2010-02-09,UCI ONLINE RETAIL UCI-497363,0.0,562.96,1374185.58,setl_497363
uci_bank_497364,2010-02-09,UCI ONLINE RETAIL UCI-497364,0.0,651.41,1374836.99,setl_497364
uci_bank_497365,2010-02-09,UCI ONLINE RETAIL UCI-497365,0.0,53.28,1374890.27,setl_497365
uci_bank_497366,2010-02-09,UCI ONLINE RETAIL UCI-497366,0.0,157.2,1375047.47,setl_497366
uci_bank_497367,2010-02-09,UCI ONLINE RETAIL UCI-497367,0.0,279.5,1375326.97,setl_497367
uci_bank_497368,2010-02-09,UCI ONLINE RETAIL UCI-497368,0.0,112.4,1375439.37,setl_497368
uci_bank_497369,2010-02-09,UCI ONLINE RETAIL UCI-497369,0.0,668.15,1376107.52,setl_497369
uci_bank_497370,2010-02-09,UCI ONLINE RETAIL UCI-497370,0.0,93.35,1376200.87,setl_497370
uci_bank_497371,2010-02-09,UCI ONLINE RETAIL UCI-497371,0.0,368.15,1376569.02,setl_497371
uci_bank_497372,2010-02-09,UCI ONLINE RETAIL UCI-497372,0.0,64.14,1376633.16,setl_497372
uci_bank_497373,2010-02-09,UCI ONLINE RETAIL UCI-497373,0.0,119.85,1376753.01,setl_497373
uci_bank_497374,2010-02-09,UCI ONLINE RETAIL UCI-497374,0.0,373.65,1377126.66,setl_497374
uci_bank_497376,2010-02-09,UCI ONLINE RETAIL UCI-497376,0.0,324.3,1377450.96,setl_497376
uci_bank_497377,2010-02-09,UCI ONLINE RETAIL UCI-497377,0.0,534.26,1377985.22,setl_497377
uci_bank_497378,2010-02-09,UCI ONLINE RETAIL UCI-497378,0.0,742.38,1378727.6,setl_497378
uci_bank_497379,2010-02-09,UCI ONLINE RETAIL UCI-497379,0.0,124.78,1378852.38,setl_497379
uci_bank_497380,2010-02-09,UCI ONLINE RETAIL UCI-497380,0.0,548.9,1379401.28,setl_497380
uci_bank_497382,2010-02-09,UCI ONLINE RETAIL UCI-497382,0.0,632.02,1380033.3,setl_497382
uci_bank_497383,2010-02-09,UCI ONLINE RETAIL UCI-497383,0.0,274.44,1380307.74,setl_497383
uci_bank_497384,2010-02-09,UCI ONLINE RETAIL UCI-497384,0.0,892.72,1381200.46,setl_497384
uci_bank_497385,2010-02-09,UCI ONLINE RETAIL UCI-497385,0.0,236.6,1381437.06,setl_497385
uci_bank_497386,2010-02-09,UCI ONLINE RETAIL UCI-497386,0.0,142.33,1381579.39,setl_497386
uci_bank_497387,2010-02-09,UCI ONLINE RETAIL UCI-497387,0.0,209.1,1381788.49,setl_497387
uci_bank_497388,2010-02-09,UCI ONLINE RETAIL UCI-497388,0.0,103.52,1381892.01,setl_497388
uci_bank_497389,2010-02-09,UCI ONLINE RETAIL UCI-497389,0.0,54.75,1381946.76,setl_497389
uci_bank_497390,2010-02-09,UCI ONLINE RETAIL UCI-497390,0.0,373.1,1382319.86,setl_497390
uci_bank_497391,2010-02-09,UCI ONLINE RETAIL UCI-497391,0.0,405.4,1382725.26,setl_497391
uci_bank_497392,2010-02-09,UCI ONLINE RETAIL UCI-497392,0.0,213.05,1382938.31,setl_497392
uci_bank_497393,2010-02-09,UCI ONLINE RETAIL UCI-497393,0.0,275.41,1383213.72,setl_497393
uci_bank_497394,2010-02-09,UCI ONLINE RETAIL UCI-497394,0.0,242.94,1383456.66,setl_497394
uci_bank_497395,2010-02-09,UCI ONLINE RETAIL UCI-497395,0.0,179.68,1383636.34,setl_497395
uci_bank_497396,2010-02-09,UCI ONLINE RETAIL UCI-497396,0.0,117.0,1383753.34,setl_497396
uci_bank_497397,2010-02-09,UCI ONLINE RETAIL UCI-497397,0.0,154.91,1383908.25,setl_497397
uci_bank_497398,2010-02-09,UCI ONLINE RETAIL UCI-497398,0.0,136.89,1384045.14,setl_497398
uci_bank_497399,2010-02-09,UCI ONLINE RETAIL UCI-497399,0.0,250.95,1384296.09,setl_497399
uci_bank_497400,2010-02-09,UCI ONLINE RETAIL UCI-497400,0.0,224.38,1384520.47,setl_497400
uci_bank_497401,2010-02-09,UCI ONLINE RETAIL UCI-497401,0.0,224.35,1384744.82,setl_497401
uci_bank_497402,2010-02-09,UCI ONLINE RETAIL UCI-497402,0.0,1460.7,1386205.52,setl_497402
uci_bank_497403,2010-02-09,UCI ONLINE RETAIL UCI-497403,0.0,548.17,1386753.69,setl_497403
uci_bank_497405,2010-02-09,UCI ONLINE RETAIL UCI-497405,0.0,187.95,1386941.64,setl_497405
uci_bank_497404,2010-02-09,UCI ONLINE RETAIL UCI-497404,0.0,153.75,1387095.39,setl_497404
uci_bank_497433,2010-02-09,UCI ONLINE RETAIL UCI-497433,0.0,105.0,1387200.39,setl_497433
uci_bank_497473,2010-02-09,UCI ONLINE RETAIL UCI-497473,0.0,445.68,1387646.07,setl_497473
uci_bank_497475,2010-02-09,UCI ONLINE RETAIL UCI-497475,0.0,48.35,1387694.42,setl_497475
uci_bank_497485,2010-02-09,UCI ONLINE RETAIL UCI-497485,0.0,66.06,1387760.48,setl_497485
uci_bank_497486,2010-02-09,UCI ONLINE RETAIL UCI-497486,0.0,291.86,1388052.34,setl_497486
uci_bank_497488,2010-02-09,UCI ONLINE RETAIL UCI-497488,0.0,27.25,1388079.59,setl_497488
uci_bank_497489,2010-02-09,UCI ONLINE RETAIL UCI-497489,0.0,266.84,1388346.43,setl_497489
uci_bank_497494,2010-02-10,UCI ONLINE RETAIL UCI-497494,0.0,448.05,1388794.48,setl_497494
uci_bank_497495,2010-02-10,UCI ONLINE RETAIL UCI-497495,0.0,424.72,1389219.2,setl_497495
uci_bank_497496,2010-02-10,UCI ONLINE RETAIL UCI-497496,0.0,87.4,1389306.6,setl_497496
uci_bank_497497,2010-02-10,UCI ONLINE RETAIL UCI-497497,0.0,301.2,1389607.8,setl_497497
uci_bank_497498,2010-02-10,UCI ONLINE RETAIL UCI-497498,0.0,332.4,1389940.2,setl_497498
uci_bank_497499,2010-02-10,UCI ONLINE RETAIL UCI-497499,0.0,988.04,1390928.24,setl_497499
uci_bank_497500,2010-02-10,UCI ONLINE RETAIL UCI-497500,0.0,192.42,1391120.66,setl_497500
uci_bank_497501,2010-02-10,UCI ONLINE RETAIL UCI-497501,0.0,124.77,1391245.43,setl_497501
uci_bank_497504,2010-02-10,UCI ONLINE RETAIL UCI-497504,0.0,215.15,1391460.58,setl_497504
uci_bank_497506,2010-02-10,UCI ONLINE RETAIL UCI-497506,0.0,151.55,1391612.13,setl_497506
uci_bank_497508,2010-02-10,UCI ONLINE RETAIL UCI-497508,0.0,85.5,1391697.63,setl_497508
uci_bank_497509,2010-02-10,UCI ONLINE RETAIL UCI-497509,0.0,275.8,1391973.43,setl_497509
uci_bank_497510,2010-02-10,UCI ONLINE RETAIL UCI-497510,0.0,55.5,1392028.93,setl_497510
uci_bank_497511,2010-02-10,UCI ONLINE RETAIL UCI-497511,0.0,101.4,1392130.33,setl_497511
uci_bank_497512,2010-02-10,UCI ONLINE RETAIL UCI-497512,0.0,480.82,1392611.15,setl_497512
uci_bank_497517,2010-02-10,UCI ONLINE RETAIL UCI-497517,0.0,283.98,1392895.13,setl_497517
uci_bank_497518,2010-02-10,UCI ONLINE RETAIL UCI-497518,0.0,199.04,1393094.17,setl_497518
uci_bank_497519,2010-02-10,UCI ONLINE RETAIL UCI-497519,0.0,195.4,1393289.57,setl_497519
uci_bank_497521,2010-02-10,UCI ONLINE RETAIL UCI-497521,0.0,143.01,1393432.58,setl_497521
uci_bank_497522,2010-02-10,UCI ONLINE RETAIL UCI-497522,0.0,50.8,1393483.38,setl_497522
uci_bank_497523,2010-02-10,UCI ONLINE RETAIL UCI-497523,0.0,171.7,1393655.08,setl_497523
uci_bank_497525,2010-02-10,UCI ONLINE RETAIL UCI-497525,0.0,103.77,1393758.85,setl_497525
uci_bank_497572,2010-02-10,UCI ONLINE RETAIL UCI-497572,0.0,89.32,1393848.17,setl_497572
uci_bank_497574,2010-02-10,UCI ONLINE RETAIL UCI-497574,0.0,297.66,1394145.83,setl_497574
uci_bank_497583,2010-02-10,UCI ONLINE RETAIL UCI-497583,0.0,190.1,1394335.93,setl_497583
uci_bank_497588,2010-02-10,UCI ONLINE RETAIL UCI-497588,0.0,132.94,1394468.87,setl_497588
uci_bank_497589,2010-02-10,UCI ONLINE RETAIL UCI-497589,0.0,0.95,1394469.82,setl_497589
uci_bank_497592,2010-02-11,UCI ONLINE RETAIL UCI-497592,0.0,1402.43,1395872.25,setl_497592
uci_bank_497594,2010-02-11,UCI ONLINE RETAIL UCI-497594,0.0,477.68,1396349.93,setl_497594
uci_bank_497593,2010-02-11,UCI ONLINE RETAIL UCI-497593,0.0,158.7,1396508.63,setl_497593
uci_bank_497596,2010-02-11,UCI ONLINE RETAIL UCI-497596,0.0,380.0,1396888.63,setl_497596
uci_bank_497597,2010-02-11,UCI ONLINE RETAIL UCI-497597,0.0,310.29,1397198.92,setl_497597
uci_bank_497600,2010-02-11,UCI ONLINE RETAIL UCI-497600,0.0,202.57,1397401.49,setl_497600
uci_bank_497601,2010-02-11,UCI ONLINE RETAIL UCI-497601,0.0,225.6,1397627.09,setl_497601
uci_bank_497602,2010-02-11,UCI ONLINE RETAIL UCI-497602,0.0,370.63,1397997.72,setl_497602
uci_bank_497603,2010-02-11,UCI ONLINE RETAIL UCI-497603,0.0,522.28,1398520.0,setl_497603
uci_bank_497604,2010-02-11,UCI ONLINE RETAIL UCI-497604,0.0,213.4,1398733.4,setl_497604
uci_bank_497605,2010-02-11,UCI ONLINE RETAIL UCI-497605,0.0,6.35,1398739.75,setl_497605
uci_bank_497606,2010-02-11,UCI ONLINE RETAIL UCI-497606,0.0,351.99,1399091.74,setl_497606
uci_bank_497607,2010-02-11,UCI ONLINE RETAIL UCI-497607,0.0,6.35,1399098.09,setl_497607
uci_bank_497608,2010-02-11,UCI ONLINE RETAIL UCI-497608,0.0,236.61,1399334.7,setl_497608
uci_bank_497609,2010-02-11,UCI ONLINE RETAIL UCI-497609,0.0,117.8,1399452.5,setl_497609
uci_bank_497610,2010-02-11,UCI ONLINE RETAIL UCI-497610,0.0,6.35,1399458.85,setl_497610
uci_bank_497612,2010-02-11,UCI ONLINE RETAIL UCI-497612,0.0,131.78,1399590.63,setl_497612
uci_bank_497615,2010-02-11,UCI ONLINE RETAIL UCI-497615,0.0,286.55,1399877.18,setl_497615
uci_bank_497618,2010-02-11,UCI ONLINE RETAIL UCI-497618,0.0,374.2,1400251.38,setl_497618
uci_bank_497619,2010-02-11,UCI ONLINE RETAIL UCI-497619,0.0,276.15,1400527.53,setl_497619
uci_bank_497620,2010-02-11,UCI ONLINE RETAIL UCI-497620,0.0,67.34,1400594.87,setl_497620
uci_bank_497622,2010-02-11,UCI ONLINE RETAIL UCI-497622,0.0,534.96,1401129.83,setl_497622
uci_bank_497623,2010-02-11,UCI ONLINE RETAIL UCI-497623,0.0,390.85,1401520.68,setl_497623
uci_bank_497624,2010-02-11,UCI ONLINE RETAIL UCI-497624,0.0,114.88,1401635.56,setl_497624
uci_bank_497625,2010-02-11,UCI ONLINE RETAIL UCI-497625,0.0,311.87,1401947.43,setl_497625
uci_bank_497628,2010-02-11,UCI ONLINE RETAIL UCI-497628,0.0,236.07,1402183.5,setl_497628
uci_bank_497629,2010-02-11,UCI ONLINE RETAIL UCI-497629,0.0,307.25,1402490.75,setl_497629
uci_bank_497630,2010-02-11,UCI ONLINE RETAIL UCI-497630,0.0,268.14,1402758.89,setl_497630
uci_bank_497632,2010-02-11,UCI ONLINE RETAIL UCI-497632,0.0,416.2,1403175.09,setl_497632
uci_bank_497636,2010-02-11,UCI ONLINE RETAIL UCI-497636,0.0,636.9,1403811.99,setl_497636
uci_bank_497644,2010-02-11,UCI ONLINE RETAIL UCI-497644,0.0,245.49,1404057.48,setl_497644
uci_bank_497652,2010-02-11,UCI ONLINE RETAIL UCI-497652,0.0,41.3,1404098.78,setl_497652
uci_bank_497662,2010-02-11,UCI ONLINE RETAIL UCI-497662,0.0,190.7,1404289.48,setl_497662
uci_bank_497670,2010-02-11,UCI ONLINE RETAIL UCI-497670,0.0,15.0,1404304.48,setl_497670
uci_bank_497677,2010-02-11,UCI ONLINE RETAIL UCI-497677,0.0,306.0,1404610.48,setl_497677
uci_bank_497678,2010-02-11,UCI ONLINE RETAIL UCI-497678,0.0,79.9,1404690.38,setl_497678
uci_bank_497680,2010-02-11,UCI ONLINE RETAIL UCI-497680,0.0,280.51,1404970.89,setl_497680
uci_bank_497681,2010-02-11,UCI ONLINE RETAIL UCI-497681,0.0,365.76,1405336.65,setl_497681
uci_bank_497682,2010-02-11,UCI ONLINE RETAIL UCI-497682,0.0,152.4,1405489.05,setl_497682
uci_bank_497683,2010-02-11,UCI ONLINE RETAIL UCI-497683,0.0,324.82,1405813.87,setl_497683
uci_bank_497684,2010-02-11,UCI ONLINE RETAIL UCI-497684,0.0,193.71,1406007.58,setl_497684
uci_bank_497690,2010-02-11,UCI ONLINE RETAIL UCI-497690,0.0,334.7,1406342.28,setl_497690
uci_bank_497691,2010-02-11,UCI ONLINE RETAIL UCI-497691,0.0,582.35,1406924.63,setl_497691
uci_bank_497692,2010-02-11,UCI ONLINE RETAIL UCI-497692,0.0,401.94,1407326.57,setl_497692
uci_bank_497696,2010-02-11,UCI ONLINE RETAIL UCI-497696,0.0,220.99,1407547.56,setl_497696
uci_bank_497706,2010-02-11,UCI ONLINE RETAIL UCI-497706,0.0,402.75,1407950.31,setl_497706
uci_bank_497711,2010-02-11,UCI ONLINE RETAIL UCI-497711,0.0,21.8,1407972.11,setl_497711
uci_bank_497715,2010-02-11,UCI ONLINE RETAIL UCI-497715,0.0,102.0,1408074.11,setl_497715
uci_bank_497716,2010-02-11,UCI ONLINE RETAIL UCI-497716,0.0,660.0,1408734.11,setl_497716
uci_bank_497732,2010-02-11,UCI ONLINE RETAIL UCI-497732,0.0,179.37,1408913.48,setl_497732
uci_bank_497733,2010-02-11,UCI ONLINE RETAIL UCI-497733,0.0,63.5,1408976.98,setl_497733
uci_bank_497734,2010-02-11,UCI ONLINE RETAIL UCI-497734,0.0,15.0,1408991.98,setl_497734
uci_bank_497735,2010-02-11,UCI ONLINE RETAIL UCI-497735,0.0,471.84,1409463.82,setl_497735
uci_bank_497736,2010-02-11,UCI ONLINE RETAIL UCI-497736,0.0,102.0,1409565.82,setl_497736
uci_bank_497738,2010-02-12,UCI ONLINE RETAIL UCI-497738,0.0,175.96,1409741.78,setl_497738
uci_bank_497739,2010-02-12,UCI ONLINE RETAIL UCI-497739,0.0,204.49,1409946.27,setl_497739
uci_bank_497740,2010-02-12,UCI ONLINE RETAIL UCI-497740,0.0,738.86,1410685.13,setl_497740
uci_bank_497741,2010-02-12,UCI ONLINE RETAIL UCI-497741,0.0,304.3,1410989.43,setl_497741
uci_bank_497742,2010-02-12,UCI ONLINE RETAIL UCI-497742,0.0,484.44,1411473.87,setl_497742
uci_bank_497743,2010-02-12,UCI ONLINE RETAIL UCI-497743,0.0,150.39,1411624.26,setl_497743
uci_bank_497786,2010-02-12,UCI ONLINE RETAIL UCI-497786,0.0,310.7,1411934.96,setl_497786
uci_bank_497787,2010-02-12,UCI ONLINE RETAIL UCI-497787,0.0,247.5,1412182.46,setl_497787
uci_bank_497788,2010-02-12,UCI ONLINE RETAIL UCI-497788,0.0,329.23,1412511.69,setl_497788
uci_bank_497791,2010-02-12,UCI ONLINE RETAIL UCI-497791,0.0,393.74,1412905.43,setl_497791
uci_bank_497794,2010-02-12,UCI ONLINE RETAIL UCI-497794,0.0,147.71,1413053.14,setl_497794
uci_bank_497795,2010-02-12,UCI ONLINE RETAIL UCI-497795,0.0,935.83,1413988.97,setl_497795
uci_bank_497796,2010-02-12,UCI ONLINE RETAIL UCI-497796,0.0,407.15,1414396.12,setl_497796
uci_bank_497798,2010-02-12,UCI ONLINE RETAIL UCI-497798,0.0,493.66,1414889.78,setl_497798
uci_bank_497799,2010-02-12,UCI ONLINE RETAIL UCI-497799,0.0,216.6,1415106.38,setl_497799
uci_bank_497802,2010-02-12,UCI ONLINE RETAIL UCI-497802,0.0,576.0,1415682.38,setl_497802
uci_bank_497807,2010-02-12,UCI ONLINE RETAIL UCI-497807,0.0,399.3,1416081.68,setl_497807
uci_bank_497808,2010-02-12,UCI ONLINE RETAIL UCI-497808,0.0,425.63,1416507.31,setl_497808
uci_bank_497809,2010-02-12,UCI ONLINE RETAIL UCI-497809,0.0,404.55,1416911.86,setl_497809
uci_bank_497812,2010-02-12,UCI ONLINE RETAIL UCI-497812,0.0,682.79,1417594.65,setl_497812
uci_bank_497816,2010-02-12,UCI ONLINE RETAIL UCI-497816,0.0,136.92,1417731.57,setl_497816
uci_bank_497817,2010-02-12,UCI ONLINE RETAIL UCI-497817,0.0,120.8,1417852.37,setl_497817
uci_bank_497839,2010-02-12,UCI ONLINE RETAIL UCI-497839,0.0,236.46,1418088.83,setl_497839
uci_bank_497840,2010-02-12,UCI ONLINE RETAIL UCI-497840,0.0,334.5,1418423.33,setl_497840
uci_bank_497842,2010-02-12,UCI ONLINE RETAIL UCI-497842,0.0,377.62,1418800.95,setl_497842
uci_bank_497844,2010-02-12,UCI ONLINE RETAIL UCI-497844,0.0,283.85,1419084.8,setl_497844
uci_bank_497846,2010-02-12,UCI ONLINE RETAIL UCI-497846,0.0,25.0,1419109.8,setl_497846
uci_bank_497874,2010-02-12,UCI ONLINE RETAIL UCI-497874,0.0,198.18,1419307.98,setl_497874
uci_bank_497875,2010-02-14,UCI ONLINE RETAIL UCI-497875,0.0,271.0,1419578.98,setl_497875
uci_bank_497876,2010-02-14,UCI ONLINE RETAIL UCI-497876,0.0,304.65,1419883.63,setl_497876
uci_bank_497879,2010-02-14,UCI ONLINE RETAIL UCI-497879,0.0,662.25,1420545.88,setl_497879
uci_bank_497880,2010-02-14,UCI ONLINE RETAIL UCI-497880,0.0,254.92,1420800.8,setl_497880
uci_bank_497881,2010-02-14,UCI ONLINE RETAIL UCI-497881,0.0,432.24,1421233.04,setl_497881
uci_bank_497882,2010-02-14,UCI ONLINE RETAIL UCI-497882,0.0,100.0,1421333.04,setl_497882
uci_bank_497883,2010-02-14,UCI ONLINE RETAIL UCI-497883,0.0,541.19,1421874.23,setl_497883
uci_bank_497884,2010-02-14,UCI ONLINE RETAIL UCI-497884,0.0,687.4,1422561.63,setl_497884
uci_bank_497885,2010-02-14,UCI ONLINE RETAIL UCI-497885,0.0,736.44,1423298.07,setl_497885
uci_bank_497887,2010-02-14,UCI ONLINE RETAIL UCI-497887,0.0,184.34,1423482.41,setl_497887
uci_bank_497888,2010-02-14,UCI ONLINE RETAIL UCI-497888,0.0,130.5,1423612.91,setl_497888
uci_bank_497889,2010-02-14,UCI ONLINE RETAIL UCI-497889,0.0,345.21,1423958.12,setl_497889
uci_bank_497891,2010-02-14,UCI ONLINE RETAIL UCI-497891,0.0,336.27,1424294.39,setl_497891
uci_bank_497892,2010-02-14,UCI ONLINE RETAIL UCI-497892,0.0,174.49,1424468.88,setl_497892
uci_bank_497890,2010-02-14,UCI ONLINE RETAIL UCI-497890,0.0,174.95,1424643.83,setl_497890
uci_bank_497893,2010-02-14,UCI ONLINE RETAIL UCI-497893,0.0,148.9,1424792.73,setl_497893
uci_bank_497894,2010-02-14,UCI ONLINE RETAIL UCI-497894,0.0,762.69,1425555.42,setl_497894
uci_bank_497895,2010-02-14,UCI ONLINE RETAIL UCI-497895,0.0,237.6,1425793.02,setl_497895
uci_bank_497896,2010-02-14,UCI ONLINE RETAIL UCI-497896,0.0,261.6,1426054.62,setl_497896
uci_bank_497897,2010-02-14,UCI ONLINE RETAIL UCI-497897,0.0,545.9,1426600.52,setl_497897
uci_bank_497898,2010-02-14,UCI ONLINE RETAIL UCI-497898,0.0,218.53,1426819.05,setl_497898
uci_bank_497899,2010-02-14,UCI ONLINE RETAIL UCI-497899,0.0,237.42,1427056.47,setl_497899
uci_bank_497901,2010-02-14,UCI ONLINE RETAIL UCI-497901,0.0,293.59,1427350.06,setl_497901
uci_bank_497902,2010-02-14,UCI ONLINE RETAIL UCI-497902,0.0,252.0,1427602.06,setl_497902
uci_bank_497903,2010-02-14,UCI ONLINE RETAIL UCI-497903,0.0,214.38,1427816.44,setl_497903
uci_bank_497905,2010-02-14,UCI ONLINE RETAIL UCI-497905,0.0,568.3,1428384.74,setl_497905
uci_bank_497906,2010-02-14,UCI ONLINE RETAIL UCI-497906,0.0,881.86,1429266.6,setl_497906
uci_bank_497907,2010-02-14,UCI ONLINE RETAIL UCI-497907,0.0,394.25,1429660.85,setl_497907
uci_bank_497908,2010-02-14,UCI ONLINE RETAIL UCI-497908,0.0,1.55,1429662.4,setl_497908
uci_bank_497909,2010-02-14,UCI ONLINE RETAIL UCI-497909,0.0,464.57,1430126.97,setl_497909
uci_bank_497910,2010-02-14,UCI ONLINE RETAIL UCI-497910,0.0,404.66,1430531.63,setl_497910
uci_bank_497911,2010-02-14,UCI ONLINE RETAIL UCI-497911,0.0,212.9,1430744.53,setl_497911
uci_bank_497912,2010-02-14,UCI ONLINE RETAIL UCI-497912,0.0,699.93,1431444.46,setl_497912
uci_bank_497913,2010-02-14,UCI ONLINE RETAIL UCI-497913,0.0,1585.18,1433029.64,setl_497913
uci_bank_497914,2010-02-14,UCI ONLINE RETAIL UCI-497914,0.0,174.8,1433204.44,setl_497914
uci_bank_497915,2010-02-14,UCI ONLINE RETAIL UCI-497915,0.0,133.0,1433337.44,setl_497915
uci_bank_497916,2010-02-14,UCI ONLINE RETAIL UCI-497916,0.0,866.99,1434204.43,setl_497916
uci_bank_497917,2010-02-14,UCI ONLINE RETAIL UCI-497917,0.0,511.69,1434716.12,setl_497917
uci_bank_497918,2010-02-14,UCI ONLINE RETAIL UCI-497918,0.0,343.3,1435059.42,setl_497918
uci_bank_497919,2010-02-14,UCI ONLINE RETAIL UCI-497919,0.0,341.23,1435400.65,setl_497919
uci_bank_497920,2010-02-14,UCI ONLINE RETAIL UCI-497920,0.0,272.96,1435673.61,setl_497920
uci_bank_497921,2010-02-14,UCI ONLINE RETAIL UCI-497921,0.0,770.93,1436444.54,setl_497921
uci_bank_497922,2010-02-14,UCI ONLINE RETAIL UCI-497922,0.0,352.5,1436797.04,setl_497922
uci_bank_497923,2010-02-14,UCI ONLINE RETAIL UCI-497923,0.0,304.38,1437101.42,setl_497923
uci_bank_497925,2010-02-14,UCI ONLINE RETAIL UCI-497925,0.0,107.62,1437209.04,setl_497925
uci_bank_497926,2010-02-15,UCI ONLINE RETAIL UCI-497926,0.0,762.48,1437971.52,setl_497926
uci_bank_497928,2010-02-15,UCI ONLINE RETAIL UCI-497928,0.0,102.3,1438073.82,setl_497928
uci_bank_497929,2010-02-15,UCI ONLINE RETAIL UCI-497929,0.0,356.65,1438430.47,setl_497929
uci_bank_497931,2010-02-15,UCI ONLINE RETAIL UCI-497931,0.0,1709.0,1440139.47,setl_497931
uci_bank_497932,2010-02-15,UCI ONLINE RETAIL UCI-497932,0.0,712.39,1440851.86,setl_497932
uci_bank_497933,2010-02-15,UCI ONLINE RETAIL UCI-497933,0.0,526.08,1441377.94,setl_497933
uci_bank_497934,2010-02-15,UCI ONLINE RETAIL UCI-497934,0.0,129.05,1441506.99,setl_497934
uci_bank_497935,2010-02-15,UCI ONLINE RETAIL UCI-497935,0.0,1486.06,1442993.05,setl_497935
uci_bank_497936,2010-02-15,UCI ONLINE RETAIL UCI-497936,0.0,45.0,1443038.05,setl_497936
uci_bank_497937,2010-02-15,UCI ONLINE RETAIL UCI-497937,0.0,2805.0,1445843.05,setl_497937
uci_bank_497939,2010-02-15,UCI ONLINE RETAIL UCI-497939,0.0,348.38,1446191.43,setl_497939
uci_bank_497941,2010-02-15,UCI ONLINE RETAIL UCI-497941,0.0,897.0,1447088.43,setl_497941
uci_bank_497942,2010-02-15,UCI ONLINE RETAIL UCI-497942,0.0,128.28,1447216.71,setl_497942
uci_bank_497943,2010-02-15,UCI ONLINE RETAIL UCI-497943,0.0,1381.95,1448598.66,setl_497943
uci_bank_497944,2010-02-15,UCI ONLINE RETAIL UCI-497944,0.0,339.84,1448938.5,setl_497944
uci_bank_497946,2010-02-15,UCI ONLINE RETAIL UCI-497946,0.0,16973.1,1465911.6,setl_497946
uci_bank_497947,2010-02-15,UCI ONLINE RETAIL UCI-497947,0.0,1508.65,1467420.25,setl_497947
uci_bank_497948,2010-02-15,UCI ONLINE RETAIL UCI-497948,0.0,1009.94,1468430.19,setl_497948
uci_bank_497949,2010-02-15,UCI ONLINE RETAIL UCI-497949,0.0,1331.22,1469761.41,setl_497949
uci_bank_497950,2010-02-15,UCI ONLINE RETAIL UCI-497950,0.0,89.7,1469851.11,setl_497950
uci_bank_497952,2010-02-15,UCI ONLINE RETAIL UCI-497952,0.0,1508.65,1471359.76,setl_497952
uci_bank_497953,2010-02-15,UCI ONLINE RETAIL UCI-497953,0.0,51.43,1471411.19,setl_497953
uci_bank_497954,2010-02-15,UCI ONLINE RETAIL UCI-497954,0.0,340.97,1471752.16,setl_497954
uci_bank_497955,2010-02-15,UCI ONLINE RETAIL UCI-497955,0.0,1212.5,1472964.66,setl_497955
uci_bank_497956,2010-02-15,UCI ONLINE RETAIL UCI-497956,0.0,231.68,1473196.34,setl_497956
uci_bank_497957,2010-02-15,UCI ONLINE RETAIL UCI-497957,0.0,59.4,1473255.74,setl_497957
uci_bank_497958,2010-02-15,UCI ONLINE RETAIL UCI-497958,0.0,1100.72,1474356.46,setl_497958
uci_bank_497959,2010-02-15,UCI ONLINE RETAIL UCI-497959,0.0,171.6,1474528.06,setl_497959
uci_bank_497963,2010-02-15,UCI ONLINE RETAIL UCI-497963,0.0,255.42,1474783.48,setl_497963
uci_bank_497966,2010-02-15,UCI ONLINE RETAIL UCI-497966,0.0,47.4,1474830.88,setl_497966
uci_bank_497969,2010-02-15,UCI ONLINE RETAIL UCI-497969,0.0,47.4,1474878.28,setl_497969
uci_bank_497983,2010-02-15,UCI ONLINE RETAIL UCI-497983,0.0,517.12,1475395.4,setl_497983
uci_bank_498012,2010-02-15,UCI ONLINE RETAIL UCI-498012,0.0,541.8,1475937.2,setl_498012
uci_bank_498013,2010-02-15,UCI ONLINE RETAIL UCI-498013,0.0,171.79,1476108.99,setl_498013
uci_bank_498014,2010-02-15,UCI ONLINE RETAIL UCI-498014,0.0,442.8,1476551.79,setl_498014
uci_bank_498015,2010-02-15,UCI ONLINE RETAIL UCI-498015,0.0,517.57,1477069.36,setl_498015
uci_bank_498018,2010-02-15,UCI ONLINE RETAIL UCI-498018,0.0,239.14,1477308.5,setl_498018
uci_bank_498019,2010-02-15,UCI ONLINE RETAIL UCI-498019,0.0,1482.95,1478791.45,setl_498019
uci_bank_498020,2010-02-15,UCI ONLINE RETAIL UCI-498020,0.0,62.7,1478854.15,setl_498020
uci_bank_498021,2010-02-15,UCI ONLINE RETAIL UCI-498021,0.0,129.34,1478983.49,setl_498021
uci_bank_498022,2010-02-15,UCI ONLINE RETAIL UCI-498022,0.0,63.5,1479046.99,setl_498022
uci_bank_498025,2010-02-15,UCI ONLINE RETAIL UCI-498025,0.0,181.24,1479228.23,setl_498025
uci_bank_498026,2010-02-15,UCI ONLINE RETAIL UCI-498026,0.0,591.37,1479819.6,setl_498026
uci_bank_498027,2010-02-16,UCI ONLINE RETAIL UCI-498027,0.0,623.93,1480443.53,setl_498027
uci_bank_498028,2010-02-16,UCI ONLINE RETAIL UCI-498028,0.0,108.2,1480551.73,setl_498028
uci_bank_498029,2010-02-16,UCI ONLINE RETAIL UCI-498029,0.0,59.92,1480611.65,setl_498029
uci_bank_498035,2010-02-16,UCI ONLINE RETAIL UCI-498035,0.0,1083.01,1481694.66,setl_498035
uci_bank_498037,2010-02-16,UCI ONLINE RETAIL UCI-498037,0.0,404.76,1482099.42,setl_498037
uci_bank_498041,2010-02-16,UCI ONLINE RETAIL UCI-498041,0.0,211.94,1482311.36,setl_498041
uci_bank_498042,2010-02-16,UCI ONLINE RETAIL UCI-498042,0.0,169.69,1482481.05,setl_498042
uci_bank_498043,2010-02-16,UCI ONLINE RETAIL UCI-498043,0.0,178.43,1482659.48,setl_498043
uci_bank_498044,2010-02-16,UCI ONLINE RETAIL UCI-498044,0.0,342.4,1483001.88,setl_498044
uci_bank_498045,2010-02-16,UCI ONLINE RETAIL UCI-498045,0.0,931.72,1483933.6,setl_498045
uci_bank_498046,2010-02-16,UCI ONLINE RETAIL UCI-498046,0.0,186.1,1484119.7,setl_498046
uci_bank_498047,2010-02-16,UCI ONLINE RETAIL UCI-498047,0.0,962.99,1485082.69,setl_498047
uci_bank_498048,2010-02-16,UCI ONLINE RETAIL UCI-498048,0.0,194.3,1485276.99,setl_498048
uci_bank_498049,2010-02-16,UCI ONLINE RETAIL UCI-498049,0.0,1384.02,1486661.01,setl_498049
uci_bank_498052,2010-02-16,UCI ONLINE RETAIL UCI-498052,0.0,1677.42,1488338.43,setl_498052
uci_bank_498053,2010-02-16,UCI ONLINE RETAIL UCI-498053,0.0,159.68,1488498.11,setl_498053
uci_bank_498054,2010-02-16,UCI ONLINE RETAIL UCI-498054,0.0,68.6,1488566.71,setl_498054
uci_bank_498055,2010-02-16,UCI ONLINE RETAIL UCI-498055,0.0,434.6,1489001.31,setl_498055
uci_bank_498060,2010-02-16,UCI ONLINE RETAIL UCI-498060,0.0,204.36,1489205.67,setl_498060
uci_bank_498070,2010-02-16,UCI ONLINE RETAIL UCI-498070,0.0,207.15,1489412.82,setl_498070
uci_bank_498078,2010-02-16,UCI ONLINE RETAIL UCI-498078,0.0,345.99,1489758.81,setl_498078
uci_bank_498089,2010-02-16,UCI ONLINE RETAIL UCI-498089,0.0,393.14,1490151.95,setl_498089
uci_bank_498090,2010-02-16,UCI ONLINE RETAIL UCI-498090,0.0,48.8,1490200.75,setl_498090
uci_bank_498091,2010-02-16,UCI ONLINE RETAIL UCI-498091,0.0,745.47,1490946.22,setl_498091
uci_bank_498093,2010-02-16,UCI ONLINE RETAIL UCI-498093,0.0,393.24,1491339.46,setl_498093
uci_bank_498094,2010-02-16,UCI ONLINE RETAIL UCI-498094,0.0,197.7,1491537.16,setl_498094
uci_bank_498095,2010-02-16,UCI ONLINE RETAIL UCI-498095,0.0,553.28,1492090.44,setl_498095
uci_bank_498096,2010-02-16,UCI ONLINE RETAIL UCI-498096,0.0,340.35,1492430.79,setl_498096
uci_bank_498097,2010-02-16,UCI ONLINE RETAIL UCI-498097,0.0,774.6,1493205.39,setl_498097
uci_bank_498098,2010-02-16,UCI ONLINE RETAIL UCI-498098,0.0,171.25,1493376.64,setl_498098
uci_bank_498099,2010-02-16,UCI ONLINE RETAIL UCI-498099,0.0,196.6,1493573.24,setl_498099
uci_bank_498100,2010-02-16,UCI ONLINE RETAIL UCI-498100,0.0,215.5,1493788.74,setl_498100
uci_bank_498101,2010-02-16,UCI ONLINE RETAIL UCI-498101,0.0,413.67,1494202.41,setl_498101
uci_bank_498102,2010-02-16,UCI ONLINE RETAIL UCI-498102,0.0,242.52,1494444.93,setl_498102
uci_bank_498103,2010-02-16,UCI ONLINE RETAIL UCI-498103,0.0,310.98,1494755.91,setl_498103
uci_bank_498104,2010-02-16,UCI ONLINE RETAIL UCI-498104,0.0,927.27,1495683.18,setl_498104
uci_bank_498105,2010-02-16,UCI ONLINE RETAIL UCI-498105,0.0,1348.08,1497031.26,setl_498105
uci_bank_498106,2010-02-16,UCI ONLINE RETAIL UCI-498106,0.0,164.09,1497195.35,setl_498106
uci_bank_498107,2010-02-16,UCI ONLINE RETAIL UCI-498107,0.0,525.0,1497720.35,setl_498107
uci_bank_498108,2010-02-16,UCI ONLINE RETAIL UCI-498108,0.0,179.68,1497900.03,setl_498108
uci_bank_498110,2010-02-16,UCI ONLINE RETAIL UCI-498110,0.0,3.75,1497903.78,setl_498110
uci_bank_498112,2010-02-16,UCI ONLINE RETAIL UCI-498112,0.0,469.51,1498373.29,setl_498112
uci_bank_498114,2010-02-16,UCI ONLINE RETAIL UCI-498114,0.0,3019.35,1501392.64,setl_498114
uci_bank_498116,2010-02-16,UCI ONLINE RETAIL UCI-498116,0.0,366.0,1501758.64,setl_498116
uci_bank_498118,2010-02-16,UCI ONLINE RETAIL UCI-498118,0.0,394.42,1502153.06,setl_498118
uci_bank_498119,2010-02-16,UCI ONLINE RETAIL UCI-498119,0.0,356.5,1502509.56,setl_498119
uci_bank_498120,2010-02-16,UCI ONLINE RETAIL UCI-498120,0.0,400.8,1502910.36,setl_498120
uci_bank_498121,2010-02-16,UCI ONLINE RETAIL UCI-498121,0.0,199.7,1503110.06,setl_498121
uci_bank_498123,2010-02-16,UCI ONLINE RETAIL UCI-498123,0.0,276.44,1503386.5,setl_498123
uci_bank_498124,2010-02-16,UCI ONLINE RETAIL UCI-498124,0.0,357.39,1503743.89,setl_498124
uci_bank_498125,2010-02-16,UCI ONLINE RETAIL UCI-498125,0.0,190.95,1503934.84,setl_498125
uci_bank_498126,2010-02-16,UCI ONLINE RETAIL UCI-498126,0.0,79.32,1504014.16,setl_498126
uci_bank_498127,2010-02-16,UCI ONLINE RETAIL UCI-498127,0.0,93.87,1504108.03,setl_498127
uci_bank_498128,2010-02-16,UCI ONLINE RETAIL UCI-498128,0.0,139.35,1504247.38,setl_498128
uci_bank_498130,2010-02-16,UCI ONLINE RETAIL UCI-498130,0.0,177.88,1504425.26,setl_498130
uci_bank_498131,2010-02-16,UCI ONLINE RETAIL UCI-498131,0.0,313.55,1504738.81,setl_498131
uci_bank_498132,2010-02-16,UCI ONLINE RETAIL UCI-498132,0.0,354.7,1505093.51,setl_498132
uci_bank_498135,2010-02-16,UCI ONLINE RETAIL UCI-498135,0.0,454.35,1505547.86,setl_498135
uci_bank_498136,2010-02-17,UCI ONLINE RETAIL UCI-498136,0.0,194.74,1505742.6,setl_498136
uci_bank_498138,2010-02-17,UCI ONLINE RETAIL UCI-498138,0.0,470.9,1506213.5,setl_498138
uci_bank_498137,2010-02-17,UCI ONLINE RETAIL UCI-498137,0.0,107.7,1506321.2,setl_498137
uci_bank_498139,2010-02-17,UCI ONLINE RETAIL UCI-498139,0.0,672.1,1506993.3,setl_498139
uci_bank_498141,2010-02-17,UCI ONLINE RETAIL UCI-498141,0.0,421.03,1507414.33,setl_498141
uci_bank_498142,2010-02-17,UCI ONLINE RETAIL UCI-498142,0.0,306.48,1507720.81,setl_498142
uci_bank_498143,2010-02-17,UCI ONLINE RETAIL UCI-498143,0.0,596.48,1508317.29,setl_498143
uci_bank_498145,2010-02-17,UCI ONLINE RETAIL UCI-498145,0.0,543.1,1508860.39,setl_498145
uci_bank_498149,2010-02-17,UCI ONLINE RETAIL UCI-498149,0.0,427.0,1509287.39,setl_498149
uci_bank_498152,2010-02-17,UCI ONLINE RETAIL UCI-498152,0.0,2836.8,1512124.19,setl_498152
uci_bank_498153,2010-02-17,UCI ONLINE RETAIL UCI-498153,0.0,147.64,1512271.83,setl_498153
uci_bank_498154,2010-02-17,UCI ONLINE RETAIL UCI-498154,0.0,334.84,1512606.67,setl_498154
uci_bank_498155,2010-02-17,UCI ONLINE RETAIL UCI-498155,0.0,100.5,1512707.17,setl_498155
uci_bank_498156,2010-02-17,UCI ONLINE RETAIL UCI-498156,0.0,164.35,1512871.52,setl_498156
uci_bank_498157,2010-02-17,UCI ONLINE RETAIL UCI-498157,0.0,366.42,1513237.94,setl_498157
uci_bank_498158,2010-02-17,UCI ONLINE RETAIL UCI-498158,0.0,514.89,1513752.83,setl_498158
uci_bank_498159,2010-02-17,UCI ONLINE RETAIL UCI-498159,0.0,253.6,1514006.43,setl_498159
uci_bank_498160,2010-02-17,UCI ONLINE RETAIL UCI-498160,0.0,146.54,1514152.97,setl_498160
uci_bank_498161,2010-02-17,UCI ONLINE RETAIL UCI-498161,0.0,3157.06,1517310.03,setl_498161
uci_bank_498162,2010-02-17,UCI ONLINE RETAIL UCI-498162,0.0,223.2,1517533.23,setl_498162
uci_bank_498163,2010-02-17,UCI ONLINE RETAIL UCI-498163,0.0,2947.1,1520480.33,setl_498163
uci_bank_498164,2010-02-17,UCI ONLINE RETAIL UCI-498164,0.0,468.0,1520948.33,setl_498164
uci_bank_498205,2010-02-17,UCI ONLINE RETAIL UCI-498205,0.0,307.89,1521256.22,setl_498205
uci_bank_498213,2010-02-17,UCI ONLINE RETAIL UCI-498213,0.0,968.78,1522225.0,setl_498213
uci_bank_498216,2010-02-17,UCI ONLINE RETAIL UCI-498216,0.0,170.2,1522395.2,setl_498216
uci_bank_498217,2010-02-17,UCI ONLINE RETAIL UCI-498217,0.0,521.96,1522917.16,setl_498217
uci_bank_498221,2010-02-17,UCI ONLINE RETAIL UCI-498221,0.0,241.96,1523159.12,setl_498221
uci_bank_498222,2010-02-17,UCI ONLINE RETAIL UCI-498222,0.0,194.63,1523353.75,setl_498222
uci_bank_498223,2010-02-17,UCI ONLINE RETAIL UCI-498223,0.0,206.83,1523560.58,setl_498223
uci_bank_498224,2010-02-17,UCI ONLINE RETAIL UCI-498224,0.0,121.55,1523682.13,setl_498224
uci_bank_498236,2010-02-17,UCI ONLINE RETAIL UCI-498236,0.0,377.8,1524059.93,setl_498236
uci_bank_498238,2010-02-17,UCI ONLINE RETAIL UCI-498238,0.0,425.62,1524485.55,setl_498238
uci_bank_498240,2010-02-17,UCI ONLINE RETAIL UCI-498240,0.0,549.5,1525035.05,setl_498240
uci_bank_498249,2010-02-17,UCI ONLINE RETAIL UCI-498249,0.0,2329.48,1527364.53,setl_498249
uci_bank_498254,2010-02-17,UCI ONLINE RETAIL UCI-498254,0.0,80.96,1527445.49,setl_498254
uci_bank_498256,2010-02-17,UCI ONLINE RETAIL UCI-498256,0.0,366.83,1527812.32,setl_498256
uci_bank_498261,2010-02-17,UCI ONLINE RETAIL UCI-498261,0.0,869.82,1528682.14,setl_498261
uci_bank_498260,2010-02-17,UCI ONLINE RETAIL UCI-498260,0.0,528.05,1529210.19,setl_498260
uci_bank_498269,2010-02-17,UCI ONLINE RETAIL UCI-498269,0.0,15.0,1529225.19,setl_498269
uci_bank_498270,2010-02-17,UCI ONLINE RETAIL UCI-498270,0.0,301.92,1529527.11,setl_498270
uci_bank_498276,2010-02-17,UCI ONLINE RETAIL UCI-498276,0.0,398.1,1529925.21,setl_498276
uci_bank_498281,2010-02-17,UCI ONLINE RETAIL UCI-498281,0.0,408.5,1530333.71,setl_498281
uci_bank_498283,2010-02-17,UCI ONLINE RETAIL UCI-498283,0.0,595.0,1530928.71,setl_498283
uci_bank_498284,2010-02-17,UCI ONLINE RETAIL UCI-498284,0.0,365.9,1531294.61,setl_498284
uci_bank_498288,2010-02-17,UCI ONLINE RETAIL UCI-498288,0.0,201.42,1531496.03,setl_498288
uci_bank_498290,2010-02-17,UCI ONLINE RETAIL UCI-498290,0.0,610.56,1532106.59,setl_498290
uci_bank_498291,2010-02-18,UCI ONLINE RETAIL UCI-498291,0.0,118.2,1532224.79,setl_498291
uci_bank_498292,2010-02-18,UCI ONLINE RETAIL UCI-498292,0.0,51.0,1532275.79,setl_498292
uci_bank_498294,2010-02-18,UCI ONLINE RETAIL UCI-498294,0.0,301.79,1532577.58,setl_498294
uci_bank_498300,2010-02-18,UCI ONLINE RETAIL UCI-498300,0.0,303.98,1532881.56,setl_498300
uci_bank_498301,2010-02-18,UCI ONLINE RETAIL UCI-498301,0.0,673.12,1533554.68,setl_498301
uci_bank_498303,2010-02-18,UCI ONLINE RETAIL UCI-498303,0.0,19.5,1533574.18,setl_498303
uci_bank_498305,2010-02-18,UCI ONLINE RETAIL UCI-498305,0.0,240.75,1533814.93,setl_498305
uci_bank_498307,2010-02-18,UCI ONLINE RETAIL UCI-498307,0.0,59.7,1533874.63,setl_498307
uci_bank_498325,2010-02-18,UCI ONLINE RETAIL UCI-498325,0.0,532.41,1534407.04,setl_498325
uci_bank_498326,2010-02-18,UCI ONLINE RETAIL UCI-498326,0.0,91.4,1534498.44,setl_498326
uci_bank_498328,2010-02-18,UCI ONLINE RETAIL UCI-498328,0.0,275.04,1534773.48,setl_498328
uci_bank_498336,2010-02-18,UCI ONLINE RETAIL UCI-498336,0.0,169.55,1534943.03,setl_498336
uci_bank_498338,2010-02-18,UCI ONLINE RETAIL UCI-498338,0.0,448.01,1535391.04,setl_498338
uci_bank_498340,2010-02-18,UCI ONLINE RETAIL UCI-498340,0.0,443.52,1535834.56,setl_498340
uci_bank_498341,2010-02-18,UCI ONLINE RETAIL UCI-498341,0.0,1.25,1535835.81,setl_498341
uci_bank_498343,2010-02-18,UCI ONLINE RETAIL UCI-498343,0.0,210.07,1536045.88,setl_498343
uci_bank_498345,2010-02-18,UCI ONLINE RETAIL UCI-498345,0.0,293.45,1536339.33,setl_498345
uci_bank_498346,2010-02-18,UCI ONLINE RETAIL UCI-498346,0.0,312.96,1536652.29,setl_498346
uci_bank_498347,2010-02-18,UCI ONLINE RETAIL UCI-498347,0.0,131.42,1536783.71,setl_498347
uci_bank_498348,2010-02-18,UCI ONLINE RETAIL UCI-498348,0.0,371.4,1537155.11,setl_498348
uci_bank_498349,2010-02-18,UCI ONLINE RETAIL UCI-498349,0.0,533.36,1537688.47,setl_498349
uci_bank_498350,2010-02-18,UCI ONLINE RETAIL UCI-498350,0.0,299.52,1537987.99,setl_498350
uci_bank_498351,2010-02-18,UCI ONLINE RETAIL UCI-498351,0.0,164.7,1538152.69,setl_498351
uci_bank_498352,2010-02-18,UCI ONLINE RETAIL UCI-498352,0.0,158.32,1538311.01,setl_498352
uci_bank_498353,2010-02-18,UCI ONLINE RETAIL UCI-498353,0.0,443.06,1538754.07,setl_498353
uci_bank_498354,2010-02-18,UCI ONLINE RETAIL UCI-498354,0.0,230.51,1538984.58,setl_498354
uci_bank_498355,2010-02-18,UCI ONLINE RETAIL UCI-498355,0.0,129.11,1539113.69,setl_498355
uci_bank_498357,2010-02-18,UCI ONLINE RETAIL UCI-498357,0.0,166.13,1539279.82,setl_498357
uci_bank_498359,2010-02-18,UCI ONLINE RETAIL UCI-498359,0.0,454.4,1539734.22,setl_498359
uci_bank_498360,2010-02-18,UCI ONLINE RETAIL UCI-498360,0.0,175.27,1539909.49,setl_498360
uci_bank_498361,2010-02-18,UCI ONLINE RETAIL UCI-498361,0.0,326.55,1540236.04,setl_498361
uci_bank_498362,2010-02-18,UCI ONLINE RETAIL UCI-498362,0.0,1910.96,1542147.0,setl_498362
uci_bank_498363,2010-02-18,UCI ONLINE RETAIL UCI-498363,0.0,304.0,1542451.0,setl_498363
uci_bank_498364,2010-02-18,UCI ONLINE RETAIL UCI-498364,0.0,319.88,1542770.88,setl_498364
uci_bank_498365,2010-02-18,UCI ONLINE RETAIL UCI-498365,0.0,383.55,1543154.43,setl_498365
uci_bank_498366,2010-02-18,UCI ONLINE RETAIL UCI-498366,0.0,301.31,1543455.74,setl_498366
uci_bank_498378,2010-02-18,UCI ONLINE RETAIL UCI-498378,0.0,485.67,1543941.41,setl_498378
uci_bank_498379,2010-02-18,UCI ONLINE RETAIL UCI-498379,0.0,941.57,1544882.98,setl_498379
uci_bank_498380,2010-02-18,UCI ONLINE RETAIL UCI-498380,0.0,21.0,1544903.98,setl_498380
uci_bank_498381,2010-02-18,UCI ONLINE RETAIL UCI-498381,0.0,18.05,1544922.03,setl_498381
uci_bank_498383,2010-02-18,UCI ONLINE RETAIL UCI-498383,0.0,37.5,1544959.53,setl_498383
uci_bank_498389,2010-02-18,UCI ONLINE RETAIL UCI-498389,0.0,354.17,1545313.7,setl_498389
uci_bank_498395,2010-02-18,UCI ONLINE RETAIL UCI-498395,0.0,9695.16,1555008.86,setl_498395
uci_bank_498396,2010-02-18,UCI ONLINE RETAIL UCI-498396,0.0,1474.1,1556482.96,setl_498396
uci_bank_498397,2010-02-18,UCI ONLINE RETAIL UCI-498397,0.0,307.21,1556790.17,setl_498397
uci_bank_498398,2010-02-18,UCI ONLINE RETAIL UCI-498398,0.0,3788.34,1560578.51,setl_498398
uci_bank_498399,2010-02-18,UCI ONLINE RETAIL UCI-498399,0.0,170.68,1560749.19,setl_498399
uci_bank_498400,2010-02-18,UCI ONLINE RETAIL UCI-498400,0.0,136.93,1560886.12,setl_498400
uci_bank_498401,2010-02-18,UCI ONLINE RETAIL UCI-498401,0.0,311.21,1561197.33,setl_498401
uci_bank_498403,2010-02-18,UCI ONLINE RETAIL UCI-498403,0.0,246.22,1561443.55,setl_498403
uci_bank_498416,2010-02-18,UCI ONLINE RETAIL UCI-498416,0.0,307.3,1561750.85,setl_498416
uci_bank_498418,2010-02-18,UCI ONLINE RETAIL UCI-498418,0.0,360.38,1562111.23,setl_498418
uci_bank_498421,2010-02-18,UCI ONLINE RETAIL UCI-498421,0.0,163.55,1562274.78,setl_498421
uci_bank_498429,2010-02-18,UCI ONLINE RETAIL UCI-498429,0.0,387.51,1562662.29,setl_498429
uci_bank_498430,2010-02-18,UCI ONLINE RETAIL UCI-498430,0.0,378.46,1563040.75,setl_498430
uci_bank_498431,2010-02-18,UCI ONLINE RETAIL UCI-498431,0.0,1038.09,1564078.84,setl_498431
uci_bank_498432,2010-02-18,UCI ONLINE RETAIL UCI-498432,0.0,102.2,1564181.04,setl_498432
uci_bank_498433,2010-02-18,UCI ONLINE RETAIL UCI-498433,0.0,838.15,1565019.19,setl_498433
uci_bank_498434,2010-02-18,UCI ONLINE RETAIL UCI-498434,0.0,2160.72,1567179.91,setl_498434
uci_bank_498435,2010-02-18,UCI ONLINE RETAIL UCI-498435,0.0,266.39,1567446.3,setl_498435
uci_bank_498436,2010-02-18,UCI ONLINE RETAIL UCI-498436,0.0,50.58,1567496.88,setl_498436
uci_bank_498437,2010-02-18,UCI ONLINE RETAIL UCI-498437,0.0,408.0,1567904.88,setl_498437
uci_bank_498438,2010-02-19,UCI ONLINE RETAIL UCI-498438,0.0,162.18,1568067.06,setl_498438
uci_bank_498439,2010-02-19,UCI ONLINE RETAIL UCI-498439,0.0,276.65,1568343.71,setl_498439
uci_bank_498440,2010-02-19,UCI ONLINE RETAIL UCI-498440,0.0,6412.0,1574755.71,setl_498440
uci_bank_498442,2010-02-19,UCI ONLINE RETAIL UCI-498442,0.0,266.21,1575021.92,setl_498442
uci_bank_498445,2010-02-19,UCI ONLINE RETAIL UCI-498445,0.0,407.94,1575429.86,setl_498445
uci_bank_498446,2010-02-19,UCI ONLINE RETAIL UCI-498446,0.0,1564.28,1576994.14,setl_498446
uci_bank_498447,2010-02-19,UCI ONLINE RETAIL UCI-498447,0.0,619.86,1577614.0,setl_498447
uci_bank_498448,2010-02-19,UCI ONLINE RETAIL UCI-498448,0.0,102.84,1577716.84,setl_498448
uci_bank_498457,2010-02-19,UCI ONLINE RETAIL UCI-498457,0.0,40.32,1577757.16,setl_498457
uci_bank_498463,2010-02-19,UCI ONLINE RETAIL UCI-498463,0.0,304.61,1578061.77,setl_498463
uci_bank_498473,2010-02-19,UCI ONLINE RETAIL UCI-498473,0.0,210.0,1578271.77,setl_498473
uci_bank_498504,2010-02-19,UCI ONLINE RETAIL UCI-498504,0.0,612.5,1578884.27,setl_498504
uci_bank_498505,2010-02-19,UCI ONLINE RETAIL UCI-498505,0.0,40.32,1578924.59,setl_498505
uci_bank_498507,2010-02-19,UCI ONLINE RETAIL UCI-498507,0.0,546.6,1579471.19,setl_498507
uci_bank_498508,2010-02-19,UCI ONLINE RETAIL UCI-498508,0.0,590.91,1580062.1,setl_498508
uci_bank_498510,2010-02-19,UCI ONLINE RETAIL UCI-498510,0.0,250.92,1580313.02,setl_498510
uci_bank_498511,2010-02-19,UCI ONLINE RETAIL UCI-498511,0.0,717.62,1581030.64,setl_498511
uci_bank_498513,2010-02-19,UCI ONLINE RETAIL UCI-498513,0.0,897.03,1581927.67,setl_498513
uci_bank_498515,2010-02-19,UCI ONLINE RETAIL UCI-498515,0.0,131.95,1582059.62,setl_498515
uci_bank_498516,2010-02-19,UCI ONLINE RETAIL UCI-498516,0.0,331.12,1582390.74,setl_498516
uci_bank_498517,2010-02-19,UCI ONLINE RETAIL UCI-498517,0.0,896.73,1583287.47,setl_498517
uci_bank_498518,2010-02-19,UCI ONLINE RETAIL UCI-498518,0.0,351.32,1583638.79,setl_498518
uci_bank_498519,2010-02-19,UCI ONLINE RETAIL UCI-498519,0.0,159.9,1583798.69,setl_498519
uci_bank_498521,2010-02-19,UCI ONLINE RETAIL UCI-498521,0.0,613.78,1584412.47,setl_498521
uci_bank_498522,2010-02-19,UCI ONLINE RETAIL UCI-498522,0.0,127.34,1584539.81,setl_498522
uci_bank_498524,2010-02-19,UCI ONLINE RETAIL UCI-498524,0.0,173.13,1584712.94,setl_498524
uci_bank_498525,2010-02-19,UCI ONLINE RETAIL UCI-498525,0.0,410.86,1585123.8,setl_498525
uci_bank_498526,2010-02-19,UCI ONLINE RETAIL UCI-498526,0.0,322.1,1585445.9,setl_498526
uci_bank_498527,2010-02-19,UCI ONLINE RETAIL UCI-498527,0.0,34.92,1585480.82,setl_498527
uci_bank_498528,2010-02-19,UCI ONLINE RETAIL UCI-498528,0.0,138.8,1585619.62,setl_498528
uci_bank_498543,2010-02-19,UCI ONLINE RETAIL UCI-498543,0.0,5.05,1585624.67,setl_498543
uci_bank_498545,2010-02-19,UCI ONLINE RETAIL UCI-498545,0.0,164.69,1585789.36,setl_498545
uci_bank_498547,2010-02-19,UCI ONLINE RETAIL UCI-498547,0.0,101.35,1585890.71,setl_498547
uci_bank_498548,2010-02-19,UCI ONLINE RETAIL UCI-498548,0.0,976.01,1586866.72,setl_498548
uci_bank_498550,2010-02-21,UCI ONLINE RETAIL UCI-498550,0.0,202.56,1587069.28,setl_498550
uci_bank_498552,2010-02-21,UCI ONLINE RETAIL UCI-498552,0.0,148.4,1587217.68,setl_498552
uci_bank_498553,2010-02-21,UCI ONLINE RETAIL UCI-498553,0.0,105.31,1587322.99,setl_498553
uci_bank_498554,2010-02-21,UCI ONLINE RETAIL UCI-498554,0.0,311.9,1587634.89,setl_498554
uci_bank_498555,2010-02-21,UCI ONLINE RETAIL UCI-498555,0.0,263.24,1587898.13,setl_498555
uci_bank_498558,2010-02-21,UCI ONLINE RETAIL UCI-498558,0.0,60.6,1587958.73,setl_498558
uci_bank_498559,2010-02-21,UCI ONLINE RETAIL UCI-498559,0.0,127.2,1588085.93,setl_498559
uci_bank_498560,2010-02-21,UCI ONLINE RETAIL UCI-498560,0.0,360.75,1588446.68,setl_498560
uci_bank_498561,2010-02-21,UCI ONLINE RETAIL UCI-498561,0.0,268.8,1588715.48,setl_498561
uci_bank_498562,2010-02-21,UCI ONLINE RETAIL UCI-498562,0.0,564.89,1589280.37,setl_498562
uci_bank_498564,2010-02-21,UCI ONLINE RETAIL UCI-498564,0.0,317.69,1589598.06,setl_498564
uci_bank_498565,2010-02-21,UCI ONLINE RETAIL UCI-498565,0.0,298.5,1589896.56,setl_498565
uci_bank_498566,2010-02-21,UCI ONLINE RETAIL UCI-498566,0.0,342.04,1590238.6,setl_498566
uci_bank_498567,2010-02-21,UCI ONLINE RETAIL UCI-498567,0.0,220.56,1590459.16,setl_498567
uci_bank_498568,2010-02-21,UCI ONLINE RETAIL UCI-498568,0.0,89.28,1590548.44,setl_498568
uci_bank_498569,2010-02-21,UCI ONLINE RETAIL UCI-498569,0.0,986.8,1591535.24,setl_498569
uci_bank_498570,2010-02-21,UCI ONLINE RETAIL UCI-498570,0.0,153.95,1591689.19,setl_498570
uci_bank_498571,2010-02-21,UCI ONLINE RETAIL UCI-498571,0.0,228.28,1591917.47,setl_498571
uci_bank_498573,2010-02-21,UCI ONLINE RETAIL UCI-498573,0.0,192.76,1592110.23,setl_498573
uci_bank_498574,2010-02-21,UCI ONLINE RETAIL UCI-498574,0.0,527.2,1592637.43,setl_498574
uci_bank_498575,2010-02-21,UCI ONLINE RETAIL UCI-498575,0.0,173.88,1592811.31,setl_498575
uci_bank_498577,2010-02-21,UCI ONLINE RETAIL UCI-498577,0.0,110.9,1592922.21,setl_498577
uci_bank_498578,2010-02-21,UCI ONLINE RETAIL UCI-498578,0.0,216.9,1593139.11,setl_498578
uci_bank_498579,2010-02-21,UCI ONLINE RETAIL UCI-498579,0.0,268.86,1593407.97,setl_498579
uci_bank_498581,2010-02-21,UCI ONLINE RETAIL UCI-498581,0.0,160.19,1593568.16,setl_498581
uci_bank_498584,2010-02-21,UCI ONLINE RETAIL UCI-498584,0.0,222.08,1593790.24,setl_498584
uci_bank_498585,2010-02-21,UCI ONLINE RETAIL UCI-498585,0.0,35.4,1593825.64,setl_498585
uci_bank_498587,2010-02-21,UCI ONLINE RETAIL UCI-498587,0.0,293.53,1594119.17,setl_498587
uci_bank_498588,2010-02-21,UCI ONLINE RETAIL UCI-498588,0.0,437.16,1594556.33,setl_498588
uci_bank_498589,2010-02-21,UCI ONLINE RETAIL UCI-498589,0.0,1609.1,1596165.43,setl_498589
uci_bank_498590,2010-02-21,UCI ONLINE RETAIL UCI-498590,0.0,442.65,1596608.08,setl_498590
uci_bank_498592,2010-02-21,UCI ONLINE RETAIL UCI-498592,0.0,408.29,1597016.37,setl_498592
uci_bank_498593,2010-02-21,UCI ONLINE RETAIL UCI-498593,0.0,205.36,1597221.73,setl_498593
uci_bank_498594,2010-02-21,UCI ONLINE RETAIL UCI-498594,0.0,353.25,1597574.98,setl_498594
uci_bank_498596,2010-02-21,UCI ONLINE RETAIL UCI-498596,0.0,330.35,1597905.33,setl_498596
uci_bank_498597,2010-02-21,UCI ONLINE RETAIL UCI-498597,0.0,259.54,1598164.87,setl_498597
uci_bank_498601,2010-02-21,UCI ONLINE RETAIL UCI-498601,0.0,179.76,1598344.63,setl_498601
uci_bank_498610,2010-02-22,UCI ONLINE RETAIL UCI-498610,0.0,498.67,1598843.3,setl_498610
uci_bank_498611,2010-02-22,UCI ONLINE RETAIL UCI-498611,0.0,284.75,1599128.05,setl_498611
uci_bank_498612,2010-02-22,UCI ONLINE RETAIL UCI-498612,0.0,84.5,1599212.55,setl_498612
uci_bank_498613,2010-02-22,UCI ONLINE RETAIL UCI-498613,0.0,118.0,1599330.55,setl_498613
uci_bank_498614,2010-02-22,UCI ONLINE RETAIL UCI-498614,0.0,515.88,1599846.43,setl_498614
uci_bank_498615,2010-02-22,UCI ONLINE RETAIL UCI-498615,0.0,339.18,1600185.61,setl_498615
uci_bank_498616,2010-02-22,UCI ONLINE RETAIL UCI-498616,0.0,38.1,1600223.71,setl_498616
uci_bank_498617,2010-02-22,UCI ONLINE RETAIL UCI-498617,0.0,164.85,1600388.56,setl_498617
uci_bank_498618,2010-02-22,UCI ONLINE RETAIL UCI-498618,0.0,1632.93,1602021.49,setl_498618
uci_bank_498622,2010-02-22,UCI ONLINE RETAIL UCI-498622,0.0,355.25,1602376.74,setl_498622
uci_bank_498636,2010-02-22,UCI ONLINE RETAIL UCI-498636,0.0,273.75,1602650.49,setl_498636
uci_bank_498642,2010-02-22,UCI ONLINE RETAIL UCI-498642,0.0,826.15,1603476.64,setl_498642
uci_bank_498648,2010-02-22,UCI ONLINE RETAIL UCI-498648,0.0,367.6,1603844.24,setl_498648
uci_bank_498694,2010-02-22,UCI ONLINE RETAIL UCI-498694,0.0,237.09,1604081.33,setl_498694
uci_bank_498696,2010-02-22,UCI ONLINE RETAIL UCI-498696,0.0,995.21,1605076.54,setl_498696
uci_bank_498697,2010-02-22,UCI ONLINE RETAIL UCI-498697,0.0,230.4,1605306.94,setl_498697
uci_bank_498705,2010-02-22,UCI ONLINE RETAIL UCI-498705,0.0,743.4,1606050.34,setl_498705
uci_bank_498704,2010-02-22,UCI ONLINE RETAIL UCI-498704,0.0,290.39,1606340.73,setl_498704
uci_bank_498708,2010-02-22,UCI ONLINE RETAIL UCI-498708,0.0,249.12,1606589.85,setl_498708
uci_bank_498706,2010-02-22,UCI ONLINE RETAIL UCI-498706,0.0,325.74,1606915.59,setl_498706
uci_bank_498709,2010-02-22,UCI ONLINE RETAIL UCI-498709,0.0,132.5,1607048.09,setl_498709
uci_bank_498713,2010-02-22,UCI ONLINE RETAIL UCI-498713,0.0,562.98,1607611.07,setl_498713
uci_bank_498715,2010-02-22,UCI ONLINE RETAIL UCI-498715,0.0,112.88,1607723.95,setl_498715
uci_bank_498716,2010-02-22,UCI ONLINE RETAIL UCI-498716,0.0,1420.35,1609144.3,setl_498716
uci_bank_498717,2010-02-22,UCI ONLINE RETAIL UCI-498717,0.0,309.87,1609454.17,setl_498717
uci_bank_498718,2010-02-22,UCI ONLINE RETAIL UCI-498718,0.0,373.48,1609827.65,setl_498718
uci_bank_498719,2010-02-22,UCI ONLINE RETAIL UCI-498719,0.0,278.7,1610106.35,setl_498719
uci_bank_498720,2010-02-22,UCI ONLINE RETAIL UCI-498720,0.0,737.56,1610843.91,setl_498720
uci_bank_498721,2010-02-22,UCI ONLINE RETAIL UCI-498721,0.0,684.8,1611528.71,setl_498721
uci_bank_498722,2010-02-22,UCI ONLINE RETAIL UCI-498722,0.0,264.3,1611793.01,setl_498722
uci_bank_498723,2010-02-22,UCI ONLINE RETAIL UCI-498723,0.0,3360.0,1615153.01,setl_498723
uci_bank_498724,2010-02-22,UCI ONLINE RETAIL UCI-498724,0.0,2685.54,1617838.55,setl_498724
uci_bank_498725,2010-02-22,UCI ONLINE RETAIL UCI-498725,0.0,453.54,1618292.09,setl_498725
uci_bank_498726,2010-02-22,UCI ONLINE RETAIL UCI-498726,0.0,319.32,1618611.41,setl_498726
uci_bank_498729,2010-02-22,UCI ONLINE RETAIL UCI-498729,0.0,1310.3,1619921.71,setl_498729
uci_bank_498728,2010-02-22,UCI ONLINE RETAIL UCI-498728,0.0,950.49,1620872.2,setl_498728
uci_bank_498734,2010-02-22,UCI ONLINE RETAIL UCI-498734,0.0,158.79,1621030.99,setl_498734
uci_bank_498736,2010-02-22,UCI ONLINE RETAIL UCI-498736,0.0,347.2,1621378.19,setl_498736
uci_bank_498746,2010-02-22,UCI ONLINE RETAIL UCI-498746,0.0,299.64,1621677.83,setl_498746
uci_bank_498756,2010-02-22,UCI ONLINE RETAIL UCI-498756,0.0,1110.48,1622788.31,setl_498756
uci_bank_498757,2010-02-22,UCI ONLINE RETAIL UCI-498757,0.0,427.61,1623215.92,setl_498757
uci_bank_498758,2010-02-22,UCI ONLINE RETAIL UCI-498758,0.0,2.5,1623218.42,setl_498758
uci_bank_498759,2010-02-22,UCI ONLINE RETAIL UCI-498759,0.0,881.52,1624099.94,setl_498759
uci_bank_498762,2010-02-22,UCI ONLINE RETAIL UCI-498762,0.0,344.0,1624443.94,setl_498762
uci_bank_498763,2010-02-22,UCI ONLINE RETAIL UCI-498763,0.0,37.9,1624481.84,setl_498763
uci_bank_498764,2010-02-22,UCI ONLINE RETAIL UCI-498764,0.0,204.58,1624686.42,setl_498764
uci_bank_498765,2010-02-23,UCI ONLINE RETAIL UCI-498765,0.0,34.06,1624720.48,setl_498765
uci_bank_498766,2010-02-23,UCI ONLINE RETAIL UCI-498766,0.0,309.32,1625029.8,setl_498766
uci_bank_498767,2010-02-23,UCI ONLINE RETAIL UCI-498767,0.0,139.8,1625169.6,setl_498767
uci_bank_498769,2010-02-23,UCI ONLINE RETAIL UCI-498769,0.0,1036.64,1626206.24,setl_498769
uci_bank_498768,2010-02-23,UCI ONLINE RETAIL UCI-498768,0.0,759.32,1626965.56,setl_498768
uci_bank_498770,2010-02-23,UCI ONLINE RETAIL UCI-498770,0.0,454.7,1627420.26,setl_498770
uci_bank_498774,2010-02-23,UCI ONLINE RETAIL UCI-498774,0.0,638.57,1628058.83,setl_498774
uci_bank_498776,2010-02-23,UCI ONLINE RETAIL UCI-498776,0.0,887.4,1628946.23,setl_498776
uci_bank_498778,2010-02-23,UCI ONLINE RETAIL UCI-498778,0.0,654.12,1629600.35,setl_498778
uci_bank_498779,2010-02-23,UCI ONLINE RETAIL UCI-498779,0.0,405.78,1630006.13,setl_498779
uci_bank_498797,2010-02-23,UCI ONLINE RETAIL UCI-498797,0.0,445.01,1630451.14,setl_498797
uci_bank_498817,2010-02-23,UCI ONLINE RETAIL UCI-498817,0.0,102.03,1630553.17,setl_498817
uci_bank_498827,2010-02-23,UCI ONLINE RETAIL UCI-498827,0.0,778.68,1631331.85,setl_498827
uci_bank_498832,2010-02-23,UCI ONLINE RETAIL UCI-498832,0.0,172.15,1631504.0,setl_498832
uci_bank_498836,2010-02-23,UCI ONLINE RETAIL UCI-498836,0.0,5.1,1631509.1,setl_498836
uci_bank_498844,2010-02-23,UCI ONLINE RETAIL UCI-498844,0.0,80.7,1631589.8,setl_498844
uci_bank_498849,2010-02-23,UCI ONLINE RETAIL UCI-498849,0.0,111.35,1631701.15,setl_498849
uci_bank_498850,2010-02-23,UCI ONLINE RETAIL UCI-498850,0.0,637.44,1632338.59,setl_498850
uci_bank_498851,2010-02-23,UCI ONLINE RETAIL UCI-498851,0.0,359.05,1632697.64,setl_498851
uci_bank_498852,2010-02-23,UCI ONLINE RETAIL UCI-498852,0.0,17.0,1632714.64,setl_498852
uci_bank_498853,2010-02-23,UCI ONLINE RETAIL UCI-498853,0.0,850.0,1633564.64,setl_498853
uci_bank_498877,2010-02-23,UCI ONLINE RETAIL UCI-498877,0.0,560.97,1634125.61,setl_498877
uci_bank_498878,2010-02-23,UCI ONLINE RETAIL UCI-498878,0.0,124.75,1634250.36,setl_498878
uci_bank_498879,2010-02-23,UCI ONLINE RETAIL UCI-498879,0.0,289.6,1634539.96,setl_498879
uci_bank_498880,2010-02-23,UCI ONLINE RETAIL UCI-498880,0.0,267.45,1634807.41,setl_498880
uci_bank_498884,2010-02-23,UCI ONLINE RETAIL UCI-498884,0.0,371.56,1635178.97,setl_498884
uci_bank_498886,2010-02-23,UCI ONLINE RETAIL UCI-498886,0.0,217.24,1635396.21,setl_498886
uci_bank_498890,2010-02-23,UCI ONLINE RETAIL UCI-498890,0.0,611.42,1636007.63,setl_498890
uci_bank_498893,2010-02-23,UCI ONLINE RETAIL UCI-498893,0.0,392.2,1636399.83,setl_498893
uci_bank_498899,2010-02-23,UCI ONLINE RETAIL UCI-498899,0.0,562.6,1636962.43,setl_498899
uci_bank_498900,2010-02-23,UCI ONLINE RETAIL UCI-498900,0.0,295.64,1637258.07,setl_498900
uci_bank_498901,2010-02-23,UCI ONLINE RETAIL UCI-498901,0.0,218.81,1637476.88,setl_498901
uci_bank_498902,2010-02-23,UCI ONLINE RETAIL UCI-498902,0.0,213.0,1637689.88,setl_498902
uci_bank_498903,2010-02-23,UCI ONLINE RETAIL UCI-498903,0.0,1033.55,1638723.43,setl_498903
uci_bank_498905,2010-02-23,UCI ONLINE RETAIL UCI-498905,0.0,605.91,1639329.34,setl_498905
uci_bank_498906,2010-02-23,UCI ONLINE RETAIL UCI-498906,0.0,154.25,1639483.59,setl_498906
uci_bank_498907,2010-02-23,UCI ONLINE RETAIL UCI-498907,0.0,298.55,1639782.14,setl_498907
uci_bank_498908,2010-02-23,UCI ONLINE RETAIL UCI-498908,0.0,222.53,1640004.67,setl_498908
uci_bank_498909,2010-02-23,UCI ONLINE RETAIL UCI-498909,0.0,288.99,1640293.66,setl_498909
uci_bank_498910,2010-02-23,UCI ONLINE RETAIL UCI-498910,0.0,4010.08,1644303.74,setl_498910
uci_bank_498911,2010-02-23,UCI ONLINE RETAIL UCI-498911,0.0,246.55,1644550.29,setl_498911
uci_bank_498912,2010-02-23,UCI ONLINE RETAIL UCI-498912,0.0,91.08,1644641.37,setl_498912
uci_bank_498913,2010-02-23,UCI ONLINE RETAIL UCI-498913,0.0,552.05,1645193.42,setl_498913
uci_bank_498914,2010-02-23,UCI ONLINE RETAIL UCI-498914,0.0,389.28,1645582.7,setl_498914
uci_bank_498918,2010-02-24,UCI ONLINE RETAIL UCI-498918,0.0,238.09,1645820.79,setl_498918
uci_bank_498919,2010-02-24,UCI ONLINE RETAIL UCI-498919,0.0,78.45,1645899.24,setl_498919
uci_bank_498921,2010-02-24,UCI ONLINE RETAIL UCI-498921,0.0,1006.29,1646905.53,setl_498921
uci_bank_498923,2010-02-24,UCI ONLINE RETAIL UCI-498923,0.0,262.18,1647167.71,setl_498923
uci_bank_498925,2010-02-24,UCI ONLINE RETAIL UCI-498925,0.0,369.0,1647536.71,setl_498925
uci_bank_498926,2010-02-24,UCI ONLINE RETAIL UCI-498926,0.0,523.5,1648060.21,setl_498926
uci_bank_498927,2010-02-24,UCI ONLINE RETAIL UCI-498927,0.0,277.12,1648337.33,setl_498927
uci_bank_498928,2010-02-24,UCI ONLINE RETAIL UCI-498928,0.0,4168.98,1652506.31,setl_498928
uci_bank_498929,2010-02-24,UCI ONLINE RETAIL UCI-498929,0.0,186.05,1652692.36,setl_498929
uci_bank_498931,2010-02-24,UCI ONLINE RETAIL UCI-498931,0.0,2087.68,1654780.04,setl_498931
uci_bank_498935,2010-02-24,UCI ONLINE RETAIL UCI-498935,0.0,892.65,1655672.69,setl_498935
uci_bank_498936,2010-02-24,UCI ONLINE RETAIL UCI-498936,0.0,1087.52,1656760.21,setl_498936
uci_bank_498939,2010-02-24,UCI ONLINE RETAIL UCI-498939,0.0,1087.52,1657847.73,setl_498939
uci_bank_498943,2010-02-24,UCI ONLINE RETAIL UCI-498943,0.0,1087.52,1658935.25,setl_498943
uci_bank_498944,2010-02-24,UCI ONLINE RETAIL UCI-498944,0.0,92.49,1659027.74,setl_498944
uci_bank_498945,2010-02-24,UCI ONLINE RETAIL UCI-498945,0.0,1087.52,1660115.26,setl_498945
uci_bank_498964,2010-02-24,UCI ONLINE RETAIL UCI-498964,0.0,393.05,1660508.31,setl_498964
uci_bank_498999,2010-02-24,UCI ONLINE RETAIL UCI-498999,0.0,212.85,1660721.16,setl_498999
uci_bank_498997,2010-02-24,UCI ONLINE RETAIL UCI-498997,0.0,239.9,1660961.06,setl_498997
uci_bank_499004,2010-02-24,UCI ONLINE RETAIL UCI-499004,0.0,300.2,1661261.26,setl_499004
uci_bank_499009,2010-02-24,UCI ONLINE RETAIL UCI-499009,0.0,675.74,1661937.0,setl_499009
uci_bank_499010,2010-02-24,UCI ONLINE RETAIL UCI-499010,0.0,706.35,1662643.35,setl_499010
uci_bank_499011,2010-02-24,UCI ONLINE RETAIL UCI-499011,0.0,704.4,1663347.75,setl_499011
uci_bank_499012,2010-02-24,UCI ONLINE RETAIL UCI-499012,0.0,42.5,1663390.25,setl_499012
uci_bank_499013,2010-02-24,UCI ONLINE RETAIL UCI-499013,0.0,284.11,1663674.36,setl_499013
uci_bank_499014,2010-02-24,UCI ONLINE RETAIL UCI-499014,0.0,317.8,1663992.16,setl_499014
uci_bank_499020,2010-02-24,UCI ONLINE RETAIL UCI-499020,0.0,467.19,1664459.35,setl_499020
uci_bank_499023,2010-02-24,UCI ONLINE RETAIL UCI-499023,0.0,115.4,1664574.75,setl_499023
uci_bank_499025,2010-02-24,UCI ONLINE RETAIL UCI-499025,0.0,40.8,1664615.55,setl_499025
uci_bank_499029,2010-02-24,UCI ONLINE RETAIL UCI-499029,0.0,725.76,1665341.31,setl_499029
uci_bank_499030,2010-02-24,UCI ONLINE RETAIL UCI-499030,0.0,572.75,1665914.06,setl_499030
uci_bank_499031,2010-02-24,UCI ONLINE RETAIL UCI-499031,0.0,247.45,1666161.51,setl_499031
uci_bank_499032,2010-02-24,UCI ONLINE RETAIL UCI-499032,0.0,304.36,1666465.87,setl_499032
uci_bank_499033,2010-02-24,UCI ONLINE RETAIL UCI-499033,0.0,1022.6,1667488.47,setl_499033
uci_bank_499035,2010-02-24,UCI ONLINE RETAIL UCI-499035,0.0,220.19,1667708.66,setl_499035
uci_bank_499036,2010-02-24,UCI ONLINE RETAIL UCI-499036,0.0,664.92,1668373.58,setl_499036
uci_bank_499038,2010-02-24,UCI ONLINE RETAIL UCI-499038,0.0,654.82,1669028.4,setl_499038
uci_bank_499039,2010-02-24,UCI ONLINE RETAIL UCI-499039,0.0,1112.2,1670140.6,setl_499039
uci_bank_499044,2010-02-24,UCI ONLINE RETAIL UCI-499044,0.0,108.44,1670249.04,setl_499044
uci_bank_499043,2010-02-24,UCI ONLINE RETAIL UCI-499043,0.0,35.0,1670284.04,setl_499043
uci_bank_499045,2010-02-24,UCI ONLINE RETAIL UCI-499045,0.0,18.1,1670302.14,setl_499045
uci_bank_499056,2010-02-24,UCI ONLINE RETAIL UCI-499056,0.0,352.82,1670654.96,setl_499056
uci_bank_499057,2010-02-24,UCI ONLINE RETAIL UCI-499057,0.0,365.93,1671020.89,setl_499057
uci_bank_499058,2010-02-24,UCI ONLINE RETAIL UCI-499058,0.0,104.4,1671125.29,setl_499058
uci_bank_499059,2010-02-24,UCI ONLINE RETAIL UCI-499059,0.0,292.5,1671417.79,setl_499059
uci_bank_499061,2010-02-24,UCI ONLINE RETAIL UCI-499061,0.0,303.65,1671721.44,setl_499061
uci_bank_499062,2010-02-24,UCI ONLINE RETAIL UCI-499062,0.0,126.75,1671848.19,setl_499062
uci_bank_499064,2010-02-24,UCI ONLINE RETAIL UCI-499064,0.0,153.72,1672001.91,setl_499064
uci_bank_499065,2010-02-24,UCI ONLINE RETAIL UCI-499065,0.0,323.55,1672325.46,setl_499065
uci_bank_499066,2010-02-24,UCI ONLINE RETAIL UCI-499066,0.0,317.29,1672642.75,setl_499066
uci_bank_499067,2010-02-24,UCI ONLINE RETAIL UCI-499067,0.0,1834.84,1674477.59,setl_499067
uci_bank_499069,2010-02-24,UCI ONLINE RETAIL UCI-499069,0.0,200.43,1674678.02,setl_499069
uci_bank_499070,2010-02-24,UCI ONLINE RETAIL UCI-499070,0.0,82.4,1674760.42,setl_499070
uci_bank_499071,2010-02-24,UCI ONLINE RETAIL UCI-499071,0.0,505.6,1675266.02,setl_499071
uci_bank_499072,2010-02-24,UCI ONLINE RETAIL UCI-499072,0.0,96.66,1675362.68,setl_499072
uci_bank_499122,2010-02-24,UCI ONLINE RETAIL UCI-499122,0.0,192.14,1675554.82,setl_499122
uci_bank_499123,2010-02-24,UCI ONLINE RETAIL UCI-499123,0.0,151.67,1675706.49,setl_499123
uci_bank_499155,2010-02-24,UCI ONLINE RETAIL UCI-499155,0.0,117.22,1675823.71,setl_499155
uci_bank_499163,2010-02-24,UCI ONLINE RETAIL UCI-499163,0.0,172.85,1675996.56,setl_499163
uci_bank_499164,2010-02-25,UCI ONLINE RETAIL UCI-499164,0.0,262.32,1676258.88,setl_499164
uci_bank_499165,2010-02-25,UCI ONLINE RETAIL UCI-499165,0.0,597.76,1676856.64,setl_499165
uci_bank_499166,2010-02-25,UCI ONLINE RETAIL UCI-499166,0.0,162.0,1677018.64,setl_499166
uci_bank_499167,2010-02-25,UCI ONLINE RETAIL UCI-499167,0.0,1132.8,1678151.44,setl_499167
uci_bank_499168,2010-02-25,UCI ONLINE RETAIL UCI-499168,0.0,746.9,1678898.34,setl_499168
uci_bank_499169,2010-02-25,UCI ONLINE RETAIL UCI-499169,0.0,190.8,1679089.14,setl_499169
uci_bank_499170,2010-02-25,UCI ONLINE RETAIL UCI-499170,0.0,4376.25,1683465.39,setl_499170
uci_bank_499171,2010-02-25,UCI ONLINE RETAIL UCI-499171,0.0,330.66,1683796.05,setl_499171
uci_bank_499172,2010-02-25,UCI ONLINE RETAIL UCI-499172,0.0,121.23,1683917.28,setl_499172
uci_bank_499173,2010-02-25,UCI ONLINE RETAIL UCI-499173,0.0,228.23,1684145.51,setl_499173
uci_bank_499174,2010-02-25,UCI ONLINE RETAIL UCI-499174,0.0,323.38,1684468.89,setl_499174
uci_bank_499175,2010-02-25,UCI ONLINE RETAIL UCI-499175,0.0,112.65,1684581.54,setl_499175
uci_bank_499176,2010-02-25,UCI ONLINE RETAIL UCI-499176,0.0,5710.32,1690291.86,setl_499176
uci_bank_499177,2010-02-25,UCI ONLINE RETAIL UCI-499177,0.0,15.55,1690307.41,setl_499177
uci_bank_499218,2010-02-25,UCI ONLINE RETAIL UCI-499218,0.0,309.6,1690617.01,setl_499218
uci_bank_499219,2010-02-25,UCI ONLINE RETAIL UCI-499219,0.0,182.88,1690799.89,setl_499219
uci_bank_499220,2010-02-25,UCI ONLINE RETAIL UCI-499220,0.0,153.5,1690953.39,setl_499220
uci_bank_499221,2010-02-25,UCI ONLINE RETAIL UCI-499221,0.0,115.25,1691068.64,setl_499221
uci_bank_499222,2010-02-25,UCI ONLINE RETAIL UCI-499222,0.0,106.35,1691174.99,setl_499222
uci_bank_499223,2010-02-25,UCI ONLINE RETAIL UCI-499223,0.0,592.05,1691767.04,setl_499223
uci_bank_499226,2010-02-25,UCI ONLINE RETAIL UCI-499226,0.0,313.24,1692080.28,setl_499226
uci_bank_499225,2010-02-25,UCI ONLINE RETAIL UCI-499225,0.0,252.26,1692332.54,setl_499225
uci_bank_499227,2010-02-25,UCI ONLINE RETAIL UCI-499227,0.0,287.51,1692620.05,setl_499227
uci_bank_499228,2010-02-25,UCI ONLINE RETAIL UCI-499228,0.0,335.58,1692955.63,setl_499228
uci_bank_499229,2010-02-25,UCI ONLINE RETAIL UCI-499229,0.0,349.0,1693304.63,setl_499229
uci_bank_499230,2010-02-25,UCI ONLINE RETAIL UCI-499230,0.0,122.59,1693427.22,setl_499230
uci_bank_499231,2010-02-25,UCI ONLINE RETAIL UCI-499231,0.0,801.82,1694229.04,setl_499231
uci_bank_499232,2010-02-25,UCI ONLINE RETAIL UCI-499232,0.0,1191.62,1695420.66,setl_499232
uci_bank_499234,2010-02-25,UCI ONLINE RETAIL UCI-499234,0.0,869.56,1696290.22,setl_499234
uci_bank_499235,2010-02-25,UCI ONLINE RETAIL UCI-499235,0.0,211.3,1696501.52,setl_499235
uci_bank_499236,2010-02-25,UCI ONLINE RETAIL UCI-499236,0.0,143.56,1696645.08,setl_499236
uci_bank_499237,2010-02-25,UCI ONLINE RETAIL UCI-499237,0.0,986.64,1697631.72,setl_499237
uci_bank_499238,2010-02-25,UCI ONLINE RETAIL UCI-499238,0.0,285.6,1697917.32,setl_499238
uci_bank_499239,2010-02-25,UCI ONLINE RETAIL UCI-499239,0.0,160.81,1698078.13,setl_499239
uci_bank_499240,2010-02-25,UCI ONLINE RETAIL UCI-499240,0.0,4.25,1698082.38,setl_499240
uci_bank_499242,2010-02-25,UCI ONLINE RETAIL UCI-499242,0.0,413.08,1698495.46,setl_499242
uci_bank_499244,2010-02-25,UCI ONLINE RETAIL UCI-499244,0.0,11.74,1698507.2,setl_499244
uci_bank_499245,2010-02-25,UCI ONLINE RETAIL UCI-499245,0.0,373.5,1698880.7,setl_499245
uci_bank_499247,2010-02-25,UCI ONLINE RETAIL UCI-499247,0.0,137.64,1699018.34,setl_499247
uci_bank_499248,2010-02-25,UCI ONLINE RETAIL UCI-499248,0.0,1537.43,1700555.77,setl_499248
uci_bank_499249,2010-02-25,UCI ONLINE RETAIL UCI-499249,0.0,296.94,1700852.71,setl_499249
uci_bank_499250,2010-02-25,UCI ONLINE RETAIL UCI-499250,0.0,89.17,1700941.88,setl_499250
uci_bank_499254,2010-02-25,UCI ONLINE RETAIL UCI-499254,0.0,315.6,1701257.48,setl_499254
uci_bank_499255,2010-02-25,UCI ONLINE RETAIL UCI-499255,0.0,125.4,1701382.88,setl_499255
uci_bank_499261,2010-02-25,UCI ONLINE RETAIL UCI-499261,0.0,126.43,1701509.31,setl_499261
uci_bank_499262,2010-02-25,UCI ONLINE RETAIL UCI-499262,0.0,311.52,1701820.83,setl_499262
uci_bank_499263,2010-02-25,UCI ONLINE RETAIL UCI-499263,0.0,100.08,1701920.91,setl_499263
uci_bank_499264,2010-02-25,UCI ONLINE RETAIL UCI-499264,0.0,467.54,1702388.45,setl_499264
uci_bank_499266,2010-02-25,UCI ONLINE RETAIL UCI-499266,0.0,8.25,1702396.7,setl_499266
uci_bank_499267,2010-02-25,UCI ONLINE RETAIL UCI-499267,0.0,2320.03,1704716.73,setl_499267
uci_bank_499269,2010-02-25,UCI ONLINE RETAIL UCI-499269,0.0,263.23,1704979.96,setl_499269
uci_bank_499270,2010-02-25,UCI ONLINE RETAIL UCI-499270,0.0,220.01,1705199.97,setl_499270
uci_bank_499272,2010-02-25,UCI ONLINE RETAIL UCI-499272,0.0,567.5,1705767.47,setl_499272
uci_bank_499273,2010-02-25,UCI ONLINE RETAIL UCI-499273,0.0,502.2,1706269.67,setl_499273
uci_bank_499274,2010-02-25,UCI ONLINE RETAIL UCI-499274,0.0,199.25,1706468.92,setl_499274
uci_bank_499275,2010-02-25,UCI ONLINE RETAIL UCI-499275,0.0,393.96,1706862.88,setl_499275
uci_bank_499276,2010-02-25,UCI ONLINE RETAIL UCI-499276,0.0,295.38,1707158.26,setl_499276
uci_bank_499279,2010-02-25,UCI ONLINE RETAIL UCI-499279,0.0,19.5,1707177.76,setl_499279
uci_bank_499284,2010-02-25,UCI ONLINE RETAIL UCI-499284,0.0,936.28,1708114.04,setl_499284
uci_bank_499285,2010-02-25,UCI ONLINE RETAIL UCI-499285,0.0,303.22,1708417.26,setl_499285
uci_bank_499294,2010-02-25,UCI ONLINE RETAIL UCI-499294,0.0,99.65,1708516.91,setl_499294
uci_bank_499295,2010-02-25,UCI ONLINE RETAIL UCI-499295,0.0,168.48,1708685.39,setl_499295
uci_bank_499297,2010-02-25,UCI ONLINE RETAIL UCI-499297,0.0,5158.4,1713843.79,setl_499297
uci_bank_499298,2010-02-25,UCI ONLINE RETAIL UCI-499298,0.0,4122.0,1717965.79,setl_499298
uci_bank_499299,2010-02-25,UCI ONLINE RETAIL UCI-499299,0.0,2448.0,1720413.79,setl_499299
uci_bank_499300,2010-02-25,UCI ONLINE RETAIL UCI-499300,0.0,214.08,1720627.87,setl_499300
uci_bank_499302,2010-02-26,UCI ONLINE RETAIL UCI-499302,0.0,478.58,1721106.45,setl_499302
uci_bank_499303,2010-02-26,UCI ONLINE RETAIL UCI-499303,0.0,648.0,1721754.45,setl_499303
uci_bank_499304,2010-02-26,UCI ONLINE RETAIL UCI-499304,0.0,30.6,1721785.05,setl_499304
uci_bank_499306,2010-02-26,UCI ONLINE RETAIL UCI-499306,0.0,332.52,1722117.57,setl_499306
uci_bank_499307,2010-02-26,UCI ONLINE RETAIL UCI-499307,0.0,316.59,1722434.16,setl_499307
uci_bank_499308,2010-02-26,UCI ONLINE RETAIL UCI-499308,0.0,359.66,1722793.82,setl_499308
uci_bank_499312,2010-02-26,UCI ONLINE RETAIL UCI-499312,0.0,134.03,1722927.85,setl_499312
uci_bank_499313,2010-02-26,UCI ONLINE RETAIL UCI-499313,0.0,365.33,1723293.18,setl_499313
uci_bank_499326,2010-02-26,UCI ONLINE RETAIL UCI-499326,0.0,244.37,1723537.55,setl_499326
uci_bank_499327,2010-02-26,UCI ONLINE RETAIL UCI-499327,0.0,24.0,1723561.55,setl_499327
uci_bank_499352,2010-02-26,UCI ONLINE RETAIL UCI-499352,0.0,48.1,1723609.65,setl_499352
uci_bank_499377,2010-02-26,UCI ONLINE RETAIL UCI-499377,0.0,231.59,1723841.24,setl_499377
uci_bank_499378,2010-02-26,UCI ONLINE RETAIL UCI-499378,0.0,463.0,1724304.24,setl_499378
uci_bank_499379,2010-02-26,UCI ONLINE RETAIL UCI-499379,0.0,242.15,1724546.39,setl_499379
uci_bank_499381,2010-02-26,UCI ONLINE RETAIL UCI-499381,0.0,62.79,1724609.18,setl_499381
uci_bank_499382,2010-02-26,UCI ONLINE RETAIL UCI-499382,0.0,69.09,1724678.27,setl_499382
uci_bank_499383,2010-02-26,UCI ONLINE RETAIL UCI-499383,0.0,247.68,1724925.95,setl_499383
uci_bank_499384,2010-02-26,UCI ONLINE RETAIL UCI-499384,0.0,335.0,1725260.95,setl_499384
uci_bank_499386,2010-02-26,UCI ONLINE RETAIL UCI-499386,0.0,109.59,1725370.54,setl_499386
uci_bank_499387,2010-02-26,UCI ONLINE RETAIL UCI-499387,0.0,766.59,1726137.13,setl_499387
uci_bank_499388,2010-02-26,UCI ONLINE RETAIL UCI-499388,0.0,705.0,1726842.13,setl_499388
uci_bank_499398,2010-02-26,UCI ONLINE RETAIL UCI-499398,0.0,339.96,1727182.09,setl_499398
uci_bank_499399,2010-02-26,UCI ONLINE RETAIL UCI-499399,0.0,3537.82,1730719.91,setl_499399
uci_bank_499400,2010-02-26,UCI ONLINE RETAIL UCI-499400,0.0,311.3,1731031.21,setl_499400
uci_bank_499401,2010-02-26,UCI ONLINE RETAIL UCI-499401,0.0,145.0,1731176.21,setl_499401
uci_bank_499402,2010-02-26,UCI ONLINE RETAIL UCI-499402,0.0,287.55,1731463.76,setl_499402
uci_bank_499403,2010-02-26,UCI ONLINE RETAIL UCI-499403,0.0,128.55,1731592.31,setl_499403
uci_bank_499404,2010-02-26,UCI ONLINE RETAIL UCI-499404,0.0,432.06,1732024.37,setl_499404
uci_bank_499405,2010-02-26,UCI ONLINE RETAIL UCI-499405,0.0,707.81,1732732.18,setl_499405
uci_bank_499411,2010-02-26,UCI ONLINE RETAIL UCI-499411,0.0,364.1,1733096.28,setl_499411
uci_bank_499450,2010-02-26,UCI ONLINE RETAIL UCI-499450,0.0,177.98,1733274.26,setl_499450
uci_bank_499451,2010-02-26,UCI ONLINE RETAIL UCI-499451,0.0,153.0,1733427.26,setl_499451
uci_bank_499452,2010-02-28,UCI ONLINE RETAIL UCI-499452,0.0,142.15,1733569.41,setl_499452
uci_bank_499453,2010-02-28,UCI ONLINE RETAIL UCI-499453,0.0,255.05,1733824.46,setl_499453
uci_bank_499454,2010-02-28,UCI ONLINE RETAIL UCI-499454,0.0,279.2,1734103.66,setl_499454
uci_bank_499455,2010-02-28,UCI ONLINE RETAIL UCI-499455,0.0,368.4,1734472.06,setl_499455
uci_bank_499456,2010-02-28,UCI ONLINE RETAIL UCI-499456,0.0,131.4,1734603.46,setl_499456
uci_bank_499457,2010-02-28,UCI ONLINE RETAIL UCI-499457,0.0,259.2,1734862.66,setl_499457
uci_bank_499458,2010-02-28,UCI ONLINE RETAIL UCI-499458,0.0,398.16,1735260.82,setl_499458
uci_bank_499459,2010-02-28,UCI ONLINE RETAIL UCI-499459,0.0,159.78,1735420.6,setl_499459
uci_bank_499460,2010-02-28,UCI ONLINE RETAIL UCI-499460,0.0,164.05,1735584.65,setl_499460
uci_bank_499461,2010-02-28,UCI ONLINE RETAIL UCI-499461,0.0,179.41,1735764.06,setl_499461
uci_bank_499463,2010-02-28,UCI ONLINE RETAIL UCI-499463,0.0,464.94,1736229.0,setl_499463
uci_bank_499464,2010-02-28,UCI ONLINE RETAIL UCI-499464,0.0,202.03,1736431.03,setl_499464
uci_bank_499465,2010-02-28,UCI ONLINE RETAIL UCI-499465,0.0,349.64,1736780.67,setl_499465
uci_bank_499466,2010-02-28,UCI ONLINE RETAIL UCI-499466,0.0,208.93,1736989.6,setl_499466
uci_bank_499467,2010-02-28,UCI ONLINE RETAIL UCI-499467,0.0,189.63,1737179.23,setl_499467
uci_bank_499468,2010-02-28,UCI ONLINE RETAIL UCI-499468,0.0,248.0,1737427.23,setl_499468
uci_bank_499469,2010-02-28,UCI ONLINE RETAIL UCI-499469,0.0,679.92,1738107.15,setl_499469
uci_bank_499470,2010-02-28,UCI ONLINE RETAIL UCI-499470,0.0,45.0,1738152.15,setl_499470
uci_bank_499471,2010-02-28,UCI ONLINE RETAIL UCI-499471,0.0,141.54,1738293.69,setl_499471
uci_bank_499472,2010-02-28,UCI ONLINE RETAIL UCI-499472,0.0,236.4,1738530.09,setl_499472
uci_bank_499473,2010-02-28,UCI ONLINE RETAIL UCI-499473,0.0,245.97,1738776.06,setl_499473
uci_bank_499474,2010-02-28,UCI ONLINE RETAIL UCI-499474,0.0,693.16,1739469.22,setl_499474
uci_bank_499475,2010-02-28,UCI ONLINE RETAIL UCI-499475,0.0,198.6,1739667.82,setl_499475
uci_bank_499476,2010-02-28,UCI ONLINE RETAIL UCI-499476,0.0,101.4,1739769.22,setl_499476
uci_bank_499477,2010-02-28,UCI ONLINE RETAIL UCI-499477,0.0,145.59,1739914.81,setl_499477
uci_bank_499478,2010-02-28,UCI ONLINE RETAIL UCI-499478,0.0,410.48,1740325.29,setl_499478
uci_bank_499479,2010-02-28,UCI ONLINE RETAIL UCI-499479,0.0,421.35,1740746.64,setl_499479
uci_bank_499480,2010-02-28,UCI ONLINE RETAIL UCI-499480,0.0,132.95,1740879.59,setl_499480
uci_bank_499481,2010-02-28,UCI ONLINE RETAIL UCI-499481,0.0,658.5,1741538.09,setl_499481
uci_bank_499482,2010-02-28,UCI ONLINE RETAIL UCI-499482,0.0,523.05,1742061.14,setl_499482
uci_bank_499483,2010-02-28,UCI ONLINE RETAIL UCI-499483,0.0,175.24,1742236.38,setl_499483
uci_bank_499484,2010-02-28,UCI ONLINE RETAIL UCI-499484,0.0,196.2,1742432.58,setl_499484
uci_bank_499485,2010-02-28,UCI ONLINE RETAIL UCI-499485,0.0,170.35,1742602.93,setl_499485
uci_bank_499487,2010-02-28,UCI ONLINE RETAIL UCI-499487,0.0,199.5,1742802.43,setl_499487
uci_bank_499486,2010-02-28,UCI ONLINE RETAIL UCI-499486,0.0,1422.78,1744225.21,setl_499486
uci_bank_499488,2010-02-28,UCI ONLINE RETAIL UCI-499488,0.0,633.45,1744858.66,setl_499488
uci_bank_499490,2010-02-28,UCI ONLINE RETAIL UCI-499490,0.0,304.72,1745163.38,setl_499490
uci_bank_499491,2010-02-28,UCI ONLINE RETAIL UCI-499491,0.0,299.76,1745463.14,setl_499491
uci_bank_499494,2010-02-28,UCI ONLINE RETAIL UCI-499494,0.0,873.12,1746336.26,setl_499494
uci_bank_499495,2010-02-28,UCI ONLINE RETAIL UCI-499495,0.0,211.9,1746548.16,setl_499495
uci_bank_499496,2010-02-28,UCI ONLINE RETAIL UCI-499496,0.0,163.7,1746711.86,setl_499496
uci_bank_499497,2010-02-28,UCI ONLINE RETAIL UCI-499497,0.0,302.91,1747014.77,setl_499497
uci_bank_499498,2010-02-28,UCI ONLINE RETAIL UCI-499498,0.0,102.22,1747116.99,setl_499498
uci_bank_499499,2010-02-28,UCI ONLINE RETAIL UCI-499499,0.0,315.74,1747432.73,setl_499499
uci_bank_499500,2010-02-28,UCI ONLINE RETAIL UCI-499500,0.0,669.01,1748101.74,setl_499500
uci_bank_499502,2010-02-28,UCI ONLINE RETAIL UCI-499502,0.0,255.79,1748357.53,setl_499502
uci_bank_499503,2010-02-28,UCI ONLINE RETAIL UCI-499503,0.0,248.61,1748606.14,setl_499503
uci_bank_499504,2010-02-28,UCI ONLINE RETAIL UCI-499504,0.0,420.75,1749026.89,setl_499504
uci_bank_499505,2010-02-28,UCI ONLINE RETAIL UCI-499505,0.0,212.06,1749238.95,setl_499505
uci_bank_499506,2010-02-28,UCI ONLINE RETAIL UCI-499506,0.0,471.2,1749710.15,setl_499506
uci_bank_499507,2010-02-28,UCI ONLINE RETAIL UCI-499507,0.0,238.4,1749948.55,setl_499507
uci_bank_499508,2010-02-28,UCI ONLINE RETAIL UCI-499508,0.0,361.73,1750310.28,setl_499508
uci_bank_499509,2010-02-28,UCI ONLINE RETAIL UCI-499509,0.0,34.0,1750344.28,setl_499509
uci_bank_499510,2010-03-01,UCI ONLINE RETAIL UCI-499510,0.0,187.37,1750531.65,setl_499510
uci_bank_499511,2010-03-01,UCI ONLINE RETAIL UCI-499511,0.0,347.5,1750879.15,setl_499511
uci_bank_499512,2010-03-01,UCI ONLINE RETAIL UCI-499512,0.0,499.88,1751379.03,setl_499512
uci_bank_499513,2010-03-01,UCI ONLINE RETAIL UCI-499513,0.0,118.68,1751497.71,setl_499513
uci_bank_499515,2010-03-01,UCI ONLINE RETAIL UCI-499515,0.0,30.0,1751527.71,setl_499515
uci_bank_499516,2010-03-01,UCI ONLINE RETAIL UCI-499516,0.0,318.86,1751846.57,setl_499516
uci_bank_499517,2010-03-01,UCI ONLINE RETAIL UCI-499517,0.0,629.39,1752475.96,setl_499517
uci_bank_499519,2010-03-01,UCI ONLINE RETAIL UCI-499519,0.0,61.2,1752537.16,setl_499519
uci_bank_499520,2010-03-01,UCI ONLINE RETAIL UCI-499520,0.0,796.4,1753333.56,setl_499520
uci_bank_499521,2010-03-01,UCI ONLINE RETAIL UCI-499521,0.0,2377.38,1755710.94,setl_499521
uci_bank_499523,2010-03-01,UCI ONLINE RETAIL UCI-499523,0.0,1945.8,1757656.74,setl_499523
uci_bank_499524,2010-03-01,UCI ONLINE RETAIL UCI-499524,0.0,1943.52,1759600.26,setl_499524
uci_bank_499525,2010-03-01,UCI ONLINE RETAIL UCI-499525,0.0,132.0,1759732.26,setl_499525
uci_bank_499526,2010-03-01,UCI ONLINE RETAIL UCI-499526,0.0,124.85,1759857.11,setl_499526
uci_bank_499527,2010-03-01,UCI ONLINE RETAIL UCI-499527,0.0,399.55,1760256.66,setl_499527
uci_bank_499528,2010-03-01,UCI ONLINE RETAIL UCI-499528,0.0,240.9,1760497.56,setl_499528
uci_bank_499529,2010-03-01,UCI ONLINE RETAIL UCI-499529,0.0,177.12,1760674.68,setl_499529
uci_bank_499532,2010-03-01,UCI ONLINE RETAIL UCI-499532,0.0,379.7,1761054.38,setl_499532
uci_bank_499533,2010-03-01,UCI ONLINE RETAIL UCI-499533,0.0,136.08,1761190.46,setl_499533
uci_bank_499534,2010-03-01,UCI ONLINE RETAIL UCI-499534,0.0,255.0,1761445.46,setl_499534
uci_bank_499535,2010-03-01,UCI ONLINE RETAIL UCI-499535,0.0,364.35,1761809.81,setl_499535
uci_bank_499542,2010-03-01,UCI ONLINE RETAIL UCI-499542,0.0,187.87,1761997.68,setl_499542
uci_bank_499549,2010-03-01,UCI ONLINE RETAIL UCI-499549,0.0,214.48,1762212.16,setl_499549
uci_bank_499576,2010-03-01,UCI ONLINE RETAIL UCI-499576,0.0,106.66,1762318.82,setl_499576
uci_bank_499596,2010-03-01,UCI ONLINE RETAIL UCI-499596,0.0,300.15,1762618.97,setl_499596
uci_bank_499597,2010-03-01,UCI ONLINE RETAIL UCI-499597,0.0,353.72,1762972.69,setl_499597
uci_bank_499601,2010-03-01,UCI ONLINE RETAIL UCI-499601,0.0,605.4,1763578.09,setl_499601
uci_bank_499604,2010-03-01,UCI ONLINE RETAIL UCI-499604,0.0,213.3,1763791.39,setl_499604
uci_bank_499619,2010-03-01,UCI ONLINE RETAIL UCI-499619,0.0,2135.46,1765926.85,setl_499619
uci_bank_499623,2010-03-01,UCI ONLINE RETAIL UCI-499623,0.0,200.43,1766127.28,setl_499623
uci_bank_499624,2010-03-01,UCI ONLINE RETAIL UCI-499624,0.0,669.71,1766796.99,setl_499624
uci_bank_499625,2010-03-01,UCI ONLINE RETAIL UCI-499625,0.0,607.52,1767404.51,setl_499625
uci_bank_499628,2010-03-01,UCI ONLINE RETAIL UCI-499628,0.0,95.12,1767499.63,setl_499628
uci_bank_499629,2010-03-01,UCI ONLINE RETAIL UCI-499629,0.0,40.32,1767539.95,setl_499629
uci_bank_499630,2010-03-01,UCI ONLINE RETAIL UCI-499630,0.0,76.5,1767616.45,setl_499630
uci_bank_499633,2010-03-01,UCI ONLINE RETAIL UCI-499633,0.0,319.08,1767935.53,setl_499633
uci_bank_499632,2010-03-01,UCI ONLINE RETAIL UCI-499632,0.0,312.2,1768247.73,setl_499632
uci_bank_499631,2010-03-01,UCI ONLINE RETAIL UCI-499631,0.0,438.8,1768686.53,setl_499631
uci_bank_499635,2010-03-01,UCI ONLINE RETAIL UCI-499635,0.0,384.0,1769070.53,setl_499635
uci_bank_499636,2010-03-01,UCI ONLINE RETAIL UCI-499636,0.0,302.9,1769373.43,setl_499636
uci_bank_499637,2010-03-01,UCI ONLINE RETAIL UCI-499637,0.0,313.1,1769686.53,setl_499637
uci_bank_499639,2010-03-01,UCI ONLINE RETAIL UCI-499639,0.0,177.63,1769864.16,setl_499639
uci_bank_499640,2010-03-01,UCI ONLINE RETAIL UCI-499640,0.0,335.68,1770199.84,setl_499640
uci_bank_499641,2010-03-01,UCI ONLINE RETAIL UCI-499641,0.0,153.06,1770352.9,setl_499641
uci_bank_499650,2010-03-01,UCI ONLINE RETAIL UCI-499650,0.0,217.86,1770570.76,setl_499650
uci_bank_499656,2010-03-01,UCI ONLINE RETAIL UCI-499656,0.0,156.6,1770727.36,setl_499656
uci_bank_499657,2010-03-01,UCI ONLINE RETAIL UCI-499657,0.0,78.99,1770806.35,setl_499657
uci_bank_499659,2010-03-01,UCI ONLINE RETAIL UCI-499659,0.0,174.05,1770980.4,setl_499659
uci_bank_499660,2010-03-01,UCI ONLINE RETAIL UCI-499660,0.0,305.04,1771285.44,setl_499660
uci_bank_499663,2010-03-01,UCI ONLINE RETAIL UCI-499663,0.0,272.45,1771557.89,setl_499663
uci_bank_499664,2010-03-01,UCI ONLINE RETAIL UCI-499664,0.0,1189.34,1772747.23,setl_499664
uci_bank_499665,2010-03-01,UCI ONLINE RETAIL UCI-499665,0.0,474.71,1773221.94,setl_499665
uci_bank_499674,2010-03-01,UCI ONLINE RETAIL UCI-499674,0.0,40.0,1773261.94,setl_499674
uci_bank_499675,2010-03-01,UCI ONLINE RETAIL UCI-499675,0.0,397.84,1773659.78,setl_499675
uci_bank_499676,2010-03-01,UCI ONLINE RETAIL UCI-499676,0.0,389.78,1774049.56,setl_499676
uci_bank_499677,2010-03-01,UCI ONLINE RETAIL UCI-499677,0.0,141.24,1774190.8,setl_499677
uci_bank_499678,2010-03-01,UCI ONLINE RETAIL UCI-499678,0.0,136.15,1774326.95,setl_499678
uci_bank_499679,2010-03-02,UCI ONLINE RETAIL UCI-499679,0.0,257.2,1774584.15,setl_499679
uci_bank_499680,2010-03-02,UCI ONLINE RETAIL UCI-499680,0.0,49.95,1774634.1,setl_499680
uci_bank_499681,2010-03-02,UCI ONLINE RETAIL UCI-499681,0.0,1626.4,1776260.5,setl_499681
uci_bank_499682,2010-03-02,UCI ONLINE RETAIL UCI-499682,0.0,344.1,1776604.6,setl_499682
uci_bank_499683,2010-03-02,UCI ONLINE RETAIL UCI-499683,0.0,1464.28,1778068.88,setl_499683
uci_bank_499684,2010-03-02,UCI ONLINE RETAIL UCI-499684,0.0,122.04,1778190.92,setl_499684
uci_bank_499685,2010-03-02,UCI ONLINE RETAIL UCI-499685,0.0,1562.94,1779753.86,setl_499685
uci_bank_499686,2010-03-02,UCI ONLINE RETAIL UCI-499686,0.0,174.1,1779927.96,setl_499686
uci_bank_499687,2010-03-02,UCI ONLINE RETAIL UCI-499687,0.0,121.35,1780049.31,setl_499687
uci_bank_499689,2010-03-02,UCI ONLINE RETAIL UCI-499689,0.0,134.7,1780184.01,setl_499689
uci_bank_499691,2010-03-02,UCI ONLINE RETAIL UCI-499691,0.0,313.41,1780497.42,setl_499691
uci_bank_499692,2010-03-02,UCI ONLINE RETAIL UCI-499692,0.0,659.34,1781156.76,setl_499692
uci_bank_499752,2010-03-02,UCI ONLINE RETAIL UCI-499752,0.0,731.72,1781888.48,setl_499752
uci_bank_499754,2010-03-02,UCI ONLINE RETAIL UCI-499754,0.0,345.96,1782234.44,setl_499754
uci_bank_499756,2010-03-02,UCI ONLINE RETAIL UCI-499756,0.0,354.49,1782588.93,setl_499756
uci_bank_499757,2010-03-02,UCI ONLINE RETAIL UCI-499757,0.0,191.1,1782780.03,setl_499757
uci_bank_499758,2010-03-02,UCI ONLINE RETAIL UCI-499758,0.0,167.76,1782947.79,setl_499758
uci_bank_499759,2010-03-02,UCI ONLINE RETAIL UCI-499759,0.0,464.85,1783412.64,setl_499759
uci_bank_499760,2010-03-02,UCI ONLINE RETAIL UCI-499760,0.0,309.6,1783722.24,setl_499760
uci_bank_499761,2010-03-02,UCI ONLINE RETAIL UCI-499761,0.0,164.1,1783886.34,setl_499761
uci_bank_499762,2010-03-02,UCI ONLINE RETAIL UCI-499762,0.0,108.5,1783994.84,setl_499762
uci_bank_499763,2010-03-02,UCI ONLINE RETAIL UCI-499763,0.0,27.05,1784021.89,setl_499763
uci_bank_499764,2010-03-02,UCI ONLINE RETAIL UCI-499764,0.0,32.53,1784054.42,setl_499764
uci_bank_499768,2010-03-02,UCI ONLINE RETAIL UCI-499768,0.0,253.76,1784308.18,setl_499768
uci_bank_499770,2010-03-02,UCI ONLINE RETAIL UCI-499770,0.0,123.39,1784431.57,setl_499770
uci_bank_499769,2010-03-02,UCI ONLINE RETAIL UCI-499769,0.0,1518.8,1785950.37,setl_499769
uci_bank_499771,2010-03-02,UCI ONLINE RETAIL UCI-499771,0.0,108.72,1786059.09,setl_499771
uci_bank_499772,2010-03-02,UCI ONLINE RETAIL UCI-499772,0.0,443.98,1786503.07,setl_499772
uci_bank_499773,2010-03-02,UCI ONLINE RETAIL UCI-499773,0.0,312.0,1786815.07,setl_499773
uci_bank_499775,2010-03-02,UCI ONLINE RETAIL UCI-499775,0.0,68.28,1786883.35,setl_499775
uci_bank_499777,2010-03-02,UCI ONLINE RETAIL UCI-499777,0.0,566.43,1787449.78,setl_499777
uci_bank_499778,2010-03-02,UCI ONLINE RETAIL UCI-499778,0.0,341.73,1787791.51,setl_499778
uci_bank_499779,2010-03-02,UCI ONLINE RETAIL UCI-499779,0.0,311.7,1788103.21,setl_499779
uci_bank_499780,2010-03-02,UCI ONLINE RETAIL UCI-499780,0.0,633.68,1788736.89,setl_499780
uci_bank_499781,2010-03-02,UCI ONLINE RETAIL UCI-499781,0.0,644.25,1789381.14,setl_499781
uci_bank_499782,2010-03-02,UCI ONLINE RETAIL UCI-499782,0.0,234.0,1789615.14,setl_499782
uci_bank_499784,2010-03-02,UCI ONLINE RETAIL UCI-499784,0.0,426.0,1790041.14,setl_499784
uci_bank_499785,2010-03-02,UCI ONLINE RETAIL UCI-499785,0.0,301.9,1790343.04,setl_499785
uci_bank_499788,2010-03-02,UCI ONLINE RETAIL UCI-499788,0.0,339.46,1790682.5,setl_499788
uci_bank_499789,2010-03-02,UCI ONLINE RETAIL UCI-499789,0.0,2544.2,1793226.7,setl_499789
uci_bank_499795,2010-03-02,UCI ONLINE RETAIL UCI-499795,0.0,111.45,1793338.15,setl_499795
uci_bank_499797,2010-03-02,UCI ONLINE RETAIL UCI-499797,0.0,599.3,1793937.45,setl_499797
uci_bank_499798,2010-03-02,UCI ONLINE RETAIL UCI-499798,0.0,325.2,1794262.65,setl_499798
uci_bank_499799,2010-03-02,UCI ONLINE RETAIL UCI-499799,0.0,53.2,1794315.85,setl_499799
uci_bank_499801,2010-03-02,UCI ONLINE RETAIL UCI-499801,0.0,392.7,1794708.55,setl_499801
uci_bank_499800,2010-03-02,UCI ONLINE RETAIL UCI-499800,0.0,105.6,1794814.15,setl_499800
uci_bank_499849,2010-03-02,UCI ONLINE RETAIL UCI-499849,0.0,221.74,1795035.89,setl_499849
uci_bank_499850,2010-03-02,UCI ONLINE RETAIL UCI-499850,0.0,456.95,1795492.84,setl_499850
uci_bank_499853,2010-03-02,UCI ONLINE RETAIL UCI-499853,0.0,281.86,1795774.7,setl_499853
uci_bank_499859,2010-03-02,UCI ONLINE RETAIL UCI-499859,0.0,7.15,1795781.85,setl_499859
uci_bank_499864,2010-03-02,UCI ONLINE RETAIL UCI-499864,0.0,23.8,1795805.65,setl_499864
uci_bank_499866,2010-03-02,UCI ONLINE RETAIL UCI-499866,0.0,228.83,1796034.48,setl_499866
uci_bank_499873,2010-03-03,UCI ONLINE RETAIL UCI-499873,0.0,96.0,1796130.48,setl_499873
uci_bank_499874,2010-03-03,UCI ONLINE RETAIL UCI-499874,0.0,737.43,1796867.91,setl_499874
uci_bank_499875,2010-03-03,UCI ONLINE RETAIL UCI-499875,0.0,363.48,1797231.39,setl_499875
uci_bank_499876,2010-03-03,UCI ONLINE RETAIL UCI-499876,0.0,541.9,1797773.29,setl_499876
uci_bank_499877,2010-03-03,UCI ONLINE RETAIL UCI-499877,0.0,303.0,1798076.29,setl_499877
uci_bank_499878,2010-03-03,UCI ONLINE RETAIL UCI-499878,0.0,7720.6,1805796.89,setl_499878
uci_bank_499880,2010-03-03,UCI ONLINE RETAIL UCI-499880,0.0,545.45,1806342.34,setl_499880
uci_bank_499879,2010-03-03,UCI ONLINE RETAIL UCI-499879,0.0,305.8,1806648.14,setl_499879
uci_bank_499881,2010-03-03,UCI ONLINE RETAIL UCI-499881,0.0,473.09,1807121.23,setl_499881
uci_bank_499882,2010-03-03,UCI ONLINE RETAIL UCI-499882,0.0,392.7,1807513.93,setl_499882
uci_bank_499883,2010-03-03,UCI ONLINE RETAIL UCI-499883,0.0,508.33,1808022.26,setl_499883
uci_bank_499884,2010-03-03,UCI ONLINE RETAIL UCI-499884,0.0,326.7,1808348.96,setl_499884
uci_bank_499886,2010-03-03,UCI ONLINE RETAIL UCI-499886,0.0,136.5,1808485.46,setl_499886
uci_bank_499887,2010-03-03,UCI ONLINE RETAIL UCI-499887,0.0,124.05,1808609.51,setl_499887
uci_bank_499890,2010-03-03,UCI ONLINE RETAIL UCI-499890,0.0,258.42,1808867.93,setl_499890
uci_bank_499891,2010-03-03,UCI ONLINE RETAIL UCI-499891,0.0,604.0,1809471.93,setl_499891
uci_bank_499894,2010-03-03,UCI ONLINE RETAIL UCI-499894,0.0,274.77,1809746.7,setl_499894
uci_bank_499893,2010-03-03,UCI ONLINE RETAIL UCI-499893,0.0,114.1,1809860.8,setl_499893
uci_bank_499895,2010-03-03,UCI ONLINE RETAIL UCI-499895,0.0,133.48,1809994.28,setl_499895
uci_bank_499897,2010-03-03,UCI ONLINE RETAIL UCI-499897,0.0,1730.74,1811725.02,setl_499897
uci_bank_499899,2010-03-03,UCI ONLINE RETAIL UCI-499899,0.0,159.3,1811884.32,setl_499899
uci_bank_499900,2010-03-03,UCI ONLINE RETAIL UCI-499900,0.0,344.57,1812228.89,setl_499900
uci_bank_499914,2010-03-03,UCI ONLINE RETAIL UCI-499914,0.0,341.0,1812569.89,setl_499914
uci_bank_499912,2010-03-03,UCI ONLINE RETAIL UCI-499912,0.0,599.57,1813169.46,setl_499912
uci_bank_499918,2010-03-03,UCI ONLINE RETAIL UCI-499918,0.0,564.49,1813733.95,setl_499918
uci_bank_499919,2010-03-03,UCI ONLINE RETAIL UCI-499919,0.0,537.01,1814270.96,setl_499919
uci_bank_499922,2010-03-03,UCI ONLINE RETAIL UCI-499922,0.0,129.11,1814400.07,setl_499922
uci_bank_499921,2010-03-03,UCI ONLINE RETAIL UCI-499921,0.0,991.62,1815391.69,setl_499921
uci_bank_499939,2010-03-03,UCI ONLINE RETAIL UCI-499939,0.0,316.86,1815708.55,setl_499939
uci_bank_499942,2010-03-03,UCI ONLINE RETAIL UCI-499942,0.0,149.55,1815858.1,setl_499942
uci_bank_499944,2010-03-03,UCI ONLINE RETAIL UCI-499944,0.0,222.57,1816080.67,setl_499944
uci_bank_499956,2010-03-03,UCI ONLINE RETAIL UCI-499956,0.0,155.65,1816236.32,setl_499956
uci_bank_499958,2010-03-03,UCI ONLINE RETAIL UCI-499958,0.0,165.2,1816401.52,setl_499958
uci_bank_499959,2010-03-03,UCI ONLINE RETAIL UCI-499959,0.0,200.0,1816601.52,setl_499959
uci_bank_499960,2010-03-03,UCI ONLINE RETAIL UCI-499960,0.0,815.79,1817417.31,setl_499960
uci_bank_499961,2010-03-03,UCI ONLINE RETAIL UCI-499961,0.0,1085.01,1818502.32,setl_499961
uci_bank_499962,2010-03-03,UCI ONLINE RETAIL UCI-499962,0.0,208.92,1818711.24,setl_499962
uci_bank_499964,2010-03-03,UCI ONLINE RETAIL UCI-499964,0.0,154.14,1818865.38,setl_499964
uci_bank_499965,2010-03-03,UCI ONLINE RETAIL UCI-499965,0.0,776.65,1819642.03,setl_499965
uci_bank_499966,2010-03-03,UCI ONLINE RETAIL UCI-499966,0.0,193.66,1819835.69,setl_499966
uci_bank_499967,2010-03-03,UCI ONLINE RETAIL UCI-499967,0.0,1115.33,1820951.02,setl_499967
uci_bank_499967,2010-03-03,UCI ONLINE RETAIL UCI-499967,0.0,196.12,1821147.14,setl_499967
uci_bank_499968,2010-03-03,UCI ONLINE RETAIL UCI-499968,0.0,1647.63,1822794.77,setl_499968
uci_bank_499969,2010-03-03,UCI ONLINE RETAIL UCI-499969,0.0,664.54,1823459.31,setl_499969
uci_bank_499971,2010-03-03,UCI ONLINE RETAIL UCI-499971,0.0,268.68,1823727.99,setl_499971
uci_bank_499972,2010-03-03,UCI ONLINE RETAIL UCI-499972,0.0,773.79,1824501.78,setl_499972
uci_bank_499973,2010-03-03,UCI ONLINE RETAIL UCI-499973,0.0,547.69,1825049.47,setl_499973
uci_bank_499974,2010-03-03,UCI ONLINE RETAIL UCI-499974,0.0,113.8,1825163.27,setl_499974
uci_bank_499975,2010-03-03,UCI ONLINE RETAIL UCI-499975,0.0,159.07,1825322.34,setl_499975
uci_bank_499977,2010-03-03,UCI ONLINE RETAIL UCI-499977,0.0,359.53,1825681.87,setl_499977
uci_bank_499979,2010-03-03,UCI ONLINE RETAIL UCI-499979,0.0,426.69,1826108.56,setl_499979
uci_bank_499981,2010-03-03,UCI ONLINE RETAIL UCI-499981,0.0,128.19,1826236.75,setl_499981
uci_bank_499982,2010-03-03,UCI ONLINE RETAIL UCI-499982,0.0,299.28,1826536.03,setl_499982
uci_bank_499985,2010-03-03,UCI ONLINE RETAIL UCI-499985,0.0,20.32,1826556.35,setl_499985
uci_bank_499986,2010-03-03,UCI ONLINE RETAIL UCI-499986,0.0,176.9,1826733.25,setl_499986
uci_bank_499988,2010-03-03,UCI ONLINE RETAIL UCI-499988,0.0,98.7,1826831.95,setl_499988
uci_bank_499990,2010-03-03,UCI ONLINE RETAIL UCI-499990,0.0,306.54,1827138.49,setl_499990
uci_bank_499991,2010-03-03,UCI ONLINE RETAIL UCI-499991,0.0,171.15,1827309.64,setl_499991
uci_bank_499993,2010-03-03,UCI ONLINE RETAIL UCI-499993,0.0,152.85,1827462.49,setl_499993
uci_bank_499994,2010-03-03,UCI ONLINE RETAIL UCI-499994,0.0,111.72,1827574.21,setl_499994
uci_bank_499995,2010-03-03,UCI ONLINE RETAIL UCI-499995,0.0,366.51,1827940.72,setl_499995
uci_bank_499996,2010-03-04,UCI ONLINE RETAIL UCI-499996,0.0,124.45,1828065.17,setl_499996
uci_bank_499997,2010-03-04,UCI ONLINE RETAIL UCI-499997,0.0,758.38,1828823.55,setl_499997
uci_bank_499998,2010-03-04,UCI ONLINE RETAIL UCI-499998,0.0,381.54,1829205.09,setl_499998
uci_bank_499999,2010-03-04,UCI ONLINE RETAIL UCI-499999,0.0,39.95,1829245.04,setl_499999
uci_bank_500001,2010-03-04,UCI ONLINE RETAIL UCI-500001,0.0,286.6,1829531.64,setl_500001
uci_bank_500008,2010-03-04,UCI ONLINE RETAIL UCI-500008,0.0,394.59,1829926.23,setl_500008
uci_bank_500009,2010-03-04,UCI ONLINE RETAIL UCI-500009,0.0,99.6,1830025.83,setl_500009
uci_bank_500010,2010-03-04,UCI ONLINE RETAIL UCI-500010,0.0,815.32,1830841.15,setl_500010
uci_bank_500012,2010-03-04,UCI ONLINE RETAIL UCI-500012,0.0,620.54,1831461.69,setl_500012
uci_bank_500014,2010-03-04,UCI ONLINE RETAIL UCI-500014,0.0,1449.74,1832911.43,setl_500014
uci_bank_500015,2010-03-04,UCI ONLINE RETAIL UCI-500015,0.0,327.4,1833238.83,setl_500015
uci_bank_500017,2010-03-04,UCI ONLINE RETAIL UCI-500017,0.0,196.2,1833435.03,setl_500017
uci_bank_500018,2010-03-04,UCI ONLINE RETAIL UCI-500018,0.0,243.36,1833678.39,setl_500018
uci_bank_500019,2010-03-04,UCI ONLINE RETAIL UCI-500019,0.0,90.0,1833768.39,setl_500019
uci_bank_500020,2010-03-04,UCI ONLINE RETAIL UCI-500020,0.0,349.4,1834117.79,setl_500020
uci_bank_500022,2010-03-04,UCI ONLINE RETAIL UCI-500022,0.0,132.0,1834249.79,setl_500022
uci_bank_500021,2010-03-04,UCI ONLINE RETAIL UCI-500021,0.0,276.49,1834526.28,setl_500021
uci_bank_500023,2010-03-04,UCI ONLINE RETAIL UCI-500023,0.0,564.2,1835090.48,setl_500023
uci_bank_500024,2010-03-04,UCI ONLINE RETAIL UCI-500024,0.0,395.5,1835485.98,setl_500024
uci_bank_500025,2010-03-04,UCI ONLINE RETAIL UCI-500025,0.0,751.8,1836237.78,setl_500025
uci_bank_500029,2010-03-04,UCI ONLINE RETAIL UCI-500029,0.0,301.33,1836539.11,setl_500029
uci_bank_500030,2010-03-04,UCI ONLINE RETAIL UCI-500030,0.0,288.5,1836827.61,setl_500030
uci_bank_500045,2010-03-04,UCI ONLINE RETAIL UCI-500045,0.0,97.5,1836925.11,setl_500045
uci_bank_500064,2010-03-04,UCI ONLINE RETAIL UCI-500064,0.0,547.2,1837472.31,setl_500064
uci_bank_500072,2010-03-04,UCI ONLINE RETAIL UCI-500072,0.0,579.75,1838052.06,setl_500072
uci_bank_500073,2010-03-04,UCI ONLINE RETAIL UCI-500073,0.0,356.24,1838408.3,setl_500073
uci_bank_500083,2010-03-04,UCI ONLINE RETAIL UCI-500083,0.0,392.7,1838801.0,setl_500083
uci_bank_500092,2010-03-04,UCI ONLINE RETAIL UCI-500092,0.0,498.63,1839299.63,setl_500092
uci_bank_500093,2010-03-04,UCI ONLINE RETAIL UCI-500093,0.0,183.64,1839483.27,setl_500093
uci_bank_500094,2010-03-04,UCI ONLINE RETAIL UCI-500094,0.0,331.58,1839814.85,setl_500094
uci_bank_500096,2010-03-04,UCI ONLINE RETAIL UCI-500096,0.0,269.2,1840084.05,setl_500096
uci_bank_500098,2010-03-04,UCI ONLINE RETAIL UCI-500098,0.0,718.21,1840802.26,setl_500098
uci_bank_500097,2010-03-04,UCI ONLINE RETAIL UCI-500097,0.0,399.9,1841202.16,setl_500097
uci_bank_500100,2010-03-04,UCI ONLINE RETAIL UCI-500100,0.0,257.77,1841459.93,setl_500100
uci_bank_500099,2010-03-04,UCI ONLINE RETAIL UCI-500099,0.0,213.29,1841673.22,setl_500099
uci_bank_500105,2010-03-04,UCI ONLINE RETAIL UCI-500105,0.0,233.8,1841907.02,setl_500105
uci_bank_500108,2010-03-04,UCI ONLINE RETAIL UCI-500108,0.0,440.2,1842347.22,setl_500108
uci_bank_500113,2010-03-04,UCI ONLINE RETAIL UCI-500113,0.0,308.74,1842655.96,setl_500113
uci_bank_500114,2010-03-04,UCI ONLINE RETAIL UCI-500114,0.0,635.0,1843290.96,setl_500114
uci_bank_500115,2010-03-04,UCI ONLINE RETAIL UCI-500115,0.0,40.65,1843331.61,setl_500115
uci_bank_500116,2010-03-04,UCI ONLINE RETAIL UCI-500116,0.0,236.35,1843567.96,setl_500116
uci_bank_500117,2010-03-04,UCI ONLINE RETAIL UCI-500117,0.0,663.96,1844231.92,setl_500117
uci_bank_500118,2010-03-04,UCI ONLINE RETAIL UCI-500118,0.0,955.5,1845187.42,setl_500118
uci_bank_500119,2010-03-04,UCI ONLINE RETAIL UCI-500119,0.0,236.66,1845424.08,setl_500119
uci_bank_500120,2010-03-04,UCI ONLINE RETAIL UCI-500120,0.0,453.08,1845877.16,setl_500120
uci_bank_500121,2010-03-04,UCI ONLINE RETAIL UCI-500121,0.0,202.35,1846079.51,setl_500121
uci_bank_500122,2010-03-04,UCI ONLINE RETAIL UCI-500122,0.0,367.15,1846446.66,setl_500122
uci_bank_500123,2010-03-04,UCI ONLINE RETAIL UCI-500123,0.0,743.62,1847190.28,setl_500123
uci_bank_500124,2010-03-04,UCI ONLINE RETAIL UCI-500124,0.0,434.55,1847624.83,setl_500124
uci_bank_500125,2010-03-04,UCI ONLINE RETAIL UCI-500125,0.0,437.24,1848062.07,setl_500125
uci_bank_500126,2010-03-04,UCI ONLINE RETAIL UCI-500126,0.0,2985.5,1851047.57,setl_500126
uci_bank_500128,2010-03-04,UCI ONLINE RETAIL UCI-500128,0.0,128.55,1851176.12,setl_500128
uci_bank_500129,2010-03-04,UCI ONLINE RETAIL UCI-500129,0.0,610.54,1851786.66,setl_500129
uci_bank_500130,2010-03-04,UCI ONLINE RETAIL UCI-500130,0.0,261.3,1852047.96,setl_500130
uci_bank_500132,2010-03-04,UCI ONLINE RETAIL UCI-500132,0.0,513.05,1852561.01,setl_500132
uci_bank_500133,2010-03-04,UCI ONLINE RETAIL UCI-500133,0.0,402.79,1852963.8,setl_500133
uci_bank_500134,2010-03-04,UCI ONLINE RETAIL UCI-500134,0.0,314.57,1853278.37,setl_500134
uci_bank_500135,2010-03-04,UCI ONLINE RETAIL UCI-500135,0.0,576.9,1853855.27,setl_500135
uci_bank_500141,2010-03-04,UCI ONLINE RETAIL UCI-500141,0.0,281.76,1854137.03,setl_500141
uci_bank_500144,2010-03-04,UCI ONLINE RETAIL UCI-500144,0.0,604.33,1854741.36,setl_500144
uci_bank_500145,2010-03-04,UCI ONLINE RETAIL UCI-500145,0.0,363.56,1855104.92,setl_500145
uci_bank_500146,2010-03-04,UCI ONLINE RETAIL UCI-500146,0.0,392.67,1855497.59,setl_500146
uci_bank_500147,2010-03-04,UCI ONLINE RETAIL UCI-500147,0.0,270.05,1855767.64,setl_500147
uci_bank_500148,2010-03-04,UCI ONLINE RETAIL UCI-500148,0.0,431.59,1856199.23,setl_500148
uci_bank_500149,2010-03-04,UCI ONLINE RETAIL UCI-500149,0.0,184.72,1856383.95,setl_500149
uci_bank_500150,2010-03-04,UCI ONLINE RETAIL UCI-500150,0.0,290.05,1856674.0,setl_500150
uci_bank_500151,2010-03-04,UCI ONLINE RETAIL UCI-500151,0.0,53.12,1856727.12,setl_500151
uci_bank_500153,2010-03-04,UCI ONLINE RETAIL UCI-500153,0.0,3.95,1856731.07,setl_500153
uci_bank_500155,2010-03-04,UCI ONLINE RETAIL UCI-500155,0.0,7.5,1856738.57,setl_500155
uci_bank_500157,2010-03-04,UCI ONLINE RETAIL UCI-500157,0.0,320.88,1857059.45,setl_500157
uci_bank_500158,2010-03-04,UCI ONLINE RETAIL UCI-500158,0.0,286.8,1857346.25,setl_500158
uci_bank_500159,2010-03-04,UCI ONLINE RETAIL UCI-500159,0.0,219.83,1857566.08,setl_500159
uci_bank_500160,2010-03-04,UCI ONLINE RETAIL UCI-500160,0.0,411.79,1857977.87,setl_500160
uci_bank_500161,2010-03-05,UCI ONLINE RETAIL UCI-500161,0.0,394.35,1858372.22,setl_500161
uci_bank_500162,2010-03-05,UCI ONLINE RETAIL UCI-500162,0.0,299.83,1858672.05,setl_500162
uci_bank_500163,2010-03-05,UCI ONLINE RETAIL UCI-500163,0.0,205.98,1858878.03,setl_500163
uci_bank_500165,2010-03-05,UCI ONLINE RETAIL UCI-500165,0.0,478.5,1859356.53,setl_500165
uci_bank_500166,2010-03-05,UCI ONLINE RETAIL UCI-500166,0.0,328.72,1859685.25,setl_500166
uci_bank_500167,2010-03-05,UCI ONLINE RETAIL UCI-500167,0.0,70.0,1859755.25,setl_500167
uci_bank_500169,2010-03-05,UCI ONLINE RETAIL UCI-500169,0.0,1211.76,1860967.01,setl_500169
uci_bank_500168,2010-03-05,UCI ONLINE RETAIL UCI-500168,0.0,240.8,1861207.81,setl_500168
uci_bank_500170,2010-03-05,UCI ONLINE RETAIL UCI-500170,0.0,421.45,1861629.26,setl_500170
uci_bank_500171,2010-03-05,UCI ONLINE RETAIL UCI-500171,0.0,73.6,1861702.86,setl_500171
uci_bank_500172,2010-03-05,UCI ONLINE RETAIL UCI-500172,0.0,807.12,1862509.98,setl_500172
uci_bank_500173,2010-03-05,UCI ONLINE RETAIL UCI-500173,0.0,5525.28,1868035.26,setl_500173
uci_bank_500174,2010-03-05,UCI ONLINE RETAIL UCI-500174,0.0,302.52,1868337.78,setl_500174
uci_bank_500175,2010-03-05,UCI ONLINE RETAIL UCI-500175,0.0,750.28,1869088.06,setl_500175
uci_bank_500176,2010-03-05,UCI ONLINE RETAIL UCI-500176,0.0,334.06,1869422.12,setl_500176
uci_bank_500177,2010-03-05,UCI ONLINE RETAIL UCI-500177,0.0,224.8,1869646.92,setl_500177
uci_bank_500181,2010-03-05,UCI ONLINE RETAIL UCI-500181,0.0,274.8,1869921.72,setl_500181
uci_bank_500183,2010-03-05,UCI ONLINE RETAIL UCI-500183,0.0,522.73,1870444.45,setl_500183
uci_bank_500198,2010-03-05,UCI ONLINE RETAIL UCI-500198,0.0,721.46,1871165.91,setl_500198
uci_bank_500205,2010-03-05,UCI ONLINE RETAIL UCI-500205,0.0,23.4,1871189.31,setl_500205
uci_bank_500220,2010-03-05,UCI ONLINE RETAIL UCI-500220,0.0,237.95,1871427.26,setl_500220
uci_bank_500223,2010-03-05,UCI ONLINE RETAIL UCI-500223,0.0,204.34,1871631.6,setl_500223
uci_bank_500232,2010-03-05,UCI ONLINE RETAIL UCI-500232,0.0,2640.0,1874271.6,setl_500232
uci_bank_500233,2010-03-05,UCI ONLINE RETAIL UCI-500233,0.0,194.32,1874465.92,setl_500233
uci_bank_500234,2010-03-05,UCI ONLINE RETAIL UCI-500234,0.0,407.36,1874873.28,setl_500234
uci_bank_500235,2010-03-05,UCI ONLINE RETAIL UCI-500235,0.0,317.5,1875190.78,setl_500235
uci_bank_500236,2010-03-05,UCI ONLINE RETAIL UCI-500236,0.0,332.8,1875523.58,setl_500236
uci_bank_500237,2010-03-05,UCI ONLINE RETAIL UCI-500237,0.0,498.04,1876021.62,setl_500237
uci_bank_500238,2010-03-05,UCI ONLINE RETAIL UCI-500238,0.0,116.5,1876138.12,setl_500238
uci_bank_500239,2010-03-05,UCI ONLINE RETAIL UCI-500239,0.0,188.1,1876326.22,setl_500239
uci_bank_500240,2010-03-05,UCI ONLINE RETAIL UCI-500240,0.0,192.6,1876518.82,setl_500240
uci_bank_500241,2010-03-05,UCI ONLINE RETAIL UCI-500241,0.0,310.8,1876829.62,setl_500241
uci_bank_500246,2010-03-05,UCI ONLINE RETAIL UCI-500246,0.0,53.4,1876883.02,setl_500246
uci_bank_500247,2010-03-05,UCI ONLINE RETAIL UCI-500247,0.0,300.05,1877183.07,setl_500247
uci_bank_500249,2010-03-05,UCI ONLINE RETAIL UCI-500249,0.0,27.36,1877210.43,setl_500249
uci_bank_500250,2010-03-05,UCI ONLINE RETAIL UCI-500250,0.0,50.0,1877260.43,setl_500250
uci_bank_500251,2010-03-05,UCI ONLINE RETAIL UCI-500251,0.0,89.55,1877349.98,setl_500251
uci_bank_500252,2010-03-05,UCI ONLINE RETAIL UCI-500252,0.0,80.3,1877430.28,setl_500252
uci_bank_500254,2010-03-05,UCI ONLINE RETAIL UCI-500254,0.0,315.17,1877745.45,setl_500254
uci_bank_500255,2010-03-05,UCI ONLINE RETAIL UCI-500255,0.0,405.42,1878150.87,setl_500255
uci_bank_500256,2010-03-05,UCI ONLINE RETAIL UCI-500256,0.0,400.13,1878551.0,setl_500256
uci_bank_500257,2010-03-05,UCI ONLINE RETAIL UCI-500257,0.0,180.81,1878731.81,setl_500257
uci_bank_500259,2010-03-05,UCI ONLINE RETAIL UCI-500259,0.0,269.0,1879000.81,setl_500259
uci_bank_500260,2010-03-05,UCI ONLINE RETAIL UCI-500260,0.0,156.9,1879157.71,setl_500260
uci_bank_500261,2010-03-05,UCI ONLINE RETAIL UCI-500261,0.0,15.25,1879172.96,setl_500261
uci_bank_500262,2010-03-05,UCI ONLINE RETAIL UCI-500262,0.0,295.05,1879468.01,setl_500262
uci_bank_500267,2010-03-05,UCI ONLINE RETAIL UCI-500267,0.0,599.12,1880067.13,setl_500267
uci_bank_500271,2010-03-05,UCI ONLINE RETAIL UCI-500271,0.0,104.25,1880171.38,setl_500271
uci_bank_500278,2010-03-05,UCI ONLINE RETAIL UCI-500278,0.0,284.05,1880455.43,setl_500278
uci_bank_500282,2010-03-05,UCI ONLINE RETAIL UCI-500282,0.0,594.0,1881049.43,setl_500282
uci_bank_500285,2010-03-05,UCI ONLINE RETAIL UCI-500285,0.0,40.1,1881089.53,setl_500285
uci_bank_500287,2010-03-05,UCI ONLINE RETAIL UCI-500287,0.0,157.74,1881247.27,setl_500287
uci_bank_500289,2010-03-05,UCI ONLINE RETAIL UCI-500289,0.0,330.0,1881577.27,setl_500289
uci_bank_500292,2010-03-05,UCI ONLINE RETAIL UCI-500292,0.0,187.44,1881764.71,setl_500292
uci_bank_500293,2010-03-05,UCI ONLINE RETAIL UCI-500293,0.0,638.56,1882403.27,setl_500293
uci_bank_500294,2010-03-05,UCI ONLINE RETAIL UCI-500294,0.0,425.3,1882828.57,setl_500294
uci_bank_500296,2010-03-05,UCI ONLINE RETAIL UCI-500296,0.0,12.12,1882840.69,setl_500296
uci_bank_500297,2010-03-05,UCI ONLINE RETAIL UCI-500297,0.0,378.3,1883218.99,setl_500297
uci_bank_500299,2010-03-05,UCI ONLINE RETAIL UCI-500299,0.0,268.52,1883487.51,setl_500299
uci_bank_500300,2010-03-07,UCI ONLINE RETAIL UCI-500300,0.0,621.15,1884108.66,setl_500300
uci_bank_500301,2010-03-07,UCI ONLINE RETAIL UCI-500301,0.0,164.05,1884272.71,setl_500301
uci_bank_500302,2010-03-07,UCI ONLINE RETAIL UCI-500302,0.0,337.74,1884610.45,setl_500302
uci_bank_500303,2010-03-07,UCI ONLINE RETAIL UCI-500303,0.0,477.1,1885087.55,setl_500303
uci_bank_500304,2010-03-07,UCI ONLINE RETAIL UCI-500304,0.0,130.3,1885217.85,setl_500304
uci_bank_500306,2010-03-07,UCI ONLINE RETAIL UCI-500306,0.0,316.75,1885534.6,setl_500306
uci_bank_500310,2010-03-07,UCI ONLINE RETAIL UCI-500310,0.0,309.3,1885843.9,setl_500310
uci_bank_500311,2010-03-07,UCI ONLINE RETAIL UCI-500311,0.0,451.88,1886295.78,setl_500311
uci_bank_500313,2010-03-07,UCI ONLINE RETAIL UCI-500313,0.0,94.5,1886390.28,setl_500313
uci_bank_500312,2010-03-07,UCI ONLINE RETAIL UCI-500312,0.0,296.21,1886686.49,setl_500312
uci_bank_500316,2010-03-07,UCI ONLINE RETAIL UCI-500316,0.0,176.08,1886862.57,setl_500316
uci_bank_500318,2010-03-07,UCI ONLINE RETAIL UCI-500318,0.0,388.35,1887250.92,setl_500318
uci_bank_500320,2010-03-07,UCI ONLINE RETAIL UCI-500320,0.0,679.04,1887929.96,setl_500320
uci_bank_500322,2010-03-07,UCI ONLINE RETAIL UCI-500322,0.0,375.61,1888305.57,setl_500322
uci_bank_500323,2010-03-07,UCI ONLINE RETAIL UCI-500323,0.0,487.75,1888793.32,setl_500323
uci_bank_500324,2010-03-07,UCI ONLINE RETAIL UCI-500324,0.0,406.27,1889199.59,setl_500324
uci_bank_500325,2010-03-07,UCI ONLINE RETAIL UCI-500325,0.0,232.65,1889432.24,setl_500325
uci_bank_500326,2010-03-07,UCI ONLINE RETAIL UCI-500326,0.0,206.7,1889638.94,setl_500326
uci_bank_500327,2010-03-07,UCI ONLINE RETAIL UCI-500327,0.0,203.37,1889842.31,setl_500327
uci_bank_500328,2010-03-07,UCI ONLINE RETAIL UCI-500328,0.0,317.88,1890160.19,setl_500328
uci_bank_500329,2010-03-07,UCI ONLINE RETAIL UCI-500329,0.0,583.25,1890743.44,setl_500329
uci_bank_500330,2010-03-07,UCI ONLINE RETAIL UCI-500330,0.0,231.79,1890975.23,setl_500330
uci_bank_500331,2010-03-07,UCI ONLINE RETAIL UCI-500331,0.0,369.99,1891345.22,setl_500331
uci_bank_500332,2010-03-07,UCI ONLINE RETAIL UCI-500332,0.0,259.36,1891604.58,setl_500332
uci_bank_500333,2010-03-07,UCI ONLINE RETAIL UCI-500333,0.0,442.59,1892047.17,setl_500333
uci_bank_500334,2010-03-07,UCI ONLINE RETAIL UCI-500334,0.0,315.28,1892362.45,setl_500334
uci_bank_500335,2010-03-07,UCI ONLINE RETAIL UCI-500335,0.0,242.72,1892605.17,setl_500335
uci_bank_500336,2010-03-07,UCI ONLINE RETAIL UCI-500336,0.0,619.04,1893224.21,setl_500336
uci_bank_500337,2010-03-07,UCI ONLINE RETAIL UCI-500337,0.0,321.7,1893545.91,setl_500337
uci_bank_500338,2010-03-07,UCI ONLINE RETAIL UCI-500338,0.0,396.83,1893942.74,setl_500338
uci_bank_500339,2010-03-07,UCI ONLINE RETAIL UCI-500339,0.0,337.56,1894280.3,setl_500339
uci_bank_500340,2010-03-07,UCI ONLINE RETAIL UCI-500340,0.0,152.75,1894433.05,setl_500340
uci_bank_500341,2010-03-07,UCI ONLINE RETAIL UCI-500341,0.0,479.91,1894912.96,setl_500341
uci_bank_500342,2010-03-07,UCI ONLINE RETAIL UCI-500342,0.0,9.3,1894922.26,setl_500342
uci_bank_500343,2010-03-07,UCI ONLINE RETAIL UCI-500343,0.0,357.0,1895279.26,setl_500343
uci_bank_500344,2010-03-07,UCI ONLINE RETAIL UCI-500344,0.0,353.14,1895632.4,setl_500344
uci_bank_500346,2010-03-07,UCI ONLINE RETAIL UCI-500346,0.0,114.6,1895747.0,setl_500346
uci_bank_500347,2010-03-07,UCI ONLINE RETAIL UCI-500347,0.0,596.67,1896343.67,setl_500347
uci_bank_500349,2010-03-07,UCI ONLINE RETAIL UCI-500349,0.0,102.13,1896445.8,setl_500349
uci_bank_500350,2010-03-07,UCI ONLINE RETAIL UCI-500350,0.0,7.5,1896453.3,setl_500350
uci_bank_500353,2010-03-07,UCI ONLINE RETAIL UCI-500353,0.0,439.55,1896892.85,setl_500353
uci_bank_500353,2010-03-07,UCI ONLINE RETAIL UCI-500353,0.0,1527.29,1898420.14,setl_500353
uci_bank_500354,2010-03-07,UCI ONLINE RETAIL UCI-500354,0.0,250.02,1898670.16,setl_500354
uci_bank_500355,2010-03-07,UCI ONLINE RETAIL UCI-500355,0.0,433.77,1899103.93,setl_500355
uci_bank_500356,2010-03-07,UCI ONLINE RETAIL UCI-500356,0.0,1816.98,1900920.91,setl_500356
uci_bank_500357,2010-03-07,UCI ONLINE RETAIL UCI-500357,0.0,190.38,1901111.29,setl_500357
uci_bank_500359,2010-03-07,UCI ONLINE RETAIL UCI-500359,0.0,299.44,1901410.73,setl_500359
uci_bank_500358,2010-03-07,UCI ONLINE RETAIL UCI-500358,0.0,635.9,1902046.63,setl_500358
uci_bank_500360,2010-03-07,UCI ONLINE RETAIL UCI-500360,0.0,298.5,1902345.13,setl_500360
uci_bank_500361,2010-03-07,UCI ONLINE RETAIL UCI-500361,0.0,7.5,1902352.63,setl_500361
uci_bank_500362,2010-03-07,UCI ONLINE RETAIL UCI-500362,0.0,365.15,1902717.78,setl_500362
uci_bank_500367,2010-03-08,UCI ONLINE RETAIL UCI-500367,0.0,348.32,1903066.1,setl_500367
uci_bank_500368,2010-03-08,UCI ONLINE RETAIL UCI-500368,0.0,553.7,1903619.8,setl_500368
uci_bank_500369,2010-03-08,UCI ONLINE RETAIL UCI-500369,0.0,314.6,1903934.4,setl_500369
uci_bank_500370,2010-03-08,UCI ONLINE RETAIL UCI-500370,0.0,296.25,1904230.65,setl_500370
uci_bank_500371,2010-03-08,UCI ONLINE RETAIL UCI-500371,0.0,80.62,1904311.27,setl_500371
uci_bank_500372,2010-03-08,UCI ONLINE RETAIL UCI-500372,0.0,122.02,1904433.29,setl_500372
uci_bank_500373,2010-03-08,UCI ONLINE RETAIL UCI-500373,0.0,307.33,1904740.62,setl_500373
uci_bank_500374,2010-03-08,UCI ONLINE RETAIL UCI-500374,0.0,147.0,1904887.62,setl_500374
uci_bank_500375,2010-03-08,UCI ONLINE RETAIL UCI-500375,0.0,373.5,1905261.12,setl_500375
uci_bank_500376,2010-03-08,UCI ONLINE RETAIL UCI-500376,0.0,703.2,1905964.32,setl_500376
uci_bank_500377,2010-03-08,UCI ONLINE RETAIL UCI-500377,0.0,204.05,1906168.37,setl_500377
uci_bank_500379,2010-03-08,UCI ONLINE RETAIL UCI-500379,0.0,337.74,1906506.11,setl_500379
uci_bank_500378,2010-03-08,UCI ONLINE RETAIL UCI-500378,0.0,304.32,1906810.43,setl_500378
uci_bank_500380,2010-03-08,UCI ONLINE RETAIL UCI-500380,0.0,214.83,1907025.26,setl_500380
uci_bank_500381,2010-03-08,UCI ONLINE RETAIL UCI-500381,0.0,387.24,1907412.5,setl_500381
uci_bank_500382,2010-03-08,UCI ONLINE RETAIL UCI-500382,0.0,224.94,1907637.44,setl_500382
uci_bank_500383,2010-03-08,UCI ONLINE RETAIL UCI-500383,0.0,456.85,1908094.29,setl_500383
uci_bank_500384,2010-03-08,UCI ONLINE RETAIL UCI-500384,0.0,50.4,1908144.69,setl_500384
uci_bank_500385,2010-03-08,UCI ONLINE RETAIL UCI-500385,0.0,514.48,1908659.17,setl_500385
uci_bank_500386,2010-03-08,UCI ONLINE RETAIL UCI-500386,0.0,308.4,1908967.57,setl_500386
uci_bank_500389,2010-03-08,UCI ONLINE RETAIL UCI-500389,0.0,2133.16,1911100.73,setl_500389
uci_bank_500399,2010-03-08,UCI ONLINE RETAIL UCI-500399,0.0,101.9,1911202.63,setl_500399
uci_bank_500400,2010-03-08,UCI ONLINE RETAIL UCI-500400,0.0,2394.0,1913596.63,setl_500400
uci_bank_500425,2010-03-08,UCI ONLINE RETAIL UCI-500425,0.0,343.35,1913939.98,setl_500425
uci_bank_500428,2010-03-08,UCI ONLINE RETAIL UCI-500428,0.0,193.2,1914133.18,setl_500428
uci_bank_500449,2010-03-08,UCI ONLINE RETAIL UCI-500449,0.0,159.15,1914292.33,setl_500449
uci_bank_500448,2010-03-08,UCI ONLINE RETAIL UCI-500448,0.0,468.0,1914760.33,setl_500448
uci_bank_500450,2010-03-08,UCI ONLINE RETAIL UCI-500450,0.0,651.18,1915411.51,setl_500450
uci_bank_500451,2010-03-08,UCI ONLINE RETAIL UCI-500451,0.0,127.5,1915539.01,setl_500451
uci_bank_500452,2010-03-08,UCI ONLINE RETAIL UCI-500452,0.0,339.36,1915878.37,setl_500452
uci_bank_500453,2010-03-08,UCI ONLINE RETAIL UCI-500453,0.0,11.8,1915890.17,setl_500453
uci_bank_500455,2010-03-08,UCI ONLINE RETAIL UCI-500455,0.0,580.08,1916470.25,setl_500455
uci_bank_500454,2010-03-08,UCI ONLINE RETAIL UCI-500454,0.0,1095.0,1917565.25,setl_500454
uci_bank_500456,2010-03-08,UCI ONLINE RETAIL UCI-500456,0.0,232.64,1917797.89,setl_500456
uci_bank_500457,2010-03-08,UCI ONLINE RETAIL UCI-500457,0.0,10.9,1917808.79,setl_500457
uci_bank_500458,2010-03-08,UCI ONLINE RETAIL UCI-500458,0.0,78.0,1917886.79,setl_500458
uci_bank_500459,2010-03-08,UCI ONLINE RETAIL UCI-500459,0.0,309.26,1918196.05,setl_500459
uci_bank_500460,2010-03-08,UCI ONLINE RETAIL UCI-500460,0.0,313.2,1918509.25,setl_500460
uci_bank_500476,2010-03-08,UCI ONLINE RETAIL UCI-500476,0.0,323.02,1918832.27,setl_500476
uci_bank_500493,2010-03-08,UCI ONLINE RETAIL UCI-500493,0.0,47.79,1918880.06,setl_500493
uci_bank_500495,2010-03-08,UCI ONLINE RETAIL UCI-500495,0.0,10.0,1918890.06,setl_500495
uci_bank_500498,2010-03-08,UCI ONLINE RETAIL UCI-500498,0.0,1334.27,1920224.33,setl_500498
uci_bank_500500,2010-03-08,UCI ONLINE RETAIL UCI-500500,0.0,111.56,1920335.89,setl_500500
uci_bank_500501,2010-03-08,UCI ONLINE RETAIL UCI-500501,0.0,210.0,1920545.89,setl_500501
uci_bank_500502,2010-03-08,UCI ONLINE RETAIL UCI-500502,0.0,848.7,1921394.59,setl_500502
uci_bank_500503,2010-03-08,UCI ONLINE RETAIL UCI-500503,0.0,332.83,1921727.42,setl_500503
uci_bank_500504,2010-03-08,UCI ONLINE RETAIL UCI-500504,0.0,23.35,1921750.77,setl_500504
uci_bank_500505,2010-03-08,UCI ONLINE RETAIL UCI-500505,0.0,445.44,1922196.21,setl_500505
uci_bank_500506,2010-03-08,UCI ONLINE RETAIL UCI-500506,0.0,340.03,1922536.24,setl_500506
uci_bank_500508,2010-03-08,UCI ONLINE RETAIL UCI-500508,0.0,111.3,1922647.54,setl_500508
uci_bank_500509,2010-03-08,UCI ONLINE RETAIL UCI-500509,0.0,229.53,1922877.07,setl_500509
uci_bank_500510,2010-03-08,UCI ONLINE RETAIL UCI-500510,0.0,336.5,1923213.57,setl_500510
uci_bank_500511,2010-03-08,UCI ONLINE RETAIL UCI-500511,0.0,151.5,1923365.07,setl_500511
uci_bank_500523,2010-03-08,UCI ONLINE RETAIL UCI-500523,0.0,137.7,1923502.77,setl_500523
uci_bank_500533,2010-03-08,UCI ONLINE RETAIL UCI-500533,0.0,484.4,1923987.17,setl_500533
uci_bank_500536,2010-03-08,UCI ONLINE RETAIL UCI-500536,0.0,2.55,1923989.72,setl_500536
uci_bank_500535,2010-03-08,UCI ONLINE RETAIL UCI-500535,0.0,397.07,1924386.79,setl_500535
uci_bank_500537,2010-03-08,UCI ONLINE RETAIL UCI-500537,0.0,219.87,1924606.66,setl_500537
uci_bank_500538,2010-03-08,UCI ONLINE RETAIL UCI-500538,0.0,695.84,1925302.5,setl_500538
uci_bank_500539,2010-03-08,UCI ONLINE RETAIL UCI-500539,0.0,477.3,1925779.8,setl_500539
uci_bank_500540,2010-03-08,UCI ONLINE RETAIL UCI-500540,0.0,106.26,1925886.06,setl_500540
uci_bank_500541,2010-03-08,UCI ONLINE RETAIL UCI-500541,0.0,310.77,1926196.83,setl_500541
uci_bank_500564,2010-03-08,UCI ONLINE RETAIL UCI-500564,0.0,85.2,1926282.03,setl_500564
uci_bank_500566,2010-03-08,UCI ONLINE RETAIL UCI-500566,0.0,131.16,1926413.19,setl_500566
uci_bank_500567,2010-03-08,UCI ONLINE RETAIL UCI-500567,0.0,1509.6,1927922.79,setl_500567
uci_bank_500568,2010-03-08,UCI ONLINE RETAIL UCI-500568,0.0,278.8,1928201.59,setl_500568
uci_bank_500574,2010-03-08,UCI ONLINE RETAIL UCI-500574,0.0,693.26,1928894.85,setl_500574
uci_bank_500576,2010-03-08,UCI ONLINE RETAIL UCI-500576,0.0,263.73,1929158.58,setl_500576
uci_bank_500577,2010-03-08,UCI ONLINE RETAIL UCI-500577,0.0,166.48,1929325.06,setl_500577
uci_bank_500578,2010-03-09,UCI ONLINE RETAIL UCI-500578,0.0,60.0,1929385.06,setl_500578
uci_bank_500579,2010-03-09,UCI ONLINE RETAIL UCI-500579,0.0,234.61,1929619.67,setl_500579
uci_bank_500580,2010-03-09,UCI ONLINE RETAIL UCI-500580,0.0,143.45,1929763.12,setl_500580
uci_bank_500581,2010-03-09,UCI ONLINE RETAIL UCI-500581,0.0,495.0,1930258.12,setl_500581
uci_bank_500582,2010-03-09,UCI ONLINE RETAIL UCI-500582,0.0,400.2,1930658.32,setl_500582
uci_bank_500583,2010-03-09,UCI ONLINE RETAIL UCI-500583,0.0,858.08,1931516.4,setl_500583
uci_bank_500584,2010-03-09,UCI ONLINE RETAIL UCI-500584,0.0,106.05,1931622.45,setl_500584
uci_bank_500585,2010-03-09,UCI ONLINE RETAIL UCI-500585,0.0,124.1,1931746.55,setl_500585
uci_bank_500587,2010-03-09,UCI ONLINE RETAIL UCI-500587,0.0,766.94,1932513.49,setl_500587
uci_bank_500588,2010-03-09,UCI ONLINE RETAIL UCI-500588,0.0,61.2,1932574.69,setl_500588
uci_bank_500589,2010-03-09,UCI ONLINE RETAIL UCI-500589,0.0,79.2,1932653.89,setl_500589
uci_bank_500590,2010-03-09,UCI ONLINE RETAIL UCI-500590,0.0,212.0,1932865.89,setl_500590
uci_bank_500611,2010-03-09,UCI ONLINE RETAIL UCI-500611,0.0,116.68,1932982.57,setl_500611
uci_bank_500615,2010-03-09,UCI ONLINE RETAIL UCI-500615,0.0,166.86,1933149.43,setl_500615
uci_bank_500616,2010-03-09,UCI ONLINE RETAIL UCI-500616,0.0,193.29,1933342.72,setl_500616
uci_bank_500639,2010-03-09,UCI ONLINE RETAIL UCI-500639,0.0,357.4,1933700.12,setl_500639
uci_bank_500638,2010-03-09,UCI ONLINE RETAIL UCI-500638,0.0,312.39,1934012.51,setl_500638
uci_bank_500652,2010-03-09,UCI ONLINE RETAIL UCI-500652,0.0,100.18,1934112.69,setl_500652
uci_bank_500653,2010-03-09,UCI ONLINE RETAIL UCI-500653,0.0,689.45,1934802.14,setl_500653
uci_bank_500654,2010-03-09,UCI ONLINE RETAIL UCI-500654,0.0,145.0,1934947.14,setl_500654
uci_bank_500655,2010-03-09,UCI ONLINE RETAIL UCI-500655,0.0,1691.16,1936638.3,setl_500655
uci_bank_500656,2010-03-09,UCI ONLINE RETAIL UCI-500656,0.0,120.97,1936759.27,setl_500656
uci_bank_500658,2010-03-09,UCI ONLINE RETAIL UCI-500658,0.0,42.61,1936801.88,setl_500658
uci_bank_500659,2010-03-09,UCI ONLINE RETAIL UCI-500659,0.0,400.61,1937202.49,setl_500659
uci_bank_500661,2010-03-09,UCI ONLINE RETAIL UCI-500661,0.0,16.0,1937218.49,setl_500661
uci_bank_500662,2010-03-09,UCI ONLINE RETAIL UCI-500662,0.0,769.56,1937988.05,setl_500662
uci_bank_500663,2010-03-09,UCI ONLINE RETAIL UCI-500663,0.0,534.6,1938522.65,setl_500663
uci_bank_500664,2010-03-09,UCI ONLINE RETAIL UCI-500664,0.0,215.38,1938738.03,setl_500664
uci_bank_500672,2010-03-09,UCI ONLINE RETAIL UCI-500672,0.0,221.98,1938960.01,setl_500672
uci_bank_500673,2010-03-09,UCI ONLINE RETAIL UCI-500673,0.0,285.68,1939245.69,setl_500673
uci_bank_500685,2010-03-09,UCI ONLINE RETAIL UCI-500685,0.0,291.76,1939537.45,setl_500685
uci_bank_500696,2010-03-09,UCI ONLINE RETAIL UCI-500696,0.0,273.6,1939811.05,setl_500696
uci_bank_500699,2010-03-09,UCI ONLINE RETAIL UCI-500699,0.0,745.94,1940556.99,setl_500699
uci_bank_500701,2010-03-09,UCI ONLINE RETAIL UCI-500701,0.0,178.36,1940735.35,setl_500701
uci_bank_500702,2010-03-09,UCI ONLINE RETAIL UCI-500702,0.0,343.5,1941078.85,setl_500702
uci_bank_500703,2010-03-09,UCI ONLINE RETAIL UCI-500703,0.0,248.2,1941327.05,setl_500703
uci_bank_500706,2010-03-09,UCI ONLINE RETAIL UCI-500706,0.0,299.41,1941626.46,setl_500706
uci_bank_500711,2010-03-09,UCI ONLINE RETAIL UCI-500711,0.0,304.4,1941930.86,setl_500711
uci_bank_500712,2010-03-09,UCI ONLINE RETAIL UCI-500712,0.0,1119.48,1943050.34,setl_500712
uci_bank_500713,2010-03-09,UCI ONLINE RETAIL UCI-500713,0.0,283.47,1943333.81,setl_500713
uci_bank_500715,2010-03-09,UCI ONLINE RETAIL UCI-500715,0.0,1290.81,1944624.62,setl_500715
uci_bank_500716,2010-03-09,UCI ONLINE RETAIL UCI-500716,0.0,127.8,1944752.42,setl_500716
uci_bank_500718,2010-03-09,UCI ONLINE RETAIL UCI-500718,0.0,488.1,1945240.52,setl_500718
uci_bank_500719,2010-03-09,UCI ONLINE RETAIL UCI-500719,0.0,185.99,1945426.51,setl_500719
uci_bank_500720,2010-03-09,UCI ONLINE RETAIL UCI-500720,0.0,210.89,1945637.4,setl_500720
uci_bank_500721,2010-03-09,UCI ONLINE RETAIL UCI-500721,0.0,505.73,1946143.13,setl_500721
uci_bank_500728,2010-03-09,UCI ONLINE RETAIL UCI-500728,0.0,273.54,1946416.67,setl_500728
uci_bank_500730,2010-03-09,UCI ONLINE RETAIL UCI-500730,0.0,551.2,1946967.87,setl_500730
uci_bank_500734,2010-03-09,UCI ONLINE RETAIL UCI-500734,0.0,364.79,1947332.66,setl_500734
uci_bank_500737,2010-03-09,UCI ONLINE RETAIL UCI-500737,0.0,401.31,1947733.97,setl_500737
uci_bank_500736,2010-03-09,UCI ONLINE RETAIL UCI-500736,0.0,107.76,1947841.73,setl_500736
uci_bank_500739,2010-03-09,UCI ONLINE RETAIL UCI-500739,0.0,76.32,1947918.05,setl_500739
uci_bank_500741,2010-03-09,UCI ONLINE RETAIL UCI-500741,0.0,1108.85,1949026.9,setl_500741
uci_bank_500744,2010-03-10,UCI ONLINE RETAIL UCI-500744,0.0,602.76,1949629.66,setl_500744
uci_bank_500745,2010-03-10,UCI ONLINE RETAIL UCI-500745,0.0,452.96,1950082.62,setl_500745
uci_bank_500746,2010-03-10,UCI ONLINE RETAIL UCI-500746,0.0,352.14,1950434.76,setl_500746
uci_bank_500747,2010-03-10,UCI ONLINE RETAIL UCI-500747,0.0,655.92,1951090.68,setl_500747
uci_bank_500749,2010-03-10,UCI ONLINE RETAIL UCI-500749,0.0,2017.36,1953108.04,setl_500749
uci_bank_500751,2010-03-10,UCI ONLINE RETAIL UCI-500751,0.0,3176.34,1956284.38,setl_500751
uci_bank_500754,2010-03-10,UCI ONLINE RETAIL UCI-500754,0.0,249.8,1956534.18,setl_500754
uci_bank_500773,2010-03-10,UCI ONLINE RETAIL UCI-500773,0.0,17.7,1956551.88,setl_500773
uci_bank_500778,2010-03-10,UCI ONLINE RETAIL UCI-500778,0.0,17.0,1956568.88,setl_500778
uci_bank_500782,2010-03-10,UCI ONLINE RETAIL UCI-500782,0.0,572.91,1957141.79,setl_500782
uci_bank_500781,2010-03-10,UCI ONLINE RETAIL UCI-500781,0.0,649.22,1957791.01,setl_500781
uci_bank_500784,2010-03-10,UCI ONLINE RETAIL UCI-500784,0.0,353.28,1958144.29,setl_500784
uci_bank_500788,2010-03-10,UCI ONLINE RETAIL UCI-500788,0.0,665.38,1958809.67,setl_500788
uci_bank_500794,2010-03-10,UCI ONLINE RETAIL UCI-500794,0.0,321.48,1959131.15,setl_500794
uci_bank_500828,2010-03-10,UCI ONLINE RETAIL UCI-500828,0.0,496.56,1959627.71,setl_500828
uci_bank_500829,2010-03-10,UCI ONLINE RETAIL UCI-500829,0.0,126.5,1959754.21,setl_500829
uci_bank_500830,2010-03-10,UCI ONLINE RETAIL UCI-500830,0.0,84.2,1959838.41,setl_500830
uci_bank_500832,2010-03-10,UCI ONLINE RETAIL UCI-500832,0.0,1.65,1959840.06,setl_500832
uci_bank_500834,2010-03-10,UCI ONLINE RETAIL UCI-500834,0.0,165.78,1960005.84,setl_500834
uci_bank_500836,2010-03-10,UCI ONLINE RETAIL UCI-500836,0.0,355.86,1960361.7,setl_500836
uci_bank_500838,2010-03-10,UCI ONLINE RETAIL UCI-500838,0.0,249.21,1960610.91,setl_500838
uci_bank_500837,2010-03-10,UCI ONLINE RETAIL UCI-500837,0.0,113.53,1960724.44,setl_500837
uci_bank_500839,2010-03-10,UCI ONLINE RETAIL UCI-500839,0.0,386.0,1961110.44,setl_500839
uci_bank_500840,2010-03-10,UCI ONLINE RETAIL UCI-500840,0.0,70.89,1961181.33,setl_500840
uci_bank_500843,2010-03-10,UCI ONLINE RETAIL UCI-500843,0.0,429.81,1961611.14,setl_500843
uci_bank_500844,2010-03-10,UCI ONLINE RETAIL UCI-500844,0.0,47.75,1961658.89,setl_500844
uci_bank_500845,2010-03-10,UCI ONLINE RETAIL UCI-500845,0.0,41.75,1961700.64,setl_500845
uci_bank_500853,2010-03-10,UCI ONLINE RETAIL UCI-500853,0.0,291.12,1961991.76,setl_500853
uci_bank_500857,2010-03-10,UCI ONLINE RETAIL UCI-500857,0.0,215.46,1962207.22,setl_500857
uci_bank_500860,2010-03-10,UCI ONLINE RETAIL UCI-500860,0.0,194.4,1962401.62,setl_500860
uci_bank_500861,2010-03-10,UCI ONLINE RETAIL UCI-500861,0.0,1012.4,1963414.02,setl_500861
uci_bank_500862,2010-03-10,UCI ONLINE RETAIL UCI-500862,0.0,227.7,1963641.72,setl_500862
uci_bank_500863,2010-03-10,UCI ONLINE RETAIL UCI-500863,0.0,720.72,1964362.44,setl_500863
uci_bank_500864,2010-03-10,UCI ONLINE RETAIL UCI-500864,0.0,310.14,1964672.58,setl_500864
uci_bank_500866,2010-03-10,UCI ONLINE RETAIL UCI-500866,0.0,260.4,1964932.98,setl_500866
uci_bank_500867,2010-03-10,UCI ONLINE RETAIL UCI-500867,0.0,50.4,1964983.38,setl_500867
uci_bank_500868,2010-03-10,UCI ONLINE RETAIL UCI-500868,0.0,551.95,1965535.33,setl_500868
uci_bank_500869,2010-03-10,UCI ONLINE RETAIL UCI-500869,0.0,137.75,1965673.08,setl_500869
uci_bank_500871,2010-03-10,UCI ONLINE RETAIL UCI-500871,0.0,152.09,1965825.17,setl_500871
uci_bank_500872,2010-03-10,UCI ONLINE RETAIL UCI-500872,0.0,441.65,1966266.82,setl_500872
uci_bank_500873,2010-03-10,UCI ONLINE RETAIL UCI-500873,0.0,330.0,1966596.82,setl_500873
uci_bank_500874,2010-03-10,UCI ONLINE RETAIL UCI-500874,0.0,286.35,1966883.17,setl_500874
uci_bank_500875,2010-03-10,UCI ONLINE RETAIL UCI-500875,0.0,176.4,1967059.57,setl_500875
uci_bank_500876,2010-03-10,UCI ONLINE RETAIL UCI-500876,0.0,474.55,1967534.12,setl_500876
uci_bank_500878,2010-03-10,UCI ONLINE RETAIL UCI-500878,0.0,754.95,1968289.07,setl_500878
uci_bank_500879,2010-03-10,UCI ONLINE RETAIL UCI-500879,0.0,612.7,1968901.77,setl_500879
uci_bank_500881,2010-03-10,UCI ONLINE RETAIL UCI-500881,0.0,415.78,1969317.55,setl_500881
uci_bank_500880,2010-03-10,UCI ONLINE RETAIL UCI-500880,0.0,359.83,1969677.38,setl_500880
uci_bank_500882,2010-03-10,UCI ONLINE RETAIL UCI-500882,0.0,109.6,1969786.98,setl_500882
uci_bank_500883,2010-03-10,UCI ONLINE RETAIL UCI-500883,0.0,274.9,1970061.88,setl_500883
uci_bank_500884,2010-03-10,UCI ONLINE RETAIL UCI-500884,0.0,430.0,1970491.88,setl_500884
uci_bank_500885,2010-03-10,UCI ONLINE RETAIL UCI-500885,0.0,412.2,1970904.08,setl_500885
uci_bank_500886,2010-03-10,UCI ONLINE RETAIL UCI-500886,0.0,214.13,1971118.21,setl_500886
uci_bank_500889,2010-03-10,UCI ONLINE RETAIL UCI-500889,0.0,287.04,1971405.25,setl_500889
uci_bank_500890,2010-03-10,UCI ONLINE RETAIL UCI-500890,0.0,272.16,1971677.41,setl_500890
uci_bank_500896,2010-03-10,UCI ONLINE RETAIL UCI-500896,0.0,349.68,1972027.09,setl_500896
uci_bank_500899,2010-03-11,UCI ONLINE RETAIL UCI-500899,0.0,306.6,1972333.69,setl_500899
uci_bank_500900,2010-03-11,UCI ONLINE RETAIL UCI-500900,0.0,167.75,1972501.44,setl_500900
uci_bank_500901,2010-03-11,UCI ONLINE RETAIL UCI-500901,0.0,365.7,1972867.14,setl_500901
uci_bank_500902,2010-03-11,UCI ONLINE RETAIL UCI-500902,0.0,715.42,1973582.56,setl_500902
uci_bank_500903,2010-03-11,UCI ONLINE RETAIL UCI-500903,0.0,2655.96,1976238.52,setl_500903
uci_bank_500904,2010-03-11,UCI ONLINE RETAIL UCI-500904,0.0,162.45,1976400.97,setl_500904
uci_bank_500917,2010-03-11,UCI ONLINE RETAIL UCI-500917,0.0,451.68,1976852.65,setl_500917
uci_bank_500919,2010-03-11,UCI ONLINE RETAIL UCI-500919,0.0,353.72,1977206.37,setl_500919
uci_bank_500920,2010-03-11,UCI ONLINE RETAIL UCI-500920,0.0,105.08,1977311.45,setl_500920
uci_bank_500921,2010-03-11,UCI ONLINE RETAIL UCI-500921,0.0,611.84,1977923.29,setl_500921
uci_bank_500922,2010-03-11,UCI ONLINE RETAIL UCI-500922,0.0,37.75,1977961.04,setl_500922
uci_bank_500933,2010-03-11,UCI ONLINE RETAIL UCI-500933,0.0,216.89,1978177.93,setl_500933
uci_bank_500940,2010-03-11,UCI ONLINE RETAIL UCI-500940,0.0,219.46,1978397.39,setl_500940
uci_bank_500941,2010-03-11,UCI ONLINE RETAIL UCI-500941,0.0,306.26,1978703.65,setl_500941
uci_bank_500943,2010-03-11,UCI ONLINE RETAIL UCI-500943,0.0,760.38,1979464.03,setl_500943
uci_bank_500963,2010-03-11,UCI ONLINE RETAIL UCI-500963,0.0,304.05,1979768.08,setl_500963
uci_bank_500964,2010-03-11,UCI ONLINE RETAIL UCI-500964,0.0,140.19,1979908.27,setl_500964
uci_bank_500968,2010-03-11,UCI ONLINE RETAIL UCI-500968,0.0,119.76,1980028.03,setl_500968
uci_bank_500971,2010-03-11,UCI ONLINE RETAIL UCI-500971,0.0,588.0,1980616.03,setl_500971
uci_bank_500970,2010-03-11,UCI ONLINE RETAIL UCI-500970,0.0,203.7,1980819.73,setl_500970
uci_bank_500973,2010-03-11,UCI ONLINE RETAIL UCI-500973,0.0,597.48,1981417.21,setl_500973
uci_bank_500979,2010-03-11,UCI ONLINE RETAIL UCI-500979,0.0,11.9,1981429.11,setl_500979
uci_bank_500986,2010-03-11,UCI ONLINE RETAIL UCI-500986,0.0,124.07,1981553.18,setl_500986
uci_bank_500995,2010-03-11,UCI ONLINE RETAIL UCI-500995,0.0,138.89,1981692.07,setl_500995
uci_bank_500996,2010-03-11,UCI ONLINE RETAIL UCI-500996,0.0,257.55,1981949.62,setl_500996
uci_bank_500997,2010-03-11,UCI ONLINE RETAIL UCI-500997,0.0,335.9,1982285.52,setl_500997
uci_bank_500998,2010-03-11,UCI ONLINE RETAIL UCI-500998,0.0,1609.01,1983894.53,setl_500998
uci_bank_501000,2010-03-11,UCI ONLINE RETAIL UCI-501000,0.0,120.4,1984014.93,setl_501000
uci_bank_500999,2010-03-11,UCI ONLINE RETAIL UCI-500999,0.0,518.91,1984533.84,setl_500999
uci_bank_501001,2010-03-11,UCI ONLINE RETAIL UCI-501001,0.0,129.33,1984663.17,setl_501001
uci_bank_501002,2010-03-11,UCI ONLINE RETAIL UCI-501002,0.0,24.5,1984687.67,setl_501002
uci_bank_501004,2010-03-11,UCI ONLINE RETAIL UCI-501004,0.0,366.69,1985054.36,setl_501004
uci_bank_501005,2010-03-11,UCI ONLINE RETAIL UCI-501005,0.0,296.34,1985350.7,setl_501005
uci_bank_501006,2010-03-11,UCI ONLINE RETAIL UCI-501006,0.0,3425.26,1988775.96,setl_501006
uci_bank_501007,2010-03-11,UCI ONLINE RETAIL UCI-501007,0.0,865.45,1989641.41,setl_501007
uci_bank_501008,2010-03-11,UCI ONLINE RETAIL UCI-501008,0.0,281.89,1989923.3,setl_501008
uci_bank_501009,2010-03-11,UCI ONLINE RETAIL UCI-501009,0.0,316.77,1990240.07,setl_501009
uci_bank_501010,2010-03-11,UCI ONLINE RETAIL UCI-501010,0.0,848.03,1991088.1,setl_501010
uci_bank_501011,2010-03-11,UCI ONLINE RETAIL UCI-501011,0.0,477.74,1991565.84,setl_501011
uci_bank_501028,2010-03-11,UCI ONLINE RETAIL UCI-501028,0.0,246.1,1991811.94,setl_501028
uci_bank_501029,2010-03-11,UCI ONLINE RETAIL UCI-501029,0.0,122.7,1991934.64,setl_501029
uci_bank_501030,2010-03-11,UCI ONLINE RETAIL UCI-501030,0.0,371.72,1992306.36,setl_501030
uci_bank_501031,2010-03-11,UCI ONLINE RETAIL UCI-501031,0.0,574.11,1992880.47,setl_501031
uci_bank_501033,2010-03-11,UCI ONLINE RETAIL UCI-501033,0.0,215.15,1993095.62,setl_501033
uci_bank_501034,2010-03-11,UCI ONLINE RETAIL UCI-501034,0.0,335.4,1993431.02,setl_501034
uci_bank_501035,2010-03-11,UCI ONLINE RETAIL UCI-501035,0.0,229.71,1993660.73,setl_501035
uci_bank_501037,2010-03-12,UCI ONLINE RETAIL UCI-501037,0.0,35.4,1993696.13,setl_501037
uci_bank_501038,2010-03-12,UCI ONLINE RETAIL UCI-501038,0.0,384.46,1994080.59,setl_501038
uci_bank_501039,2010-03-12,UCI ONLINE RETAIL UCI-501039,0.0,1019.31,1995099.9,setl_501039
uci_bank_501042,2010-03-12,UCI ONLINE RETAIL UCI-501042,0.0,255.1,1995355.0,setl_501042
uci_bank_501043,2010-03-12,UCI ONLINE RETAIL UCI-501043,0.0,917.56,1996272.56,setl_501043
uci_bank_501044,2010-03-12,UCI ONLINE RETAIL UCI-501044,0.0,93.23,1996365.79,setl_501044
uci_bank_501045,2010-03-12,UCI ONLINE RETAIL UCI-501045,0.0,415.3,1996781.09,setl_501045
uci_bank_501046,2010-03-12,UCI ONLINE RETAIL UCI-501046,0.0,612.0,1997393.09,setl_501046
uci_bank_501047,2010-03-12,UCI ONLINE RETAIL UCI-501047,0.0,1780.9,1999173.99,setl_501047
uci_bank_501048,2010-03-12,UCI ONLINE RETAIL UCI-501048,0.0,323.35,1999497.34,setl_501048
uci_bank_501049,2010-03-12,UCI ONLINE RETAIL UCI-501049,0.0,5089.72,2004587.06,setl_501049
uci_bank_501079,2010-03-12,UCI ONLINE RETAIL UCI-501079,0.0,120.0,2004707.06,setl_501079
uci_bank_501082,2010-03-12,UCI ONLINE RETAIL UCI-501082,0.0,97.35,2004804.41,setl_501082
uci_bank_501083,2010-03-12,UCI ONLINE RETAIL UCI-501083,0.0,97.35,2004901.76,setl_501083
uci_bank_501084,2010-03-12,UCI ONLINE RETAIL UCI-501084,0.0,148.94,2005050.7,setl_501084
uci_bank_501085,2010-03-12,UCI ONLINE RETAIL UCI-501085,0.0,302.0,2005352.7,setl_501085
uci_bank_501086,2010-03-12,UCI ONLINE RETAIL UCI-501086,0.0,128.06,2005480.76,setl_501086
uci_bank_501093,2010-03-12,UCI ONLINE RETAIL UCI-501093,0.0,402.5,2005883.26,setl_501093
uci_bank_501098,2010-03-12,UCI ONLINE RETAIL UCI-501098,0.0,221.74,2006105.0,setl_501098
uci_bank_501101,2010-03-12,UCI ONLINE RETAIL UCI-501101,0.0,222.5,2006327.5,setl_501101
uci_bank_501102,2010-03-12,UCI ONLINE RETAIL UCI-501102,0.0,615.61,2006943.11,setl_501102
uci_bank_501103,2010-03-12,UCI ONLINE RETAIL UCI-501103,0.0,795.5,2007738.61,setl_501103
uci_bank_501104,2010-03-12,UCI ONLINE RETAIL UCI-501104,0.0,146.4,2007885.01,setl_501104
uci_bank_501114,2010-03-12,UCI ONLINE RETAIL UCI-501114,0.0,110.95,2007995.96,setl_501114
uci_bank_501117,2010-03-12,UCI ONLINE RETAIL UCI-501117,0.0,322.53,2008318.49,setl_501117
uci_bank_501118,2010-03-12,UCI ONLINE RETAIL UCI-501118,0.0,405.0,2008723.49,setl_501118
uci_bank_501119,2010-03-12,UCI ONLINE RETAIL UCI-501119,0.0,728.88,2009452.37,setl_501119
uci_bank_501121,2010-03-12,UCI ONLINE RETAIL UCI-501121,0.0,197.28,2009649.65,setl_501121
uci_bank_501123,2010-03-12,UCI ONLINE RETAIL UCI-501123,0.0,604.74,2010254.39,setl_501123
uci_bank_501124,2010-03-12,UCI ONLINE RETAIL UCI-501124,0.0,96.96,2010351.35,setl_501124
uci_bank_501126,2010-03-12,UCI ONLINE RETAIL UCI-501126,0.0,213.01,2010564.36,setl_501126
uci_bank_501127,2010-03-12,UCI ONLINE RETAIL UCI-501127,0.0,638.75,2011203.11,setl_501127
uci_bank_501128,2010-03-12,UCI ONLINE RETAIL UCI-501128,0.0,81.85,2011284.96,setl_501128
uci_bank_501129,2010-03-12,UCI ONLINE RETAIL UCI-501129,0.0,535.27,2011820.23,setl_501129
uci_bank_501132,2010-03-12,UCI ONLINE RETAIL UCI-501132,0.0,986.75,2012806.98,setl_501132
uci_bank_501133,2010-03-14,UCI ONLINE RETAIL UCI-501133,0.0,807.22,2013614.2,setl_501133
uci_bank_501134,2010-03-14,UCI ONLINE RETAIL UCI-501134,0.0,254.6,2013868.8,setl_501134
uci_bank_501135,2010-03-14,UCI ONLINE RETAIL UCI-501135,0.0,328.05,2014196.85,setl_501135
uci_bank_501136,2010-03-14,UCI ONLINE RETAIL UCI-501136,0.0,404.16,2014601.01,setl_501136
uci_bank_501137,2010-03-14,UCI ONLINE RETAIL UCI-501137,0.0,324.8,2014925.81,setl_501137
uci_bank_501138,2010-03-14,UCI ONLINE RETAIL UCI-501138,0.0,418.06,2015343.87,setl_501138
uci_bank_501140,2010-03-14,UCI ONLINE RETAIL UCI-501140,0.0,115.9,2015459.77,setl_501140
uci_bank_501141,2010-03-14,UCI ONLINE RETAIL UCI-501141,0.0,318.54,2015778.31,setl_501141
uci_bank_501142,2010-03-14,UCI ONLINE RETAIL UCI-501142,0.0,116.85,2015895.16,setl_501142
uci_bank_501143,2010-03-14,UCI ONLINE RETAIL UCI-501143,0.0,493.44,2016388.6,setl_501143
uci_bank_501144,2010-03-14,UCI ONLINE RETAIL UCI-501144,0.0,451.97,2016840.57,setl_501144
uci_bank_501145,2010-03-14,UCI ONLINE RETAIL UCI-501145,0.0,367.29,2017207.86,setl_501145
uci_bank_501146,2010-03-14,UCI ONLINE RETAIL UCI-501146,0.0,256.77,2017464.63,setl_501146
uci_bank_501147,2010-03-14,UCI ONLINE RETAIL UCI-501147,0.0,167.73,2017632.36,setl_501147
uci_bank_501148,2010-03-14,UCI ONLINE RETAIL UCI-501148,0.0,1968.98,2019601.34,setl_501148
uci_bank_501149,2010-03-14,UCI ONLINE RETAIL UCI-501149,0.0,180.4,2019781.74,setl_501149
uci_bank_501150,2010-03-14,UCI ONLINE RETAIL UCI-501150,0.0,116.86,2019898.6,setl_501150
uci_bank_501151,2010-03-14,UCI ONLINE RETAIL UCI-501151,0.0,375.5,2020274.1,setl_501151
uci_bank_501152,2010-03-14,UCI ONLINE RETAIL UCI-501152,0.0,311.7,2020585.8,setl_501152
uci_bank_501153,2010-03-14,UCI ONLINE RETAIL UCI-501153,0.0,591.43,2021177.23,setl_501153
uci_bank_501154,2010-03-14,UCI ONLINE RETAIL UCI-501154,0.0,111.18,2021288.41,setl_501154
uci_bank_501155,2010-03-14,UCI ONLINE RETAIL UCI-501155,0.0,79.9,2021368.31,setl_501155
uci_bank_501156,2010-03-14,UCI ONLINE RETAIL UCI-501156,0.0,39.29,2021407.6,setl_501156
uci_bank_501157,2010-03-14,UCI ONLINE RETAIL UCI-501157,0.0,432.08,2021839.68,setl_501157
uci_bank_501158,2010-03-15,UCI ONLINE RETAIL UCI-501158,0.0,717.23,2022556.91,setl_501158
uci_bank_501159,2010-03-15,UCI ONLINE RETAIL UCI-501159,0.0,221.0,2022777.91,setl_501159
uci_bank_501160,2010-03-15,UCI ONLINE RETAIL UCI-501160,0.0,92.0,2022869.91,setl_501160
uci_bank_501167,2010-03-15,UCI ONLINE RETAIL UCI-501167,0.0,267.98,2023137.89,setl_501167
uci_bank_501166,2010-03-15,UCI ONLINE RETAIL UCI-501166,0.0,427.98,2023565.87,setl_501166
uci_bank_501168,2010-03-15,UCI ONLINE RETAIL UCI-501168,0.0,321.6,2023887.47,setl_501168
uci_bank_501172,2010-03-15,UCI ONLINE RETAIL UCI-501172,0.0,110.4,2023997.87,setl_501172
uci_bank_501176,2010-03-15,UCI ONLINE RETAIL UCI-501176,0.0,830.87,2024828.74,setl_501176
uci_bank_501175,2010-03-15,UCI ONLINE RETAIL UCI-501175,0.0,480.75,2025309.49,setl_501175
uci_bank_501177,2010-03-15,UCI ONLINE RETAIL UCI-501177,0.0,12.6,2025322.09,setl_501177
uci_bank_501178,2010-03-15,UCI ONLINE RETAIL UCI-501178,0.0,165.0,2025487.09,setl_501178
uci_bank_501181,2010-03-15,UCI ONLINE RETAIL UCI-501181,0.0,279.8,2025766.89,setl_501181
uci_bank_501182,2010-03-15,UCI ONLINE RETAIL UCI-501182,0.0,484.65,2026251.54,setl_501182
uci_bank_501186,2010-03-15,UCI ONLINE RETAIL UCI-501186,0.0,332.05,2026583.59,setl_501186
uci_bank_501201,2010-03-15,UCI ONLINE RETAIL UCI-501201,0.0,718.68,2027302.27,setl_501201
uci_bank_501251,2010-03-15,UCI ONLINE RETAIL UCI-501251,0.0,216.0,2027518.27,setl_501251
uci_bank_501256,2010-03-15,UCI ONLINE RETAIL UCI-501256,0.0,879.6,2028397.87,setl_501256
uci_bank_501257,2010-03-15,UCI ONLINE RETAIL UCI-501257,0.0,972.0,2029369.87,setl_501257
uci_bank_501261,2010-03-15,UCI ONLINE RETAIL UCI-501261,0.0,153.0,2029522.87,setl_501261
uci_bank_501263,2010-03-15,UCI ONLINE RETAIL UCI-501263,0.0,126.48,2029649.35,setl_501263
uci_bank_501264,2010-03-15,UCI ONLINE RETAIL UCI-501264,0.0,365.43,2030014.78,setl_501264
uci_bank_501265,2010-03-15,UCI ONLINE RETAIL UCI-501265,0.0,178.2,2030192.98,setl_501265
uci_bank_501266,2010-03-15,UCI ONLINE RETAIL UCI-501266,0.0,362.88,2030555.86,setl_501266
uci_bank_501267,2010-03-15,UCI ONLINE RETAIL UCI-501267,0.0,391.15,2030947.01,setl_501267
uci_bank_501268,2010-03-15,UCI ONLINE RETAIL UCI-501268,0.0,607.35,2031554.36,setl_501268
uci_bank_501272,2010-03-15,UCI ONLINE RETAIL UCI-501272,0.0,851.16,2032405.52,setl_501272
uci_bank_501273,2010-03-15,UCI ONLINE RETAIL UCI-501273,0.0,274.09,2032679.61,setl_501273
uci_bank_501274,2010-03-15,UCI ONLINE RETAIL UCI-501274,0.0,85.6,2032765.21,setl_501274
uci_bank_501275,2010-03-15,UCI ONLINE RETAIL UCI-501275,0.0,242.44,2033007.65,setl_501275
uci_bank_501276,2010-03-15,UCI ONLINE RETAIL UCI-501276,0.0,190.9,2033198.55,setl_501276
uci_bank_501277,2010-03-15,UCI ONLINE RETAIL UCI-501277,0.0,306.98,2033505.53,setl_501277
uci_bank_501278,2010-03-15,UCI ONLINE RETAIL UCI-501278,0.0,189.29,2033694.82,setl_501278
uci_bank_501279,2010-03-15,UCI ONLINE RETAIL UCI-501279,0.0,402.98,2034097.8,setl_501279
uci_bank_501280,2010-03-15,UCI ONLINE RETAIL UCI-501280,0.0,238.07,2034335.87,setl_501280
uci_bank_501281,2010-03-15,UCI ONLINE RETAIL UCI-501281,0.0,819.24,2035155.11,setl_501281
uci_bank_501282,2010-03-15,UCI ONLINE RETAIL UCI-501282,0.0,371.7,2035526.81,setl_501282
uci_bank_501284,2010-03-15,UCI ONLINE RETAIL UCI-501284,0.0,1182.35,2036709.16,setl_501284
uci_bank_501291,2010-03-15,UCI ONLINE RETAIL UCI-501291,0.0,475.54,2037184.7,setl_501291
uci_bank_501295,2010-03-15,UCI ONLINE RETAIL UCI-501295,0.0,169.65,2037354.35,setl_501295
uci_bank_501296,2010-03-15,UCI ONLINE RETAIL UCI-501296,0.0,527.48,2037881.83,setl_501296
uci_bank_501297,2010-03-15,UCI ONLINE RETAIL UCI-501297,0.0,115.16,2037996.99,setl_501297
uci_bank_501298,2010-03-15,UCI ONLINE RETAIL UCI-501298,0.0,180.85,2038177.84,setl_501298
uci_bank_501299,2010-03-15,UCI ONLINE RETAIL UCI-501299,0.0,112.9,2038290.74,setl_501299
uci_bank_501300,2010-03-15,UCI ONLINE RETAIL UCI-501300,0.0,1881.27,2040172.01,setl_501300
uci_bank_501301,2010-03-15,UCI ONLINE RETAIL UCI-501301,0.0,661.04,2040833.05,setl_501301
uci_bank_501302,2010-03-15,UCI ONLINE RETAIL UCI-501302,0.0,241.04,2041074.09,setl_501302
uci_bank_501303,2010-03-15,UCI ONLINE RETAIL UCI-501303,0.0,807.2,2041881.29,setl_501303
uci_bank_501304,2010-03-15,UCI ONLINE RETAIL UCI-501304,0.0,270.92,2042152.21,setl_501304
uci_bank_501305,2010-03-15,UCI ONLINE RETAIL UCI-501305,0.0,298.9,2042451.11,setl_501305
uci_bank_501308,2010-03-16,UCI ONLINE RETAIL UCI-501308,0.0,334.08,2042785.19,setl_501308
uci_bank_501316,2010-03-16,UCI ONLINE RETAIL UCI-501316,0.0,508.01,2043293.2,setl_501316
uci_bank_501318,2010-03-16,UCI ONLINE RETAIL UCI-501318,0.0,329.5,2043622.7,setl_501318
uci_bank_501320,2010-03-16,UCI ONLINE RETAIL UCI-501320,0.0,456.66,2044079.36,setl_501320
uci_bank_501333,2010-03-16,UCI ONLINE RETAIL UCI-501333,0.0,500.24,2044579.6,setl_501333
uci_bank_501335,2010-03-16,UCI ONLINE RETAIL UCI-501335,0.0,3.3,2044582.9,setl_501335
uci_bank_501345,2010-03-16,UCI ONLINE RETAIL UCI-501345,0.0,1155.02,2045737.92,setl_501345
uci_bank_501347,2010-03-16,UCI ONLINE RETAIL UCI-501347,0.0,334.45,2046072.37,setl_501347
uci_bank_501369,2010-03-16,UCI ONLINE RETAIL UCI-501369,0.0,299.03,2046371.4,setl_501369
uci_bank_501385,2010-03-16,UCI ONLINE RETAIL UCI-501385,0.0,355.21,2046726.61,setl_501385
uci_bank_501386,2010-03-16,UCI ONLINE RETAIL UCI-501386,0.0,985.44,2047712.05,setl_501386
uci_bank_501387,2010-03-16,UCI ONLINE RETAIL UCI-501387,0.0,235.6,2047947.65,setl_501387
uci_bank_501403,2010-03-16,UCI ONLINE RETAIL UCI-501403,0.0,46.8,2047994.45,setl_501403
uci_bank_501420,2010-03-16,UCI ONLINE RETAIL UCI-501420,0.0,83.52,2048077.97,setl_501420
uci_bank_501422,2010-03-16,UCI ONLINE RETAIL UCI-501422,0.0,152.55,2048230.52,setl_501422
uci_bank_501423,2010-03-16,UCI ONLINE RETAIL UCI-501423,0.0,146.95,2048377.47,setl_501423
uci_bank_501425,2010-03-16,UCI ONLINE RETAIL UCI-501425,0.0,277.13,2048654.6,setl_501425
uci_bank_501426,2010-03-16,UCI ONLINE RETAIL UCI-501426,0.0,424.74,2049079.34,setl_501426
uci_bank_501427,2010-03-16,UCI ONLINE RETAIL UCI-501427,0.0,153.1,2049232.44,setl_501427
uci_bank_501430,2010-03-16,UCI ONLINE RETAIL UCI-501430,0.0,389.4,2049621.84,setl_501430
uci_bank_501431,2010-03-16,UCI ONLINE RETAIL UCI-501431,0.0,143.86,2049765.7,setl_501431
uci_bank_501432,2010-03-16,UCI ONLINE RETAIL UCI-501432,0.0,102.0,2049867.7,setl_501432
uci_bank_501434,2010-03-16,UCI ONLINE RETAIL UCI-501434,0.0,754.26,2050621.96,setl_501434
uci_bank_501437,2010-03-16,UCI ONLINE RETAIL UCI-501437,0.0,73.45,2050695.41,setl_501437
uci_bank_501438,2010-03-16,UCI ONLINE RETAIL UCI-501438,0.0,547.32,2051242.73,setl_501438
uci_bank_501439,2010-03-16,UCI ONLINE RETAIL UCI-501439,0.0,112.8,2051355.53,setl_501439
uci_bank_501440,2010-03-16,UCI ONLINE RETAIL UCI-501440,0.0,1442.57,2052798.1,setl_501440
uci_bank_501442,2010-03-16,UCI ONLINE RETAIL UCI-501442,0.0,517.95,2053316.05,setl_501442
uci_bank_501443,2010-03-16,UCI ONLINE RETAIL UCI-501443,0.0,165.63,2053481.68,setl_501443
uci_bank_501444,2010-03-16,UCI ONLINE RETAIL UCI-501444,0.0,1842.88,2055324.56,setl_501444
uci_bank_501445,2010-03-16,UCI ONLINE RETAIL UCI-501445,0.0,706.2,2056030.76,setl_501445
uci_bank_501446,2010-03-16,UCI ONLINE RETAIL UCI-501446,0.0,344.78,2056375.54,setl_501446
uci_bank_501447,2010-03-16,UCI ONLINE RETAIL UCI-501447,0.0,303.98,2056679.52,setl_501447
uci_bank_501449,2010-03-16,UCI ONLINE RETAIL UCI-501449,0.0,454.73,2057134.25,setl_501449
uci_bank_501461,2010-03-16,UCI ONLINE RETAIL UCI-501461,0.0,115.03,2057249.28,setl_501461
uci_bank_501463,2010-03-16,UCI ONLINE RETAIL UCI-501463,0.0,123.6,2057372.88,setl_501463
uci_bank_501464,2010-03-16,UCI ONLINE RETAIL UCI-501464,0.0,205.56,2057578.44,setl_501464
uci_bank_501469,2010-03-16,UCI ONLINE RETAIL UCI-501469,0.0,224.1,2057802.54,setl_501469
uci_bank_501470,2010-03-16,UCI ONLINE RETAIL UCI-501470,0.0,234.59,2058037.13,setl_501470
uci_bank_501471,2010-03-16,UCI ONLINE RETAIL UCI-501471,0.0,305.41,2058342.54,setl_501471
uci_bank_501472,2010-03-16,UCI ONLINE RETAIL UCI-501472,0.0,271.32,2058613.86,setl_501472
uci_bank_501473,2010-03-16,UCI ONLINE RETAIL UCI-501473,0.0,4607.3,2063221.16,setl_501473
uci_bank_501474,2010-03-16,UCI ONLINE RETAIL UCI-501474,0.0,382.79,2063603.95,setl_501474
uci_bank_501476,2010-03-17,UCI ONLINE RETAIL UCI-501476,0.0,266.73,2063870.68,setl_501476
uci_bank_501477,2010-03-17,UCI ONLINE RETAIL UCI-501477,0.0,389.26,2064259.94,setl_501477
uci_bank_501478,2010-03-17,UCI ONLINE RETAIL UCI-501478,0.0,278.45,2064538.39,setl_501478
uci_bank_501479,2010-03-17,UCI ONLINE RETAIL UCI-501479,0.0,300.6,2064838.99,setl_501479
uci_bank_501480,2010-03-17,UCI ONLINE RETAIL UCI-501480,0.0,864.0,2065702.99,setl_501480
uci_bank_501482,2010-03-17,UCI ONLINE RETAIL UCI-501482,0.0,422.09,2066125.08,setl_501482
uci_bank_501483,2010-03-17,UCI ONLINE RETAIL UCI-501483,0.0,1448.64,2067573.72,setl_501483
uci_bank_501484,2010-03-17,UCI ONLINE RETAIL UCI-501484,0.0,331.32,2067905.04,setl_501484
uci_bank_501485,2010-03-17,UCI ONLINE RETAIL UCI-501485,0.0,975.0,2068880.04,setl_501485
uci_bank_501505,2010-03-17,UCI ONLINE RETAIL UCI-501505,0.0,304.09,2069184.13,setl_501505
uci_bank_501507,2010-03-17,UCI ONLINE RETAIL UCI-501507,0.0,110.95,2069295.08,setl_501507
uci_bank_501508,2010-03-17,UCI ONLINE RETAIL UCI-501508,0.0,431.39,2069726.47,setl_501508
uci_bank_501509,2010-03-17,UCI ONLINE RETAIL UCI-501509,0.0,155.64,2069882.11,setl_501509
uci_bank_501515,2010-03-17,UCI ONLINE RETAIL UCI-501515,0.0,298.44,2070180.55,setl_501515
uci_bank_501523,2010-03-17,UCI ONLINE RETAIL UCI-501523,0.0,818.29,2070998.84,setl_501523
uci_bank_501524,2010-03-17,UCI ONLINE RETAIL UCI-501524,0.0,470.72,2071469.56,setl_501524
uci_bank_501525,2010-03-17,UCI ONLINE RETAIL UCI-501525,0.0,427.2,2071896.76,setl_501525
uci_bank_501526,2010-03-17,UCI ONLINE RETAIL UCI-501526,0.0,537.92,2072434.68,setl_501526
uci_bank_501528,2010-03-17,UCI ONLINE RETAIL UCI-501528,0.0,746.94,2073181.62,setl_501528
uci_bank_501529,2010-03-17,UCI ONLINE RETAIL UCI-501529,0.0,209.88,2073391.5,setl_501529
uci_bank_501530,2010-03-17,UCI ONLINE RETAIL UCI-501530,0.0,1607.04,2074998.54,setl_501530
uci_bank_501531,2010-03-17,UCI ONLINE RETAIL UCI-501531,0.0,152.16,2075150.7,setl_501531
uci_bank_501532,2010-03-17,UCI ONLINE RETAIL UCI-501532,0.0,137.11,2075287.81,setl_501532
uci_bank_501533,2010-03-17,UCI ONLINE RETAIL UCI-501533,0.0,320.12,2075607.93,setl_501533
uci_bank_501534,2010-03-17,UCI ONLINE RETAIL UCI-501534,0.0,6866.3,2082474.23,setl_501534
uci_bank_501535,2010-03-17,UCI ONLINE RETAIL UCI-501535,0.0,162.15,2082636.38,setl_501535
uci_bank_501537,2010-03-17,UCI ONLINE RETAIL UCI-501537,0.0,328.35,2082964.73,setl_501537
uci_bank_501539,2010-03-17,UCI ONLINE RETAIL UCI-501539,0.0,180.16,2083144.89,setl_501539
uci_bank_501540,2010-03-17,UCI ONLINE RETAIL UCI-501540,0.0,236.02,2083380.91,setl_501540
uci_bank_501541,2010-03-17,UCI ONLINE RETAIL UCI-501541,0.0,1225.2,2084606.11,setl_501541
uci_bank_501542,2010-03-17,UCI ONLINE RETAIL UCI-501542,0.0,308.0,2084914.11,setl_501542
uci_bank_501543,2010-03-17,UCI ONLINE RETAIL UCI-501543,0.0,39.12,2084953.23,setl_501543
uci_bank_501544,2010-03-17,UCI ONLINE RETAIL UCI-501544,0.0,292.93,2085246.16,setl_501544
uci_bank_501545,2010-03-17,UCI ONLINE RETAIL UCI-501545,0.0,2917.76,2088163.92,setl_501545
uci_bank_501546,2010-03-17,UCI ONLINE RETAIL UCI-501546,0.0,114.69,2088278.61,setl_501546
uci_bank_501547,2010-03-17,UCI ONLINE RETAIL UCI-501547,0.0,169.45,2088448.06,setl_501547
uci_bank_501548,2010-03-17,UCI ONLINE RETAIL UCI-501548,0.0,1466.31,2089914.37,setl_501548
uci_bank_501550,2010-03-17,UCI ONLINE RETAIL UCI-501550,0.0,1189.01,2091103.38,setl_501550
uci_bank_501552,2010-03-17,UCI ONLINE RETAIL UCI-501552,0.0,381.95,2091485.33,setl_501552
uci_bank_501553,2010-03-17,UCI ONLINE RETAIL UCI-501553,0.0,177.44,2091662.77,setl_501553
uci_bank_501556,2010-03-17,UCI ONLINE RETAIL UCI-501556,0.0,1050.56,2092713.33,setl_501556
uci_bank_501557,2010-03-17,UCI ONLINE RETAIL UCI-501557,0.0,156.52,2092869.85,setl_501557
uci_bank_501563,2010-03-17,UCI ONLINE RETAIL UCI-501563,0.0,156.2,2093026.05,setl_501563
uci_bank_501564,2010-03-17,UCI ONLINE RETAIL UCI-501564,0.0,197.38,2093223.43,setl_501564
uci_bank_501565,2010-03-18,UCI ONLINE RETAIL UCI-501565,0.0,140.16,2093363.59,setl_501565
uci_bank_501566,2010-03-18,UCI ONLINE RETAIL UCI-501566,0.0,204.2,2093567.79,setl_501566
uci_bank_501567,2010-03-18,UCI ONLINE RETAIL UCI-501567,0.0,45.6,2093613.39,setl_501567
uci_bank_501568,2010-03-18,UCI ONLINE RETAIL UCI-501568,0.0,425.64,2094039.03,setl_501568
uci_bank_501569,2010-03-18,UCI ONLINE RETAIL UCI-501569,0.0,1328.04,2095367.07,setl_501569
uci_bank_501570,2010-03-18,UCI ONLINE RETAIL UCI-501570,0.0,459.86,2095826.93,setl_501570
uci_bank_501571,2010-03-18,UCI ONLINE RETAIL UCI-501571,0.0,222.96,2096049.89,setl_501571
uci_bank_501572,2010-03-18,UCI ONLINE RETAIL UCI-501572,0.0,407.91,2096457.8,setl_501572
uci_bank_501574,2010-03-18,UCI ONLINE RETAIL UCI-501574,0.0,724.89,2097182.69,setl_501574
uci_bank_501573,2010-03-18,UCI ONLINE RETAIL UCI-501573,0.0,595.1,2097777.79,setl_501573
uci_bank_501575,2010-03-18,UCI ONLINE RETAIL UCI-501575,0.0,1321.55,2099099.34,setl_501575
uci_bank_501576,2010-03-18,UCI ONLINE RETAIL UCI-501576,0.0,153.94,2099253.28,setl_501576
uci_bank_501578,2010-03-18,UCI ONLINE RETAIL UCI-501578,0.0,1922.1,2101175.38,setl_501578
uci_bank_501611,2010-03-18,UCI ONLINE RETAIL UCI-501611,0.0,1835.0,2103010.38,setl_501611
uci_bank_501612,2010-03-18,UCI ONLINE RETAIL UCI-501612,0.0,120.65,2103131.03,setl_501612
uci_bank_501613,2010-03-18,UCI ONLINE RETAIL UCI-501613,0.0,219.8,2103350.83,setl_501613
uci_bank_501614,2010-03-18,UCI ONLINE RETAIL UCI-501614,0.0,3137.85,2106488.68,setl_501614
uci_bank_501616,2010-03-18,UCI ONLINE RETAIL UCI-501616,0.0,140.2,2106628.88,setl_501616
uci_bank_501617,2010-03-18,UCI ONLINE RETAIL UCI-501617,0.0,228.9,2106857.78,setl_501617
uci_bank_501618,2010-03-18,UCI ONLINE RETAIL UCI-501618,0.0,197.4,2107055.18,setl_501618
uci_bank_501618,2010-03-18,UCI ONLINE RETAIL UCI-501618,0.0,99.02,2107154.2,setl_501618
uci_bank_501619,2010-03-18,UCI ONLINE RETAIL UCI-501619,0.0,525.9,2107680.1,setl_501619
uci_bank_501620,2010-03-18,UCI ONLINE RETAIL UCI-501620,0.0,241.05,2107921.15,setl_501620
uci_bank_501621,2010-03-18,UCI ONLINE RETAIL UCI-501621,0.0,571.62,2108492.77,setl_501621
uci_bank_501622,2010-03-18,UCI ONLINE RETAIL UCI-501622,0.0,99.0,2108591.77,setl_501622
uci_bank_501623,2010-03-18,UCI ONLINE RETAIL UCI-501623,0.0,452.82,2109044.59,setl_501623
uci_bank_501624,2010-03-18,UCI ONLINE RETAIL UCI-501624,0.0,319.03,2109363.62,setl_501624
uci_bank_501625,2010-03-18,UCI ONLINE RETAIL UCI-501625,0.0,248.65,2109612.27,setl_501625
uci_bank_501626,2010-03-18,UCI ONLINE RETAIL UCI-501626,0.0,57.82,2109670.09,setl_501626
uci_bank_501627,2010-03-18,UCI ONLINE RETAIL UCI-501627,0.0,91.8,2109761.89,setl_501627
uci_bank_501628,2010-03-18,UCI ONLINE RETAIL UCI-501628,0.0,782.56,2110544.45,setl_501628
uci_bank_501629,2010-03-18,UCI ONLINE RETAIL UCI-501629,0.0,96.23,2110640.68,setl_501629
uci_bank_501638,2010-03-18,UCI ONLINE RETAIL UCI-501638,0.0,1048.08,2111688.76,setl_501638
uci_bank_501637,2010-03-18,UCI ONLINE RETAIL UCI-501637,0.0,102.0,2111790.76,setl_501637
uci_bank_501639,2010-03-18,UCI ONLINE RETAIL UCI-501639,0.0,120.6,2111911.36,setl_501639
uci_bank_501640,2010-03-18,UCI ONLINE RETAIL UCI-501640,0.0,656.25,2112567.61,setl_501640
uci_bank_501641,2010-03-18,UCI ONLINE RETAIL UCI-501641,0.0,353.49,2112921.1,setl_501641
uci_bank_501645,2010-03-18,UCI ONLINE RETAIL UCI-501645,0.0,627.74,2113548.84,setl_501645
uci_bank_501647,2010-03-18,UCI ONLINE RETAIL UCI-501647,0.0,210.0,2113758.84,setl_501647
uci_bank_501646,2010-03-18,UCI ONLINE RETAIL UCI-501646,0.0,199.12,2113957.96,setl_501646
uci_bank_501648,2010-03-18,UCI ONLINE RETAIL UCI-501648,0.0,76.32,2114034.28,setl_501648
uci_bank_501649,2010-03-18,UCI ONLINE RETAIL UCI-501649,0.0,24.05,2114058.33,setl_501649
uci_bank_501650,2010-03-18,UCI ONLINE RETAIL UCI-501650,0.0,360.26,2114418.59,setl_501650
uci_bank_501651,2010-03-18,UCI ONLINE RETAIL UCI-501651,0.0,110.26,2114528.85,setl_501651
uci_bank_501652,2010-03-18,UCI ONLINE RETAIL UCI-501652,0.0,281.03,2114809.88,setl_501652
uci_bank_501653,2010-03-18,UCI ONLINE RETAIL UCI-501653,0.0,347.15,2115157.03,setl_501653
uci_bank_501654,2010-03-18,UCI ONLINE RETAIL UCI-501654,0.0,47.93,2115204.96,setl_501654
uci_bank_501656,2010-03-18,UCI ONLINE RETAIL UCI-501656,0.0,185.23,2115390.19,setl_501656
uci_bank_501657,2010-03-18,UCI ONLINE RETAIL UCI-501657,0.0,292.66,2115682.85,setl_501657
uci_bank_501658,2010-03-18,UCI ONLINE RETAIL UCI-501658,0.0,146.14,2115828.99,setl_501658
uci_bank_501660,2010-03-18,UCI ONLINE RETAIL UCI-501660,0.0,328.03,2116157.02,setl_501660
uci_bank_501661,2010-03-18,UCI ONLINE RETAIL UCI-501661,0.0,312.97,2116469.99,setl_501661
uci_bank_501662,2010-03-18,UCI ONLINE RETAIL UCI-501662,0.0,250.47,2116720.46,setl_501662
uci_bank_501663,2010-03-18,UCI ONLINE RETAIL UCI-501663,0.0,1155.48,2117875.94,setl_501663
uci_bank_501664,2010-03-18,UCI ONLINE RETAIL UCI-501664,0.0,618.36,2118494.3,setl_501664
uci_bank_501665,2010-03-18,UCI ONLINE RETAIL UCI-501665,0.0,327.19,2118821.49,setl_501665
uci_bank_501666,2010-03-18,UCI ONLINE RETAIL UCI-501666,0.0,136.1,2118957.59,setl_501666
uci_bank_501667,2010-03-18,UCI ONLINE RETAIL UCI-501667,0.0,906.82,2119864.41,setl_501667
uci_bank_501669,2010-03-18,UCI ONLINE RETAIL UCI-501669,0.0,406.7,2120271.11,setl_501669
uci_bank_501670,2010-03-18,UCI ONLINE RETAIL UCI-501670,0.0,263.5,2120534.61,setl_501670
uci_bank_501671,2010-03-18,UCI ONLINE RETAIL UCI-501671,0.0,305.55,2120840.16,setl_501671
uci_bank_501672,2010-03-18,UCI ONLINE RETAIL UCI-501672,0.0,323.93,2121164.09,setl_501672
uci_bank_501673,2010-03-18,UCI ONLINE RETAIL UCI-501673,0.0,187.64,2121351.73,setl_501673
uci_bank_501674,2010-03-18,UCI ONLINE RETAIL UCI-501674,0.0,155.05,2121506.78,setl_501674
uci_bank_501675,2010-03-18,UCI ONLINE RETAIL UCI-501675,0.0,186.0,2121692.78,setl_501675
uci_bank_501676,2010-03-18,UCI ONLINE RETAIL UCI-501676,0.0,325.35,2122018.13,setl_501676
uci_bank_501677,2010-03-18,UCI ONLINE RETAIL UCI-501677,0.0,560.98,2122579.11,setl_501677
uci_bank_501679,2010-03-18,UCI ONLINE RETAIL UCI-501679,0.0,120.32,2122699.43,setl_501679
uci_bank_501681,2010-03-18,UCI ONLINE RETAIL UCI-501681,0.0,266.9,2122966.33,setl_501681
uci_bank_501682,2010-03-18,UCI ONLINE RETAIL UCI-501682,0.0,330.29,2123296.62,setl_501682
uci_bank_501685,2010-03-18,UCI ONLINE RETAIL UCI-501685,0.0,4580.0,2127876.62,setl_501685
uci_bank_501687,2010-03-18,UCI ONLINE RETAIL UCI-501687,0.0,583.1,2128459.72,setl_501687
uci_bank_501688,2010-03-18,UCI ONLINE RETAIL UCI-501688,0.0,286.22,2128745.94,setl_501688
uci_bank_501689,2010-03-18,UCI ONLINE RETAIL UCI-501689,0.0,190.67,2128936.61,setl_501689
uci_bank_501691,2010-03-18,UCI ONLINE RETAIL UCI-501691,0.0,663.6,2129600.21,setl_501691
uci_bank_501693,2010-03-18,UCI ONLINE RETAIL UCI-501693,0.0,222.93,2129823.14,setl_501693
uci_bank_501694,2010-03-18,UCI ONLINE RETAIL UCI-501694,0.0,138.54,2129961.68,setl_501694
uci_bank_501695,2010-03-18,UCI ONLINE RETAIL UCI-501695,0.0,285.0,2130246.68,setl_501695
uci_bank_501696,2010-03-18,UCI ONLINE RETAIL UCI-501696,0.0,66.0,2130312.68,setl_501696
uci_bank_501697,2010-03-18,UCI ONLINE RETAIL UCI-501697,0.0,94.9,2130407.58,setl_501697
uci_bank_501699,2010-03-18,UCI ONLINE RETAIL UCI-501699,0.0,162.14,2130569.72,setl_501699
uci_bank_501700,2010-03-18,UCI ONLINE RETAIL UCI-501700,0.0,283.0,2130852.72,setl_501700
uci_bank_501701,2010-03-19,UCI ONLINE RETAIL UCI-501701,0.0,176.52,2131029.24,setl_501701
uci_bank_501706,2010-03-19,UCI ONLINE RETAIL UCI-501706,0.0,174.6,2131203.84,setl_501706
uci_bank_501705,2010-03-19,UCI ONLINE RETAIL UCI-501705,0.0,448.42,2131652.26,setl_501705
uci_bank_501707,2010-03-19,UCI ONLINE RETAIL UCI-501707,0.0,8.5,2131660.76,setl_501707
uci_bank_501708,2010-03-19,UCI ONLINE RETAIL UCI-501708,0.0,116.85,2131777.61,setl_501708
uci_bank_501709,2010-03-19,UCI ONLINE RETAIL UCI-501709,0.0,497.9,2132275.51,setl_501709
uci_bank_501710,2010-03-19,UCI ONLINE RETAIL UCI-501710,0.0,453.17,2132728.68,setl_501710
uci_bank_501711,2010-03-19,UCI ONLINE RETAIL UCI-501711,0.0,327.44,2133056.12,setl_501711
uci_bank_501712,2010-03-19,UCI ONLINE RETAIL UCI-501712,0.0,161.6,2133217.72,setl_501712
uci_bank_501713,2010-03-19,UCI ONLINE RETAIL UCI-501713,0.0,1048.76,2134266.48,setl_501713
uci_bank_501714,2010-03-19,UCI ONLINE RETAIL UCI-501714,0.0,698.45,2134964.93,setl_501714
uci_bank_501715,2010-03-19,UCI ONLINE RETAIL UCI-501715,0.0,959.7,2135924.63,setl_501715
uci_bank_501716,2010-03-19,UCI ONLINE RETAIL UCI-501716,0.0,419.55,2136344.18,setl_501716
uci_bank_501717,2010-03-19,UCI ONLINE RETAIL UCI-501717,0.0,405.53,2136749.71,setl_501717
uci_bank_501718,2010-03-19,UCI ONLINE RETAIL UCI-501718,0.0,177.3,2136927.01,setl_501718
uci_bank_501719,2010-03-19,UCI ONLINE RETAIL UCI-501719,0.0,355.8,2137282.81,setl_501719
uci_bank_501730,2010-03-19,UCI ONLINE RETAIL UCI-501730,0.0,275.35,2137558.16,setl_501730
uci_bank_501729,2010-03-19,UCI ONLINE RETAIL UCI-501729,0.0,1248.48,2138806.64,setl_501729
uci_bank_501731,2010-03-19,UCI ONLINE RETAIL UCI-501731,0.0,291.45,2139098.09,setl_501731
uci_bank_501732,2010-03-19,UCI ONLINE RETAIL UCI-501732,0.0,704.58,2139802.67,setl_501732
uci_bank_501766,2010-03-19,UCI ONLINE RETAIL UCI-501766,0.0,6958.17,2146760.84,setl_501766
uci_bank_501767,2010-03-19,UCI ONLINE RETAIL UCI-501767,0.0,728.37,2147489.21,setl_501767
uci_bank_501768,2010-03-19,UCI ONLINE RETAIL UCI-501768,0.0,6958.17,2154447.38,setl_501768
uci_bank_501770,2010-03-19,UCI ONLINE RETAIL UCI-501770,0.0,318.06,2154765.44,setl_501770
uci_bank_501776,2010-03-19,UCI ONLINE RETAIL UCI-501776,0.0,306.97,2155072.41,setl_501776
uci_bank_501785,2010-03-19,UCI ONLINE RETAIL UCI-501785,0.0,138.49,2155210.9,setl_501785
uci_bank_501789,2010-03-19,UCI ONLINE RETAIL UCI-501789,0.0,653.01,2155863.91,setl_501789
uci_bank_501790,2010-03-19,UCI ONLINE RETAIL UCI-501790,0.0,1263.36,2157127.27,setl_501790
uci_bank_501791,2010-03-19,UCI ONLINE RETAIL UCI-501791,0.0,414.5,2157541.77,setl_501791
uci_bank_501792,2010-03-19,UCI ONLINE RETAIL UCI-501792,0.0,313.4,2157855.17,setl_501792
uci_bank_501793,2010-03-19,UCI ONLINE RETAIL UCI-501793,0.0,421.31,2158276.48,setl_501793
uci_bank_501795,2010-03-19,UCI ONLINE RETAIL UCI-501795,0.0,248.8,2158525.28,setl_501795
uci_bank_501800,2010-03-19,UCI ONLINE RETAIL UCI-501800,0.0,595.8,2159121.08,setl_501800
uci_bank_501805,2010-03-19,UCI ONLINE RETAIL UCI-501805,0.0,376.44,2159497.52,setl_501805
uci_bank_501806,2010-03-19,UCI ONLINE RETAIL UCI-501806,0.0,593.84,2160091.36,setl_501806
uci_bank_501807,2010-03-19,UCI ONLINE RETAIL UCI-501807,0.0,494.99,2160586.35,setl_501807
uci_bank_501808,2010-03-19,UCI ONLINE RETAIL UCI-501808,0.0,149.56,2160735.91,setl_501808
uci_bank_501810,2010-03-19,UCI ONLINE RETAIL UCI-501810,0.0,1055.51,2161791.42,setl_501810
uci_bank_501811,2010-03-19,UCI ONLINE RETAIL UCI-501811,0.0,169.8,2161961.22,setl_501811
uci_bank_501813,2010-03-19,UCI ONLINE RETAIL UCI-501813,0.0,343.94,2162305.16,setl_501813
uci_bank_501812,2010-03-19,UCI ONLINE RETAIL UCI-501812,0.0,308.96,2162614.12,setl_501812
uci_bank_501815,2010-03-19,UCI ONLINE RETAIL UCI-501815,0.0,149.15,2162763.27,setl_501815
uci_bank_501816,2010-03-19,UCI ONLINE RETAIL UCI-501816,0.0,154.21,2162917.48,setl_501816
uci_bank_501818,2010-03-19,UCI ONLINE RETAIL UCI-501818,0.0,117.1,2163034.58,setl_501818
uci_bank_501819,2010-03-19,UCI ONLINE RETAIL UCI-501819,0.0,322.69,2163357.27,setl_501819
uci_bank_501822,2010-03-19,UCI ONLINE RETAIL UCI-501822,0.0,385.38,2163742.65,setl_501822
uci_bank_501824,2010-03-19,UCI ONLINE RETAIL UCI-501824,0.0,150.34,2163892.99,setl_501824
uci_bank_501825,2010-03-19,UCI ONLINE RETAIL UCI-501825,0.0,409.44,2164302.43,setl_501825
uci_bank_501828,2010-03-19,UCI ONLINE RETAIL UCI-501828,0.0,606.45,2164908.88,setl_501828
uci_bank_501830,2010-03-19,UCI ONLINE RETAIL UCI-501830,0.0,318.0,2165226.88,setl_501830
uci_bank_501831,2010-03-19,UCI ONLINE RETAIL UCI-501831,0.0,198.58,2165425.46,setl_501831
uci_bank_501836,2010-03-19,UCI ONLINE RETAIL UCI-501836,0.0,824.4,2166249.86,setl_501836
uci_bank_501845,2010-03-21,UCI ONLINE RETAIL UCI-501845,0.0,604.65,2166854.51,setl_501845
uci_bank_501846,2010-03-21,UCI ONLINE RETAIL UCI-501846,0.0,17.6,2166872.11,setl_501846
uci_bank_501847,2010-03-21,UCI ONLINE RETAIL UCI-501847,0.0,361.04,2167233.15,setl_501847
uci_bank_501848,2010-03-21,UCI ONLINE RETAIL UCI-501848,0.0,377.87,2167611.02,setl_501848
uci_bank_501849,2010-03-21,UCI ONLINE RETAIL UCI-501849,0.0,215.55,2167826.57,setl_501849
uci_bank_501850,2010-03-21,UCI ONLINE RETAIL UCI-501850,0.0,144.35,2167970.92,setl_501850
uci_bank_501852,2010-03-21,UCI ONLINE RETAIL UCI-501852,0.0,324.89,2168295.81,setl_501852
uci_bank_501853,2010-03-21,UCI ONLINE RETAIL UCI-501853,0.0,219.8,2168515.61,setl_501853
uci_bank_501854,2010-03-21,UCI ONLINE RETAIL UCI-501854,0.0,107.34,2168622.95,setl_501854
uci_bank_501855,2010-03-21,UCI ONLINE RETAIL UCI-501855,0.0,329.38,2168952.33,setl_501855
uci_bank_501856,2010-03-21,UCI ONLINE RETAIL UCI-501856,0.0,17.0,2168969.33,setl_501856
uci_bank_501858,2010-03-21,UCI ONLINE RETAIL UCI-501858,0.0,418.15,2169387.48,setl_501858
uci_bank_501859,2010-03-21,UCI ONLINE RETAIL UCI-501859,0.0,280.0,2169667.48,setl_501859
uci_bank_501860,2010-03-21,UCI ONLINE RETAIL UCI-501860,0.0,746.98,2170414.46,setl_501860
uci_bank_501862,2010-03-21,UCI ONLINE RETAIL UCI-501862,0.0,268.83,2170683.29,setl_501862
uci_bank_501863,2010-03-21,UCI ONLINE RETAIL UCI-501863,0.0,359.08,2171042.37,setl_501863
uci_bank_501864,2010-03-21,UCI ONLINE RETAIL UCI-501864,0.0,161.4,2171203.77,setl_501864
uci_bank_501866,2010-03-21,UCI ONLINE RETAIL UCI-501866,0.0,280.2,2171483.97,setl_501866
uci_bank_501867,2010-03-21,UCI ONLINE RETAIL UCI-501867,0.0,258.75,2171742.72,setl_501867
uci_bank_501868,2010-03-21,UCI ONLINE RETAIL UCI-501868,0.0,496.85,2172239.57,setl_501868
uci_bank_501869,2010-03-21,UCI ONLINE RETAIL UCI-501869,0.0,320.0,2172559.57,setl_501869
uci_bank_501870,2010-03-21,UCI ONLINE RETAIL UCI-501870,0.0,411.42,2172970.99,setl_501870
uci_bank_501871,2010-03-21,UCI ONLINE RETAIL UCI-501871,0.0,51.6,2173022.59,setl_501871
uci_bank_501871,2010-03-21,UCI ONLINE RETAIL UCI-501871,0.0,606.4,2173628.99,setl_501871
uci_bank_501872,2010-03-21,UCI ONLINE RETAIL UCI-501872,0.0,18.41,2173647.4,setl_501872
uci_bank_501874,2010-03-21,UCI ONLINE RETAIL UCI-501874,0.0,2613.62,2176261.02,setl_501874
uci_bank_501875,2010-03-21,UCI ONLINE RETAIL UCI-501875,0.0,226.6,2176487.62,setl_501875
uci_bank_501876,2010-03-21,UCI ONLINE RETAIL UCI-501876,0.0,150.64,2176638.26,setl_501876
uci_bank_501877,2010-03-21,UCI ONLINE RETAIL UCI-501877,0.0,549.99,2177188.25,setl_501877
uci_bank_501879,2010-03-21,UCI ONLINE RETAIL UCI-501879,0.0,224.81,2177413.06,setl_501879
uci_bank_501880,2010-03-21,UCI ONLINE RETAIL UCI-501880,0.0,215.44,2177628.5,setl_501880
uci_bank_501881,2010-03-21,UCI ONLINE RETAIL UCI-501881,0.0,294.6,2177923.1,setl_501881
uci_bank_501882,2010-03-21,UCI ONLINE RETAIL UCI-501882,0.0,101.75,2178024.85,setl_501882
uci_bank_501883,2010-03-21,UCI ONLINE RETAIL UCI-501883,0.0,262.31,2178287.16,setl_501883
uci_bank_501884,2010-03-21,UCI ONLINE RETAIL UCI-501884,0.0,111.35,2178398.51,setl_501884
uci_bank_501885,2010-03-21,UCI ONLINE RETAIL UCI-501885,0.0,86.25,2178484.76,setl_501885
uci_bank_501886,2010-03-21,UCI ONLINE RETAIL UCI-501886,0.0,194.22,2178678.98,setl_501886
uci_bank_501887,2010-03-21,UCI ONLINE RETAIL UCI-501887,0.0,181.66,2178860.64,setl_501887
uci_bank_501888,2010-03-21,UCI ONLINE RETAIL UCI-501888,0.0,321.34,2179181.98,setl_501888
uci_bank_501889,2010-03-21,UCI ONLINE RETAIL UCI-501889,0.0,552.38,2179734.36,setl_501889
uci_bank_501890,2010-03-21,UCI ONLINE RETAIL UCI-501890,0.0,198.85,2179933.21,setl_501890
uci_bank_501891,2010-03-21,UCI ONLINE RETAIL UCI-501891,0.0,113.25,2180046.46,setl_501891
uci_bank_501892,2010-03-21,UCI ONLINE RETAIL UCI-501892,0.0,167.65,2180214.11,setl_501892
uci_bank_501893,2010-03-21,UCI ONLINE RETAIL UCI-501893,0.0,254.64,2180468.75,setl_501893
uci_bank_501894,2010-03-21,UCI ONLINE RETAIL UCI-501894,0.0,181.8,2180650.55,setl_501894
uci_bank_501895,2010-03-21,UCI ONLINE RETAIL UCI-501895,0.0,143.48,2180794.03,setl_501895
uci_bank_501896,2010-03-21,UCI ONLINE RETAIL UCI-501896,0.0,477.28,2181271.31,setl_501896
uci_bank_501897,2010-03-21,UCI ONLINE RETAIL UCI-501897,0.0,758.74,2182030.05,setl_501897
uci_bank_501898,2010-03-21,UCI ONLINE RETAIL UCI-501898,0.0,220.0,2182250.05,setl_501898
uci_bank_501899,2010-03-21,UCI ONLINE RETAIL UCI-501899,0.0,1089.98,2183340.03,setl_501899
uci_bank_501900,2010-03-21,UCI ONLINE RETAIL UCI-501900,0.0,127.88,2183467.91,setl_501900
uci_bank_501902,2010-03-21,UCI ONLINE RETAIL UCI-501902,0.0,381.0,2183848.91,setl_501902
uci_bank_501903,2010-03-21,UCI ONLINE RETAIL UCI-501903,0.0,372.74,2184221.65,setl_501903
uci_bank_501904,2010-03-21,UCI ONLINE RETAIL UCI-501904,0.0,917.7,2185139.35,setl_501904
uci_bank_501906,2010-03-21,UCI ONLINE RETAIL UCI-501906,0.0,1073.75,2186213.1,setl_501906
uci_bank_501907,2010-03-21,UCI ONLINE RETAIL UCI-501907,0.0,872.94,2187086.04,setl_501907
uci_bank_501908,2010-03-22,UCI ONLINE RETAIL UCI-501908,0.0,17.4,2187103.44,setl_501908
uci_bank_501909,2010-03-22,UCI ONLINE RETAIL UCI-501909,0.0,314.1,2187417.54,setl_501909
uci_bank_501910,2010-03-22,UCI ONLINE RETAIL UCI-501910,0.0,253.58,2187671.12,setl_501910
uci_bank_501911,2010-03-22,UCI ONLINE RETAIL UCI-501911,0.0,223.91,2187895.03,setl_501911
uci_bank_501912,2010-03-22,UCI ONLINE RETAIL UCI-501912,0.0,415.92,2188310.95,setl_501912
uci_bank_501913,2010-03-22,UCI ONLINE RETAIL UCI-501913,0.0,343.12,2188654.07,setl_501913
uci_bank_501916,2010-03-22,UCI ONLINE RETAIL UCI-501916,0.0,142.95,2188797.02,setl_501916
uci_bank_501917,2010-03-22,UCI ONLINE RETAIL UCI-501917,0.0,535.53,2189332.55,setl_501917
uci_bank_501918,2010-03-22,UCI ONLINE RETAIL UCI-501918,0.0,2545.44,2191877.99,setl_501918
uci_bank_501919,2010-03-22,UCI ONLINE RETAIL UCI-501919,0.0,391.5,2192269.49,setl_501919
uci_bank_501920,2010-03-22,UCI ONLINE RETAIL UCI-501920,0.0,371.5,2192640.99,setl_501920
uci_bank_501921,2010-03-22,UCI ONLINE RETAIL UCI-501921,0.0,353.4,2192994.39,setl_501921
uci_bank_501922,2010-03-22,UCI ONLINE RETAIL UCI-501922,0.0,1021.37,2194015.76,setl_501922
uci_bank_501923,2010-03-22,UCI ONLINE RETAIL UCI-501923,0.0,151.45,2194167.21,setl_501923
uci_bank_501925,2010-03-22,UCI ONLINE RETAIL UCI-501925,0.0,988.04,2195155.25,setl_501925
uci_bank_501926,2010-03-22,UCI ONLINE RETAIL UCI-501926,0.0,851.96,2196007.21,setl_501926
uci_bank_501927,2010-03-22,UCI ONLINE RETAIL UCI-501927,0.0,437.97,2196445.18,setl_501927
uci_bank_501928,2010-03-22,UCI ONLINE RETAIL UCI-501928,0.0,186.9,2196632.08,setl_501928
uci_bank_501930,2010-03-22,UCI ONLINE RETAIL UCI-501930,0.0,782.45,2197414.53,setl_501930
uci_bank_501929,2010-03-22,UCI ONLINE RETAIL UCI-501929,0.0,95.4,2197509.93,setl_501929
uci_bank_501931,2010-03-22,UCI ONLINE RETAIL UCI-501931,0.0,0.95,2197510.88,setl_501931
uci_bank_501938,2010-03-22,UCI ONLINE RETAIL UCI-501938,0.0,1183.8,2198694.68,setl_501938
uci_bank_501944,2010-03-22,UCI ONLINE RETAIL UCI-501944,0.0,218.34,2198913.02,setl_501944
uci_bank_501945,2010-03-22,UCI ONLINE RETAIL UCI-501945,0.0,120.9,2199033.92,setl_501945
uci_bank_501947,2010-03-22,UCI ONLINE RETAIL UCI-501947,0.0,107.7,2199141.62,setl_501947
uci_bank_501959,2010-03-22,UCI ONLINE RETAIL UCI-501959,0.0,133.6,2199275.22,setl_501959
uci_bank_501960,2010-03-22,UCI ONLINE RETAIL UCI-501960,0.0,546.03,2199821.25,setl_501960
uci_bank_501996,2010-03-22,UCI ONLINE RETAIL UCI-501996,0.0,139.2,2199960.45,setl_501996
uci_bank_502028,2010-03-22,UCI ONLINE RETAIL UCI-502028,0.0,310.98,2200271.43,setl_502028
uci_bank_502035,2010-03-22,UCI ONLINE RETAIL UCI-502035,0.0,318.8,2200590.23,setl_502035
uci_bank_502036,2010-03-22,UCI ONLINE RETAIL UCI-502036,0.0,301.5,2200891.73,setl_502036
uci_bank_502037,2010-03-22,UCI ONLINE RETAIL UCI-502037,0.0,298.4,2201190.13,setl_502037
uci_bank_502038,2010-03-22,UCI ONLINE RETAIL UCI-502038,0.0,623.69,2201813.82,setl_502038
uci_bank_502039,2010-03-22,UCI ONLINE RETAIL UCI-502039,0.0,34.8,2201848.62,setl_502039
uci_bank_502053,2010-03-22,UCI ONLINE RETAIL UCI-502053,0.0,388.6,2202237.22,setl_502053
uci_bank_502055,2010-03-22,UCI ONLINE RETAIL UCI-502055,0.0,1523.77,2203760.99,setl_502055
uci_bank_502056,2010-03-22,UCI ONLINE RETAIL UCI-502056,0.0,471.16,2204232.15,setl_502056
uci_bank_502057,2010-03-22,UCI ONLINE RETAIL UCI-502057,0.0,49.3,2204281.45,setl_502057
uci_bank_502058,2010-03-22,UCI ONLINE RETAIL UCI-502058,0.0,233.55,2204515.0,setl_502058
uci_bank_502059,2010-03-22,UCI ONLINE RETAIL UCI-502059,0.0,370.75,2204885.75,setl_502059
uci_bank_502060,2010-03-22,UCI ONLINE RETAIL UCI-502060,0.0,630.72,2205516.47,setl_502060
uci_bank_502063,2010-03-22,UCI ONLINE RETAIL UCI-502063,0.0,301.14,2205817.61,setl_502063
uci_bank_502064,2010-03-22,UCI ONLINE RETAIL UCI-502064,0.0,60.0,2205877.61,setl_502064
uci_bank_502069,2010-03-22,UCI ONLINE RETAIL UCI-502069,0.0,222.06,2206099.67,setl_502069
uci_bank_502080,2010-03-22,UCI ONLINE RETAIL UCI-502080,0.0,195.35,2206295.02,setl_502080
uci_bank_502082,2010-03-22,UCI ONLINE RETAIL UCI-502082,0.0,310.8,2206605.82,setl_502082
uci_bank_502087,2010-03-22,UCI ONLINE RETAIL UCI-502087,0.0,388.48,2206994.3,setl_502087
uci_bank_502089,2010-03-22,UCI ONLINE RETAIL UCI-502089,0.0,511.23,2207505.53,setl_502089
uci_bank_502091,2010-03-22,UCI ONLINE RETAIL UCI-502091,0.0,114.5,2207620.03,setl_502091
uci_bank_502093,2010-03-22,UCI ONLINE RETAIL UCI-502093,0.0,266.08,2207886.11,setl_502093
uci_bank_502094,2010-03-22,UCI ONLINE RETAIL UCI-502094,0.0,628.08,2208514.19,setl_502094
uci_bank_502096,2010-03-22,UCI ONLINE RETAIL UCI-502096,0.0,225.74,2208739.93,setl_502096
uci_bank_502097,2010-03-23,UCI ONLINE RETAIL UCI-502097,0.0,313.38,2209053.31,setl_502097
uci_bank_502098,2010-03-23,UCI ONLINE RETAIL UCI-502098,0.0,345.6,2209398.91,setl_502098
uci_bank_502099,2010-03-23,UCI ONLINE RETAIL UCI-502099,0.0,473.98,2209872.89,setl_502099
uci_bank_502100,2010-03-23,UCI ONLINE RETAIL UCI-502100,0.0,300.38,2210173.27,setl_502100
uci_bank_502101,2010-03-23,UCI ONLINE RETAIL UCI-502101,0.0,372.94,2210546.21,setl_502101
uci_bank_502102,2010-03-23,UCI ONLINE RETAIL UCI-502102,0.0,284.04,2210830.25,setl_502102
uci_bank_502104,2010-03-23,UCI ONLINE RETAIL UCI-502104,0.0,198.9,2211029.15,setl_502104
uci_bank_502106,2010-03-23,UCI ONLINE RETAIL UCI-502106,0.0,490.84,2211519.99,setl_502106
uci_bank_502105,2010-03-23,UCI ONLINE RETAIL UCI-502105,0.0,163.41,2211683.4,setl_502105
uci_bank_502107,2010-03-23,UCI ONLINE RETAIL UCI-502107,0.0,227.02,2211910.42,setl_502107
uci_bank_502109,2010-03-23,UCI ONLINE RETAIL UCI-502109,0.0,105.66,2212016.08,setl_502109
uci_bank_502108,2010-03-23,UCI ONLINE RETAIL UCI-502108,0.0,238.5,2212254.58,setl_502108
uci_bank_502110,2010-03-23,UCI ONLINE RETAIL UCI-502110,0.0,301.86,2212556.44,setl_502110
uci_bank_502111,2010-03-23,UCI ONLINE RETAIL UCI-502111,0.0,777.91,2213334.35,setl_502111
uci_bank_502112,2010-03-23,UCI ONLINE RETAIL UCI-502112,0.0,9.9,2213344.25,setl_502112
uci_bank_502113,2010-03-23,UCI ONLINE RETAIL UCI-502113,0.0,512.48,2213856.73,setl_502113
uci_bank_502118,2010-03-23,UCI ONLINE RETAIL UCI-502118,0.0,1327.98,2215184.71,setl_502118
uci_bank_502138,2010-03-23,UCI ONLINE RETAIL UCI-502138,0.0,10.14,2215194.85,setl_502138
uci_bank_502169,2010-03-23,UCI ONLINE RETAIL UCI-502169,0.0,487.8,2215682.65,setl_502169
uci_bank_502189,2010-03-23,UCI ONLINE RETAIL UCI-502189,0.0,129.83,2215812.48,setl_502189
uci_bank_502192,2010-03-23,UCI ONLINE RETAIL UCI-502192,0.0,869.27,2216681.75,setl_502192
uci_bank_502219,2010-03-23,UCI ONLINE RETAIL UCI-502219,0.0,81.6,2216763.35,setl_502219
uci_bank_502228,2010-03-23,UCI ONLINE RETAIL UCI-502228,0.0,190.78,2216954.13,setl_502228
uci_bank_502229,2010-03-23,UCI ONLINE RETAIL UCI-502229,0.0,531.42,2217485.55,setl_502229
uci_bank_502230,2010-03-23,UCI ONLINE RETAIL UCI-502230,0.0,229.47,2217715.02,setl_502230
uci_bank_502232,2010-03-23,UCI ONLINE RETAIL UCI-502232,0.0,330.38,2218045.4,setl_502232
uci_bank_502233,2010-03-23,UCI ONLINE RETAIL UCI-502233,0.0,255.02,2218300.42,setl_502233
uci_bank_502234,2010-03-23,UCI ONLINE RETAIL UCI-502234,0.0,677.38,2218977.8,setl_502234
uci_bank_502235,2010-03-23,UCI ONLINE RETAIL UCI-502235,0.0,260.75,2219238.55,setl_502235
uci_bank_502236,2010-03-23,UCI ONLINE RETAIL UCI-502236,0.0,312.45,2219551.0,setl_502236
uci_bank_502237,2010-03-23,UCI ONLINE RETAIL UCI-502237,0.0,257.34,2219808.34,setl_502237
uci_bank_502238,2010-03-23,UCI ONLINE RETAIL UCI-502238,0.0,309.8,2220118.14,setl_502238
uci_bank_502239,2010-03-23,UCI ONLINE RETAIL UCI-502239,0.0,190.5,2220308.64,setl_502239
uci_bank_502240,2010-03-23,UCI ONLINE RETAIL UCI-502240,0.0,426.27,2220734.91,setl_502240
uci_bank_502241,2010-03-23,UCI ONLINE RETAIL UCI-502241,0.0,122.18,2220857.09,setl_502241
uci_bank_502242,2010-03-23,UCI ONLINE RETAIL UCI-502242,0.0,149.3,2221006.39,setl_502242
uci_bank_502244,2010-03-23,UCI ONLINE RETAIL UCI-502244,0.0,364.31,2221370.7,setl_502244
uci_bank_502245,2010-03-23,UCI ONLINE RETAIL UCI-502245,0.0,1017.43,2222388.13,setl_502245
uci_bank_502246,2010-03-23,UCI ONLINE RETAIL UCI-502246,0.0,71.4,2222459.53,setl_502246
uci_bank_502247,2010-03-23,UCI ONLINE RETAIL UCI-502247,0.0,359.27,2222818.8,setl_502247
uci_bank_502249,2010-03-23,UCI ONLINE RETAIL UCI-502249,0.0,298.74,2223117.54,setl_502249
uci_bank_502251,2010-03-23,UCI ONLINE RETAIL UCI-502251,0.0,496.66,2223614.2,setl_502251
uci_bank_502252,2010-03-23,UCI ONLINE RETAIL UCI-502252,0.0,156.9,2223771.1,setl_502252
uci_bank_502255,2010-03-23,UCI ONLINE RETAIL UCI-502255,0.0,390.6,2224161.7,setl_502255
uci_bank_502256,2010-03-23,UCI ONLINE RETAIL UCI-502256,0.0,377.4,2224539.1,setl_502256
uci_bank_502257,2010-03-23,UCI ONLINE RETAIL UCI-502257,0.0,597.3,2225136.4,setl_502257
uci_bank_502258,2010-03-23,UCI ONLINE RETAIL UCI-502258,0.0,111.95,2225248.35,setl_502258
uci_bank_502259,2010-03-23,UCI ONLINE RETAIL UCI-502259,0.0,156.6,2225404.95,setl_502259
uci_bank_502260,2010-03-23,UCI ONLINE RETAIL UCI-502260,0.0,291.5,2225696.45,setl_502260
uci_bank_502261,2010-03-23,UCI ONLINE RETAIL UCI-502261,0.0,63.0,2225759.45,setl_502261
uci_bank_502263,2010-03-23,UCI ONLINE RETAIL UCI-502263,0.0,10953.5,2236712.95,setl_502263
uci_bank_502266,2010-03-23,UCI ONLINE RETAIL UCI-502266,0.0,241.9,2236954.85,setl_502266
uci_bank_502267,2010-03-23,UCI ONLINE RETAIL UCI-502267,0.0,1900.0,2238854.85,setl_502267
uci_bank_502269,2010-03-23,UCI ONLINE RETAIL UCI-502269,0.0,10000.0,2248854.85,setl_502269
uci_bank_502268,2010-03-23,UCI ONLINE RETAIL UCI-502268,0.0,117.05,2248971.9,setl_502268
uci_bank_502272,2010-03-23,UCI ONLINE RETAIL UCI-502272,0.0,355.62,2249327.52,setl_502272
uci_bank_502273,2010-03-23,UCI ONLINE RETAIL UCI-502273,0.0,159.5,2249487.02,setl_502273
uci_bank_502274,2010-03-23,UCI ONLINE RETAIL UCI-502274,0.0,10.05,2249497.07,setl_502274
uci_bank_502275,2010-03-23,UCI ONLINE RETAIL UCI-502275,0.0,34.8,2249531.87,setl_502275
uci_bank_502278,2010-03-23,UCI ONLINE RETAIL UCI-502278,0.0,395.23,2249927.1,setl_502278
uci_bank_502279,2010-03-23,UCI ONLINE RETAIL UCI-502279,0.0,27.4,2249954.5,setl_502279
uci_bank_502280,2010-03-23,UCI ONLINE RETAIL UCI-502280,0.0,289.45,2250243.95,setl_502280
uci_bank_502281,2010-03-23,UCI ONLINE RETAIL UCI-502281,0.0,174.02,2250417.97,setl_502281
uci_bank_502286,2010-03-23,UCI ONLINE RETAIL UCI-502286,0.0,220.6,2250638.57,setl_502286
uci_bank_502287,2010-03-23,UCI ONLINE RETAIL UCI-502287,0.0,15.9,2250654.47,setl_502287
uci_bank_502288,2010-03-24,UCI ONLINE RETAIL UCI-502288,0.0,412.88,2251067.35,setl_502288
uci_bank_502293,2010-03-24,UCI ONLINE RETAIL UCI-502293,0.0,388.55,2251455.9,setl_502293
uci_bank_502300,2010-03-24,UCI ONLINE RETAIL UCI-502300,0.0,2509.9,2253965.8,setl_502300
uci_bank_502301,2010-03-24,UCI ONLINE RETAIL UCI-502301,0.0,877.18,2254842.98,setl_502301
uci_bank_502303,2010-03-24,UCI ONLINE RETAIL UCI-502303,0.0,301.5,2255144.48,setl_502303
uci_bank_502313,2010-03-24,UCI ONLINE RETAIL UCI-502313,0.0,446.21,2255590.69,setl_502313
uci_bank_502314,2010-03-24,UCI ONLINE RETAIL UCI-502314,0.0,762.68,2256353.37,setl_502314
uci_bank_502315,2010-03-24,UCI ONLINE RETAIL UCI-502315,0.0,30.6,2256383.97,setl_502315
uci_bank_502316,2010-03-24,UCI ONLINE RETAIL UCI-502316,0.0,79.2,2256463.17,setl_502316
uci_bank_502318,2010-03-24,UCI ONLINE RETAIL UCI-502318,0.0,313.49,2256776.66,setl_502318
uci_bank_502317,2010-03-24,UCI ONLINE RETAIL UCI-502317,0.0,571.05,2257347.71,setl_502317
uci_bank_502319,2010-03-24,UCI ONLINE RETAIL UCI-502319,0.0,309.35,2257657.06,setl_502319
uci_bank_502320,2010-03-24,UCI ONLINE RETAIL UCI-502320,0.0,334.08,2257991.14,setl_502320
uci_bank_502322,2010-03-24,UCI ONLINE RETAIL UCI-502322,0.0,38.35,2258029.49,setl_502322
uci_bank_502323,2010-03-24,UCI ONLINE RETAIL UCI-502323,0.0,349.75,2258379.24,setl_502323
uci_bank_502326,2010-03-24,UCI ONLINE RETAIL UCI-502326,0.0,1885.37,2260264.61,setl_502326
uci_bank_502328,2010-03-24,UCI ONLINE RETAIL UCI-502328,0.0,230.01,2260494.62,setl_502328
uci_bank_502327,2010-03-24,UCI ONLINE RETAIL UCI-502327,0.0,346.9,2260841.52,setl_502327
uci_bank_502331,2010-03-24,UCI ONLINE RETAIL UCI-502331,0.0,40.0,2260881.52,setl_502331
uci_bank_502334,2010-03-24,UCI ONLINE RETAIL UCI-502334,0.0,36.8,2260918.32,setl_502334
uci_bank_502333,2010-03-24,UCI ONLINE RETAIL UCI-502333,0.0,2300.4,2263218.72,setl_502333
uci_bank_502337,2010-03-24,UCI ONLINE RETAIL UCI-502337,0.0,300.8,2263519.52,setl_502337
uci_bank_502336,2010-03-24,UCI ONLINE RETAIL UCI-502336,0.0,187.95,2263707.47,setl_502336
uci_bank_502347,2010-03-24,UCI ONLINE RETAIL UCI-502347,0.0,310.2,2264017.67,setl_502347
uci_bank_502363,2010-03-24,UCI ONLINE RETAIL UCI-502363,0.0,120.29,2264137.96,setl_502363
uci_bank_502375,2010-03-24,UCI ONLINE RETAIL UCI-502375,0.0,243.29,2264381.25,setl_502375
uci_bank_502393,2010-03-24,UCI ONLINE RETAIL UCI-502393,0.0,1020.48,2265401.73,setl_502393
uci_bank_502396,2010-03-24,UCI ONLINE RETAIL UCI-502396,0.0,560.94,2265962.67,setl_502396
uci_bank_502399,2010-03-24,UCI ONLINE RETAIL UCI-502399,0.0,302.86,2266265.53,setl_502399
uci_bank_502404,2010-03-24,UCI ONLINE RETAIL UCI-502404,0.0,306.96,2266572.49,setl_502404
uci_bank_502418,2010-03-24,UCI ONLINE RETAIL UCI-502418,0.0,119.0,2266691.49,setl_502418
uci_bank_502419,2010-03-24,UCI ONLINE RETAIL UCI-502419,0.0,443.21,2267134.7,setl_502419
uci_bank_502420,2010-03-24,UCI ONLINE RETAIL UCI-502420,0.0,293.5,2267428.2,setl_502420
uci_bank_502421,2010-03-24,UCI ONLINE RETAIL UCI-502421,0.0,34.5,2267462.7,setl_502421
uci_bank_502422,2010-03-24,UCI ONLINE RETAIL UCI-502422,0.0,519.3,2267982.0,setl_502422
uci_bank_502423,2010-03-24,UCI ONLINE RETAIL UCI-502423,0.0,1083.05,2269065.05,setl_502423
uci_bank_502424,2010-03-24,UCI ONLINE RETAIL UCI-502424,0.0,330.15,2269395.2,setl_502424
uci_bank_502425,2010-03-24,UCI ONLINE RETAIL UCI-502425,0.0,59.5,2269454.7,setl_502425
uci_bank_502427,2010-03-24,UCI ONLINE RETAIL UCI-502427,0.0,363.51,2269818.21,setl_502427
uci_bank_502426,2010-03-24,UCI ONLINE RETAIL UCI-502426,0.0,568.94,2270387.15,setl_502426
uci_bank_502429,2010-03-24,UCI ONLINE RETAIL UCI-502429,0.0,1201.52,2271588.67,setl_502429
uci_bank_502430,2010-03-24,UCI ONLINE RETAIL UCI-502430,0.0,327.93,2271916.6,setl_502430
uci_bank_502432,2010-03-24,UCI ONLINE RETAIL UCI-502432,0.0,102.0,2272018.6,setl_502432
uci_bank_502433,2010-03-24,UCI ONLINE RETAIL UCI-502433,0.0,132.64,2272151.24,setl_502433
uci_bank_502436,2010-03-24,UCI ONLINE RETAIL UCI-502436,0.0,169.21,2272320.45,setl_502436
uci_bank_502439,2010-03-24,UCI ONLINE RETAIL UCI-502439,0.0,42.9,2272363.35,setl_502439
uci_bank_502440,2010-03-24,UCI ONLINE RETAIL UCI-502440,0.0,45.0,2272408.35,setl_502440
uci_bank_502441,2010-03-24,UCI ONLINE RETAIL UCI-502441,0.0,379.04,2272787.39,setl_502441
uci_bank_502443,2010-03-24,UCI ONLINE RETAIL UCI-502443,0.0,8.5,2272795.89,setl_502443
uci_bank_502444,2010-03-24,UCI ONLINE RETAIL UCI-502444,0.0,275.35,2273071.24,setl_502444
uci_bank_502445,2010-03-24,UCI ONLINE RETAIL UCI-502445,0.0,5.05,2273076.29,setl_502445
uci_bank_502446,2010-03-24,UCI ONLINE RETAIL UCI-502446,0.0,110.03,2273186.32,setl_502446
uci_bank_502448,2010-03-24,UCI ONLINE RETAIL UCI-502448,0.0,193.22,2273379.54,setl_502448
uci_bank_502449,2010-03-24,UCI ONLINE RETAIL UCI-502449,0.0,354.79,2273734.33,setl_502449
uci_bank_502450,2010-03-24,UCI ONLINE RETAIL UCI-502450,0.0,386.53,2274120.86,setl_502450
uci_bank_502455,2010-03-24,UCI ONLINE RETAIL UCI-502455,0.0,782.56,2274903.42,setl_502455
uci_bank_502456,2010-03-24,UCI ONLINE RETAIL UCI-502456,0.0,91.8,2274995.22,setl_502456
uci_bank_502462,2010-03-24,UCI ONLINE RETAIL UCI-502462,0.0,101.3,2275096.52,setl_502462
uci_bank_502463,2010-03-24,UCI ONLINE RETAIL UCI-502463,0.0,169.33,2275265.85,setl_502463
uci_bank_502464,2010-03-24,UCI ONLINE RETAIL UCI-502464,0.0,26.55,2275292.4,setl_502464
uci_bank_502465,2010-03-24,UCI ONLINE RETAIL UCI-502465,0.0,81.0,2275373.4,setl_502465
uci_bank_502466,2010-03-24,UCI ONLINE RETAIL UCI-502466,0.0,173.06,2275546.46,setl_502466
uci_bank_502467,2010-03-24,UCI ONLINE RETAIL UCI-502467,0.0,391.59,2275938.05,setl_502467
uci_bank_502468,2010-03-24,UCI ONLINE RETAIL UCI-502468,0.0,342.36,2276280.41,setl_502468
uci_bank_502484,2010-03-24,UCI ONLINE RETAIL UCI-502484,0.0,123.37,2276403.78,setl_502484
uci_bank_502485,2010-03-24,UCI ONLINE RETAIL UCI-502485,0.0,282.05,2276685.83,setl_502485
uci_bank_502487,2010-03-25,UCI ONLINE RETAIL UCI-502487,0.0,85.65,2276771.48,setl_502487
uci_bank_502488,2010-03-25,UCI ONLINE RETAIL UCI-502488,0.0,392.94,2277164.42,setl_502488
uci_bank_502489,2010-03-25,UCI ONLINE RETAIL UCI-502489,0.0,59.8,2277224.22,setl_502489
uci_bank_502490,2010-03-25,UCI ONLINE RETAIL UCI-502490,0.0,520.92,2277745.14,setl_502490
uci_bank_502491,2010-03-25,UCI ONLINE RETAIL UCI-502491,0.0,828.8,2278573.94,setl_502491
uci_bank_502492,2010-03-25,UCI ONLINE RETAIL UCI-502492,0.0,529.62,2279103.56,setl_502492
uci_bank_502493,2010-03-25,UCI ONLINE RETAIL UCI-502493,0.0,141.06,2279244.62,setl_502493
uci_bank_502494,2010-03-25,UCI ONLINE RETAIL UCI-502494,0.0,463.35,2279707.97,setl_502494
uci_bank_502496,2010-03-25,UCI ONLINE RETAIL UCI-502496,0.0,241.2,2279949.17,setl_502496
uci_bank_502495,2010-03-25,UCI ONLINE RETAIL UCI-502495,0.0,161.5,2280110.67,setl_502495
uci_bank_502498,2010-03-25,UCI ONLINE RETAIL UCI-502498,0.0,134.2,2280244.87,setl_502498
uci_bank_502499,2010-03-25,UCI ONLINE RETAIL UCI-502499,0.0,1009.67,2281254.54,setl_502499
uci_bank_502500,2010-03-25,UCI ONLINE RETAIL UCI-502500,0.0,213.75,2281468.29,setl_502500
uci_bank_502501,2010-03-25,UCI ONLINE RETAIL UCI-502501,0.0,316.58,2281784.87,setl_502501
uci_bank_502509,2010-03-25,UCI ONLINE RETAIL UCI-502509,0.0,328.3,2282113.17,setl_502509
uci_bank_502523,2010-03-25,UCI ONLINE RETAIL UCI-502523,0.0,205.23,2282318.4,setl_502523
uci_bank_502525,2010-03-25,UCI ONLINE RETAIL UCI-502525,0.0,2779.34,2285097.74,setl_502525
uci_bank_502528,2010-03-25,UCI ONLINE RETAIL UCI-502528,0.0,322.6,2285420.34,setl_502528
uci_bank_502532,2010-03-25,UCI ONLINE RETAIL UCI-502532,0.0,2640.0,2288060.34,setl_502532
uci_bank_502535,2010-03-25,UCI ONLINE RETAIL UCI-502535,0.0,937.54,2288997.88,setl_502535
uci_bank_502534,2010-03-25,UCI ONLINE RETAIL UCI-502534,0.0,578.63,2289576.51,setl_502534
uci_bank_502567,2010-03-25,UCI ONLINE RETAIL UCI-502567,0.0,139.32,2289715.83,setl_502567
uci_bank_502565,2010-03-25,UCI ONLINE RETAIL UCI-502565,0.0,509.65,2290225.48,setl_502565
uci_bank_502568,2010-03-25,UCI ONLINE RETAIL UCI-502568,0.0,70.6,2290296.08,setl_502568
uci_bank_502569,2010-03-25,UCI ONLINE RETAIL UCI-502569,0.0,283.36,2290579.44,setl_502569
uci_bank_502570,2010-03-25,UCI ONLINE RETAIL UCI-502570,0.0,220.32,2290799.76,setl_502570
uci_bank_502583,2010-03-25,UCI ONLINE RETAIL UCI-502583,0.0,331.5,2291131.26,setl_502583
uci_bank_502584,2010-03-25,UCI ONLINE RETAIL UCI-502584,0.0,309.3,2291440.56,setl_502584
uci_bank_502586,2010-03-25,UCI ONLINE RETAIL UCI-502586,0.0,577.24,2292017.8,setl_502586
uci_bank_502588,2010-03-25,UCI ONLINE RETAIL UCI-502588,0.0,867.04,2292884.84,setl_502588
uci_bank_502590,2010-03-25,UCI ONLINE RETAIL UCI-502590,0.0,342.0,2293226.84,setl_502590
uci_bank_502591,2010-03-25,UCI ONLINE RETAIL UCI-502591,0.0,201.85,2293428.69,setl_502591
uci_bank_502592,2010-03-25,UCI ONLINE RETAIL UCI-502592,0.0,62.95,2293491.64,setl_502592
uci_bank_502594,2010-03-25,UCI ONLINE RETAIL UCI-502594,0.0,205.91,2293697.55,setl_502594
uci_bank_502595,2010-03-25,UCI ONLINE RETAIL UCI-502595,0.0,736.1,2294433.65,setl_502595
uci_bank_502596,2010-03-25,UCI ONLINE RETAIL UCI-502596,0.0,336.04,2294769.69,setl_502596
uci_bank_502597,2010-03-25,UCI ONLINE RETAIL UCI-502597,0.0,360.95,2295130.64,setl_502597
uci_bank_502598,2010-03-25,UCI ONLINE RETAIL UCI-502598,0.0,766.52,2295897.16,setl_502598
uci_bank_502599,2010-03-25,UCI ONLINE RETAIL UCI-502599,0.0,132.8,2296029.96,setl_502599
uci_bank_502602,2010-03-25,UCI ONLINE RETAIL UCI-502602,0.0,241.38,2296271.34,setl_502602
uci_bank_502604,2010-03-25,UCI ONLINE RETAIL UCI-502604,0.0,141.3,2296412.64,setl_502604
uci_bank_502605,2010-03-25,UCI ONLINE RETAIL UCI-502605,0.0,726.32,2297138.96,setl_502605
uci_bank_502606,2010-03-25,UCI ONLINE RETAIL UCI-502606,0.0,260.5,2297399.46,setl_502606
uci_bank_502607,2010-03-25,UCI ONLINE RETAIL UCI-502607,0.0,325.15,2297724.61,setl_502607
uci_bank_502608,2010-03-25,UCI ONLINE RETAIL UCI-502608,0.0,503.97,2298228.58,setl_502608
uci_bank_502609,2010-03-25,UCI ONLINE RETAIL UCI-502609,0.0,344.3,2298572.88,setl_502609
uci_bank_502610,2010-03-25,UCI ONLINE RETAIL UCI-502610,0.0,1103.85,2299676.73,setl_502610
uci_bank_502611,2010-03-25,UCI ONLINE RETAIL UCI-502611,0.0,251.78,2299928.51,setl_502611
uci_bank_502613,2010-03-25,UCI ONLINE RETAIL UCI-502613,0.0,885.14,2300813.65,setl_502613
uci_bank_502614,2010-03-25,UCI ONLINE RETAIL UCI-502614,0.0,69.6,2300883.25,setl_502614
uci_bank_502615,2010-03-25,UCI ONLINE RETAIL UCI-502615,0.0,340.3,2301223.55,setl_502615
uci_bank_502616,2010-03-25,UCI ONLINE RETAIL UCI-502616,0.0,209.3,2301432.85,setl_502616
uci_bank_502617,2010-03-25,UCI ONLINE RETAIL UCI-502617,0.0,525.34,2301958.19,setl_502617
uci_bank_502618,2010-03-25,UCI ONLINE RETAIL UCI-502618,0.0,227.52,2302185.71,setl_502618
uci_bank_502620,2010-03-25,UCI ONLINE RETAIL UCI-502620,0.0,172.35,2302358.06,setl_502620
uci_bank_502623,2010-03-25,UCI ONLINE RETAIL UCI-502623,0.0,86.22,2302444.28,setl_502623
uci_bank_502624,2010-03-25,UCI ONLINE RETAIL UCI-502624,0.0,243.03,2302687.31,setl_502624
uci_bank_502628,2010-03-25,UCI ONLINE RETAIL UCI-502628,0.0,531.97,2303219.28,setl_502628
uci_bank_502632,2010-03-25,UCI ONLINE RETAIL UCI-502632,0.0,133.85,2303353.13,setl_502632
uci_bank_502633,2010-03-25,UCI ONLINE RETAIL UCI-502633,0.0,429.9,2303783.03,setl_502633
uci_bank_502636,2010-03-25,UCI ONLINE RETAIL UCI-502636,0.0,381.36,2304164.39,setl_502636
uci_bank_502637,2010-03-25,UCI ONLINE RETAIL UCI-502637,0.0,545.98,2304710.37,setl_502637
uci_bank_502638,2010-03-25,UCI ONLINE RETAIL UCI-502638,0.0,357.91,2305068.28,setl_502638
uci_bank_502643,2010-03-25,UCI ONLINE RETAIL UCI-502643,0.0,41.85,2305110.13,setl_502643
uci_bank_502648,2010-03-25,UCI ONLINE RETAIL UCI-502648,0.0,935.36,2306045.49,setl_502648
uci_bank_502653,2010-03-25,UCI ONLINE RETAIL UCI-502653,0.0,312.46,2306357.95,setl_502653
uci_bank_502659,2010-03-25,UCI ONLINE RETAIL UCI-502659,0.0,82.2,2306440.15,setl_502659
uci_bank_502660,2010-03-25,UCI ONLINE RETAIL UCI-502660,0.0,112.24,2306552.39,setl_502660
uci_bank_502661,2010-03-25,UCI ONLINE RETAIL UCI-502661,0.0,250.45,2306802.84,setl_502661
uci_bank_502662,2010-03-25,UCI ONLINE RETAIL UCI-502662,0.0,119.84,2306922.68,setl_502662
uci_bank_502663,2010-03-25,UCI ONLINE RETAIL UCI-502663,0.0,146.68,2307069.36,setl_502663
uci_bank_502664,2010-03-25,UCI ONLINE RETAIL UCI-502664,0.0,209.93,2307279.29,setl_502664
uci_bank_502665,2010-03-25,UCI ONLINE RETAIL UCI-502665,0.0,46.2,2307325.49,setl_502665
uci_bank_502667,2010-03-25,UCI ONLINE RETAIL UCI-502667,0.0,17.91,2307343.4,setl_502667
uci_bank_502668,2010-03-25,UCI ONLINE RETAIL UCI-502668,0.0,0.84,2307344.24,setl_502668
uci_bank_502669,2010-03-26,UCI ONLINE RETAIL UCI-502669,0.0,724.25,2308068.49,setl_502669
uci_bank_502670,2010-03-26,UCI ONLINE RETAIL UCI-502670,0.0,200.63,2308269.12,setl_502670
uci_bank_502671,2010-03-26,UCI ONLINE RETAIL UCI-502671,0.0,403.28,2308672.4,setl_502671
uci_bank_502672,2010-03-26,UCI ONLINE RETAIL UCI-502672,0.0,19.8,2308692.2,setl_502672
uci_bank_502673,2010-03-26,UCI ONLINE RETAIL UCI-502673,0.0,833.2,2309525.4,setl_502673
uci_bank_502674,2010-03-26,UCI ONLINE RETAIL UCI-502674,0.0,272.95,2309798.35,setl_502674
uci_bank_502675,2010-03-26,UCI ONLINE RETAIL UCI-502675,0.0,174.2,2309972.55,setl_502675
uci_bank_502677,2010-03-26,UCI ONLINE RETAIL UCI-502677,0.0,352.77,2310325.32,setl_502677
uci_bank_502692,2010-03-26,UCI ONLINE RETAIL UCI-502692,0.0,1708.2,2312033.52,setl_502692
uci_bank_502716,2010-03-26,UCI ONLINE RETAIL UCI-502716,0.0,914.17,2312947.69,setl_502716
uci_bank_502721,2010-03-26,UCI ONLINE RETAIL UCI-502721,0.0,383.75,2313331.44,setl_502721
uci_bank_502723,2010-03-26,UCI ONLINE RETAIL UCI-502723,0.0,870.0,2314201.44,setl_502723
uci_bank_502724,2010-03-26,UCI ONLINE RETAIL UCI-502724,0.0,286.58,2314488.02,setl_502724
uci_bank_502725,2010-03-26,UCI ONLINE RETAIL UCI-502725,0.0,307.98,2314796.0,setl_502725
uci_bank_502728,2010-03-26,UCI ONLINE RETAIL UCI-502728,0.0,299.75,2315095.75,setl_502728
uci_bank_502730,2010-03-26,UCI ONLINE RETAIL UCI-502730,0.0,20.4,2315116.15,setl_502730
uci_bank_502733,2010-03-26,UCI ONLINE RETAIL UCI-502733,0.0,280.6,2315396.75,setl_502733
uci_bank_502734,2010-03-26,UCI ONLINE RETAIL UCI-502734,0.0,485.52,2315882.27,setl_502734
uci_bank_502735,2010-03-26,UCI ONLINE RETAIL UCI-502735,0.0,146.68,2316028.95,setl_502735
uci_bank_502736,2010-03-26,UCI ONLINE RETAIL UCI-502736,0.0,14.85,2316043.8,setl_502736
uci_bank_502738,2010-03-26,UCI ONLINE RETAIL UCI-502738,0.0,131.68,2316175.48,setl_502738
uci_bank_502739,2010-03-26,UCI ONLINE RETAIL UCI-502739,0.0,409.2,2316584.68,setl_502739
uci_bank_502740,2010-03-26,UCI ONLINE RETAIL UCI-502740,0.0,303.55,2316888.23,setl_502740
uci_bank_502743,2010-03-26,UCI ONLINE RETAIL UCI-502743,0.0,175.5,2317063.73,setl_502743
uci_bank_502745,2010-03-26,UCI ONLINE RETAIL UCI-502745,0.0,81.4,2317145.13,setl_502745
uci_bank_502747,2010-03-26,UCI ONLINE RETAIL UCI-502747,0.0,798.55,2317943.68,setl_502747
uci_bank_502748,2010-03-26,UCI ONLINE RETAIL UCI-502748,0.0,465.51,2318409.19,setl_502748
uci_bank_502749,2010-03-26,UCI ONLINE RETAIL UCI-502749,0.0,187.14,2318596.33,setl_502749
uci_bank_502751,2010-03-26,UCI ONLINE RETAIL UCI-502751,0.0,102.54,2318698.87,setl_502751
uci_bank_502752,2010-03-26,UCI ONLINE RETAIL UCI-502752,0.0,90.15,2318789.02,setl_502752
uci_bank_502753,2010-03-26,UCI ONLINE RETAIL UCI-502753,0.0,194.8,2318983.82,setl_502753
uci_bank_502755,2010-03-26,UCI ONLINE RETAIL UCI-502755,0.0,67.25,2319051.07,setl_502755
uci_bank_502756,2010-03-26,UCI ONLINE RETAIL UCI-502756,0.0,501.36,2319552.43,setl_502756
uci_bank_502757,2010-03-26,UCI ONLINE RETAIL UCI-502757,0.0,285.84,2319838.27,setl_502757
uci_bank_502758,2010-03-26,UCI ONLINE RETAIL UCI-502758,0.0,4865.7,2324703.97,setl_502758
uci_bank_502759,2010-03-26,UCI ONLINE RETAIL UCI-502759,0.0,3208.44,2327912.41,setl_502759
uci_bank_502760,2010-03-26,UCI ONLINE RETAIL UCI-502760,0.0,816.0,2328728.41,setl_502760
uci_bank_502761,2010-03-26,UCI ONLINE RETAIL UCI-502761,0.0,128.22,2328856.63,setl_502761
uci_bank_502762,2010-03-26,UCI ONLINE RETAIL UCI-502762,0.0,219.4,2329076.03,setl_502762
uci_bank_502763,2010-03-26,UCI ONLINE RETAIL UCI-502763,0.0,292.47,2329368.5,setl_502763
uci_bank_502764,2010-03-26,UCI ONLINE RETAIL UCI-502764,0.0,2021.23,2331389.73,setl_502764
uci_bank_502765,2010-03-26,UCI ONLINE RETAIL UCI-502765,0.0,84.37,2331474.1,setl_502765
uci_bank_502768,2010-03-26,UCI ONLINE RETAIL UCI-502768,0.0,181.7,2331655.8,setl_502768
uci_bank_502771,2010-03-26,UCI ONLINE RETAIL UCI-502771,0.0,2585.75,2334241.55,setl_502771
uci_bank_502772,2010-03-26,UCI ONLINE RETAIL UCI-502772,0.0,120.0,2334361.55,setl_502772
uci_bank_502779,2010-03-26,UCI ONLINE RETAIL UCI-502779,0.0,274.05,2334635.6,setl_502779
uci_bank_502781,2010-03-26,UCI ONLINE RETAIL UCI-502781,0.0,45.6,2334681.2,setl_502781
uci_bank_502784,2010-03-26,UCI ONLINE RETAIL UCI-502784,0.0,780.92,2335462.12,setl_502784
uci_bank_502785,2010-03-26,UCI ONLINE RETAIL UCI-502785,0.0,181.58,2335643.7,setl_502785
uci_bank_502792,2010-03-26,UCI ONLINE RETAIL UCI-502792,0.0,205.35,2335849.05,setl_502792
uci_bank_502794,2010-03-26,UCI ONLINE RETAIL UCI-502794,0.0,312.88,2336161.93,setl_502794
uci_bank_502796,2010-03-26,UCI ONLINE RETAIL UCI-502796,0.0,362.56,2336524.49,setl_502796
uci_bank_502795,2010-03-26,UCI ONLINE RETAIL UCI-502795,0.0,132.88,2336657.37,setl_502795
uci_bank_502799,2010-03-26,UCI ONLINE RETAIL UCI-502799,0.0,259.08,2336916.45,setl_502799
uci_bank_502798,2010-03-26,UCI ONLINE RETAIL UCI-502798,0.0,162.4,2337078.85,setl_502798
uci_bank_502810,2010-03-26,UCI ONLINE RETAIL UCI-502810,0.0,155.33,2337234.18,setl_502810
uci_bank_502811,2010-03-28,UCI ONLINE RETAIL UCI-502811,0.0,290.95,2337525.13,setl_502811
uci_bank_502812,2010-03-28,UCI ONLINE RETAIL UCI-502812,0.0,226.3,2337751.43,setl_502812
uci_bank_502814,2010-03-28,UCI ONLINE RETAIL UCI-502814,0.0,397.54,2338148.97,setl_502814
uci_bank_502813,2010-03-28,UCI ONLINE RETAIL UCI-502813,0.0,201.13,2338350.1,setl_502813
uci_bank_502815,2010-03-28,UCI ONLINE RETAIL UCI-502815,0.0,376.2,2338726.3,setl_502815
uci_bank_502816,2010-03-28,UCI ONLINE RETAIL UCI-502816,0.0,299.0,2339025.3,setl_502816
uci_bank_502817,2010-03-28,UCI ONLINE RETAIL UCI-502817,0.0,139.94,2339165.24,setl_502817
uci_bank_502818,2010-03-28,UCI ONLINE RETAIL UCI-502818,0.0,112.23,2339277.47,setl_502818
uci_bank_502819,2010-03-28,UCI ONLINE RETAIL UCI-502819,0.0,63.72,2339341.19,setl_502819
uci_bank_502820,2010-03-28,UCI ONLINE RETAIL UCI-502820,0.0,941.42,2340282.61,setl_502820
uci_bank_502821,2010-03-28,UCI ONLINE RETAIL UCI-502821,0.0,70.2,2340352.81,setl_502821
uci_bank_502822,2010-03-28,UCI ONLINE RETAIL UCI-502822,0.0,118.0,2340470.81,setl_502822
uci_bank_502823,2010-03-28,UCI ONLINE RETAIL UCI-502823,0.0,1290.28,2341761.09,setl_502823
uci_bank_502824,2010-03-28,UCI ONLINE RETAIL UCI-502824,0.0,127.65,2341888.74,setl_502824
uci_bank_502825,2010-03-28,UCI ONLINE RETAIL UCI-502825,0.0,463.62,2342352.36,setl_502825
uci_bank_502826,2010-03-28,UCI ONLINE RETAIL UCI-502826,0.0,722.17,2343074.53,setl_502826
uci_bank_502827,2010-03-28,UCI ONLINE RETAIL UCI-502827,0.0,439.62,2343514.15,setl_502827
uci_bank_502828,2010-03-28,UCI ONLINE RETAIL UCI-502828,0.0,293.5,2343807.65,setl_502828
uci_bank_502829,2010-03-28,UCI ONLINE RETAIL UCI-502829,0.0,392.59,2344200.24,setl_502829
uci_bank_502830,2010-03-28,UCI ONLINE RETAIL UCI-502830,0.0,131.25,2344331.49,setl_502830
uci_bank_502831,2010-03-28,UCI ONLINE RETAIL UCI-502831,0.0,30.0,2344361.49,setl_502831
uci_bank_502832,2010-03-28,UCI ONLINE RETAIL UCI-502832,0.0,197.78,2344559.27,setl_502832
uci_bank_502833,2010-03-28,UCI ONLINE RETAIL UCI-502833,0.0,924.54,2345483.81,setl_502833
uci_bank_502835,2010-03-28,UCI ONLINE RETAIL UCI-502835,0.0,382.2,2345866.01,setl_502835
uci_bank_502834,2010-03-28,UCI ONLINE RETAIL UCI-502834,0.0,95.78,2345961.79,setl_502834
uci_bank_502836,2010-03-28,UCI ONLINE RETAIL UCI-502836,0.0,156.74,2346118.53,setl_502836
uci_bank_502837,2010-03-28,UCI ONLINE RETAIL UCI-502837,0.0,307.25,2346425.78,setl_502837
uci_bank_502838,2010-03-28,UCI ONLINE RETAIL UCI-502838,0.0,210.47,2346636.25,setl_502838
uci_bank_502839,2010-03-28,UCI ONLINE RETAIL UCI-502839,0.0,1017.96,2347654.21,setl_502839
uci_bank_502840,2010-03-28,UCI ONLINE RETAIL UCI-502840,0.0,334.87,2347989.08,setl_502840
uci_bank_502841,2010-03-28,UCI ONLINE RETAIL UCI-502841,0.0,144.35,2348133.43,setl_502841
uci_bank_502842,2010-03-28,UCI ONLINE RETAIL UCI-502842,0.0,153.55,2348286.98,setl_502842
uci_bank_502843,2010-03-28,UCI ONLINE RETAIL UCI-502843,0.0,656.72,2348943.7,setl_502843
uci_bank_502844,2010-03-28,UCI ONLINE RETAIL UCI-502844,0.0,1031.37,2349975.07,setl_502844
uci_bank_502845,2010-03-28,UCI ONLINE RETAIL UCI-502845,0.0,351.69,2350326.76,setl_502845
uci_bank_502846,2010-03-28,UCI ONLINE RETAIL UCI-502846,0.0,153.55,2350480.31,setl_502846
uci_bank_502847,2010-03-28,UCI ONLINE RETAIL UCI-502847,0.0,379.04,2350859.35,setl_502847
uci_bank_502848,2010-03-28,UCI ONLINE RETAIL UCI-502848,0.0,742.41,2351601.76,setl_502848
uci_bank_502850,2010-03-28,UCI ONLINE RETAIL UCI-502850,0.0,28.9,2351630.66,setl_502850
uci_bank_502851,2010-03-28,UCI ONLINE RETAIL UCI-502851,0.0,253.45,2351884.11,setl_502851
uci_bank_502852,2010-03-28,UCI ONLINE RETAIL UCI-502852,0.0,213.15,2352097.26,setl_502852
uci_bank_502853,2010-03-28,UCI ONLINE RETAIL UCI-502853,0.0,826.87,2352924.13,setl_502853
uci_bank_502854,2010-03-28,UCI ONLINE RETAIL UCI-502854,0.0,190.53,2353114.66,setl_502854
uci_bank_502855,2010-03-28,UCI ONLINE RETAIL UCI-502855,0.0,292.44,2353407.1,setl_502855
uci_bank_502856,2010-03-28,UCI ONLINE RETAIL UCI-502856,0.0,364.47,2353771.57,setl_502856
uci_bank_502857,2010-03-28,UCI ONLINE RETAIL UCI-502857,0.0,309.99,2354081.56,setl_502857
uci_bank_502858,2010-03-28,UCI ONLINE RETAIL UCI-502858,0.0,250.26,2354331.82,setl_502858
uci_bank_502859,2010-03-28,UCI ONLINE RETAIL UCI-502859,0.0,309.3,2354641.12,setl_502859
uci_bank_502860,2010-03-28,UCI ONLINE RETAIL UCI-502860,0.0,106.96,2354748.08,setl_502860
uci_bank_502861,2010-03-28,UCI ONLINE RETAIL UCI-502861,0.0,256.83,2355004.91,setl_502861
uci_bank_502862,2010-03-28,UCI ONLINE RETAIL UCI-502862,0.0,359.46,2355364.37,setl_502862
uci_bank_502863,2010-03-28,UCI ONLINE RETAIL UCI-502863,0.0,1162.95,2356527.32,setl_502863
uci_bank_502864,2010-03-28,UCI ONLINE RETAIL UCI-502864,0.0,415.71,2356943.03,setl_502864
uci_bank_502865,2010-03-28,UCI ONLINE RETAIL UCI-502865,0.0,271.05,2357214.08,setl_502865
uci_bank_502866,2010-03-28,UCI ONLINE RETAIL UCI-502866,0.0,186.23,2357400.31,setl_502866
uci_bank_502867,2010-03-28,UCI ONLINE RETAIL UCI-502867,0.0,284.64,2357684.95,setl_502867
uci_bank_502868,2010-03-28,UCI ONLINE RETAIL UCI-502868,0.0,181.89,2357866.84,setl_502868
uci_bank_502869,2010-03-28,UCI ONLINE RETAIL UCI-502869,0.0,523.53,2358390.37,setl_502869
uci_bank_502870,2010-03-28,UCI ONLINE RETAIL UCI-502870,0.0,1406.43,2359796.8,setl_502870
uci_bank_502871,2010-03-29,UCI ONLINE RETAIL UCI-502871,0.0,367.69,2360164.49,setl_502871
uci_bank_502873,2010-03-29,UCI ONLINE RETAIL UCI-502873,0.0,381.0,2360545.49,setl_502873
uci_bank_502874,2010-03-29,UCI ONLINE RETAIL UCI-502874,0.0,348.47,2360893.96,setl_502874
uci_bank_502875,2010-03-29,UCI ONLINE RETAIL UCI-502875,0.0,243.0,2361136.96,setl_502875
uci_bank_502876,2010-03-29,UCI ONLINE RETAIL UCI-502876,0.0,1110.0,2362246.96,setl_502876
uci_bank_502877,2010-03-29,UCI ONLINE RETAIL UCI-502877,0.0,861.6,2363108.56,setl_502877
uci_bank_502880,2010-03-29,UCI ONLINE RETAIL UCI-502880,0.0,574.19,2363682.75,setl_502880
uci_bank_502881,2010-03-29,UCI ONLINE RETAIL UCI-502881,0.0,288.57,2363971.32,setl_502881
uci_bank_502882,2010-03-29,UCI ONLINE RETAIL UCI-502882,0.0,890.4,2364861.72,setl_502882
uci_bank_502883,2010-03-29,UCI ONLINE RETAIL UCI-502883,0.0,2121.36,2366983.08,setl_502883
uci_bank_502884,2010-03-29,UCI ONLINE RETAIL UCI-502884,0.0,637.11,2367620.19,setl_502884
uci_bank_502885,2010-03-29,UCI ONLINE RETAIL UCI-502885,0.0,197.79,2367817.98,setl_502885
uci_bank_502886,2010-03-29,UCI ONLINE RETAIL UCI-502886,0.0,749.28,2368567.26,setl_502886
uci_bank_502887,2010-03-29,UCI ONLINE RETAIL UCI-502887,0.0,7090.8,2375658.06,setl_502887
uci_bank_502888,2010-03-29,UCI ONLINE RETAIL UCI-502888,0.0,1652.4,2377310.46,setl_502888
uci_bank_502889,2010-03-29,UCI ONLINE RETAIL UCI-502889,0.0,461.76,2377772.22,setl_502889
uci_bank_502890,2010-03-29,UCI ONLINE RETAIL UCI-502890,0.0,74.0,2377846.22,setl_502890
uci_bank_502891,2010-03-29,UCI ONLINE RETAIL UCI-502891,0.0,173.67,2378019.89,setl_502891
uci_bank_502892,2010-03-29,UCI ONLINE RETAIL UCI-502892,0.0,164.47,2378184.36,setl_502892
uci_bank_502893,2010-03-29,UCI ONLINE RETAIL UCI-502893,0.0,401.65,2378586.01,setl_502893
uci_bank_502895,2010-03-29,UCI ONLINE RETAIL UCI-502895,0.0,317.61,2378903.62,setl_502895
uci_bank_502896,2010-03-29,UCI ONLINE RETAIL UCI-502896,0.0,325.85,2379229.47,setl_502896
uci_bank_502897,2010-03-29,UCI ONLINE RETAIL UCI-502897,0.0,292.95,2379522.42,setl_502897
uci_bank_502898,2010-03-29,UCI ONLINE RETAIL UCI-502898,0.0,270.95,2379793.37,setl_502898
uci_bank_502901,2010-03-29,UCI ONLINE RETAIL UCI-502901,0.0,940.52,2380733.89,setl_502901
uci_bank_502902,2010-03-29,UCI ONLINE RETAIL UCI-502902,0.0,315.4,2381049.29,setl_502902
uci_bank_502905,2010-03-29,UCI ONLINE RETAIL UCI-502905,0.0,306.0,2381355.29,setl_502905
uci_bank_502906,2010-03-29,UCI ONLINE RETAIL UCI-502906,0.0,1045.44,2382400.73,setl_502906
uci_bank_502908,2010-03-29,UCI ONLINE RETAIL UCI-502908,0.0,1.45,2382402.18,setl_502908
uci_bank_502909,2010-03-29,UCI ONLINE RETAIL UCI-502909,0.0,350.1,2382752.28,setl_502909
uci_bank_502911,2010-03-29,UCI ONLINE RETAIL UCI-502911,0.0,228.67,2382980.95,setl_502911
uci_bank_502912,2010-03-29,UCI ONLINE RETAIL UCI-502912,0.0,579.6,2383560.55,setl_502912
uci_bank_502913,2010-03-29,UCI ONLINE RETAIL UCI-502913,0.0,415.14,2383975.69,setl_502913
uci_bank_502914,2010-03-29,UCI ONLINE RETAIL UCI-502914,0.0,41.25,2384016.94,setl_502914
uci_bank_502915,2010-03-29,UCI ONLINE RETAIL UCI-502915,0.0,265.14,2384282.08,setl_502915
uci_bank_502916,2010-03-29,UCI ONLINE RETAIL UCI-502916,0.0,236.55,2384518.63,setl_502916
uci_bank_502917,2010-03-29,UCI ONLINE RETAIL UCI-502917,0.0,147.3,2384665.93,setl_502917
