txn_id,order_id,amount,currency,status,method,created_at,settlement_id,customer_ref
uci_489434,489434,505.3,GBP,captured,online_retail,2009-12-01 07:45:00,setl_489434,customer_13085
uci_489435,489435,145.8,GBP,captured,online_retail,2009-12-01 07:46:00,setl_489435,customer_13085
uci_489436,489436,630.33,GBP,captured,online_retail,2009-12-01 09:06:00,setl_489436,customer_13078
uci_489437,489437,310.75,GBP,captured,online_retail,2009-12-01 09:08:00,setl_489437,customer_15362
uci_489438,489438,2286.24,GBP,captured,online_retail,2009-12-01 09:24:00,setl_489438,customer_18102
uci_489439,489439,426.3,GBP,captured,online_retail,2009-12-01 09:28:00,setl_489439,customer_12682
uci_489440,489440,50.4,GBP,captured,online_retail,2009-12-01 09:43:00,setl_489440,customer_18087
uci_489441,489441,344.34,GBP,captured,online_retail,2009-12-01 09:44:00,setl_489441,customer_18087
uci_489442,489442,382.37,GBP,captured,online_retail,2009-12-01 09:46:00,setl_489442,customer_13635
uci_489443,489443,285.06,GBP,captured,online_retail,2009-12-01 09:50:00,setl_489443,customer_14110
uci_489444,489444,141.0,GBP,captured,online_retail,2009-12-01 09:55:00,setl_489444,customer_12636
uci_489445,489445,308.44,GBP,captured,online_retail,2009-12-01 09:57:00,setl_489445,customer_17519
uci_489446,489446,996.1,GBP,captured,online_retail,2009-12-01 10:06:00,setl_489446,customer_13758
uci_489447,489447,130.0,GBP,captured,online_retail,2009-12-01 10:10:00,setl_489447,customer_12362
uci_489448,489448,570.24,GBP,captured,online_retail,2009-12-01 10:18:00,setl_489448,customer_15413
uci_489450,489450,196.1,GBP,captured,online_retail,2009-12-01 10:36:00,setl_489450,customer_16321
uci_489460,489460,485.79,GBP,captured,online_retail,2009-12-01 10:46:00,setl_489460,customer_16167
uci_489462,489462,148.3,GBP,captured,online_retail,2009-12-01 10:49:00,setl_489462,customer_17592
uci_489461,489461,589.33,GBP,captured,online_retail,2009-12-01 10:49:00,setl_489461,customer_17865
uci_489465,489465,1197.8,GBP,captured,online_retail,2009-12-01 10:52:00,setl_489465,customer_13767
uci_489488,489488,251.1,GBP,captured,online_retail,2009-12-01 10:59:00,setl_489488,customer_17238
uci_489505,489505,255.5,GBP,captured,online_retail,2009-12-01 11:17:00,setl_489505,customer_15712
uci_489514,489514,823.02,GBP,captured,online_retail,2009-12-01 11:21:00,setl_489514,customer_15311
uci_489517,489517,282.46,GBP,captured,online_retail,2009-12-01 11:34:00,setl_489517,customer_16329
uci_489519,489519,696.73,GBP,captured,online_retail,2009-12-01 11:37:00,setl_489519,customer_17700
uci_489520,489520,733.63,GBP,captured,online_retail,2009-12-01 11:41:00,setl_489520,customer_14911
uci_489522,489522,700.31,GBP,captured,online_retail,2009-12-01 11:45:00,setl_489522,customer_15998
uci_489523,489523,1160.0,GBP,captured,online_retail,2009-12-01 11:46:00,setl_489523,customer_12931
uci_489526,489526,929.92,GBP,captured,online_retail,2009-12-01 11:50:00,setl_489526,customer_12533
uci_489529,489529,229.46,GBP,captured,online_retail,2009-12-01 11:51:00,setl_489529,customer_17984
uci_489531,489531,145.0,GBP,captured,online_retail,2009-12-01 11:57:00,setl_489531,customer_14871
uci_489532,489532,304.53,GBP,captured,online_retail,2009-12-01 11:58:00,setl_489532,customer_13394
uci_489533,489533,192.75,GBP,captured,online_retail,2009-12-01 12:02:00,setl_489533,customer_16011
uci_489536,489536,367.41,GBP,captured,online_retail,2009-12-01 12:13:00,setl_489536,customer_16393
uci_489537,489537,633.33,GBP,captured,online_retail,2009-12-01 12:14:00,setl_489537,customer_14040
uci_489539,489539,2887.14,GBP,captured,online_retail,2009-12-01 12:18:00,setl_489539,customer_15061
uci_489540,489540,537.96,GBP,captured,online_retail,2009-12-01 12:18:00,setl_489540,customer_12913
uci_489542,489542,387.6,GBP,captured,online_retail,2009-12-01 12:19:00,setl_489542,customer_15061
uci_489544,489544,281.82,GBP,captured,online_retail,2009-12-01 12:20:00,setl_489544,customer_14341
uci_489545,489545,124.95,GBP,captured,online_retail,2009-12-01 12:22:00,setl_489545,customer_17804
uci_489546,489546,584.5,GBP,captured,online_retail,2009-12-01 12:30:00,setl_489546,customer_14156
uci_489547,489547,641.45,GBP,captured,online_retail,2009-12-01 12:30:00,setl_489547,customer_13599
uci_489550,489550,482.3,GBP,captured,online_retail,2009-12-01 12:33:00,setl_489550,customer_14156
uci_489552,489552,278.61,GBP,captured,online_retail,2009-12-01 12:36:00,setl_489552,customer_17063
uci_489556,489556,379.65,GBP,captured,online_retail,2009-12-01 12:47:00,setl_489556,customer_15719
uci_489557,489557,603.94,GBP,captured,online_retail,2009-12-01 12:52:00,setl_489557,customer_12490
uci_489558,489558,291.58,GBP,captured,online_retail,2009-12-01 12:54:00,setl_489558,customer_15793
uci_489559,489559,128.6,GBP,captured,online_retail,2009-12-01 12:55:00,setl_489559,customer_17056
uci_489560,489560,859.1,GBP,captured,online_retail,2009-12-01 12:56:00,setl_489560,customer_13526
uci_489561,489561,246.86,GBP,captured,online_retail,2009-12-01 12:57:00,setl_489561,customer_14654
uci_489562,489562,229.6,GBP,captured,online_retail,2009-12-01 13:07:00,setl_489562,customer_17998
uci_489564,489564,322.9,GBP,captured,online_retail,2009-12-01 13:13:00,setl_489564,customer_13526
uci_489566,489566,218.55,GBP,captured,online_retail,2009-12-01 13:16:00,setl_489566,customer_17742
uci_489567,489567,307.8,GBP,captured,online_retail,2009-12-01 13:19:00,setl_489567,customer_15326
uci_489569,489569,282.28,GBP,captured,online_retail,2009-12-01 13:20:00,setl_489569,customer_14478
uci_489571,489571,156.71,GBP,captured,online_retail,2009-12-01 13:29:00,setl_489571,customer_15967
uci_489572,489572,507.49,GBP,captured,online_retail,2009-12-01 13:29:00,setl_489572,customer_17611
uci_489573,489573,580.02,GBP,captured,online_retail,2009-12-01 13:29:00,setl_489573,customer_15051
uci_489574,489574,551.33,GBP,captured,online_retail,2009-12-01 13:31:00,setl_489574,customer_13097
uci_489575,489575,367.28,GBP,captured,online_retail,2009-12-01 13:37:00,setl_489575,customer_13590
uci_489576,489576,319.66,GBP,captured,online_retail,2009-12-01 13:38:00,setl_489576,customer_15984
uci_489579,489579,219.82,GBP,captured,online_retail,2009-12-01 13:41:00,setl_489579,customer_16887
uci_489580,489580,261.0,GBP,captured,online_retail,2009-12-01 13:43:00,setl_489580,customer_12921
uci_489582,489582,293.95,GBP,captured,online_retail,2009-12-01 13:47:00,setl_489582,customer_14543
uci_489581,489581,124.83,GBP,captured,online_retail,2009-12-01 13:47:00,setl_489581,customer_15945
uci_489584,489584,21.95,GBP,captured,online_retail,2009-12-01 13:48:00,setl_489584,customer_18037
uci_489585,489585,105.85,GBP,captured,online_retail,2009-12-01 13:49:00,setl_489585,customer_15662
uci_489586,489586,263.42,GBP,captured,online_retail,2009-12-01 13:50:00,setl_489586,customer_15380
uci_489590,489590,362.78,GBP,captured,online_retail,2009-12-01 14:14:00,setl_489590,customer_13110
uci_489593,489593,423.87,GBP,captured,online_retail,2009-12-01 14:19:00,setl_489593,customer_12836
uci_489594,489594,322.33,GBP,captured,online_retail,2009-12-01 14:19:00,setl_489594,customer_15005
uci_489598,489598,822.37,GBP,captured,online_retail,2009-12-01 14:35:00,setl_489598,customer_16620
uci_489599,489599,2454.68,GBP,captured,online_retail,2009-12-01 14:40:00,setl_489599,customer_12758
uci_489606,489606,2.1,GBP,captured,online_retail,2009-12-01 14:48:00,setl_489606,customer_17961
uci_489611,489611,2.95,GBP,captured,online_retail,2009-12-01 14:53:00,setl_489611,customer_15601
uci_489613,489613,12.75,GBP,captured,online_retail,2009-12-01 14:56:00,setl_489613,customer_13585
uci_489617,489617,198.0,GBP,captured,online_retail,2009-12-01 14:59:00,setl_489617,customer_13442
uci_489634,489634,17.4,GBP,captured,online_retail,2009-12-01 15:19:00,setl_489634,customer_13381
uci_489635,489635,352.85,GBP,captured,online_retail,2009-12-01 15:26:00,setl_489635,customer_16763
uci_489637,489637,535.9,GBP,captured,online_retail,2009-12-01 15:36:00,setl_489637,customer_17243
uci_489639,489639,31.2,GBP,captured,online_retail,2009-12-01 16:05:00,setl_489639,customer_14865
uci_489640,489640,329.91,GBP,captured,online_retail,2009-12-01 16:17:00,setl_489640,customer_17345
uci_489641,489641,622.1,GBP,captured,online_retail,2009-12-01 16:18:00,setl_489641,customer_13819
uci_489644,489644,896.54,GBP,captured,online_retail,2009-12-01 16:30:00,setl_489644,customer_15808
uci_489645,489645,261.74,GBP,captured,online_retail,2009-12-01 16:34:00,setl_489645,customer_17191
uci_489650,489650,173.1,GBP,captured,online_retail,2009-12-01 16:44:00,setl_489650,customer_13748
uci_489652,489652,294.14,GBP,captured,online_retail,2009-12-01 17:08:00,setl_489652,customer_15265
uci_489654,489654,222.12,GBP,captured,online_retail,2009-12-01 17:19:00,setl_489654,customer_15750
uci_489657,489657,55.2,GBP,captured,online_retail,2009-12-01 17:28:00,setl_489657,customer_17428
uci_489656,489656,1237.3,GBP,captured,online_retail,2009-12-01 17:28:00,setl_489656,customer_17428
uci_489658,489658,828.09,GBP,captured,online_retail,2009-12-01 17:31:00,setl_489658,customer_15485
uci_489661,489661,23.48,GBP,captured,online_retail,2009-12-01 17:45:00,setl_489661,customer_17246
uci_489662,489662,73.75,GBP,captured,online_retail,2009-12-01 17:50:00,setl_489662,customer_15485
uci_489664,489664,374.43,GBP,captured,online_retail,2009-12-01 18:03:00,setl_489664,customer_14061
uci_489665,489665,252.3,GBP,captured,online_retail,2009-12-01 18:07:00,setl_489665,customer_14108
uci_489666,489666,263.09,GBP,captured,online_retail,2009-12-01 18:13:00,setl_489666,customer_13648
uci_489667,489667,538.46,GBP,captured,online_retail,2009-12-01 18:35:00,setl_489667,customer_16563
uci_489668,489668,378.12,GBP,captured,online_retail,2009-12-01 19:19:00,setl_489668,customer_16701
uci_489669,489669,397.2,GBP,captured,online_retail,2009-12-02 08:15:00,setl_489669,customer_12842
uci_489670,489670,114.6,GBP,captured,online_retail,2009-12-02 08:16:00,setl_489670,customer_14302
uci_489671,489671,740.3,GBP,captured,online_retail,2009-12-02 08:58:00,setl_489671,customer_14135
uci_489672,489672,772.65,GBP,captured,online_retail,2009-12-02 09:21:00,setl_489672,customer_14831
uci_489673,489673,61.1,GBP,captured,online_retail,2009-12-02 09:23:00,setl_489673,customer_14831
uci_489674,489674,261.3,GBP,captured,online_retail,2009-12-02 09:35:00,setl_489674,customer_15602
uci_489675,489675,4939.22,GBP,captured,online_retail,2009-12-02 09:47:00,setl_489675,customer_13777
uci_489676,489676,1210.8,GBP,captured,online_retail,2009-12-02 09:49:00,setl_489676,customer_13777
uci_489677,489677,192.0,GBP,captured,online_retail,2009-12-02 09:50:00,setl_489677,customer_14000
uci_489678,489678,189.3,GBP,captured,online_retail,2009-12-02 09:57:00,setl_489678,customer_16823
uci_489679,489679,795.98,GBP,captured,online_retail,2009-12-02 10:00:00,setl_489679,customer_16163
uci_489681,489681,89.59,GBP,captured,online_retail,2009-12-02 10:02:00,setl_489681,customer_17998
uci_489680,489680,45.0,GBP,captured,online_retail,2009-12-02 10:02:00,setl_489680,customer_17193
uci_489682,489682,125.73,GBP,captured,online_retail,2009-12-02 10:08:00,setl_489682,customer_15759
uci_489683,489683,1317.97,GBP,captured,online_retail,2009-12-02 10:09:00,setl_489683,customer_16131
uci_489684,489684,266.6,GBP,captured,online_retail,2009-12-02 10:15:00,setl_489684,customer_14560
uci_489687,489687,221.53,GBP,captured,online_retail,2009-12-02 10:41:00,setl_489687,customer_17087
uci_489688,489688,299.7,GBP,captured,online_retail,2009-12-02 10:42:00,setl_489688,customer_14894
uci_489695,489695,306.95,GBP,captured,online_retail,2009-12-02 10:48:00,setl_489695,customer_16202
uci_489699,489699,401.7,GBP,captured,online_retail,2009-12-02 10:51:00,setl_489699,customer_16700
uci_489705,489705,17.0,GBP,captured,online_retail,2009-12-02 10:52:00,setl_489705,customer_16700
uci_489702,489702,3108.64,GBP,captured,online_retail,2009-12-02 10:52:00,setl_489702,customer_17511
uci_489723,489723,2052.12,GBP,captured,online_retail,2009-12-02 10:58:00,setl_489723,customer_14299
uci_489726,489726,750.0,GBP,captured,online_retail,2009-12-02 11:07:00,setl_489726,customer_17949
uci_489725,489725,216.0,GBP,captured,online_retail,2009-12-02 11:07:00,setl_489725,customer_17949
uci_489727,489727,900.0,GBP,captured,online_retail,2009-12-02 11:09:00,setl_489727,customer_17949
uci_489728,489728,180.45,GBP,captured,online_retail,2009-12-02 11:18:00,setl_489728,customer_14799
uci_489733,489733,168.0,GBP,captured,online_retail,2009-12-02 11:20:00,setl_489733,customer_15311
uci_489743,489743,538.77,GBP,captured,online_retail,2009-12-02 11:24:00,setl_489743,customer_16550
uci_489748,489748,754.2,GBP,captured,online_retail,2009-12-02 11:26:00,setl_489748,customer_12980
uci_489764,489764,223.1,GBP,captured,online_retail,2009-12-02 11:31:00,setl_489764,customer_14425
uci_489765,489765,285.59,GBP,captured,online_retail,2009-12-02 11:33:00,setl_489765,customer_15353
uci_489766,489766,130.18,GBP,captured,online_retail,2009-12-02 11:34:00,setl_489766,customer_17818
uci_489780,489780,159.98,GBP,captured,online_retail,2009-12-02 11:43:00,setl_489780,customer_13654
uci_489782,489782,230.46,GBP,captured,online_retail,2009-12-02 11:45:00,setl_489782,customer_17189
uci_489783,489783,162.04,GBP,captured,online_retail,2009-12-02 11:47:00,setl_489783,customer_13269
uci_489784,489784,40.8,GBP,captured,online_retail,2009-12-02 11:48:00,setl_489784,customer_13269
uci_489785,489785,333.67,GBP,captured,online_retail,2009-12-02 11:51:00,setl_489785,customer_14653
uci_489786,489786,216.86,GBP,captured,online_retail,2009-12-02 11:52:00,setl_489786,customer_17019
uci_489787,489787,319.54,GBP,captured,online_retail,2009-12-02 11:53:00,setl_489787,customer_15542
uci_489788,489788,119.16,GBP,captured,online_retail,2009-12-02 11:55:00,setl_489788,customer_13564
uci_489790,489790,131.12,GBP,captured,online_retail,2009-12-02 11:59:00,setl_489790,customer_16467
uci_489789,489789,80.4,GBP,captured,online_retail,2009-12-02 11:59:00,setl_489789,customer_15833
uci_489791,489791,221.19,GBP,captured,online_retail,2009-12-02 12:06:00,setl_489791,customer_15542
uci_489792,489792,923.79,GBP,captured,online_retail,2009-12-02 12:06:00,setl_489792,customer_14527
uci_489793,489793,260.36,GBP,captured,online_retail,2009-12-02 12:09:00,setl_489793,customer_17476
uci_489794,489794,58.2,GBP,captured,online_retail,2009-12-02 12:13:00,setl_489794,customer_15287
uci_489795,489795,935.01,GBP,captured,online_retail,2009-12-02 12:13:00,setl_489795,customer_14440
uci_489796,489796,311.5,GBP,captured,online_retail,2009-12-02 12:15:00,setl_489796,customer_15680
uci_489797,489797,200.63,GBP,captured,online_retail,2009-12-02 12:19:00,setl_489797,customer_15581
uci_489798,489798,311.69,GBP,captured,online_retail,2009-12-02 12:22:00,setl_489798,customer_13740
uci_489800,489800,408.07,GBP,captured,online_retail,2009-12-02 12:26:00,setl_489800,customer_17768
uci_489801,489801,128.48,GBP,captured,online_retail,2009-12-02 12:28:00,setl_489801,customer_12948
uci_489802,489802,174.52,GBP,captured,online_retail,2009-12-02 12:32:00,setl_489802,customer_15581
uci_489804,489804,251.17,GBP,captured,online_retail,2009-12-02 12:38:00,setl_489804,customer_14667
uci_489805,489805,454.35,GBP,captured,online_retail,2009-12-02 12:39:00,setl_489805,customer_17377
uci_489807,489807,180.13,GBP,captured,online_retail,2009-12-02 12:43:00,setl_489807,customer_15581
uci_489808,489808,109.84,GBP,captured,online_retail,2009-12-02 12:44:00,setl_489808,customer_14467
uci_489809,489809,112.5,GBP,captured,online_retail,2009-12-02 12:46:00,setl_489809,customer_13457
uci_489810,489810,493.25,GBP,captured,online_retail,2009-12-02 12:47:00,setl_489810,customer_18108
uci_489811,489811,634.29,GBP,captured,online_retail,2009-12-02 12:54:00,setl_489811,customer_16210
uci_489812,489812,597.69,GBP,captured,online_retail,2009-12-02 13:00:00,setl_489812,customer_17377
uci_489814,489814,824.18,GBP,captured,online_retail,2009-12-02 13:06:00,setl_489814,customer_14669
uci_489815,489815,132.55,GBP,captured,online_retail,2009-12-02 13:10:00,setl_489815,customer_17909
uci_489816,489816,284.55,GBP,captured,online_retail,2009-12-02 13:20:00,setl_489816,customer_16086
uci_489817,489817,340.2,GBP,captured,online_retail,2009-12-02 13:22:00,setl_489817,customer_16711
uci_489819,489819,618.43,GBP,captured,online_retail,2009-12-02 13:23:00,setl_489819,customer_14739
uci_489818,489818,294.3,GBP,captured,online_retail,2009-12-02 13:23:00,setl_489818,customer_16233
uci_489822,489822,371.27,GBP,captured,online_retail,2009-12-02 13:26:00,setl_489822,customer_14204
uci_489823,489823,87.3,GBP,captured,online_retail,2009-12-02 13:32:00,setl_489823,customer_17606
uci_489824,489824,176.88,GBP,captured,online_retail,2009-12-02 13:33:00,setl_489824,customer_16797
uci_489825,489825,174.1,GBP,captured,online_retail,2009-12-02 13:34:00,setl_489825,customer_16126
uci_489826,489826,85.95,GBP,captured,online_retail,2009-12-02 13:39:00,setl_489826,customer_17867
uci_489827,489827,445.7,GBP,captured,online_retail,2009-12-02 13:51:00,setl_489827,customer_17412
uci_489829,489829,472.47,GBP,captured,online_retail,2009-12-02 13:53:00,setl_489829,customer_16525
uci_489830,489830,637.04,GBP,captured,online_retail,2009-12-02 13:57:00,setl_489830,customer_13623
uci_489831,489831,1008.0,GBP,captured,online_retail,2009-12-02 13:58:00,setl_489831,customer_12435
uci_489832,489832,316.22,GBP,captured,online_retail,2009-12-02 14:06:00,setl_489832,customer_14549
uci_489834,489834,214.8,GBP,captured,online_retail,2009-12-02 14:09:00,setl_489834,customer_14106
uci_489833,489833,150.68,GBP,captured,online_retail,2009-12-02 14:09:00,setl_489833,customer_14980
uci_489835,489835,714.0,GBP,captured,online_retail,2009-12-02 14:15:00,setl_489835,customer_15061
uci_489837,489837,514.97,GBP,captured,online_retail,2009-12-02 14:21:00,setl_489837,customer_14396
uci_489840,489840,89.7,GBP,captured,online_retail,2009-12-02 14:22:00,setl_489840,customer_14122
uci_489855,489855,157.91,GBP,captured,online_retail,2009-12-02 14:34:00,setl_489855,customer_16987
uci_489862,489862,734.7,GBP,captured,online_retail,2009-12-02 14:52:00,setl_489862,customer_17809
uci_489863,489863,66.82,GBP,captured,online_retail,2009-12-02 14:55:00,setl_489863,customer_15917
uci_489864,489864,206.85,GBP,captured,online_retail,2009-12-02 14:56:00,setl_489864,customer_14987
uci_489865,489865,234.87,GBP,captured,online_retail,2009-12-02 15:01:00,setl_489865,customer_14080
uci_489866,489866,1003.83,GBP,captured,online_retail,2009-12-02 15:04:00,setl_489866,customer_16200
uci_489868,489868,675.0,GBP,captured,online_retail,2009-12-02 15:10:00,setl_489868,customer_15794
uci_489869,489869,39.98,GBP,captured,online_retail,2009-12-02 15:15:00,setl_489869,customer_16200
uci_489870,489870,162.1,GBP,captured,online_retail,2009-12-02 15:16:00,setl_489870,customer_15523
uci_489871,489871,735.7,GBP,captured,online_retail,2009-12-02 15:17:00,setl_489871,customer_15523
uci_489872,489872,632.9,GBP,captured,online_retail,2009-12-02 15:28:00,setl_489872,customer_15615
uci_489873,489873,10.2,GBP,captured,online_retail,2009-12-02 15:29:00,setl_489873,customer_15615
uci_489874,489874,176.6,GBP,captured,online_retail,2009-12-02 15:38:00,setl_489874,customer_18001
uci_489875,489875,530.76,GBP,captured,online_retail,2009-12-02 15:41:00,setl_489875,customer_17841
uci_489877,489877,368.1,GBP,captured,online_retail,2009-12-02 15:44:00,setl_489877,customer_13089
uci_489876,489876,39.85,GBP,captured,online_retail,2009-12-02 15:44:00,setl_489876,customer_15917
uci_489878,489878,143.11,GBP,captured,online_retail,2009-12-02 15:51:00,setl_489878,customer_15989
uci_489879,489879,163.47,GBP,captured,online_retail,2009-12-02 16:02:00,setl_489879,customer_17660
uci_489880,489880,380.28,GBP,captured,online_retail,2009-12-02 16:18:00,setl_489880,customer_13313
uci_489883,489883,578.28,GBP,captured,online_retail,2009-12-02 16:24:00,setl_489883,customer_12437
uci_489884,489884,3.61,GBP,captured,online_retail,2009-12-02 16:24:00,setl_489884,customer_13313
uci_489888,489888,597.4,GBP,captured,online_retail,2009-12-02 16:49:00,setl_489888,customer_14841
uci_489889,489889,4734.24,GBP,captured,online_retail,2009-12-02 16:52:00,setl_489889,customer_14646
uci_489890,489890,976.8,GBP,captured,online_retail,2009-12-02 16:53:00,setl_489890,customer_14646
uci_489891,489891,181.08,GBP,captured,online_retail,2009-12-02 16:59:00,setl_489891,customer_15482
uci_489893,489893,300.1,GBP,captured,online_retail,2009-12-02 17:06:00,setl_489893,customer_16156
uci_489894,489894,520.2,GBP,captured,online_retail,2009-12-02 17:18:00,setl_489894,customer_17716
uci_489895,489895,371.82,GBP,captured,online_retail,2009-12-03 07:25:00,setl_489895,customer_12779
uci_489896,489896,337.93,GBP,captured,online_retail,2009-12-03 07:57:00,setl_489896,customer_13611
uci_489897,489897,260.44,GBP,captured,online_retail,2009-12-03 09:10:00,setl_489897,customer_15255
uci_489900,489900,287.37,GBP,captured,online_retail,2009-12-03 09:44:00,setl_489900,customer_14771
uci_489902,489902,119.1,GBP,captured,online_retail,2009-12-03 09:52:00,setl_489902,customer_14838
uci_489904,489904,203.78,GBP,captured,online_retail,2009-12-03 10:02:00,setl_489904,customer_13979
uci_489905,489905,478.7,GBP,captured,online_retail,2009-12-03 10:03:00,setl_489905,customer_13800
uci_489906,489906,120.0,GBP,captured,online_retail,2009-12-03 10:16:00,setl_489906,customer_14483
uci_489907,489907,202.06,GBP,captured,online_retail,2009-12-03 10:17:00,setl_489907,customer_14915
uci_489909,489909,642.2,GBP,captured,online_retail,2009-12-03 10:20:00,setl_489909,customer_13753
uci_489908,489908,107.33,GBP,captured,online_retail,2009-12-03 10:20:00,setl_489908,customer_16301
uci_489910,489910,144.0,GBP,captured,online_retail,2009-12-03 10:23:00,setl_489910,customer_15482
uci_489912,489912,1146.1,GBP,captured,online_retail,2009-12-03 10:26:00,setl_489912,customer_13931
uci_489913,489913,69.6,GBP,captured,online_retail,2009-12-03 10:28:00,setl_489913,customer_13931
uci_489914,489914,993.0,GBP,captured,online_retail,2009-12-03 10:28:00,setl_489914,customer_12921
uci_489916,489916,336.0,GBP,captured,online_retail,2009-12-03 10:37:00,setl_489916,customer_15194
uci_489915,489915,54.6,GBP,captured,online_retail,2009-12-03 10:37:00,setl_489915,customer_17035
uci_489932,489932,82.6,GBP,captured,online_retail,2009-12-03 10:49:00,setl_489932,customer_14347
uci_489935,489935,181.65,GBP,captured,online_retail,2009-12-03 10:51:00,setl_489935,customer_12934
uci_489994,489994,430.9,GBP,captured,online_retail,2009-12-03 11:09:00,setl_489994,customer_15291
uci_489996,489996,320.4,GBP,captured,online_retail,2009-12-03 11:10:00,setl_489996,customer_17209
uci_489998,489998,321.65,GBP,captured,online_retail,2009-12-03 11:19:00,setl_489998,customer_15658
uci_489999,489999,154.2,GBP,captured,online_retail,2009-12-03 11:25:00,setl_489999,customer_17314
uci_490000,490000,143.06,GBP,captured,online_retail,2009-12-03 11:34:00,setl_490000,customer_17155
uci_490001,490001,169.5,GBP,captured,online_retail,2009-12-03 11:45:00,setl_490001,customer_15965
uci_490002,490002,114.55,GBP,captured,online_retail,2009-12-03 11:46:00,setl_490002,customer_17322
uci_490003,490003,317.55,GBP,captured,online_retail,2009-12-03 11:51:00,setl_490003,customer_16159
uci_490004,490004,912.56,GBP,captured,online_retail,2009-12-03 11:53:00,setl_490004,customer_14051
uci_490005,490005,556.75,GBP,captured,online_retail,2009-12-03 11:57:00,setl_490005,customer_13993
uci_490006,490006,344.4,GBP,captured,online_retail,2009-12-03 12:02:00,setl_490006,customer_17411
uci_490008,490008,503.93,GBP,captured,online_retail,2009-12-03 12:10:00,setl_490008,customer_15768
uci_490009,490009,285.09,GBP,captured,online_retail,2009-12-03 12:13:00,setl_490009,customer_12835
uci_490010,490010,1008.0,GBP,captured,online_retail,2009-12-03 12:15:00,setl_490010,customer_15061
uci_490011,490011,221.69,GBP,captured,online_retail,2009-12-03 12:27:00,setl_490011,customer_16918
uci_490013,490013,500.55,GBP,captured,online_retail,2009-12-03 12:27:00,setl_490013,customer_17069
uci_490012,490012,763.35,GBP,captured,online_retail,2009-12-03 12:27:00,setl_490012,customer_15179
uci_490014,490014,744.21,GBP,captured,online_retail,2009-12-03 12:28:00,setl_490014,customer_15466
uci_490017,490017,393.65,GBP,captured,online_retail,2009-12-03 12:31:00,setl_490017,customer_14159
uci_490018,490018,4380.0,GBP,captured,online_retail,2009-12-03 12:31:00,setl_490018,customer_17940
uci_490019,490019,308.6,GBP,captured,online_retail,2009-12-03 12:34:00,setl_490019,customer_17581
uci_490021,490021,10.2,GBP,captured,online_retail,2009-12-03 12:36:00,setl_490021,customer_17581
uci_490020,490020,37.8,GBP,captured,online_retail,2009-12-03 12:36:00,setl_490020,customer_17581
uci_490022,490022,45.6,GBP,captured,online_retail,2009-12-03 12:37:00,setl_490022,customer_17581
uci_490023,490023,189.15,GBP,captured,online_retail,2009-12-03 12:38:00,setl_490023,customer_16168
uci_490024,490024,215.0,GBP,captured,online_retail,2009-12-03 12:40:00,setl_490024,customer_14606
uci_490034,490034,69.82,GBP,captured,online_retail,2009-12-03 12:45:00,setl_490034,customer_17287
uci_490045,490045,180.39,GBP,captured,online_retail,2009-12-03 12:50:00,setl_490045,customer_17287
uci_490047,490047,263.85,GBP,captured,online_retail,2009-12-03 13:02:00,setl_490047,customer_17913
uci_490046,490046,228.3,GBP,captured,online_retail,2009-12-03 13:02:00,setl_490046,customer_13416
uci_490048,490048,1146.71,GBP,captured,online_retail,2009-12-03 13:03:00,setl_490048,customer_16779
uci_490049,490049,102.0,GBP,captured,online_retail,2009-12-03 13:04:00,setl_490049,customer_15794
uci_490050,490050,13.5,GBP,captured,online_retail,2009-12-03 13:05:00,setl_490050,customer_17913
uci_490052,490052,831.0,GBP,captured,online_retail,2009-12-03 13:09:00,setl_490052,customer_13895
uci_490053,490053,119.54,GBP,captured,online_retail,2009-12-03 13:17:00,setl_490053,customer_14057
uci_490054,490054,277.5,GBP,captured,online_retail,2009-12-03 13:22:00,setl_490054,customer_17017
uci_490056,490056,61.12,GBP,captured,online_retail,2009-12-03 13:25:00,setl_490056,customer_13208
uci_490057,490057,360.52,GBP,captured,online_retail,2009-12-03 13:25:00,setl_490057,customer_17465
uci_490058,490058,47.85,GBP,captured,online_retail,2009-12-03 13:26:00,setl_490058,customer_17465
uci_490059,490059,14475.0,GBP,captured,online_retail,2009-12-03 13:30:00,setl_490059,customer_18102
uci_490060,490060,314.22,GBP,captured,online_retail,2009-12-03 13:32:00,setl_490060,customer_13468
uci_490061,490061,4000.0,GBP,captured,online_retail,2009-12-03 13:42:00,setl_490061,customer_18102
uci_490062,490062,165.3,GBP,captured,online_retail,2009-12-03 13:46:00,setl_490062,customer_13485
uci_490063,490063,210.39,GBP,captured,online_retail,2009-12-03 13:49:00,setl_490063,customer_17271
uci_490064,490064,355.59,GBP,captured,online_retail,2009-12-03 13:51:00,setl_490064,customer_16139
uci_490065,490065,1260.0,GBP,captured,online_retail,2009-12-03 13:58:00,setl_490065,customer_15061
uci_490066,490066,372.2,GBP,captured,online_retail,2009-12-03 14:00:00,setl_490066,customer_15953
uci_490067,490067,952.61,GBP,captured,online_retail,2009-12-03 14:02:00,setl_490067,customer_15856
uci_490068,490068,284.3,GBP,captured,online_retail,2009-12-03 14:06:00,setl_490068,customer_13085
uci_490069,490069,161.4,GBP,captured,online_retail,2009-12-03 14:07:00,setl_490069,customer_13085
uci_490070,490070,236.25,GBP,captured,online_retail,2009-12-03 14:07:00,setl_490070,customer_14967
uci_490071,490071,294.85,GBP,captured,online_retail,2009-12-03 14:11:00,setl_490071,customer_16497
uci_490072,490072,194.65,GBP,captured,online_retail,2009-12-03 14:28:00,setl_490072,customer_17764
uci_490073,490073,258.1,GBP,captured,online_retail,2009-12-03 14:36:00,setl_490073,customer_14905
uci_490075,490075,381.0,GBP,captured,online_retail,2009-12-03 14:42:00,setl_490075,customer_18229
uci_490077,490077,115.51,GBP,captured,online_retail,2009-12-03 15:09:00,setl_490077,customer_17293
uci_490078,490078,584.35,GBP,captured,online_retail,2009-12-03 15:09:00,setl_490078,customer_17853
uci_490079,490079,160.35,GBP,captured,online_retail,2009-12-03 15:15:00,setl_490079,customer_15550
uci_490080,490080,311.7,GBP,captured,online_retail,2009-12-03 15:20:00,setl_490080,customer_13531
uci_490081,490081,723.09,GBP,captured,online_retail,2009-12-03 15:32:00,setl_490081,customer_13786
uci_490082,490082,337.9,GBP,captured,online_retail,2009-12-03 15:34:00,setl_490082,customer_14952
uci_490083,490083,2506.14,GBP,captured,online_retail,2009-12-03 15:35:00,setl_490083,customer_14031
uci_490085,490085,170.06,GBP,captured,online_retail,2009-12-03 15:43:00,setl_490085,customer_12937
uci_490086,490086,799.2,GBP,captured,online_retail,2009-12-03 15:48:00,setl_490086,customer_17949
uci_490087,490087,898.18,GBP,captured,online_retail,2009-12-03 15:49:00,setl_490087,customer_15601
uci_490088,490088,17.0,GBP,captured,online_retail,2009-12-03 15:50:00,setl_490088,customer_15581
uci_490089,490089,466.2,GBP,captured,online_retail,2009-12-03 15:52:00,setl_490089,customer_17949
uci_490090,490090,45.55,GBP,captured,online_retail,2009-12-03 15:53:00,setl_490090,customer_15581
uci_490092,490092,510.87,GBP,captured,online_retail,2009-12-03 15:54:00,setl_490092,customer_16612
uci_490091,490091,636.0,GBP,captured,online_retail,2009-12-03 15:54:00,setl_490091,customer_17949
uci_490093,490093,1794.7,GBP,captured,online_retail,2009-12-03 15:56:00,setl_490093,customer_12949
uci_490094,490094,851.76,GBP,captured,online_retail,2009-12-03 15:56:00,setl_490094,customer_17949
uci_490095,490095,186.36,GBP,captured,online_retail,2009-12-03 16:02:00,setl_490095,customer_14958
uci_490097,490097,279.42,GBP,captured,online_retail,2009-12-03 16:09:00,setl_490097,customer_17329
uci_490099,490099,1225.98,GBP,captured,online_retail,2009-12-03 16:12:00,setl_490099,customer_16736
uci_490100,490100,869.93,GBP,captured,online_retail,2009-12-03 16:21:00,setl_490100,customer_13001
uci_490101,490101,338.5,GBP,captured,online_retail,2009-12-03 16:24:00,setl_490101,customer_14644
uci_490106,490106,314.37,GBP,captured,online_retail,2009-12-03 16:40:00,setl_490106,customer_14898
uci_490107,490107,110.7,GBP,captured,online_retail,2009-12-03 16:47:00,setl_490107,customer_14662
uci_490108,490108,239.68,GBP,captured,online_retail,2009-12-03 16:49:00,setl_490108,customer_17414
uci_490109,490109,415.0,GBP,captured,online_retail,2009-12-03 16:51:00,setl_490109,customer_14755
uci_490110,490110,30.15,GBP,captured,online_retail,2009-12-03 16:52:00,setl_490110,customer_14755
uci_490111,490111,321.21,GBP,captured,online_retail,2009-12-03 16:54:00,setl_490111,customer_17576
uci_490112,490112,313.19,GBP,captured,online_retail,2009-12-03 17:04:00,setl_490112,customer_13037
uci_490113,490113,39.2,GBP,captured,online_retail,2009-12-03 17:12:00,setl_490113,customer_14710
uci_490114,490114,257.62,GBP,captured,online_retail,2009-12-03 17:29:00,setl_490114,customer_18168
uci_490115,490115,342.6,GBP,captured,online_retail,2009-12-03 17:32:00,setl_490115,customer_17679
uci_490116,490116,122.4,GBP,captured,online_retail,2009-12-03 17:33:00,setl_490116,customer_17679
uci_490118,490118,317.04,GBP,captured,online_retail,2009-12-03 17:46:00,setl_490118,customer_17851
uci_490119,490119,108.75,GBP,captured,online_retail,2009-12-03 17:48:00,setl_490119,customer_12931
uci_490121,490121,112.03,GBP,captured,online_retail,2009-12-03 17:57:00,setl_490121,customer_14750
uci_490124,490124,319.87,GBP,captured,online_retail,2009-12-03 18:08:00,setl_490124,customer_16791
uci_490125,490125,297.05,GBP,captured,online_retail,2009-12-03 18:11:00,setl_490125,customer_16558
uci_490127,490127,569.18,GBP,captured,online_retail,2009-12-03 18:13:00,setl_490127,customer_14156
uci_490128,490128,241.8,GBP,captured,online_retail,2009-12-03 18:23:00,setl_490128,customer_15884
uci_490132,490132,197.3,GBP,captured,online_retail,2009-12-03 18:30:00,setl_490132,customer_17343
uci_490134,490134,151.65,GBP,captured,online_retail,2009-12-03 18:41:00,setl_490134,customer_17372
uci_490135,490135,387.87,GBP,captured,online_retail,2009-12-03 18:51:00,setl_490135,customer_16003
uci_490136,490136,174.85,GBP,captured,online_retail,2009-12-03 19:13:00,setl_490136,customer_17432
uci_490137,490137,160.69,GBP,captured,online_retail,2009-12-03 19:22:00,setl_490137,customer_14713
uci_490138,490138,339.78,GBP,captured,online_retail,2009-12-03 19:23:00,setl_490138,customer_16722
uci_490139,490139,210.55,GBP,captured,online_retail,2009-12-03 19:31:00,setl_490139,customer_12577
uci_490140,490140,407.22,GBP,captured,online_retail,2009-12-03 20:03:00,setl_490140,customer_12872
uci_490141,490141,308.75,GBP,captured,online_retail,2009-12-04 08:24:00,setl_490141,customer_15755
uci_490142,490142,1261.0,GBP,captured,online_retail,2009-12-04 08:36:00,setl_490142,customer_14258
uci_490143,490143,1610.52,GBP,captured,online_retail,2009-12-04 08:40:00,setl_490143,customer_14286
uci_490144,490144,337.1,GBP,captured,online_retail,2009-12-04 08:46:00,setl_490144,customer_13154
uci_490145,490145,989.18,GBP,captured,online_retail,2009-12-04 09:27:00,setl_490145,customer_14564
uci_490147,490147,510.64,GBP,captured,online_retail,2009-12-04 09:31:00,setl_490147,customer_13408
uci_490151,490151,160.39,GBP,captured,online_retail,2009-12-04 09:49:00,setl_490151,customer_16645
uci_490152,490152,682.65,GBP,captured,online_retail,2009-12-04 10:00:00,setl_490152,customer_12714
uci_490154,490154,290.48,GBP,captured,online_retail,2009-12-04 10:18:00,setl_490154,customer_16335
uci_490156,490156,455.36,GBP,captured,online_retail,2009-12-04 10:32:00,setl_490156,customer_13093
uci_490157,490157,138.0,GBP,captured,online_retail,2009-12-04 10:39:00,setl_490157,customer_16736
uci_490158,490158,508.26,GBP,captured,online_retail,2009-12-04 10:47:00,setl_490158,customer_12759
uci_490159,490159,19.5,GBP,captured,online_retail,2009-12-04 10:48:00,setl_490159,customer_13666
uci_490160,490160,244.8,GBP,captured,online_retail,2009-12-04 10:52:00,setl_490160,customer_13777
uci_490161,490161,825.94,GBP,captured,online_retail,2009-12-04 10:57:00,setl_490161,customer_17160
uci_490162,490162,280.2,GBP,captured,online_retail,2009-12-04 11:07:00,setl_490162,customer_13946
uci_490163,490163,141.63,GBP,captured,online_retail,2009-12-04 11:22:00,setl_490163,customer_14723
uci_490164,490164,1058.4,GBP,captured,online_retail,2009-12-04 11:32:00,setl_490164,customer_14961
uci_490166,490166,371.85,GBP,captured,online_retail,2009-12-04 11:32:00,setl_490166,customer_14735
uci_490167,490167,312.21,GBP,captured,online_retail,2009-12-04 11:36:00,setl_490167,customer_18061
uci_490171,490171,29.28,GBP,captured,online_retail,2009-12-04 11:54:00,setl_490171,customer_15581
uci_490202,490202,410.0,GBP,captured,online_retail,2009-12-04 12:03:00,setl_490202,customer_15078
uci_490209,490209,908.04,GBP,captured,online_retail,2009-12-04 12:06:00,setl_490209,customer_17389
uci_490212,490212,108.95,GBP,captured,online_retail,2009-12-04 12:07:00,setl_490212,customer_16883
uci_490214,490214,319.15,GBP,captured,online_retail,2009-12-04 12:11:00,setl_490214,customer_13175
uci_490218,490218,67.68,GBP,captured,online_retail,2009-12-04 12:12:00,setl_490218,customer_17076
uci_490219,490219,155.65,GBP,captured,online_retail,2009-12-04 12:14:00,setl_490219,customer_13948
uci_490229,490229,1185.16,GBP,captured,online_retail,2009-12-04 12:20:00,setl_490229,customer_18223
uci_490247,490247,351.3,GBP,captured,online_retail,2009-12-04 12:28:00,setl_490247,customer_16192
uci_490258,490258,20.4,GBP,captured,online_retail,2009-12-04 12:31:00,setl_490258,customer_15999
uci_490266,490266,231.2,GBP,captured,online_retail,2009-12-04 12:33:00,setl_490266,customer_15109
uci_490272,490272,521.38,GBP,captured,online_retail,2009-12-04 12:36:00,setl_490272,customer_14680
uci_490277,490277,1077.6,GBP,captured,online_retail,2009-12-04 12:37:00,setl_490277,customer_18092
uci_490279,490279,317.83,GBP,captured,online_retail,2009-12-04 12:37:00,setl_490279,customer_16891
uci_490281,490281,311.2,GBP,captured,online_retail,2009-12-04 12:37:00,setl_490281,customer_13481
uci_490282,490282,107.95,GBP,captured,online_retail,2009-12-04 12:41:00,setl_490282,customer_13807
uci_490284,490284,439.46,GBP,captured,online_retail,2009-12-04 12:54:00,setl_490284,customer_14979
uci_490286,490286,762.1,GBP,captured,online_retail,2009-12-04 12:59:00,setl_490286,customer_14527
uci_490285,490285,373.74,GBP,captured,online_retail,2009-12-04 12:59:00,setl_490285,customer_16656
uci_490288,490288,332.16,GBP,captured,online_retail,2009-12-04 13:00:00,setl_490288,customer_17157
uci_490287,490287,367.1,GBP,captured,online_retail,2009-12-04 13:00:00,setl_490287,customer_16746
uci_490289,490289,273.75,GBP,captured,online_retail,2009-12-04 13:01:00,setl_490289,customer_15309
uci_490290,490290,164.03,GBP,captured,online_retail,2009-12-04 13:21:00,setl_490290,customer_16325
uci_490291,490291,424.03,GBP,captured,online_retail,2009-12-04 13:22:00,setl_490291,customer_16541
uci_490292,490292,460.55,GBP,captured,online_retail,2009-12-04 13:23:00,setl_490292,customer_16723
uci_490293,490293,137.4,GBP,captured,online_retail,2009-12-04 13:31:00,setl_490293,customer_16699
uci_490294,490294,378.96,GBP,captured,online_retail,2009-12-04 13:41:00,setl_490294,customer_16710
uci_490295,490295,435.88,GBP,captured,online_retail,2009-12-04 13:47:00,setl_490295,customer_12510
uci_490297,490297,694.2,GBP,captured,online_retail,2009-12-04 13:59:00,setl_490297,customer_13162
uci_490298,490298,1523.2,GBP,captured,online_retail,2009-12-04 14:13:00,setl_490298,customer_15382
uci_490299,490299,621.22,GBP,captured,online_retail,2009-12-04 14:14:00,setl_490299,customer_13680
uci_490300,490300,260.64,GBP,captured,online_retail,2009-12-04 14:19:00,setl_490300,customer_12970
uci_490301,490301,345.27,GBP,captured,online_retail,2009-12-04 14:24:00,setl_490301,customer_15311
uci_490302,490302,303.62,GBP,captured,online_retail,2009-12-04 14:29:00,setl_490302,customer_17841
uci_490303,490303,106.25,GBP,captured,online_retail,2009-12-04 14:33:00,setl_490303,customer_17935
uci_490304,490304,843.01,GBP,captured,online_retail,2009-12-04 14:35:00,setl_490304,customer_17593
uci_490305,490305,726.57,GBP,captured,online_retail,2009-12-04 14:37:00,setl_490305,customer_17243
uci_490308,490308,194.53,GBP,captured,online_retail,2009-12-04 14:52:00,setl_490308,customer_12835
uci_490310,490310,231.9,GBP,captured,online_retail,2009-12-04 14:56:00,setl_490310,customer_17151
uci_490311,490311,307.65,GBP,captured,online_retail,2009-12-04 15:11:00,setl_490311,customer_16451
uci_490312,490312,326.13,GBP,captured,online_retail,2009-12-04 15:16:00,setl_490312,customer_17961
uci_490313,490313,137.95,GBP,captured,online_retail,2009-12-04 15:18:00,setl_490313,customer_17127
uci_490320,490320,867.89,GBP,captured,online_retail,2009-12-04 15:26:00,setl_490320,customer_13694
uci_490323,490323,236.69,GBP,captured,online_retail,2009-12-04 15:27:00,setl_490323,customer_14087
uci_490324,490324,672.0,GBP,captured,online_retail,2009-12-04 15:27:00,setl_490324,customer_13694
uci_490326,490326,149.1,GBP,captured,online_retail,2009-12-04 15:28:00,setl_490326,customer_13733
uci_490327,490327,990.0,GBP,captured,online_retail,2009-12-04 15:29:00,setl_490327,customer_13694
uci_490331,490331,298.99,GBP,captured,online_retail,2009-12-04 15:30:00,setl_490331,customer_18181
uci_490340,490340,630.39,GBP,captured,online_retail,2009-12-04 15:40:00,setl_490340,customer_13174
uci_490341,490341,334.65,GBP,captured,online_retail,2009-12-04 15:41:00,setl_490341,customer_13329
uci_490342,490342,130.8,GBP,captured,online_retail,2009-12-04 15:43:00,setl_490342,customer_17421
uci_490346,490346,216.6,GBP,captured,online_retail,2009-12-04 16:12:00,setl_490346,customer_16351
uci_490347,490347,109.4,GBP,captured,online_retail,2009-12-04 16:13:00,setl_490347,customer_15684
uci_490349,490349,32.25,GBP,captured,online_retail,2009-12-04 16:23:00,setl_490349,customer_17884
uci_490353,490353,532.28,GBP,captured,online_retail,2009-12-04 16:37:00,setl_490353,customer_15514
uci_490355,490355,538.11,GBP,captured,online_retail,2009-12-04 16:39:00,setl_490355,customer_13093
uci_490356,490356,117.13,GBP,captured,online_retail,2009-12-04 16:45:00,setl_490356,customer_17884
uci_490360,490360,126.8,GBP,captured,online_retail,2009-12-04 16:52:00,setl_490360,customer_13679
uci_490359,490359,59.5,GBP,captured,online_retail,2009-12-04 16:52:00,setl_490359,customer_18225
uci_490362,490362,220.9,GBP,captured,online_retail,2009-12-04 17:31:00,setl_490362,customer_12748
uci_490363,490363,138.24,GBP,captured,online_retail,2009-12-05 10:11:00,setl_490363,customer_13199
uci_490364,490364,103.95,GBP,captured,online_retail,2009-12-05 10:25:00,setl_490364,customer_13487
uci_490365,490365,351.6,GBP,captured,online_retail,2009-12-05 10:27:00,setl_490365,customer_17018
uci_490366,490366,227.25,GBP,captured,online_retail,2009-12-05 10:31:00,setl_490366,customer_18071
uci_490367,490367,79.6,GBP,captured,online_retail,2009-12-05 10:44:00,setl_490367,customer_16593
uci_490368,490368,159.1,GBP,captured,online_retail,2009-12-05 10:58:00,setl_490368,customer_14238
uci_490369,490369,230.2,GBP,captured,online_retail,2009-12-05 11:19:00,setl_490369,customer_15223
uci_490370,490370,452.95,GBP,captured,online_retail,2009-12-05 12:01:00,setl_490370,customer_17593
uci_490371,490371,233.71,GBP,captured,online_retail,2009-12-05 12:02:00,setl_490371,customer_13021
uci_490372,490372,434.15,GBP,captured,online_retail,2009-12-05 12:13:00,setl_490372,customer_17115
uci_490373,490373,502.54,GBP,captured,online_retail,2009-12-05 12:28:00,setl_490373,customer_17850
uci_490374,490374,136.75,GBP,captured,online_retail,2009-12-05 12:36:00,setl_490374,customer_14239
uci_490375,490375,350.55,GBP,captured,online_retail,2009-12-05 12:42:00,setl_490375,customer_13999
uci_490376,490376,796.55,GBP,captured,online_retail,2009-12-05 13:12:00,setl_490376,customer_13958
uci_490377,490377,15.0,GBP,captured,online_retail,2009-12-05 13:13:00,setl_490377,customer_13958
uci_490378,490378,224.1,GBP,captured,online_retail,2009-12-05 13:17:00,setl_490378,customer_13641
uci_490380,490380,478.74,GBP,captured,online_retail,2009-12-05 13:26:00,setl_490380,customer_17850
uci_490381,490381,97.11,GBP,captured,online_retail,2009-12-05 13:29:00,setl_490381,customer_15420
uci_490382,490382,760.69,GBP,captured,online_retail,2009-12-05 13:32:00,setl_490382,customer_12359
uci_490383,490383,148.3,GBP,captured,online_retail,2009-12-05 13:37:00,setl_490383,customer_12820
uci_490385,490385,130.32,GBP,captured,online_retail,2009-12-05 14:51:00,setl_490385,customer_16410
uci_490386,490386,549.77,GBP,captured,online_retail,2009-12-05 14:57:00,setl_490386,customer_15240
uci_490387,490387,450.84,GBP,captured,online_retail,2009-12-05 14:59:00,setl_490387,customer_17850
uci_490388,490388,146.62,GBP,captured,online_retail,2009-12-05 15:00:00,setl_490388,customer_16158
uci_490389,490389,689.5,GBP,captured,online_retail,2009-12-05 15:18:00,setl_490389,customer_15484
uci_490390,490390,256.2,GBP,captured,online_retail,2009-12-05 15:26:00,setl_490390,customer_14709
uci_490391,490391,304.1,GBP,captured,online_retail,2009-12-05 15:27:00,setl_490391,customer_15057
uci_490392,490392,203.32,GBP,captured,online_retail,2009-12-05 15:47:00,setl_490392,customer_14867
uci_490393,490393,281.02,GBP,captured,online_retail,2009-12-05 16:01:00,setl_490393,customer_17642
uci_490394,490394,870.28,GBP,captured,online_retail,2009-12-05 16:01:00,setl_490394,customer_17850
uci_490395,490395,283.15,GBP,captured,online_retail,2009-12-06 10:16:00,setl_490395,customer_13813
uci_490396,490396,269.15,GBP,captured,online_retail,2009-12-06 10:26:00,setl_490396,customer_13589
uci_490397,490397,309.1,GBP,captured,online_retail,2009-12-06 10:30:00,setl_490397,customer_12417
uci_490398,490398,567.71,GBP,captured,online_retail,2009-12-06 10:37:00,setl_490398,customer_17920
uci_490399,490399,441.63,GBP,captured,online_retail,2009-12-06 10:38:00,setl_490399,customer_12975
uci_490400,490400,689.9,GBP,captured,online_retail,2009-12-06 10:41:00,setl_490400,customer_16104
uci_490401,490401,139.25,GBP,captured,online_retail,2009-12-06 10:51:00,setl_490401,customer_17150
uci_490403,490403,316.74,GBP,captured,online_retail,2009-12-06 11:13:00,setl_490403,customer_17920
uci_490404,490404,188.69,GBP,captured,online_retail,2009-12-06 11:27:00,setl_490404,customer_16277
uci_490405,490405,260.65,GBP,captured,online_retail,2009-12-06 11:27:00,setl_490405,customer_17244
uci_490408,490408,413.44,GBP,captured,online_retail,2009-12-06 11:33:00,setl_490408,customer_17850
uci_490430,490430,253.55,GBP,captured,online_retail,2009-12-06 11:45:00,setl_490430,customer_15260
uci_490458,490458,817.44,GBP,captured,online_retail,2009-12-06 11:57:00,setl_490458,customer_12583
uci_490459,490459,950.69,GBP,captured,online_retail,2009-12-06 11:58:00,setl_490459,customer_15555
uci_490461,490461,720.79,GBP,captured,online_retail,2009-12-06 12:07:00,setl_490461,customer_13736
uci_490463,490463,305.5,GBP,captured,online_retail,2009-12-06 12:10:00,setl_490463,customer_14133
uci_490464,490464,118.26,GBP,captured,online_retail,2009-12-06 12:10:00,setl_490464,customer_15571
uci_490465,490465,933.35,GBP,captured,online_retail,2009-12-06 12:14:00,setl_490465,customer_13448
uci_490466,490466,183.6,GBP,captured,online_retail,2009-12-06 12:16:00,setl_490466,customer_17085
uci_490467,490467,280.94,GBP,captured,online_retail,2009-12-06 12:17:00,setl_490467,customer_15059
uci_490468,490468,204.24,GBP,captured,online_retail,2009-12-06 12:21:00,setl_490468,customer_14468
uci_490470,490470,242.96,GBP,captured,online_retail,2009-12-06 12:26:00,setl_490470,customer_16395
uci_490472,490472,619.24,GBP,captured,online_retail,2009-12-06 12:28:00,setl_490472,customer_16485
uci_490471,490471,212.13,GBP,captured,online_retail,2009-12-06 12:28:00,setl_490471,customer_15878
uci_490473,490473,204.65,GBP,captured,online_retail,2009-12-06 12:31:00,setl_490473,customer_15860
uci_490474,490474,748.42,GBP,captured,online_retail,2009-12-06 12:34:00,setl_490474,customer_13373
uci_490476,490476,211.62,GBP,captured,online_retail,2009-12-06 12:34:00,setl_490476,customer_14608
uci_490477,490477,533.14,GBP,captured,online_retail,2009-12-06 12:41:00,setl_490477,customer_17850
uci_490478,490478,302.5,GBP,captured,online_retail,2009-12-06 12:42:00,setl_490478,customer_14896
uci_490479,490479,1450.2,GBP,captured,online_retail,2009-12-06 12:42:00,setl_490479,customer_16779
uci_490481,490481,21.25,GBP,captured,online_retail,2009-12-06 12:51:00,setl_490481,customer_16964
uci_490482,490482,289.3,GBP,captured,online_retail,2009-12-06 12:52:00,setl_490482,customer_15983
uci_490483,490483,132.4,GBP,captured,online_retail,2009-12-06 12:52:00,setl_490483,customer_13782
uci_490484,490484,186.6,GBP,captured,online_retail,2009-12-06 12:53:00,setl_490484,customer_16964
uci_490485,490485,125.94,GBP,captured,online_retail,2009-12-06 12:56:00,setl_490485,customer_14454
uci_490486,490486,90.0,GBP,captured,online_retail,2009-12-06 13:00:00,setl_490486,customer_16779
uci_490487,490487,81.3,GBP,captured,online_retail,2009-12-06 13:05:00,setl_490487,customer_14717
uci_490488,490488,647.82,GBP,captured,online_retail,2009-12-06 13:07:00,setl_490488,customer_16718
uci_490489,490489,266.19,GBP,captured,online_retail,2009-12-06 13:08:00,setl_490489,customer_15751
uci_490490,490490,547.73,GBP,captured,online_retail,2009-12-06 13:10:00,setl_490490,customer_14546
uci_490491,490491,175.2,GBP,captured,online_retail,2009-12-06 13:19:00,setl_490491,customer_17848
uci_490493,490493,12.75,GBP,captured,online_retail,2009-12-06 13:21:00,setl_490493,customer_15751
uci_490494,490494,192.27,GBP,captured,online_retail,2009-12-06 13:29:00,setl_490494,customer_17561
uci_490496,490496,671.56,GBP,captured,online_retail,2009-12-06 13:40:00,setl_490496,customer_15547
uci_490499,490499,406.7,GBP,captured,online_retail,2009-12-06 13:45:00,setl_490499,customer_17406
uci_490500,490500,355.13,GBP,captured,online_retail,2009-12-06 13:48:00,setl_490500,customer_14479
uci_490501,490501,285.64,GBP,captured,online_retail,2009-12-06 13:49:00,setl_490501,customer_16710
uci_490502,490502,101.4,GBP,captured,online_retail,2009-12-06 13:53:00,setl_490502,customer_17969
uci_490503,490503,582.12,GBP,captured,online_retail,2009-12-06 14:00:00,setl_490503,customer_14548
uci_490504,490504,391.92,GBP,captured,online_retail,2009-12-06 14:03:00,setl_490504,customer_15311
uci_490505,490505,98.16,GBP,captured,online_retail,2009-12-06 14:06:00,setl_490505,customer_14548
uci_490506,490506,25.46,GBP,captured,online_retail,2009-12-06 14:10:00,setl_490506,customer_17916
uci_490508,490508,450.84,GBP,captured,online_retail,2009-12-06 14:14:00,setl_490508,customer_17850
uci_490511,490511,626.6,GBP,captured,online_retail,2009-12-06 14:46:00,setl_490511,customer_13319
uci_490512,490512,235.13,GBP,captured,online_retail,2009-12-06 14:54:00,setl_490512,customer_14606
uci_490514,490514,137.75,GBP,captured,online_retail,2009-12-06 15:01:00,setl_490514,customer_16773
uci_490515,490515,147.4,GBP,captured,online_retail,2009-12-06 15:08:00,setl_490515,customer_15479
uci_490516,490516,504.54,GBP,captured,online_retail,2009-12-06 15:09:00,setl_490516,customer_17850
uci_490518,490518,474.32,GBP,captured,online_retail,2009-12-06 15:12:00,setl_490518,customer_15822
uci_490519,490519,213.65,GBP,captured,online_retail,2009-12-06 15:15:00,setl_490519,customer_13890
uci_490521,490521,235.84,GBP,captured,online_retail,2009-12-06 15:24:00,setl_490521,customer_13211
uci_490522,490522,150.4,GBP,captured,online_retail,2009-12-06 15:31:00,setl_490522,customer_15641
uci_490524,490524,436.18,GBP,captured,online_retail,2009-12-06 15:35:00,setl_490524,customer_14123
uci_490525,490525,255.0,GBP,captured,online_retail,2009-12-06 15:40:00,setl_490525,customer_13019
uci_490526,490526,533.97,GBP,captured,online_retail,2009-12-06 15:41:00,setl_490526,customer_17858
uci_490527,490527,182.01,GBP,captured,online_retail,2009-12-06 15:46:00,setl_490527,customer_14940
uci_490528,490528,118.25,GBP,captured,online_retail,2009-12-06 15:48:00,setl_490528,customer_16686
uci_490529,490529,48.89,GBP,captured,online_retail,2009-12-06 15:51:00,setl_490529,customer_16686
uci_490530,490530,161.8,GBP,captured,online_retail,2009-12-06 16:01:00,setl_490530,customer_15691
uci_490531,490531,166.95,GBP,captured,online_retail,2009-12-06 16:02:00,setl_490531,customer_16436
uci_490533,490533,378.05,GBP,captured,online_retail,2009-12-06 16:07:00,setl_490533,customer_17610
uci_490534,490534,263.68,GBP,captured,online_retail,2009-12-06 16:17:00,setl_490534,customer_17530
uci_490535,490535,560.58,GBP,captured,online_retail,2009-12-07 08:13:00,setl_490535,customer_17850
uci_490536,490536,221.9,GBP,captured,online_retail,2009-12-07 08:24:00,setl_490536,customer_13491
uci_490537,490537,209.41,GBP,captured,online_retail,2009-12-07 08:53:00,setl_490537,customer_14003
uci_490538,490538,504.54,GBP,captured,online_retail,2009-12-07 09:14:00,setl_490538,customer_17850
uci_490539,490539,346.0,GBP,captured,online_retail,2009-12-07 09:18:00,setl_490539,customer_12839
uci_490542,490542,716.35,GBP,captured,online_retail,2009-12-07 09:42:00,setl_490542,customer_14911
uci_490545,490545,34.0,GBP,captured,online_retail,2009-12-07 10:15:00,setl_490545,customer_17557
uci_490547,490547,311.2,GBP,captured,online_retail,2009-12-07 10:21:00,setl_490547,customer_14738
uci_490548,490548,504.54,GBP,captured,online_retail,2009-12-07 10:26:00,setl_490548,customer_17850
uci_490557,490557,463.0,GBP,captured,online_retail,2009-12-07 10:33:00,setl_490557,customer_16124
uci_490561,490561,41.3,GBP,captured,online_retail,2009-12-07 10:38:00,setl_490561,customer_15260
uci_490563,490563,808.12,GBP,captured,online_retail,2009-12-07 10:41:00,setl_490563,customer_12471
uci_490564,490564,367.9,GBP,captured,online_retail,2009-12-07 10:42:00,setl_490564,customer_12471
uci_490569,490569,411.2,GBP,captured,online_retail,2009-12-07 10:48:00,setl_490569,customer_17739
uci_490577,490577,187.19,GBP,captured,online_retail,2009-12-07 10:51:00,setl_490577,customer_16556
uci_490603,490603,287.49,GBP,captured,online_retail,2009-12-07 11:05:00,setl_490603,customer_14695
uci_490604,490604,682.4,GBP,captured,online_retail,2009-12-07 11:19:00,setl_490604,customer_14828
uci_490605,490605,191.74,GBP,captured,online_retail,2009-12-07 11:20:00,setl_490605,customer_15115
uci_490606,490606,426.0,GBP,captured,online_retail,2009-12-07 11:26:00,setl_490606,customer_17850
uci_490607,490607,173.55,GBP,captured,online_retail,2009-12-07 11:29:00,setl_490607,customer_13693
uci_490608,490608,163.77,GBP,captured,online_retail,2009-12-07 11:35:00,setl_490608,customer_14955
uci_490609,490609,218.33,GBP,captured,online_retail,2009-12-07 11:39:00,setl_490609,customer_14037
uci_490610,490610,211.62,GBP,captured,online_retail,2009-12-07 11:40:00,setl_490610,customer_18077
uci_490611,490611,312.65,GBP,captured,online_retail,2009-12-07 11:41:00,setl_490611,customer_13905
uci_490612,490612,610.95,GBP,captured,online_retail,2009-12-07 11:46:00,setl_490612,customer_17508
uci_490613,490613,224.98,GBP,captured,online_retail,2009-12-07 11:47:00,setl_490613,customer_16768
uci_490616,490616,214.8,GBP,captured,online_retail,2009-12-07 11:51:00,setl_490616,customer_13984
uci_490618,490618,44.7,GBP,captured,online_retail,2009-12-07 11:52:00,setl_490618,customer_13984
uci_490625,490625,362.6,GBP,captured,online_retail,2009-12-07 11:55:00,setl_490625,customer_14543
uci_490636,490636,425.09,GBP,captured,online_retail,2009-12-07 12:08:00,setl_490636,customer_13564
uci_490637,490637,452.16,GBP,captured,online_retail,2009-12-07 12:12:00,setl_490637,customer_13495
uci_490638,490638,147.1,GBP,captured,online_retail,2009-12-07 12:13:00,setl_490638,customer_13190
uci_490640,490640,321.0,GBP,captured,online_retail,2009-12-07 12:18:00,setl_490640,customer_14408
uci_490642,490642,446.4,GBP,captured,online_retail,2009-12-07 12:19:00,setl_490642,customer_15358
uci_490641,490641,51.0,GBP,captured,online_retail,2009-12-07 12:19:00,setl_490641,customer_17707
uci_490653,490653,990.48,GBP,captured,online_retail,2009-12-07 12:25:00,setl_490653,customer_17044
uci_490659,490659,380.84,GBP,captured,online_retail,2009-12-07 12:26:00,setl_490659,customer_17850
uci_490657,490657,208.83,GBP,captured,online_retail,2009-12-07 12:26:00,setl_490657,customer_14471
uci_490665,490665,76.5,GBP,captured,online_retail,2009-12-07 12:31:00,setl_490665,customer_17436
uci_490667,490667,238.85,GBP,captured,online_retail,2009-12-07 12:32:00,setl_490667,customer_13234
uci_490668,490668,312.33,GBP,captured,online_retail,2009-12-07 12:41:00,setl_490668,customer_16525
uci_490670,490670,143.7,GBP,captured,online_retail,2009-12-07 12:42:00,setl_490670,customer_14574
uci_490669,490669,214.17,GBP,captured,online_retail,2009-12-07 12:42:00,setl_490669,customer_15716
uci_490671,490671,488.16,GBP,captured,online_retail,2009-12-07 12:56:00,setl_490671,customer_16684
uci_490672,490672,660.96,GBP,captured,online_retail,2009-12-07 12:58:00,setl_490672,customer_16684
uci_490673,490673,156.5,GBP,captured,online_retail,2009-12-07 13:00:00,setl_490673,customer_14540
uci_490674,490674,242.1,GBP,captured,online_retail,2009-12-07 13:06:00,setl_490674,customer_14307
uci_490675,490675,696.54,GBP,captured,online_retail,2009-12-07 13:07:00,setl_490675,customer_14695
uci_490676,490676,451.44,GBP,captured,online_retail,2009-12-07 13:17:00,setl_490676,customer_17850
uci_490677,490677,151.72,GBP,captured,online_retail,2009-12-07 13:17:00,setl_490677,customer_18219
uci_490678,490678,380.65,GBP,captured,online_retail,2009-12-07 13:23:00,setl_490678,customer_12747
uci_490679,490679,379.16,GBP,captured,online_retail,2009-12-07 13:24:00,setl_490679,customer_18162
uci_490680,490680,293.35,GBP,captured,online_retail,2009-12-07 13:32:00,setl_490680,customer_17441
uci_490681,490681,164.75,GBP,captured,online_retail,2009-12-07 13:35:00,setl_490681,customer_17988
uci_490682,490682,285.9,GBP,captured,online_retail,2009-12-07 13:37:00,setl_490682,customer_12600
uci_490683,490683,413.0,GBP,captured,online_retail,2009-12-07 13:45:00,setl_490683,customer_17865
uci_490684,490684,74.56,GBP,captured,online_retail,2009-12-07 13:46:00,setl_490684,customer_12523
uci_490685,490685,1066.82,GBP,captured,online_retail,2009-12-07 13:48:00,setl_490685,customer_13206
uci_490687,490687,924.95,GBP,captured,online_retail,2009-12-07 13:49:00,setl_490687,customer_14911
uci_490686,490686,153.28,GBP,captured,online_retail,2009-12-07 13:49:00,setl_490686,customer_14512
uci_490689,490689,307.91,GBP,captured,online_retail,2009-12-07 13:52:00,setl_490689,customer_17865
uci_490690,490690,207.9,GBP,captured,online_retail,2009-12-07 13:55:00,setl_490690,customer_16353
uci_490691,490691,306.0,GBP,captured,online_retail,2009-12-07 13:56:00,setl_490691,customer_16353
uci_490692,490692,195.78,GBP,captured,online_retail,2009-12-07 13:57:00,setl_490692,customer_16018
uci_490693,490693,190.47,GBP,captured,online_retail,2009-12-07 13:59:00,setl_490693,customer_14670
uci_490694,490694,1244.32,GBP,captured,online_retail,2009-12-07 14:02:00,setl_490694,customer_13089
uci_490695,490695,108.4,GBP,captured,online_retail,2009-12-07 14:10:00,setl_490695,customer_14590
uci_490697,490697,378.84,GBP,captured,online_retail,2009-12-07 14:27:00,setl_490697,customer_17850
uci_490703,490703,154.2,GBP,captured,online_retail,2009-12-07 14:44:00,setl_490703,customer_13070
uci_490704,490704,355.38,GBP,captured,online_retail,2009-12-07 14:52:00,setl_490704,customer_17457
uci_490705,490705,204.0,GBP,captured,online_retail,2009-12-07 14:56:00,setl_490705,customer_12913
uci_490706,490706,1088.63,GBP,captured,online_retail,2009-12-07 14:58:00,setl_490706,customer_17865
uci_490707,490707,45.9,GBP,captured,online_retail,2009-12-07 15:02:00,setl_490707,customer_17865
uci_490708,490708,241.05,GBP,captured,online_retail,2009-12-07 15:10:00,setl_490708,customer_15421
uci_490709,490709,198.98,GBP,captured,online_retail,2009-12-07 15:15:00,setl_490709,customer_17884
uci_490710,490710,332.7,GBP,captured,online_retail,2009-12-07 15:19:00,setl_490710,customer_17990
uci_490711,490711,448.96,GBP,captured,online_retail,2009-12-07 15:26:00,setl_490711,customer_17841
uci_490712,490712,331.4,GBP,captured,online_retail,2009-12-07 15:26:00,setl_490712,customer_13148
uci_490714,490714,4.95,GBP,captured,online_retail,2009-12-07 15:27:00,setl_490714,customer_17841
uci_490717,490717,449.95,GBP,captured,online_retail,2009-12-07 15:28:00,setl_490717,customer_17364
uci_490719,490719,668.1,GBP,captured,online_retail,2009-12-07 15:42:00,setl_490719,customer_13042
uci_490718,490718,485.31,GBP,captured,online_retail,2009-12-07 15:42:00,setl_490718,customer_12443
uci_490720,490720,357.87,GBP,captured,online_retail,2009-12-07 15:43:00,setl_490720,customer_15694
uci_490722,490722,386.39,GBP,captured,online_retail,2009-12-07 15:55:00,setl_490722,customer_16717
uci_490724,490724,716.04,GBP,captured,online_retail,2009-12-07 16:17:00,setl_490724,customer_13767
uci_490725,490725,343.44,GBP,captured,online_retail,2009-12-07 16:24:00,setl_490725,customer_13694
uci_490726,490726,561.6,GBP,captured,online_retail,2009-12-07 16:28:00,setl_490726,customer_13694
uci_490727,490727,285.35,GBP,captured,online_retail,2009-12-07 16:38:00,setl_490727,customer_17231
uci_490728,490728,221.52,GBP,captured,online_retail,2009-12-07 16:40:00,setl_490728,customer_16702
uci_490734,490734,306.55,GBP,captured,online_retail,2009-12-07 16:56:00,setl_490734,customer_13267
uci_490733,490733,412.6,GBP,captured,online_retail,2009-12-07 16:56:00,setl_490733,customer_12540
uci_490737,490737,389.62,GBP,captured,online_retail,2009-12-07 17:18:00,setl_490737,customer_17270
uci_490738,490738,25.5,GBP,captured,online_retail,2009-12-07 17:49:00,setl_490738,customer_16436
uci_490747,490747,8.92,GBP,captured,online_retail,2009-12-07 18:12:00,setl_490747,customer_13393
uci_490749,490749,580.64,GBP,captured,online_retail,2009-12-08 07:42:00,setl_490749,customer_14113
uci_490750,490750,312.96,GBP,captured,online_retail,2009-12-08 07:43:00,setl_490750,customer_15369
uci_490751,490751,1429.83,GBP,captured,online_retail,2009-12-08 07:59:00,setl_490751,customer_12358
uci_490752,490752,356.4,GBP,captured,online_retail,2009-12-08 08:38:00,setl_490752,customer_18259
uci_490753,490753,322.65,GBP,captured,online_retail,2009-12-08 08:48:00,setl_490753,customer_17047
uci_490754,490754,302.78,GBP,captured,online_retail,2009-12-08 09:19:00,setl_490754,customer_14136
uci_490755,490755,338.34,GBP,captured,online_retail,2009-12-08 09:24:00,setl_490755,customer_16735
uci_490757,490757,425.59,GBP,captured,online_retail,2009-12-08 09:35:00,setl_490757,customer_14215
uci_490759,490759,182.88,GBP,captured,online_retail,2009-12-08 09:46:00,setl_490759,customer_15971
uci_490760,490760,10.0,GBP,captured,online_retail,2009-12-08 09:49:00,setl_490760,customer_14295
uci_490761,490761,255.04,GBP,captured,online_retail,2009-12-08 09:56:00,setl_490761,customer_13382
uci_490762,490762,323.39,GBP,captured,online_retail,2009-12-08 10:02:00,setl_490762,customer_13025
uci_490763,490763,1020.0,GBP,captured,online_retail,2009-12-08 10:24:00,setl_490763,customer_16013
uci_490764,490764,306.45,GBP,captured,online_retail,2009-12-08 10:41:00,setl_490764,customer_14558
uci_490767,490767,44.32,GBP,captured,online_retail,2009-12-08 11:07:00,setl_490767,customer_18002
uci_490770,490770,135.94,GBP,captured,online_retail,2009-12-08 11:13:00,setl_490770,customer_17854
uci_490769,490769,221.0,GBP,captured,online_retail,2009-12-08 11:13:00,setl_490769,customer_16013
uci_490782,490782,707.93,GBP,captured,online_retail,2009-12-08 11:22:00,setl_490782,customer_15079
uci_490785,490785,2590.8,GBP,captured,online_retail,2009-12-08 11:23:00,setl_490785,customer_16029
uci_490786,490786,30.6,GBP,captured,online_retail,2009-12-08 11:23:00,setl_490786,customer_15079
uci_490789,490789,192.55,GBP,captured,online_retail,2009-12-08 11:27:00,setl_490789,customer_18271
uci_490796,490796,870.63,GBP,captured,online_retail,2009-12-08 11:44:00,setl_490796,customer_14290
uci_490797,490797,155.7,GBP,captured,online_retail,2009-12-08 11:46:00,setl_490797,customer_17268
uci_490800,490800,7.8,GBP,captured,online_retail,2009-12-08 11:56:00,setl_490800,customer_14735
uci_490802,490802,19.5,GBP,captured,online_retail,2009-12-08 12:03:00,setl_490802,customer_17067
uci_490801,490801,660.0,GBP,captured,online_retail,2009-12-08 12:03:00,setl_490801,customer_16029
uci_490803,490803,207.32,GBP,captured,online_retail,2009-12-08 12:04:00,setl_490803,customer_17067
uci_490804,490804,487.09,GBP,captured,online_retail,2009-12-08 12:05:00,setl_490804,customer_16560
uci_490805,490805,215.0,GBP,captured,online_retail,2009-12-08 12:12:00,setl_490805,customer_14861
uci_490806,490806,39.4,GBP,captured,online_retail,2009-12-08 12:13:00,setl_490806,customer_13485
uci_490808,490808,134.04,GBP,captured,online_retail,2009-12-08 12:25:00,setl_490808,customer_17371
uci_490809,490809,159.0,GBP,captured,online_retail,2009-12-08 12:27:00,setl_490809,customer_13408
uci_490810,490810,259.92,GBP,captured,online_retail,2009-12-08 12:29:00,setl_490810,customer_13408
uci_490811,490811,309.7,GBP,captured,online_retail,2009-12-08 12:30:00,setl_490811,customer_18145
uci_490817,490817,1806.19,GBP,captured,online_retail,2009-12-08 12:33:00,setl_490817,customer_15311
uci_490823,490823,304.8,GBP,captured,online_retail,2009-12-08 12:34:00,setl_490823,customer_14841
uci_490834,490834,564.38,GBP,captured,online_retail,2009-12-08 12:38:00,setl_490834,customer_16400
uci_490836,490836,2.9,GBP,captured,online_retail,2009-12-08 12:39:00,setl_490836,customer_17988
uci_490838,490838,20.25,GBP,captured,online_retail,2009-12-08 12:41:00,setl_490838,customer_17371
uci_490846,490846,129.3,GBP,captured,online_retail,2009-12-08 12:46:00,setl_490846,customer_17155
uci_490847,490847,249.64,GBP,captured,online_retail,2009-12-08 12:46:00,setl_490847,customer_15093
uci_490851,490851,311.8,GBP,captured,online_retail,2009-12-08 12:48:00,setl_490851,customer_13643
uci_490855,490855,363.6,GBP,captured,online_retail,2009-12-08 12:49:00,setl_490855,customer_13777
uci_490863,490863,88.05,GBP,captured,online_retail,2009-12-08 12:51:00,setl_490863,customer_17852
uci_490871,490871,211.41,GBP,captured,online_retail,2009-12-08 12:54:00,setl_490871,customer_15456
uci_490881,490881,10.0,GBP,captured,online_retail,2009-12-08 12:58:00,setl_490881,customer_16210
uci_490893,490893,111.24,GBP,captured,online_retail,2009-12-08 13:02:00,setl_490893,customer_13571
uci_490899,490899,792.84,GBP,captured,online_retail,2009-12-08 13:04:00,setl_490899,customer_16732
uci_490905,490905,656.85,GBP,captured,online_retail,2009-12-08 13:08:00,setl_490905,customer_16940
uci_490917,490917,312.9,GBP,captured,online_retail,2009-12-08 13:14:00,setl_490917,customer_15162
uci_490920,490920,109.08,GBP,captured,online_retail,2009-12-08 13:19:00,setl_490920,customer_18203
uci_490921,490921,42.3,GBP,captured,online_retail,2009-12-08 13:24:00,setl_490921,customer_16163
uci_490922,490922,114.3,GBP,captured,online_retail,2009-12-08 13:25:00,setl_490922,customer_14494
uci_490924,490924,123.1,GBP,captured,online_retail,2009-12-08 13:27:00,setl_490924,customer_17978
uci_490925,490925,648.5,GBP,captured,online_retail,2009-12-08 13:28:00,setl_490925,customer_13078
uci_490926,490926,250.02,GBP,captured,online_retail,2009-12-08 13:38:00,setl_490926,customer_15031
uci_490928,490928,404.44,GBP,captured,online_retail,2009-12-08 13:41:00,setl_490928,customer_14085
uci_490927,490927,304.2,GBP,captured,online_retail,2009-12-08 13:41:00,setl_490927,customer_17230
uci_490930,490930,81.12,GBP,captured,online_retail,2009-12-08 13:43:00,setl_490930,customer_13410
uci_490932,490932,12.4,GBP,captured,online_retail,2009-12-08 13:44:00,setl_490932,customer_14085
uci_490933,490933,2452.56,GBP,captured,online_retail,2009-12-08 13:46:00,setl_490933,customer_14063
uci_490936,490936,366.9,GBP,captured,online_retail,2009-12-08 13:56:00,setl_490936,customer_12785
uci_490937,490937,2285.58,GBP,captured,online_retail,2009-12-08 13:58:00,setl_490937,customer_13081
uci_490938,490938,215.3,GBP,captured,online_retail,2009-12-08 13:59:00,setl_490938,customer_14605
uci_490940,490940,0.95,GBP,captured,online_retail,2009-12-08 14:01:00,setl_490940,customer_14605
uci_490941,490941,644.52,GBP,captured,online_retail,2009-12-08 14:03:00,setl_490941,customer_14527
uci_490944,490944,151.2,GBP,captured,online_retail,2009-12-08 14:13:00,setl_490944,customer_14285
uci_490945,490945,97.55,GBP,captured,online_retail,2009-12-08 14:20:00,setl_490945,customer_16892
uci_490948,490948,15.0,GBP,captured,online_retail,2009-12-08 14:29:00,setl_490948,customer_16805
uci_490953,490953,966.66,GBP,captured,online_retail,2009-12-08 14:56:00,setl_490953,customer_13204
uci_490954,490954,102.82,GBP,captured,online_retail,2009-12-08 15:00:00,setl_490954,customer_15924
uci_490956,490956,2442.72,GBP,captured,online_retail,2009-12-08 15:10:00,setl_490956,customer_15413
uci_490957,490957,3796.37,GBP,captured,online_retail,2009-12-08 15:12:00,setl_490957,customer_15823
uci_490958,490958,328.8,GBP,captured,online_retail,2009-12-08 15:12:00,setl_490958,customer_13576
uci_490959,490959,507.9,GBP,captured,online_retail,2009-12-08 15:14:00,setl_490959,customer_12682
uci_490961,490961,194.75,GBP,captured,online_retail,2009-12-08 15:25:00,setl_490961,customer_14108
uci_490962,490962,683.14,GBP,captured,online_retail,2009-12-08 15:45:00,setl_490962,customer_15061
uci_490964,490964,104.15,GBP,captured,online_retail,2009-12-08 16:09:00,setl_490964,customer_14646
uci_490966,490966,436.71,GBP,captured,online_retail,2009-12-08 16:20:00,setl_490966,customer_17178
uci_490968,490968,484.0,GBP,captured,online_retail,2009-12-08 16:21:00,setl_490968,customer_13798
uci_490971,490971,372.64,GBP,captured,online_retail,2009-12-08 16:23:00,setl_490971,customer_18275
uci_490972,490972,728.05,GBP,captured,online_retail,2009-12-08 16:40:00,setl_490972,customer_14911
uci_490978,490978,193.08,GBP,captured,online_retail,2009-12-08 16:43:00,setl_490978,customer_17329
uci_490981,490981,313.45,GBP,captured,online_retail,2009-12-08 16:56:00,setl_490981,customer_13855
uci_490982,490982,8.82,GBP,captured,online_retail,2009-12-08 16:57:00,setl_490982,customer_17329
uci_490984,490984,303.45,GBP,captured,online_retail,2009-12-08 17:04:00,setl_490984,customer_15298
uci_490989,490989,462.46,GBP,captured,online_retail,2009-12-08 17:08:00,setl_490989,customer_15674
uci_490990,490990,271.85,GBP,captured,online_retail,2009-12-08 17:10:00,setl_490990,customer_14606
uci_490992,490992,438.74,GBP,captured,online_retail,2009-12-08 17:13:00,setl_490992,customer_14679
uci_490998,490998,379.13,GBP,captured,online_retail,2009-12-08 17:24:00,setl_490998,customer_16253
uci_490999,490999,24.65,GBP,captured,online_retail,2009-12-08 17:26:00,setl_490999,customer_13883
uci_491006,491006,272.5,GBP,captured,online_retail,2009-12-08 17:41:00,setl_491006,customer_13557
uci_491007,491007,213.27,GBP,captured,online_retail,2009-12-08 17:44:00,setl_491007,customer_16204
uci_491008,491008,191.89,GBP,captured,online_retail,2009-12-08 17:51:00,setl_491008,customer_15633
uci_491009,491009,255.68,GBP,captured,online_retail,2009-12-08 18:06:00,setl_491009,customer_15203
uci_491010,491010,318.0,GBP,captured,online_retail,2009-12-08 18:07:00,setl_491010,customer_15194
uci_491011,491011,389.99,GBP,captured,online_retail,2009-12-08 18:18:00,setl_491011,customer_16210
uci_491014,491014,549.09,GBP,captured,online_retail,2009-12-08 18:30:00,setl_491014,customer_13136
uci_491024,491024,383.04,GBP,captured,online_retail,2009-12-08 19:00:00,setl_491024,customer_17157
uci_491025,491025,325.44,GBP,captured,online_retail,2009-12-08 19:02:00,setl_491025,customer_17157
uci_491026,491026,162.72,GBP,captured,online_retail,2009-12-08 19:02:00,setl_491026,customer_15181
uci_491033,491033,328.02,GBP,captured,online_retail,2009-12-08 19:16:00,setl_491033,customer_17188
uci_491034,491034,305.5,GBP,captured,online_retail,2009-12-09 07:01:00,setl_491034,customer_13491
uci_491035,491035,295.35,GBP,captured,online_retail,2009-12-09 08:58:00,setl_491035,customer_13455
uci_491038,491038,528.9,GBP,captured,online_retail,2009-12-09 09:34:00,setl_491038,customer_13097
uci_491039,491039,301.0,GBP,captured,online_retail,2009-12-09 09:36:00,setl_491039,customer_15291
uci_491044,491044,234.38,GBP,captured,online_retail,2009-12-09 09:56:00,setl_491044,customer_13114
uci_491045,491045,303.2,GBP,captured,online_retail,2009-12-09 10:02:00,setl_491045,customer_12747
uci_491048,491048,519.42,GBP,captured,online_retail,2009-12-09 10:25:00,setl_491048,customer_13768
uci_491049,491049,748.9,GBP,captured,online_retail,2009-12-09 10:41:00,setl_491049,customer_14135
uci_491051,491051,408.51,GBP,captured,online_retail,2009-12-09 10:46:00,setl_491051,customer_14291
uci_491050,491050,333.8,GBP,captured,online_retail,2009-12-09 10:46:00,setl_491050,customer_12712
uci_491055,491055,219.55,GBP,captured,online_retail,2009-12-09 10:48:00,setl_491055,customer_14732
uci_491054,491054,320.2,GBP,captured,online_retail,2009-12-09 10:48:00,setl_491054,customer_13202
uci_491056,491056,1007.74,GBP,captured,online_retail,2009-12-09 11:01:00,setl_491056,customer_17428
uci_491057,491057,77.8,GBP,captured,online_retail,2009-12-09 11:31:00,setl_491057,customer_14239
uci_491058,491058,307.95,GBP,captured,online_retail,2009-12-09 11:33:00,setl_491058,customer_16945
uci_491059,491059,285.3,GBP,captured,online_retail,2009-12-09 11:36:00,setl_491059,customer_12487
uci_491061,491061,233.53,GBP,captured,online_retail,2009-12-09 11:40:00,setl_491061,customer_13672
uci_491060,491060,392.4,GBP,captured,online_retail,2009-12-09 11:40:00,setl_491060,customer_17929
uci_491062,491062,124.0,GBP,captured,online_retail,2009-12-09 11:46:00,setl_491062,customer_12948
uci_491063,491063,203.3,GBP,captured,online_retail,2009-12-09 11:52:00,setl_491063,customer_16771
uci_491064,491064,185.9,GBP,captured,online_retail,2009-12-09 11:58:00,setl_491064,customer_16782
uci_491067,491067,333.3,GBP,captured,online_retail,2009-12-09 12:17:00,setl_491067,customer_18051
uci_491068,491068,700.4,GBP,captured,online_retail,2009-12-09 12:18:00,setl_491068,customer_15768
uci_491069,491069,521.05,GBP,captured,online_retail,2009-12-09 12:30:00,setl_491069,customer_12921
uci_491070,491070,383.8,GBP,captured,online_retail,2009-12-09 12:32:00,setl_491070,customer_16912
uci_491071,491071,194.1,GBP,captured,online_retail,2009-12-09 12:40:00,setl_491071,customer_12924
uci_491072,491072,15.45,GBP,captured,online_retail,2009-12-09 12:42:00,setl_491072,customer_12924
uci_491073,491073,95.76,GBP,captured,online_retail,2009-12-09 12:45:00,setl_491073,customer_15403
uci_491074,491074,23.6,GBP,captured,online_retail,2009-12-09 12:46:00,setl_491074,customer_14173
uci_491075,491075,187.8,GBP,captured,online_retail,2009-12-09 12:48:00,setl_491075,customer_14211
uci_491077,491077,433.05,GBP,captured,online_retail,2009-12-09 12:57:00,setl_491077,customer_14593
uci_491078,491078,259.11,GBP,captured,online_retail,2009-12-09 13:00:00,setl_491078,customer_16802
uci_491079,491079,588.85,GBP,captured,online_retail,2009-12-09 13:06:00,setl_491079,customer_14295
uci_491081,491081,308.0,GBP,captured,online_retail,2009-12-09 13:11:00,setl_491081,customer_15302
uci_491082,491082,1273.5,GBP,captured,online_retail,2009-12-09 13:16:00,setl_491082,customer_16709
uci_491083,491083,322.98,GBP,captured,online_retail,2009-12-09 13:22:00,setl_491083,customer_17954
uci_491085,491085,130.6,GBP,captured,online_retail,2009-12-09 13:25:00,setl_491085,customer_13727
uci_491086,491086,267.26,GBP,captured,online_retail,2009-12-09 13:26:00,setl_491086,customer_15911
uci_491089,491089,200.24,GBP,captured,online_retail,2009-12-09 13:31:00,setl_491089,customer_14990
uci_491091,491091,3249.32,GBP,captured,online_retail,2009-12-09 13:34:00,setl_491091,customer_16705
uci_491090,491090,351.45,GBP,captured,online_retail,2009-12-09 13:34:00,setl_491090,customer_13141
uci_491092,491092,844.12,GBP,captured,online_retail,2009-12-09 13:44:00,setl_491092,customer_13680
uci_491094,491094,216.0,GBP,captured,online_retail,2009-12-09 13:49:00,setl_491094,customer_12709
uci_491093,491093,1445.56,GBP,captured,online_retail,2009-12-09 13:49:00,setl_491093,customer_12709
uci_491095,491095,135.0,GBP,captured,online_retail,2009-12-09 13:50:00,setl_491095,customer_14171
uci_491096,491096,175.95,GBP,captured,online_retail,2009-12-09 13:53:00,setl_491096,customer_13983
uci_491097,491097,338.13,GBP,captured,online_retail,2009-12-09 14:01:00,setl_491097,customer_17296
uci_491098,491098,179.78,GBP,captured,online_retail,2009-12-09 14:02:00,setl_491098,customer_14080
uci_491100,491100,63.5,GBP,captured,online_retail,2009-12-09 14:15:00,setl_491100,customer_17631
uci_491101,491101,298.68,GBP,captured,online_retail,2009-12-09 14:16:00,setl_491101,customer_17449
uci_491102,491102,50.55,GBP,captured,online_retail,2009-12-09 14:17:00,setl_491102,customer_17184
uci_491103,491103,163.26,GBP,captured,online_retail,2009-12-09 14:20:00,setl_491103,customer_14107
uci_491104,491104,1552.9,GBP,captured,online_retail,2009-12-09 14:22:00,setl_491104,customer_12917
uci_491105,491105,212.58,GBP,captured,online_retail,2009-12-09 14:25:00,setl_491105,customer_16755
uci_491109,491109,143.36,GBP,captured,online_retail,2009-12-09 14:30:00,setl_491109,customer_13825
uci_491111,491111,321.67,GBP,captured,online_retail,2009-12-09 14:38:00,setl_491111,customer_15005
uci_491112,491112,174.33,GBP,captured,online_retail,2009-12-09 14:44:00,setl_491112,customer_13770
uci_491113,491113,893.33,GBP,captured,online_retail,2009-12-09 14:48:00,setl_491113,customer_14505
uci_491116,491116,301.57,GBP,captured,online_retail,2009-12-09 14:55:00,setl_491116,customer_15441
uci_491118,491118,580.79,GBP,captured,online_retail,2009-12-09 15:03:00,setl_491118,customer_16933
uci_491122,491122,601.6,GBP,captured,online_retail,2009-12-09 15:16:00,setl_491122,customer_13426
uci_491123,491123,380.36,GBP,captured,online_retail,2009-12-09 15:20:00,setl_491123,customer_17043
uci_491124,491124,327.38,GBP,captured,online_retail,2009-12-09 15:26:00,setl_491124,customer_13498
uci_491125,491125,966.24,GBP,captured,online_retail,2009-12-09 15:28:00,setl_491125,customer_15311
uci_491126,491126,389.34,GBP,captured,online_retail,2009-12-09 15:36:00,setl_491126,customer_16186
uci_491127,491127,256.2,GBP,captured,online_retail,2009-12-09 16:00:00,setl_491127,customer_18065
uci_491129,491129,50.7,GBP,captured,online_retail,2009-12-09 16:01:00,setl_491129,customer_18065
uci_491131,491131,1.7,GBP,captured,online_retail,2009-12-09 16:03:00,setl_491131,customer_16395
uci_491132,491132,171.6,GBP,captured,online_retail,2009-12-09 16:13:00,setl_491132,customer_17880
uci_491133,491133,480.0,GBP,captured,online_retail,2009-12-09 16:17:00,setl_491133,customer_13848
uci_491136,491136,343.52,GBP,captured,online_retail,2009-12-09 16:24:00,setl_491136,customer_16746
uci_491138,491138,179.85,GBP,captured,online_retail,2009-12-09 16:26:00,setl_491138,customer_16168
uci_491143,491143,476.04,GBP,captured,online_retail,2009-12-09 16:50:00,setl_491143,customer_16029
uci_491144,491144,873.48,GBP,captured,online_retail,2009-12-09 17:10:00,setl_491144,customer_15077
uci_491145,491145,135.0,GBP,captured,online_retail,2009-12-09 17:13:00,setl_491145,customer_13728
uci_491146,491146,178.98,GBP,captured,online_retail,2009-12-09 17:26:00,setl_491146,customer_15209
uci_491147,491147,34.3,GBP,captured,online_retail,2009-12-09 17:27:00,setl_491147,customer_14710
uci_491148,491148,3882.66,GBP,captured,online_retail,2009-12-10 07:43:00,setl_491148,customer_15061
uci_491149,491149,289.92,GBP,captured,online_retail,2009-12-10 08:29:00,setl_491149,customer_15841
uci_491150,491150,435.6,GBP,captured,online_retail,2009-12-10 08:30:00,setl_491150,customer_16525
uci_491151,491151,661.16,GBP,captured,online_retail,2009-12-10 09:25:00,setl_491151,customer_14134
uci_491152,491152,436.8,GBP,captured,online_retail,2009-12-10 09:42:00,setl_491152,customer_15465
uci_491154,491154,289.85,GBP,captured,online_retail,2009-12-10 09:44:00,setl_491154,customer_17603
uci_491153,491153,300.35,GBP,captured,online_retail,2009-12-10 09:44:00,setl_491153,customer_16143
uci_491158,491158,275.73,GBP,captured,online_retail,2009-12-10 10:17:00,setl_491158,customer_15523
uci_491159,491159,291.0,GBP,captured,online_retail,2009-12-10 10:27:00,setl_491159,customer_15311
uci_491160,491160,377.57,GBP,captured,online_retail,2009-12-10 10:29:00,setl_491160,customer_14911
uci_491161,491161,109.35,GBP,captured,online_retail,2009-12-10 10:32:00,setl_491161,customer_14942
uci_491163,491163,179.6,GBP,captured,online_retail,2009-12-10 10:42:00,setl_491163,customer_13693
uci_491164,491164,33.55,GBP,captured,online_retail,2009-12-10 10:47:00,setl_491164,customer_15581
uci_491165,491165,737.7,GBP,captured,online_retail,2009-12-10 10:57:00,setl_491165,customer_14293
uci_491169,491169,8.5,GBP,captured,online_retail,2009-12-10 11:25:00,setl_491169,customer_12417
uci_491170,491170,328.99,GBP,captured,online_retail,2009-12-10 11:27:00,setl_491170,customer_17861
uci_491171,491171,203.85,GBP,captured,online_retail,2009-12-10 11:39:00,setl_491171,customer_15039
uci_491172,491172,730.59,GBP,captured,online_retail,2009-12-10 11:40:00,setl_491172,customer_16843
uci_491173,491173,248.49,GBP,captured,online_retail,2009-12-10 11:42:00,setl_491173,customer_15858
uci_491174,491174,228.96,GBP,captured,online_retail,2009-12-10 11:45:00,setl_491174,customer_17388
uci_491175,491175,347.54,GBP,captured,online_retail,2009-12-10 11:47:00,setl_491175,customer_15085
uci_491176,491176,1213.02,GBP,captured,online_retail,2009-12-10 11:50:00,setl_491176,customer_13091
uci_491177,491177,105.78,GBP,captured,online_retail,2009-12-10 11:51:00,setl_491177,customer_15642
uci_491178,491178,390.44,GBP,captured,online_retail,2009-12-10 11:55:00,setl_491178,customer_14099
uci_491180,491180,294.52,GBP,captured,online_retail,2009-12-10 12:03:00,setl_491180,customer_15719
uci_491181,491181,592.2,GBP,captured,online_retail,2009-12-10 12:08:00,setl_491181,customer_15854
uci_491182,491182,190.3,GBP,captured,online_retail,2009-12-10 12:10:00,setl_491182,customer_13019
uci_491184,491184,139.85,GBP,captured,online_retail,2009-12-10 12:10:00,setl_491184,customer_17027
uci_491183,491183,945.58,GBP,captured,online_retail,2009-12-10 12:10:00,setl_491183,customer_12978
uci_491185,491185,421.17,GBP,captured,online_retail,2009-12-10 12:21:00,setl_491185,customer_17377
uci_491186,491186,288.49,GBP,captured,online_retail,2009-12-10 12:21:00,setl_491186,customer_15889
uci_491187,491187,97.5,GBP,captured,online_retail,2009-12-10 12:28:00,setl_491187,customer_16748
uci_491188,491188,79.7,GBP,captured,online_retail,2009-12-10 12:30:00,setl_491188,customer_17377
uci_491189,491189,31.2,GBP,captured,online_retail,2009-12-10 12:32:00,setl_491189,customer_14113
uci_491191,491191,71.79,GBP,captured,online_retail,2009-12-10 12:42:00,setl_491191,customer_16459
uci_491193,491193,762.98,GBP,captured,online_retail,2009-12-10 12:44:00,setl_491193,customer_13091
uci_491192,491192,509.3,GBP,captured,online_retail,2009-12-10 12:44:00,setl_491192,customer_14527
uci_491194,491194,302.7,GBP,captured,online_retail,2009-12-10 12:52:00,setl_491194,customer_13173
uci_491195,491195,658.5,GBP,captured,online_retail,2009-12-10 12:57:00,setl_491195,customer_15805
uci_491196,491196,165.5,GBP,captured,online_retail,2009-12-10 12:58:00,setl_491196,customer_15912
uci_491197,491197,126.57,GBP,captured,online_retail,2009-12-10 13:03:00,setl_491197,customer_15912
uci_491198,491198,95.55,GBP,captured,online_retail,2009-12-10 13:09:00,setl_491198,customer_16596
uci_491199,491199,143.72,GBP,captured,online_retail,2009-12-10 13:12:00,setl_491199,customer_15912
uci_491200,491200,165.0,GBP,captured,online_retail,2009-12-10 13:12:00,setl_491200,customer_16663
uci_491201,491201,413.1,GBP,captured,online_retail,2009-12-10 13:27:00,setl_491201,customer_12989
uci_491203,491203,580.15,GBP,captured,online_retail,2009-12-10 13:34:00,setl_491203,customer_16985
uci_491204,491204,224.36,GBP,captured,online_retail,2009-12-10 13:59:00,setl_491204,customer_14648
uci_491205,491205,1391.91,GBP,captured,online_retail,2009-12-10 14:07:00,setl_491205,customer_16779
uci_491207,491207,105.76,GBP,captured,online_retail,2009-12-10 14:13:00,setl_491207,customer_17884
uci_491209,491209,278.08,GBP,captured,online_retail,2009-12-10 14:19:00,setl_491209,customer_15573
uci_491210,491210,785.62,GBP,captured,online_retail,2009-12-10 14:20:00,setl_491210,customer_15367
uci_491211,491211,1766.28,GBP,captured,online_retail,2009-12-10 14:22:00,setl_491211,customer_14895
uci_491212,491212,873.61,GBP,captured,online_retail,2009-12-10 14:28:00,setl_491212,customer_14062
uci_491226,491226,448.2,GBP,captured,online_retail,2009-12-10 14:44:00,setl_491226,customer_15157
uci_491235,491235,307.2,GBP,captured,online_retail,2009-12-10 14:46:00,setl_491235,customer_15623
uci_491238,491238,170.45,GBP,captured,online_retail,2009-12-10 14:48:00,setl_491238,customer_16011
uci_491240,491240,936.26,GBP,captured,online_retail,2009-12-10 14:50:00,setl_491240,customer_13831
uci_491247,491247,436.4,GBP,captured,online_retail,2009-12-10 14:57:00,setl_491247,customer_14626
uci_491314,491314,1505.4,GBP,captured,online_retail,2009-12-10 15:27:00,setl_491314,customer_15032
uci_491317,491317,683.91,GBP,captured,online_retail,2009-12-10 15:28:00,setl_491317,customer_16670
uci_491318,491318,369.6,GBP,captured,online_retail,2009-12-10 15:30:00,setl_491318,customer_14608
uci_491319,491319,181.63,GBP,captured,online_retail,2009-12-10 15:33:00,setl_491319,customer_15882
uci_491320,491320,178.2,GBP,captured,online_retail,2009-12-10 15:35:00,setl_491320,customer_15380
uci_491321,491321,844.45,GBP,captured,online_retail,2009-12-10 15:36:00,setl_491321,customer_17032
uci_491340,491340,517.7,GBP,captured,online_retail,2009-12-10 15:45:00,setl_491340,customer_12979
uci_491356,491356,282.03,GBP,captured,online_retail,2009-12-10 15:52:00,setl_491356,customer_15738
uci_491358,491358,99.6,GBP,captured,online_retail,2009-12-10 15:52:00,setl_491358,customer_14590
uci_491368,491368,164.31,GBP,captured,online_retail,2009-12-10 15:56:00,setl_491368,customer_14043
uci_491385,491385,328.7,GBP,captured,online_retail,2009-12-10 16:10:00,setl_491385,customer_17675
uci_491394,491394,404.82,GBP,captured,online_retail,2009-12-10 16:21:00,setl_491394,customer_15916
uci_491395,491395,204.26,GBP,captured,online_retail,2009-12-10 16:30:00,setl_491395,customer_16901
uci_491396,491396,435.51,GBP,captured,online_retail,2009-12-10 16:35:00,setl_491396,customer_17610
uci_491397,491397,155.79,GBP,captured,online_retail,2009-12-10 16:39:00,setl_491397,customer_12933
uci_491399,491399,171.5,GBP,captured,online_retail,2009-12-10 17:04:00,setl_491399,customer_14507
uci_491400,491400,427.52,GBP,captured,online_retail,2009-12-10 17:09:00,setl_491400,customer_17696
uci_491401,491401,218.05,GBP,captured,online_retail,2009-12-10 17:14:00,setl_491401,customer_18276
uci_491403,491403,616.53,GBP,captured,online_retail,2009-12-10 17:27:00,setl_491403,customer_14030
uci_491405,491405,70.8,GBP,captured,online_retail,2009-12-10 18:03:00,setl_491405,customer_15823
uci_491406,491406,792.02,GBP,captured,online_retail,2009-12-10 18:27:00,setl_491406,customer_14081
uci_491407,491407,130.62,GBP,captured,online_retail,2009-12-10 18:36:00,setl_491407,customer_14030
uci_491408,491408,133.75,GBP,captured,online_retail,2009-12-10 18:43:00,setl_491408,customer_17351
uci_491422,491422,864.89,GBP,captured,online_retail,2009-12-10 19:35:00,setl_491422,customer_17512
uci_491421,491421,208.9,GBP,captured,online_retail,2009-12-10 19:35:00,setl_491421,customer_16798
uci_491424,491424,177.91,GBP,captured,online_retail,2009-12-10 19:53:00,setl_491424,customer_13542
uci_491425,491425,230.0,GBP,captured,online_retail,2009-12-10 20:04:00,setl_491425,customer_16905
uci_491426,491426,917.76,GBP,captured,online_retail,2009-12-10 20:16:00,setl_491426,customer_15494
uci_491427,491427,583.7,GBP,captured,online_retail,2009-12-10 20:22:00,setl_491427,customer_14702
uci_491429,491429,375.66,GBP,captured,online_retail,2009-12-11 09:18:00,setl_491429,customer_17165
uci_491432,491432,325.64,GBP,captured,online_retail,2009-12-11 09:58:00,setl_491432,customer_16293
uci_491431,491431,1980.0,GBP,captured,online_retail,2009-12-11 09:58:00,setl_491431,customer_15769
uci_491433,491433,233.1,GBP,captured,online_retail,2009-12-11 09:58:00,setl_491433,customer_18172
uci_491434,491434,327.32,GBP,captured,online_retail,2009-12-11 10:08:00,setl_491434,customer_17412
uci_491435,491435,244.42,GBP,captured,online_retail,2009-12-11 10:10:00,setl_491435,customer_14606
uci_491436,491436,10.14,GBP,captured,online_retail,2009-12-11 10:12:00,setl_491436,customer_14606
uci_491437,491437,439.18,GBP,captured,online_retail,2009-12-11 10:12:00,setl_491437,customer_13408
uci_491438,491438,375.18,GBP,captured,online_retail,2009-12-11 10:27:00,setl_491438,customer_18268
uci_491439,491439,306.0,GBP,captured,online_retail,2009-12-11 10:31:00,setl_491439,customer_15291
uci_491440,491440,1350.0,GBP,captured,online_retail,2009-12-11 10:31:00,setl_491440,customer_16029
uci_491442,491442,102.0,GBP,captured,online_retail,2009-12-11 10:32:00,setl_491442,customer_16156
uci_491443,491443,574.07,GBP,captured,online_retail,2009-12-11 10:37:00,setl_491443,customer_15311
uci_491444,491444,41.89,GBP,captured,online_retail,2009-12-11 10:37:00,setl_491444,customer_14122
uci_491445,491445,122.95,GBP,captured,online_retail,2009-12-11 10:40:00,setl_491445,customer_14519
uci_491447,491447,15.9,GBP,captured,online_retail,2009-12-11 10:48:00,setl_491447,customer_14191
uci_491448,491448,459.58,GBP,captured,online_retail,2009-12-11 10:54:00,setl_491448,customer_15983
uci_491449,491449,1641.9,GBP,captured,online_retail,2009-12-11 10:58:00,setl_491449,customer_17230
uci_491450,491450,634.88,GBP,captured,online_retail,2009-12-11 11:06:00,setl_491450,customer_14739
uci_491452,491452,222.05,GBP,captured,online_retail,2009-12-11 11:10:00,setl_491452,customer_17238
uci_491453,491453,86.75,GBP,captured,online_retail,2009-12-11 11:15:00,setl_491453,customer_17238
uci_491454,491454,218.44,GBP,captured,online_retail,2009-12-11 11:17:00,setl_491454,customer_13077
uci_491456,491456,11016.0,GBP,captured,online_retail,2009-12-11 11:22:00,setl_491456,customer_18102
uci_491457,491457,362.93,GBP,captured,online_retail,2009-12-11 11:26:00,setl_491457,customer_15998
uci_491462,491462,718.83,GBP,captured,online_retail,2009-12-11 11:38:00,setl_491462,customer_17243
uci_491463,491463,7.5,GBP,captured,online_retail,2009-12-11 11:39:00,setl_491463,customer_17243
uci_491464,491464,52.8,GBP,captured,online_retail,2009-12-11 11:41:00,setl_491464,customer_17209
uci_491465,491465,350.68,GBP,captured,online_retail,2009-12-11 11:52:00,setl_491465,customer_14643
uci_491468,491468,1107.95,GBP,captured,online_retail,2009-12-11 12:01:00,setl_491468,customer_12957
uci_491474,491474,217.34,GBP,captured,online_retail,2009-12-11 12:09:00,setl_491474,customer_14577
uci_491479,491479,391.16,GBP,captured,online_retail,2009-12-11 12:11:00,setl_491479,customer_14680
uci_491497,491497,899.64,GBP,captured,online_retail,2009-12-11 12:17:00,setl_491497,customer_17409
uci_491498,491498,209.59,GBP,captured,online_retail,2009-12-11 12:17:00,setl_491498,customer_12835
uci_491506,491506,199.68,GBP,captured,online_retail,2009-12-11 12:21:00,setl_491506,customer_16470
uci_491508,491508,348.6,GBP,captured,online_retail,2009-12-11 12:24:00,setl_491508,customer_16191
uci_491516,491516,51.27,GBP,captured,online_retail,2009-12-11 12:28:00,setl_491516,customer_14895
uci_491528,491528,307.54,GBP,captured,online_retail,2009-12-11 12:31:00,setl_491528,customer_17344
uci_491554,491554,198.77,GBP,captured,online_retail,2009-12-11 12:41:00,setl_491554,customer_16365
uci_491555,491555,513.54,GBP,captured,online_retail,2009-12-11 12:45:00,setl_491555,customer_15194
uci_491570,491570,811.76,GBP,captured,online_retail,2009-12-11 12:51:00,setl_491570,customer_13418
uci_491584,491584,525.34,GBP,captured,online_retail,2009-12-11 12:55:00,setl_491584,customer_12854
uci_491586,491586,117.96,GBP,captured,online_retail,2009-12-11 12:56:00,setl_491586,customer_15197
uci_491587,491587,500.0,GBP,captured,online_retail,2009-12-11 12:58:00,setl_491587,customer_13953
uci_491603,491603,539.47,GBP,captured,online_retail,2009-12-11 13:31:00,setl_491603,customer_17243
uci_491607,491607,289.53,GBP,captured,online_retail,2009-12-11 13:36:00,setl_491607,customer_17293
uci_491612,491612,849.94,GBP,captured,online_retail,2009-12-11 13:49:00,setl_491612,customer_14298
uci_491613,491613,252.04,GBP,captured,online_retail,2009-12-11 13:52:00,setl_491613,customer_16952
uci_491622,491622,483.42,GBP,captured,online_retail,2009-12-11 14:20:00,setl_491622,customer_13415
uci_491625,491625,615.3,GBP,captured,online_retail,2009-12-11 14:28:00,setl_491625,customer_13668
uci_491627,491627,460.3,GBP,captured,online_retail,2009-12-11 14:33:00,setl_491627,customer_13819
uci_491629,491629,308.81,GBP,captured,online_retail,2009-12-11 14:37:00,setl_491629,customer_14790
uci_491630,491630,438.22,GBP,captured,online_retail,2009-12-11 14:39:00,setl_491630,customer_17851
uci_491631,491631,160.55,GBP,captured,online_retail,2009-12-11 15:06:00,setl_491631,customer_17487
uci_491633,491633,465.42,GBP,captured,online_retail,2009-12-11 15:37:00,setl_491633,customer_17958
uci_491634,491634,574.09,GBP,captured,online_retail,2009-12-11 15:40:00,setl_491634,customer_17841
uci_491635,491635,1323.86,GBP,captured,online_retail,2009-12-11 15:46:00,setl_491635,customer_14298
uci_491636,491636,285.48,GBP,captured,online_retail,2009-12-11 15:52:00,setl_491636,customer_17754
uci_491637,491637,638.52,GBP,captured,online_retail,2009-12-11 15:55:00,setl_491637,customer_15984
uci_491640,491640,406.12,GBP,captured,online_retail,2009-12-11 16:11:00,setl_491640,customer_15898
uci_491642,491642,358.32,GBP,captured,online_retail,2009-12-11 16:33:00,setl_491642,customer_14130
uci_491643,491643,1056.86,GBP,captured,online_retail,2009-12-11 16:46:00,setl_491643,customer_15856
uci_491644,491644,100.55,GBP,captured,online_retail,2009-12-11 16:48:00,setl_491644,customer_17860
uci_491645,491645,156.14,GBP,captured,online_retail,2009-12-11 16:54:00,setl_491645,customer_17860
uci_491646,491646,641.51,GBP,captured,online_retail,2009-12-11 17:00:00,setl_491646,customer_14031
uci_491647,491647,15.5,GBP,captured,online_retail,2009-12-11 17:04:00,setl_491647,customer_14031
uci_491648,491648,214.09,GBP,captured,online_retail,2009-12-13 09:58:00,setl_491648,customer_17243
uci_491649,491649,549.08,GBP,captured,online_retail,2009-12-13 10:28:00,setl_491649,customer_12664
uci_491651,491651,356.55,GBP,captured,online_retail,2009-12-13 10:41:00,setl_491651,customer_13768
uci_491652,491652,510.36,GBP,captured,online_retail,2009-12-13 10:48:00,setl_491652,customer_16335
uci_491653,491653,164.48,GBP,captured,online_retail,2009-12-13 10:50:00,setl_491653,customer_18077
uci_491654,491654,469.49,GBP,captured,online_retail,2009-12-13 10:54:00,setl_491654,customer_16104
uci_491655,491655,15.5,GBP,captured,online_retail,2009-12-13 10:56:00,setl_491655,customer_16104
uci_491656,491656,344.65,GBP,captured,online_retail,2009-12-13 10:59:00,setl_491656,customer_16719
uci_491658,491658,155.06,GBP,captured,online_retail,2009-12-13 11:05:00,setl_491658,customer_16442
uci_491659,491659,416.82,GBP,captured,online_retail,2009-12-13 11:11:00,setl_491659,customer_13317
uci_491660,491660,152.25,GBP,captured,online_retail,2009-12-13 11:14:00,setl_491660,customer_15196
uci_491662,491662,356.17,GBP,captured,online_retail,2009-12-13 11:16:00,setl_491662,customer_15169
uci_491661,491661,326.4,GBP,captured,online_retail,2009-12-13 11:16:00,setl_491661,customer_15956
uci_491663,491663,90.95,GBP,captured,online_retail,2009-12-13 11:23:00,setl_491663,customer_15860
uci_491664,491664,450.71,GBP,captured,online_retail,2009-12-13 11:28:00,setl_491664,customer_15983
uci_491665,491665,1184.61,GBP,captured,online_retail,2009-12-13 11:32:00,setl_491665,customer_14685
uci_491667,491667,120.06,GBP,captured,online_retail,2009-12-13 11:34:00,setl_491667,customer_15503
uci_491666,491666,335.98,GBP,captured,online_retail,2009-12-13 11:34:00,setl_491666,customer_13026
uci_491668,491668,370.2,GBP,captured,online_retail,2009-12-13 11:35:00,setl_491668,customer_15144
uci_491669,491669,76.84,GBP,captured,online_retail,2009-12-13 11:41:00,setl_491669,customer_12843
uci_491670,491670,650.88,GBP,captured,online_retail,2009-12-13 11:43:00,setl_491670,customer_13089
uci_491671,491671,505.13,GBP,captured,online_retail,2009-12-13 11:46:00,setl_491671,customer_14161
uci_491672,491672,336.82,GBP,captured,online_retail,2009-12-13 11:46:00,setl_491672,customer_17172
uci_491673,491673,126.7,GBP,captured,online_retail,2009-12-13 11:49:00,setl_491673,customer_17085
uci_491675,491675,374.04,GBP,captured,online_retail,2009-12-13 12:04:00,setl_491675,customer_16710
uci_491674,491674,591.48,GBP,captured,online_retail,2009-12-13 12:04:00,setl_491674,customer_17593
uci_491677,491677,15.0,GBP,captured,online_retail,2009-12-13 12:10:00,setl_491677,customer_14685
uci_491678,491678,300.42,GBP,captured,online_retail,2009-12-13 12:11:00,setl_491678,customer_16830
uci_491679,491679,145.06,GBP,captured,online_retail,2009-12-13 12:19:00,setl_491679,customer_16127
uci_491680,491680,244.8,GBP,captured,online_retail,2009-12-13 12:22:00,setl_491680,customer_14987
uci_491681,491681,272.4,GBP,captured,online_retail,2009-12-13 12:31:00,setl_491681,customer_15751
uci_491682,491682,21.95,GBP,captured,online_retail,2009-12-13 12:32:00,setl_491682,customer_15751
uci_491683,491683,361.55,GBP,captured,online_retail,2009-12-13 12:36:00,setl_491683,customer_17539
uci_491684,491684,228.8,GBP,captured,online_retail,2009-12-13 12:42:00,setl_491684,customer_17287
uci_491685,491685,5.1,GBP,captured,online_retail,2009-12-13 12:43:00,setl_491685,customer_17287
uci_491686,491686,452.5,GBP,captured,online_retail,2009-12-13 12:50:00,setl_491686,customer_17920
uci_491687,491687,588.4,GBP,captured,online_retail,2009-12-13 12:57:00,setl_491687,customer_15944
uci_491688,491688,197.98,GBP,captured,online_retail,2009-12-13 13:03:00,setl_491688,customer_14606
uci_491690,491690,511.64,GBP,captured,online_retail,2009-12-13 13:09:00,setl_491690,customer_13206
uci_491691,491691,386.73,GBP,captured,online_retail,2009-12-13 13:17:00,setl_491691,customer_17211
uci_491692,491692,856.78,GBP,captured,online_retail,2009-12-13 13:21:00,setl_491692,customer_14514
uci_491694,491694,228.34,GBP,captured,online_retail,2009-12-13 13:24:00,setl_491694,customer_17066
uci_491695,491695,106.65,GBP,captured,online_retail,2009-12-13 13:27:00,setl_491695,customer_15850
uci_491696,491696,56.45,GBP,captured,online_retail,2009-12-13 13:28:00,setl_491696,customer_17290
uci_491697,491697,493.37,GBP,captured,online_retail,2009-12-13 13:31:00,setl_491697,customer_13735
uci_491698,491698,1014.54,GBP,captured,online_retail,2009-12-13 13:31:00,setl_491698,customer_12681
uci_491699,491699,286.28,GBP,captured,online_retail,2009-12-13 13:39:00,setl_491699,customer_15628
uci_491700,491700,507.65,GBP,captured,online_retail,2009-12-13 13:39:00,setl_491700,customer_17802
uci_491701,491701,123.43,GBP,captured,online_retail,2009-12-13 13:53:00,setl_491701,customer_15446
uci_491703,491703,399.8,GBP,captured,online_retail,2009-12-13 14:01:00,setl_491703,customer_14525
uci_491704,491704,65.1,GBP,captured,online_retail,2009-12-13 14:08:00,setl_491704,customer_14751
uci_491706,491706,15.3,GBP,captured,online_retail,2009-12-13 14:10:00,setl_491706,customer_17802
uci_491707,491707,98.25,GBP,captured,online_retail,2009-12-13 14:38:00,setl_491707,customer_17969
uci_491708,491708,100.8,GBP,captured,online_retail,2009-12-13 14:40:00,setl_491708,customer_14685
uci_491709,491709,147.99,GBP,captured,online_retail,2009-12-13 14:51:00,setl_491709,customer_12600
uci_491710,491710,258.3,GBP,captured,online_retail,2009-12-13 15:01:00,setl_491710,customer_12683
uci_491711,491711,313.64,GBP,captured,online_retail,2009-12-13 15:16:00,setl_491711,customer_13087
uci_491712,491712,360.51,GBP,captured,online_retail,2009-12-13 15:17:00,setl_491712,customer_15562
uci_491713,491713,545.1,GBP,captured,online_retail,2009-12-13 15:24:00,setl_491713,customer_17819
uci_491714,491714,526.46,GBP,captured,online_retail,2009-12-13 15:38:00,setl_491714,customer_16409
uci_491715,491715,233.42,GBP,captured,online_retail,2009-12-13 15:43:00,setl_491715,customer_14277
uci_491716,491716,217.8,GBP,captured,online_retail,2009-12-13 15:44:00,setl_491716,customer_14466
uci_491717,491717,213.88,GBP,captured,online_retail,2009-12-13 15:54:00,setl_491717,customer_16725
uci_491718,491718,181.51,GBP,captured,online_retail,2009-12-13 15:55:00,setl_491718,customer_16325
uci_491719,491719,348.61,GBP,captured,online_retail,2009-12-13 16:03:00,setl_491719,customer_17799
uci_491720,491720,261.7,GBP,captured,online_retail,2009-12-13 16:04:00,setl_491720,customer_17910
uci_491721,491721,354.29,GBP,captured,online_retail,2009-12-13 16:05:00,setl_491721,customer_14898
uci_491722,491722,292.98,GBP,captured,online_retail,2009-12-13 16:12:00,setl_491722,customer_16551
uci_491724,491724,124.9,GBP,captured,online_retail,2009-12-13 16:17:00,setl_491724,customer_15577
uci_491725,491725,45.0,GBP,captured,online_retail,2009-12-14 08:34:00,setl_491725,customer_12346
uci_491726,491726,1081.66,GBP,captured,online_retail,2009-12-14 08:40:00,setl_491726,customer_12439
uci_491729,491729,171.82,GBP,captured,online_retail,2009-12-14 09:48:00,setl_491729,customer_13462
uci_491730,491730,252.12,GBP,captured,online_retail,2009-12-14 09:56:00,setl_491730,customer_13872
uci_491731,491731,228.6,GBP,captured,online_retail,2009-12-14 09:59:00,setl_491731,customer_18087
uci_491733,491733,366.4,GBP,captured,online_retail,2009-12-14 10:01:00,setl_491733,customer_18087
uci_491734,491734,950.0,GBP,captured,online_retail,2009-12-14 10:24:00,setl_491734,customer_13093
uci_491735,491735,225.8,GBP,captured,online_retail,2009-12-14 10:27:00,setl_491735,customer_15550
uci_491736,491736,756.51,GBP,captured,online_retail,2009-12-14 10:34:00,setl_491736,customer_13013
uci_491737,491737,31.93,GBP,captured,online_retail,2009-12-14 10:37:00,setl_491737,customer_14977
uci_491738,491738,1286.43,GBP,captured,online_retail,2009-12-14 10:49:00,setl_491738,customer_12472
uci_491743,491743,597.56,GBP,captured,online_retail,2009-12-14 11:00:00,setl_491743,customer_13767
uci_491742,491742,22.5,GBP,captured,online_retail,2009-12-14 11:00:00,setl_491742,customer_12346
uci_491744,491744,22.5,GBP,captured,online_retail,2009-12-14 11:02:00,setl_491744,customer_12346
uci_491745,491745,66.75,GBP,captured,online_retail,2009-12-14 11:10:00,setl_491745,customer_16769
uci_491746,491746,327.71,GBP,captured,online_retail,2009-12-14 11:18:00,setl_491746,customer_16769
uci_491747,491747,187.7,GBP,captured,online_retail,2009-12-14 11:24:00,setl_491747,customer_17075
uci_491748,491748,319.38,GBP,captured,online_retail,2009-12-14 11:30:00,setl_491748,customer_17157
uci_491750,491750,572.05,GBP,captured,online_retail,2009-12-14 11:48:00,setl_491750,customer_14527
uci_491751,491751,196.92,GBP,captured,online_retail,2009-12-14 11:59:00,setl_491751,customer_16190
uci_491752,491752,309.3,GBP,captured,online_retail,2009-12-14 12:02:00,setl_491752,customer_14032
uci_491753,491753,348.85,GBP,captured,online_retail,2009-12-14 12:09:00,setl_491753,customer_17825
uci_491754,491754,38.66,GBP,captured,online_retail,2009-12-14 12:13:00,setl_491754,customer_17825
uci_491755,491755,79.95,GBP,captured,online_retail,2009-12-14 12:16:00,setl_491755,customer_17825
uci_491756,491756,318.36,GBP,captured,online_retail,2009-12-14 12:18:00,setl_491756,customer_15329
uci_491757,491757,705.6,GBP,captured,online_retail,2009-12-14 12:18:00,setl_491757,customer_17949
uci_491758,491758,400.91,GBP,captured,online_retail,2009-12-14 12:24:00,setl_491758,customer_17908
uci_491759,491759,15.0,GBP,captured,online_retail,2009-12-14 12:28:00,setl_491759,customer_12748
uci_491760,491760,170.05,GBP,captured,online_retail,2009-12-14 12:36:00,setl_491760,customer_15311
uci_491780,491780,615.22,GBP,captured,online_retail,2009-12-14 12:47:00,setl_491780,customer_12471
uci_491784,491784,675.05,GBP,captured,online_retail,2009-12-14 12:48:00,setl_491784,customer_12471
uci_491782,491782,162.25,GBP,captured,online_retail,2009-12-14 12:48:00,setl_491782,customer_15534
uci_491800,491800,5259.17,GBP,captured,online_retail,2009-12-14 12:58:00,setl_491800,customer_17511
uci_491803,491803,698.61,GBP,captured,online_retail,2009-12-14 13:06:00,setl_491803,customer_16327
uci_491804,491804,112.64,GBP,captured,online_retail,2009-12-14 13:09:00,setl_491804,customer_15920
uci_491805,491805,1350.81,GBP,captured,online_retail,2009-12-14 13:10:00,setl_491805,customer_12613
uci_491806,491806,8.95,GBP,captured,online_retail,2009-12-14 13:10:00,setl_491806,customer_15920
uci_491807,491807,164.28,GBP,captured,online_retail,2009-12-14 13:11:00,setl_491807,customer_17318
uci_491809,491809,272.02,GBP,captured,online_retail,2009-12-14 13:19:00,setl_491809,customer_17965
uci_491811,491811,290.15,GBP,captured,online_retail,2009-12-14 13:22:00,setl_491811,customer_12835
uci_491810,491810,619.67,GBP,captured,online_retail,2009-12-14 13:22:00,setl_491810,customer_14401
uci_491812,491812,13854.2,GBP,captured,online_retail,2009-12-14 13:23:00,setl_491812,customer_13694
uci_491813,491813,157.5,GBP,captured,online_retail,2009-12-14 13:27:00,setl_491813,customer_13694
uci_491814,491814,310.43,GBP,captured,online_retail,2009-12-14 13:30:00,setl_491814,customer_15188
uci_491816,491816,1550.07,GBP,captured,online_retail,2009-12-14 13:36:00,setl_491816,customer_14961
uci_491815,491815,177.84,GBP,captured,online_retail,2009-12-14 13:36:00,setl_491815,customer_13694
uci_491825,491825,414.36,GBP,captured,online_retail,2009-12-14 14:02:00,setl_491825,customer_13931
uci_491826,491826,850.83,GBP,captured,online_retail,2009-12-14 14:12:00,setl_491826,customer_16019
uci_491828,491828,409.2,GBP,captured,online_retail,2009-12-14 14:13:00,setl_491828,customer_13089
uci_491829,491829,325.44,GBP,captured,online_retail,2009-12-14 14:28:00,setl_491829,customer_16711
uci_491831,491831,137.73,GBP,captured,online_retail,2009-12-14 14:33:00,setl_491831,customer_17961
uci_491832,491832,132.51,GBP,captured,online_retail,2009-12-14 14:34:00,setl_491832,customer_15420
uci_491833,491833,390.66,GBP,captured,online_retail,2009-12-14 14:35:00,setl_491833,customer_12926
uci_491834,491834,197.05,GBP,captured,online_retail,2009-12-14 14:36:00,setl_491834,customer_17623
uci_491840,491840,129.6,GBP,captured,online_retail,2009-12-14 14:46:00,setl_491840,customer_15015
uci_491861,491861,266.02,GBP,captured,online_retail,2009-12-14 15:06:00,setl_491861,customer_14796
uci_491868,491868,431.98,GBP,captured,online_retail,2009-12-14 15:07:00,setl_491868,customer_14042
uci_491888,491888,626.0,GBP,captured,online_retail,2009-12-14 15:16:00,setl_491888,customer_15867
uci_491893,491893,274.0,GBP,captured,online_retail,2009-12-14 15:17:00,setl_491893,customer_16805
uci_491894,491894,1126.81,GBP,captured,online_retail,2009-12-14 15:18:00,setl_491894,customer_14062
uci_491923,491923,307.24,GBP,captured,online_retail,2009-12-14 15:30:00,setl_491923,customer_12839
uci_491924,491924,700.83,GBP,captured,online_retail,2009-12-14 15:31:00,setl_491924,customer_17364
uci_491935,491935,689.71,GBP,captured,online_retail,2009-12-14 15:38:00,setl_491935,customer_16125
uci_491941,491941,70.8,GBP,captured,online_retail,2009-12-14 15:42:00,setl_491941,customer_12924
uci_491949,491949,53.2,GBP,captured,online_retail,2009-12-14 15:44:00,setl_491949,customer_13591
uci_491950,491950,238.05,GBP,captured,online_retail,2009-12-14 15:49:00,setl_491950,customer_16280
uci_491951,491951,926.31,GBP,captured,online_retail,2009-12-14 15:51:00,setl_491951,customer_13206
uci_491953,491953,2308.5,GBP,captured,online_retail,2009-12-14 15:57:00,setl_491953,customer_15061
uci_491954,491954,88.5,GBP,captured,online_retail,2009-12-14 15:58:00,setl_491954,customer_12920
uci_491955,491955,50.4,GBP,captured,online_retail,2009-12-14 15:58:00,setl_491955,customer_12920
uci_491956,491956,381.4,GBP,captured,online_retail,2009-12-14 16:00:00,setl_491956,customer_16985
uci_491957,491957,149.5,GBP,captured,online_retail,2009-12-14 16:01:00,setl_491957,customer_17866
uci_491958,491958,99.86,GBP,captured,online_retail,2009-12-14 16:10:00,setl_491958,customer_13577
uci_491959,491959,111.0,GBP,captured,online_retail,2009-12-14 16:11:00,setl_491959,customer_16064
uci_491960,491960,659.4,GBP,captured,online_retail,2009-12-14 16:29:00,setl_491960,customer_17416
uci_491961,491961,1456.2,GBP,captured,online_retail,2009-12-14 16:36:00,setl_491961,customer_15640
uci_491963,491963,93.35,GBP,captured,online_retail,2009-12-14 16:46:00,setl_491963,customer_12992
uci_491964,491964,45.3,GBP,captured,online_retail,2009-12-14 16:52:00,setl_491964,customer_15672
uci_491965,491965,497.65,GBP,captured,online_retail,2009-12-14 17:03:00,setl_491965,customer_13000
uci_491967,491967,384.16,GBP,captured,online_retail,2009-12-14 17:34:00,setl_491967,customer_17012
uci_491979,491979,891.41,GBP,captured,online_retail,2009-12-15 08:01:00,setl_491979,customer_13162
uci_491980,491980,227.72,GBP,captured,online_retail,2009-12-15 08:39:00,setl_491980,customer_17067
uci_491981,491981,381.22,GBP,captured,online_retail,2009-12-15 09:34:00,setl_491981,customer_13468
uci_491982,491982,154.69,GBP,captured,online_retail,2009-12-15 09:40:00,setl_491982,customer_16098
uci_491983,491983,415.49,GBP,captured,online_retail,2009-12-15 09:42:00,setl_491983,customer_16554
uci_491984,491984,306.54,GBP,captured,online_retail,2009-12-15 09:44:00,setl_491984,customer_13004
uci_491986,491986,495.0,GBP,captured,online_retail,2009-12-15 09:51:00,setl_491986,customer_15838
uci_491987,491987,62.31,GBP,captured,online_retail,2009-12-15 10:00:00,setl_491987,customer_17572
uci_491988,491988,429.66,GBP,captured,online_retail,2009-12-15 10:02:00,setl_491988,customer_13902
uci_491991,491991,27.0,GBP,captured,online_retail,2009-12-15 10:10:00,setl_491991,customer_17809
uci_491992,491992,57.9,GBP,captured,online_retail,2009-12-15 10:21:00,setl_491992,customer_16158
uci_491993,491993,304.7,GBP,captured,online_retail,2009-12-15 10:28:00,setl_491993,customer_17213
uci_491994,491994,306.4,GBP,captured,online_retail,2009-12-15 10:36:00,setl_491994,customer_17251
uci_491996,491996,1337.0,GBP,captured,online_retail,2009-12-15 10:50:00,setl_491996,customer_14063
uci_491995,491995,367.75,GBP,captured,online_retail,2009-12-15 10:50:00,setl_491995,customer_13495
uci_491997,491997,292.31,GBP,captured,online_retail,2009-12-15 11:06:00,setl_491997,customer_17852
uci_491998,491998,297.86,GBP,captured,online_retail,2009-12-15 11:09:00,setl_491998,customer_16858
uci_491999,491999,310.87,GBP,captured,online_retail,2009-12-15 11:20:00,setl_491999,customer_14341
uci_492003,492003,253.42,GBP,captured,online_retail,2009-12-15 11:24:00,setl_492003,customer_15039
uci_492004,492004,847.0,GBP,captured,online_retail,2009-12-15 11:25:00,setl_492004,customer_17082
uci_492005,492005,2320.2,GBP,captured,online_retail,2009-12-15 11:25:00,setl_492005,customer_14607
uci_492007,492007,169.5,GBP,captured,online_retail,2009-12-15 11:26:00,setl_492007,customer_17262
uci_492008,492008,61.2,GBP,captured,online_retail,2009-12-15 11:26:00,setl_492008,customer_17082
uci_492009,492009,174.65,GBP,captured,online_retail,2009-12-15 11:28:00,setl_492009,customer_14871
uci_492011,492011,253.64,GBP,captured,online_retail,2009-12-15 11:42:00,setl_492011,customer_18220
uci_492012,492012,675.12,GBP,captured,online_retail,2009-12-15 11:49:00,setl_492012,customer_17625
uci_492014,492014,13.5,GBP,captured,online_retail,2009-12-15 11:56:00,setl_492014,customer_13577
uci_492015,492015,1413.34,GBP,captured,online_retail,2009-12-15 12:00:00,setl_492015,customer_14911
uci_492016,492016,179.36,GBP,captured,online_retail,2009-12-15 12:03:00,setl_492016,customer_17233
uci_492017,492017,394.42,GBP,captured,online_retail,2009-12-15 12:06:00,setl_492017,customer_16210
uci_492018,492018,531.3,GBP,captured,online_retail,2009-12-15 12:08:00,setl_492018,customer_16550
uci_492020,492020,414.78,GBP,captured,online_retail,2009-12-15 12:13:00,setl_492020,customer_13635
uci_492021,492021,208.8,GBP,captured,online_retail,2009-12-15 12:18:00,setl_492021,customer_17949
uci_492022,492022,216.0,GBP,captured,online_retail,2009-12-15 12:20:00,setl_492022,customer_17949
uci_492035,492035,285.22,GBP,captured,online_retail,2009-12-15 12:29:00,setl_492035,customer_16202
uci_492039,492039,301.9,GBP,captured,online_retail,2009-12-15 12:32:00,setl_492039,customer_17095
uci_492051,492051,870.84,GBP,captured,online_retail,2009-12-15 12:43:00,setl_492051,customer_13758
uci_492064,492064,558.17,GBP,captured,online_retail,2009-12-15 12:49:00,setl_492064,customer_16713
uci_492071,492071,6.75,GBP,captured,online_retail,2009-12-15 12:57:00,setl_492071,customer_16713
uci_492073,492073,1500.46,GBP,captured,online_retail,2009-12-15 13:11:00,setl_492073,customer_15413
uci_492074,492074,377.49,GBP,captured,online_retail,2009-12-15 13:12:00,setl_492074,customer_12941
uci_492075,492075,477.36,GBP,captured,online_retail,2009-12-15 13:21:00,setl_492075,customer_17596
uci_492076,492076,152.0,GBP,captured,online_retail,2009-12-15 13:35:00,setl_492076,customer_17675
uci_492077,492077,290.72,GBP,captured,online_retail,2009-12-15 13:40:00,setl_492077,customer_15812
uci_492078,492078,147.68,GBP,captured,online_retail,2009-12-15 13:48:00,setl_492078,customer_14966
uci_492079,492079,324.8,GBP,captured,online_retail,2009-12-15 13:49:00,setl_492079,customer_15070
uci_492080,492080,308.38,GBP,captured,online_retail,2009-12-15 13:50:00,setl_492080,customer_18260
uci_492092,492092,698.2,GBP,captured,online_retail,2009-12-15 14:03:00,setl_492092,customer_14156
uci_492098,492098,2343.72,GBP,captured,online_retail,2009-12-15 14:05:00,setl_492098,customer_16749
uci_492117,492117,1021.53,GBP,captured,online_retail,2009-12-15 14:10:00,setl_492117,customer_15808
uci_492125,492125,146.46,GBP,captured,online_retail,2009-12-15 14:13:00,setl_492125,customer_13405
uci_492127,492127,538.77,GBP,captured,online_retail,2009-12-15 14:14:00,setl_492127,customer_13319
uci_492133,492133,1737.2,GBP,captured,online_retail,2009-12-15 14:18:00,setl_492133,customer_16684
uci_492153,492153,208.68,GBP,captured,online_retail,2009-12-15 14:30:00,setl_492153,customer_17797
uci_492168,492168,391.55,GBP,captured,online_retail,2009-12-15 14:34:00,setl_492168,customer_13823
uci_492169,492169,823.81,GBP,captured,online_retail,2009-12-15 14:46:00,setl_492169,customer_13680
uci_492170,492170,138.22,GBP,captured,online_retail,2009-12-15 14:53:00,setl_492170,customer_15566
uci_492172,492172,327.91,GBP,captured,online_retail,2009-12-15 15:06:00,setl_492172,customer_13050
uci_492173,492173,316.39,GBP,captured,online_retail,2009-12-15 15:12:00,setl_492173,customer_13267
uci_492174,492174,478.16,GBP,captured,online_retail,2009-12-15 15:16:00,setl_492174,customer_13798
uci_492175,492175,182.25,GBP,captured,online_retail,2009-12-15 15:18:00,setl_492175,customer_13756
uci_492176,492176,466.88,GBP,captured,online_retail,2009-12-15 15:21:00,setl_492176,customer_17841
uci_492177,492177,598.2,GBP,captured,online_retail,2009-12-15 15:24:00,setl_492177,customer_15311
uci_492179,492179,24.63,GBP,captured,online_retail,2009-12-15 15:27:00,setl_492179,customer_17816
uci_492178,492178,340.39,GBP,captured,online_retail,2009-12-15 15:27:00,setl_492178,customer_18168
uci_492181,492181,380.78,GBP,captured,online_retail,2009-12-15 15:36:00,setl_492181,customer_13393
uci_492185,492185,960.0,GBP,captured,online_retail,2009-12-15 15:48:00,setl_492185,customer_16308
uci_492202,492202,774.21,GBP,captured,online_retail,2009-12-15 16:23:00,setl_492202,customer_15514
uci_492203,492203,204.0,GBP,captured,online_retail,2009-12-15 16:27:00,setl_492203,customer_16353
uci_492204,492204,322.92,GBP,captured,online_retail,2009-12-15 16:28:00,setl_492204,customer_15785
uci_492208,492208,334.14,GBP,captured,online_retail,2009-12-15 16:34:00,setl_492208,customer_13599
uci_492209,492209,236.17,GBP,captured,online_retail,2009-12-15 16:40:00,setl_492209,customer_15768
uci_492210,492210,263.4,GBP,captured,online_retail,2009-12-15 16:45:00,setl_492210,customer_15971
uci_492214,492214,301.16,GBP,captured,online_retail,2009-12-15 17:05:00,setl_492214,customer_14897
uci_492216,492216,939.21,GBP,captured,online_retail,2009-12-15 17:25:00,setl_492216,customer_15641
uci_492218,492218,297.86,GBP,captured,online_retail,2009-12-15 17:31:00,setl_492218,customer_15527
uci_492220,492220,205.32,GBP,captured,online_retail,2009-12-15 17:45:00,setl_492220,customer_17368
uci_492221,492221,288.88,GBP,captured,online_retail,2009-12-15 17:54:00,setl_492221,customer_15637
uci_492222,492222,187.84,GBP,captured,online_retail,2009-12-15 17:56:00,setl_492222,customer_15393
uci_492223,492223,179.0,GBP,captured,online_retail,2009-12-15 17:56:00,setl_492223,customer_14061
uci_492224,492224,801.3,GBP,captured,online_retail,2009-12-15 18:22:00,setl_492224,customer_12748
uci_492225,492225,1084.08,GBP,captured,online_retail,2009-12-15 18:32:00,setl_492225,customer_14134
uci_492227,492227,334.5,GBP,captured,online_retail,2009-12-15 18:57:00,setl_492227,customer_18177
uci_492228,492228,343.66,GBP,captured,online_retail,2009-12-15 19:01:00,setl_492228,customer_15078
uci_492229,492229,388.74,GBP,captured,online_retail,2009-12-15 19:02:00,setl_492229,customer_13473
uci_492230,492230,60.48,GBP,captured,online_retail,2009-12-15 19:03:00,setl_492230,customer_16605
uci_492231,492231,53.0,GBP,captured,online_retail,2009-12-15 19:03:00,setl_492231,customer_12956
uci_492233,492233,126.5,GBP,captured,online_retail,2009-12-15 19:04:00,setl_492233,customer_13711
uci_492232,492232,61.45,GBP,captured,online_retail,2009-12-15 19:04:00,setl_492232,customer_12971
uci_492234,492234,297.4,GBP,captured,online_retail,2009-12-15 19:05:00,setl_492234,customer_15394
uci_492235,492235,155.34,GBP,captured,online_retail,2009-12-15 19:06:00,setl_492235,customer_14460
uci_492236,492236,2156.0,GBP,captured,online_retail,2009-12-15 19:09:00,setl_492236,customer_18102
uci_492237,492237,3480.0,GBP,captured,online_retail,2009-12-15 19:11:00,setl_492237,customer_18102
uci_492238,492238,520.46,GBP,captured,online_retail,2009-12-15 19:12:00,setl_492238,customer_18102
uci_492239,492239,313.8,GBP,captured,online_retail,2009-12-16 07:58:00,setl_492239,customer_14543
uci_492240,492240,575.64,GBP,captured,online_retail,2009-12-16 07:59:00,setl_492240,customer_13078
uci_492241,492241,969.66,GBP,captured,online_retail,2009-12-16 09:17:00,setl_492241,customer_14769
uci_492242,492242,321.65,GBP,captured,online_retail,2009-12-16 09:23:00,setl_492242,customer_15312
uci_492244,492244,435.5,GBP,captured,online_retail,2009-12-16 09:37:00,setl_492244,customer_17646
uci_492246,492246,1226.79,GBP,captured,online_retail,2009-12-16 09:41:00,setl_492246,customer_13952
uci_492245,492245,243.86,GBP,captured,online_retail,2009-12-16 09:41:00,setl_492245,customer_15713
uci_492247,492247,307.15,GBP,captured,online_retail,2009-12-16 10:16:00,setl_492247,customer_16736
uci_492248,492248,511.2,GBP,captured,online_retail,2009-12-16 10:28:00,setl_492248,customer_14646
uci_492249,492249,243.65,GBP,captured,online_retail,2009-12-16 10:39:00,setl_492249,customer_16366
uci_492250,492250,462.95,GBP,captured,online_retail,2009-12-16 10:45:00,setl_492250,customer_18286
uci_492251,492251,825.32,GBP,captured,online_retail,2009-12-16 10:51:00,setl_492251,customer_14156
uci_492252,492252,357.0,GBP,captured,online_retail,2009-12-16 10:56:00,setl_492252,customer_13999
uci_492253,492253,223.7,GBP,captured,online_retail,2009-12-16 11:04:00,setl_492253,customer_12956
uci_492269,492269,855.45,GBP,captured,online_retail,2009-12-16 11:23:00,setl_492269,customer_17677
uci_492270,492270,96.3,GBP,captured,online_retail,2009-12-16 11:24:00,setl_492270,customer_17677
uci_492271,492271,68.7,GBP,captured,online_retail,2009-12-16 11:25:00,setl_492271,customer_17677
uci_492272,492272,141.66,GBP,captured,online_retail,2009-12-16 11:26:00,setl_492272,customer_14590
uci_492273,492273,10.2,GBP,captured,online_retail,2009-12-16 11:27:00,setl_492273,customer_17677
uci_492281,492281,306.3,GBP,captured,online_retail,2009-12-16 11:43:00,setl_492281,customer_13047
uci_492282,492282,371.48,GBP,captured,online_retail,2009-12-16 11:43:00,setl_492282,customer_14869
uci_492283,492283,117.3,GBP,captured,online_retail,2009-12-16 11:44:00,setl_492283,customer_16197
uci_492285,492285,164.1,GBP,captured,online_retail,2009-12-16 11:45:00,setl_492285,customer_13097
uci_492287,492287,313.3,GBP,captured,online_retail,2009-12-16 11:46:00,setl_492287,customer_13074
uci_492290,492290,187.44,GBP,captured,online_retail,2009-12-16 11:47:00,setl_492290,customer_14966
uci_492296,492296,499.15,GBP,captured,online_retail,2009-12-16 11:53:00,setl_492296,customer_14667
uci_492297,492297,307.95,GBP,captured,online_retail,2009-12-16 11:53:00,setl_492297,customer_13289
uci_492300,492300,348.15,GBP,captured,online_retail,2009-12-16 11:55:00,setl_492300,customer_12747
uci_492302,492302,183.4,GBP,captured,online_retail,2009-12-16 11:56:00,setl_492302,customer_16119
uci_492304,492304,214.25,GBP,captured,online_retail,2009-12-16 11:59:00,setl_492304,customer_13769
uci_492312,492312,123.19,GBP,captured,online_retail,2009-12-16 12:06:00,setl_492312,customer_15184
uci_492313,492313,407.69,GBP,captured,online_retail,2009-12-16 12:09:00,setl_492313,customer_14680
uci_492314,492314,336.6,GBP,captured,online_retail,2009-12-16 12:11:00,setl_492314,customer_14732
uci_492318,492318,214.21,GBP,captured,online_retail,2009-12-16 12:16:00,setl_492318,customer_17189
uci_492317,492317,593.4,GBP,captured,online_retail,2009-12-16 12:16:00,setl_492317,customer_15615
uci_492321,492321,1181.5,GBP,captured,online_retail,2009-12-16 12:17:00,setl_492321,customer_15061
uci_492319,492319,161.6,GBP,captured,online_retail,2009-12-16 12:17:00,setl_492319,customer_15499
uci_492322,492322,352.0,GBP,captured,online_retail,2009-12-16 12:24:00,setl_492322,customer_13694
uci_492325,492325,212.1,GBP,captured,online_retail,2009-12-16 12:24:00,setl_492325,customer_13641
uci_492328,492328,271.56,GBP,captured,online_retail,2009-12-16 12:25:00,setl_492328,customer_13641
uci_492340,492340,311.99,GBP,captured,online_retail,2009-12-16 12:29:00,setl_492340,customer_17954
uci_492342,492342,1221.97,GBP,captured,online_retail,2009-12-16 12:32:00,setl_492342,customer_14527
uci_492347,492347,1209.58,GBP,captured,online_retail,2009-12-16 12:39:00,setl_492347,customer_13694
uci_492348,492348,540.66,GBP,captured,online_retail,2009-12-16 12:41:00,setl_492348,customer_13694
uci_492349,492349,306.2,GBP,captured,online_retail,2009-12-16 12:41:00,setl_492349,customer_13831
uci_492351,492351,35.45,GBP,captured,online_retail,2009-12-16 12:45:00,setl_492351,customer_17954
uci_492356,492356,422.35,GBP,captured,online_retail,2009-12-16 13:15:00,setl_492356,customer_12586
uci_492357,492357,115.3,GBP,captured,online_retail,2009-12-16 13:16:00,setl_492357,customer_18012
uci_492358,492358,1750.43,GBP,captured,online_retail,2009-12-16 13:22:00,setl_492358,customer_16779
uci_492359,492359,78.6,GBP,captured,online_retail,2009-12-16 13:23:00,setl_492359,customer_13403
uci_492360,492360,584.1,GBP,captured,online_retail,2009-12-16 13:23:00,setl_492360,customer_14625
uci_492361,492361,342.36,GBP,captured,online_retail,2009-12-16 13:40:00,setl_492361,customer_17833
uci_492362,492362,436.56,GBP,captured,online_retail,2009-12-16 13:49:00,setl_492362,customer_15222
uci_492367,492367,618.79,GBP,captured,online_retail,2009-12-16 14:00:00,setl_492367,customer_13178
uci_492368,492368,519.53,GBP,captured,online_retail,2009-12-16 14:08:00,setl_492368,customer_14415
uci_492369,492369,323.25,GBP,captured,online_retail,2009-12-16 14:09:00,setl_492369,customer_16195
uci_492370,492370,130.51,GBP,captured,online_retail,2009-12-16 14:12:00,setl_492370,customer_16891
uci_492371,492371,252.2,GBP,captured,online_retail,2009-12-16 14:22:00,setl_492371,customer_14952
uci_492372,492372,195.5,GBP,captured,online_retail,2009-12-16 14:22:00,setl_492372,customer_13693
uci_492374,492374,425.95,GBP,captured,online_retail,2009-12-16 14:41:00,setl_492374,customer_15984
uci_492375,492375,14.2,GBP,captured,online_retail,2009-12-16 14:54:00,setl_492375,customer_15577
uci_492376,492376,215.75,GBP,captured,online_retail,2009-12-16 14:59:00,setl_492376,customer_17776
uci_492378,492378,422.15,GBP,captured,online_retail,2009-12-16 15:05:00,setl_492378,customer_16569
uci_492379,492379,338.31,GBP,captured,online_retail,2009-12-16 15:06:00,setl_492379,customer_17469
uci_492380,492380,274.32,GBP,captured,online_retail,2009-12-16 15:11:00,setl_492380,customer_14055
uci_492383,492383,542.36,GBP,captured,online_retail,2009-12-16 15:11:00,setl_492383,customer_17873
uci_492387,492387,1088.8,GBP,captured,online_retail,2009-12-16 15:13:00,setl_492387,customer_15044
uci_492391,492391,340.67,GBP,captured,online_retail,2009-12-16 15:16:00,setl_492391,customer_13426
uci_492395,492395,22.67,GBP,captured,online_retail,2009-12-16 15:21:00,setl_492395,customer_17988
uci_492397,492397,78.2,GBP,captured,online_retail,2009-12-16 15:24:00,setl_492397,customer_12359
uci_492398,492398,50.4,GBP,captured,online_retail,2009-12-16 15:24:00,setl_492398,customer_17873
uci_492399,492399,320.65,GBP,captured,online_retail,2009-12-16 15:31:00,setl_492399,customer_14329
uci_492401,492401,324.87,GBP,captured,online_retail,2009-12-16 15:38:00,setl_492401,customer_15311
uci_492403,492403,276.5,GBP,captured,online_retail,2009-12-16 15:45:00,setl_492403,customer_17091
uci_492404,492404,98.3,GBP,captured,online_retail,2009-12-16 15:45:00,setl_492404,customer_16694
uci_492405,492405,255.37,GBP,captured,online_retail,2009-12-16 15:48:00,setl_492405,customer_15055
uci_492406,492406,597.5,GBP,captured,online_retail,2009-12-16 15:57:00,setl_492406,customer_18144
uci_492407,492407,278.07,GBP,captured,online_retail,2009-12-16 16:02:00,setl_492407,customer_15750
uci_492408,492408,133.0,GBP,captured,online_retail,2009-12-16 16:04:00,setl_492408,customer_16987
uci_492409,492409,189.31,GBP,captured,online_retail,2009-12-16 16:07:00,setl_492409,customer_13008
uci_492410,492410,781.1,GBP,captured,online_retail,2009-12-16 16:10:00,setl_492410,customer_13941
uci_492412,492412,136.2,GBP,captured,online_retail,2009-12-16 16:24:00,setl_492412,customer_14092
uci_492413,492413,295.64,GBP,captured,online_retail,2009-12-16 16:25:00,setl_492413,customer_12867
uci_492415,492415,904.38,GBP,captured,online_retail,2009-12-16 17:06:00,setl_492415,customer_17428
uci_492417,492417,220.07,GBP,captured,online_retail,2009-12-16 17:22:00,setl_492417,customer_16742
uci_492418,492418,3416.72,GBP,captured,online_retail,2009-12-16 17:27:00,setl_492418,customer_15498
uci_492419,492419,426.09,GBP,captured,online_retail,2009-12-16 17:34:00,setl_492419,customer_14540
uci_492421,492421,125.95,GBP,captured,online_retail,2009-12-16 17:40:00,setl_492421,customer_17402
uci_492423,492423,124.57,GBP,captured,online_retail,2009-12-16 17:45:00,setl_492423,customer_12748
uci_492424,492424,3.75,GBP,captured,online_retail,2009-12-16 17:45:00,setl_492424,customer_17402
uci_492426,492426,301.02,GBP,captured,online_retail,2009-12-17 08:37:00,setl_492426,customer_17157
uci_492427,492427,342.55,GBP,captured,online_retail,2009-12-17 08:39:00,setl_492427,customer_14113
uci_492428,492428,447.53,GBP,captured,online_retail,2009-12-17 08:55:00,setl_492428,customer_18201
uci_492429,492429,1425.3,GBP,captured,online_retail,2009-12-17 09:09:00,setl_492429,customer_13225
uci_492430,492430,100.8,GBP,captured,online_retail,2009-12-17 09:44:00,setl_492430,customer_14113
uci_492431,492431,353.0,GBP,captured,online_retail,2009-12-17 09:54:00,setl_492431,customer_17662
uci_492432,492432,273.88,GBP,captured,online_retail,2009-12-17 09:55:00,setl_492432,customer_13491
uci_492433,492433,176.4,GBP,captured,online_retail,2009-12-17 10:08:00,setl_492433,customer_17150
uci_492434,492434,589.34,GBP,captured,online_retail,2009-12-17 10:17:00,setl_492434,customer_15601
uci_492435,492435,140.9,GBP,captured,online_retail,2009-12-17 10:20:00,setl_492435,customer_15863
uci_492436,492436,329.58,GBP,captured,online_retail,2009-12-17 10:22:00,setl_492436,customer_18186
uci_492437,492437,323.78,GBP,captured,online_retail,2009-12-17 10:27:00,setl_492437,customer_13269
uci_492438,492438,164.59,GBP,captured,online_retail,2009-12-17 10:30:00,setl_492438,customer_13875
uci_492439,492439,1952.64,GBP,captured,online_retail,2009-12-17 10:39:00,setl_492439,customer_12557
uci_492440,492440,295.55,GBP,captured,online_retail,2009-12-17 10:52:00,setl_492440,customer_13266
uci_492441,492441,435.45,GBP,captured,online_retail,2009-12-17 10:57:00,setl_492441,customer_14484
uci_492442,492442,323.0,GBP,captured,online_retail,2009-12-17 10:58:00,setl_492442,customer_13798
uci_492443,492443,366.62,GBP,captured,online_retail,2009-12-17 10:59:00,setl_492443,customer_13777
uci_492444,492444,171.26,GBP,captured,online_retail,2009-12-17 11:06:00,setl_492444,customer_18097
uci_492445,492445,1594.85,GBP,captured,online_retail,2009-12-17 11:07:00,setl_492445,customer_17230
uci_492446,492446,589.4,GBP,captured,online_retail,2009-12-17 11:11:00,setl_492446,customer_13520
uci_492448,492448,699.08,GBP,captured,online_retail,2009-12-17 11:24:00,setl_492448,customer_17243
uci_492449,492449,120.15,GBP,captured,online_retail,2009-12-17 11:24:00,setl_492449,customer_16139
uci_492465,492465,193.85,GBP,captured,online_retail,2009-12-17 11:33:00,setl_492465,customer_13564
uci_492462,492462,233.94,GBP,captured,online_retail,2009-12-17 11:33:00,setl_492462,customer_15862
uci_492472,492472,172.07,GBP,captured,online_retail,2009-12-17 11:38:00,setl_492472,customer_15862
uci_492484,492484,176.71,GBP,captured,online_retail,2009-12-17 11:43:00,setl_492484,customer_15862
uci_492499,492499,400.76,GBP,captured,online_retail,2009-12-17 11:49:00,setl_492499,customer_17739
uci_492500,492500,6.6,GBP,captured,online_retail,2009-12-17 11:49:00,setl_492500,customer_13564
uci_492512,492512,199.19,GBP,captured,online_retail,2009-12-17 11:53:00,setl_492512,customer_14425
uci_492516,492516,226.74,GBP,captured,online_retail,2009-12-17 11:58:00,setl_492516,customer_13448
uci_492517,492517,233.4,GBP,captured,online_retail,2009-12-17 11:59:00,setl_492517,customer_17612
uci_492518,492518,809.62,GBP,captured,online_retail,2009-12-17 12:01:00,setl_492518,customer_13408
uci_492519,492519,299.65,GBP,captured,online_retail,2009-12-17 12:04:00,setl_492519,customer_14543
uci_492520,492520,420.41,GBP,captured,online_retail,2009-12-17 12:12:00,setl_492520,customer_14422
uci_492521,492521,71.4,GBP,captured,online_retail,2009-12-17 12:27:00,setl_492521,customer_18006
uci_492522,492522,160.83,GBP,captured,online_retail,2009-12-17 12:30:00,setl_492522,customer_14051
uci_492524,492524,391.44,GBP,captured,online_retail,2009-12-17 12:31:00,setl_492524,customer_14110
uci_492525,492525,74.94,GBP,captured,online_retail,2009-12-17 12:32:00,setl_492525,customer_12748
uci_492526,492526,7.8,GBP,captured,online_retail,2009-12-17 12:34:00,setl_492526,customer_12748
uci_492527,492527,437.96,GBP,captured,online_retail,2009-12-17 12:39:00,setl_492527,customer_14040
uci_492528,492528,302.06,GBP,captured,online_retail,2009-12-17 12:42:00,setl_492528,customer_16945
uci_492529,492529,433.96,GBP,captured,online_retail,2009-12-17 12:46:00,setl_492529,customer_17377
uci_492530,492530,2.95,GBP,captured,online_retail,2009-12-17 12:49:00,setl_492530,customer_14095
uci_492534,492534,78.33,GBP,captured,online_retail,2009-12-17 13:07:00,setl_492534,customer_17961
uci_492535,492535,286.04,GBP,captured,online_retail,2009-12-17 13:09:00,setl_492535,customer_13577
uci_492536,492536,343.96,GBP,captured,online_retail,2009-12-17 13:14:00,setl_492536,customer_16701
uci_492537,492537,411.7,GBP,captured,online_retail,2009-12-17 13:15:00,setl_492537,customer_16560
uci_492538,492538,255.15,GBP,captured,online_retail,2009-12-17 13:17:00,setl_492538,customer_18061
uci_492539,492539,252.59,GBP,captured,online_retail,2009-12-17 13:35:00,setl_492539,customer_16908
uci_492540,492540,256.66,GBP,captured,online_retail,2009-12-17 13:36:00,setl_492540,customer_15005
uci_492542,492542,88.28,GBP,captured,online_retail,2009-12-17 13:38:00,setl_492542,customer_15889
uci_492544,492544,96.0,GBP,captured,online_retail,2009-12-17 13:44:00,setl_492544,customer_13427
uci_492545,492545,139.0,GBP,captured,online_retail,2009-12-17 13:51:00,setl_492545,customer_16019
uci_492546,492546,141.0,GBP,captured,online_retail,2009-12-17 14:01:00,setl_492546,customer_13557
uci_492547,492547,424.3,GBP,captured,online_retail,2009-12-17 14:08:00,setl_492547,customer_17103
uci_492549,492549,339.9,GBP,captured,online_retail,2009-12-17 14:15:00,setl_492549,customer_13203
uci_492571,492571,310.7,GBP,captured,online_retail,2009-12-17 14:22:00,setl_492571,customer_16439
uci_492578,492578,319.5,GBP,captured,online_retail,2009-12-17 14:37:00,setl_492578,customer_15194
uci_492579,492579,1707.48,GBP,captured,online_retail,2009-12-17 14:38:00,setl_492579,customer_15311
uci_492580,492580,144.51,GBP,captured,online_retail,2009-12-17 14:43:00,setl_492580,customer_12937
uci_492581,492581,251.3,GBP,captured,online_retail,2009-12-17 15:02:00,setl_492581,customer_15270
uci_492582,492582,322.6,GBP,captured,online_retail,2009-12-17 15:03:00,setl_492582,customer_18223
uci_492583,492583,263.9,GBP,captured,online_retail,2009-12-17 15:06:00,setl_492583,customer_15270
uci_492585,492585,754.75,GBP,captured,online_retail,2009-12-17 15:26:00,setl_492585,customer_14085
uci_492588,492588,348.2,GBP,captured,online_retail,2009-12-17 15:33:00,setl_492588,customer_16150
uci_492589,492589,95.4,GBP,captured,online_retail,2009-12-17 15:37:00,setl_492589,customer_13319
uci_492591,492591,282.3,GBP,captured,online_retail,2009-12-17 15:39:00,setl_492591,customer_16661
uci_492592,492592,799.3,GBP,captured,online_retail,2009-12-17 15:41:00,setl_492592,customer_17400
uci_492593,492593,208.66,GBP,captured,online_retail,2009-12-17 15:44:00,setl_492593,customer_15917
uci_492594,492594,117.35,GBP,captured,online_retail,2009-12-17 15:46:00,setl_492594,customer_17631
uci_492635,492635,729.12,GBP,captured,online_retail,2009-12-17 16:18:00,setl_492635,customer_17526
uci_492640,492640,421.4,GBP,captured,online_retail,2009-12-17 16:38:00,setl_492640,customer_13077
uci_492641,492641,162.8,GBP,captured,online_retail,2009-12-17 16:43:00,setl_492641,customer_13039
uci_492643,492643,234.54,GBP,captured,online_retail,2009-12-17 16:58:00,setl_492643,customer_17576
uci_492644,492644,950.04,GBP,captured,online_retail,2009-12-17 17:16:00,setl_492644,customer_16200
uci_492650,492650,803.25,GBP,captured,online_retail,2009-12-17 17:43:00,setl_492650,customer_14911
uci_492652,492652,184.44,GBP,captured,online_retail,2009-12-17 17:46:00,setl_492652,customer_15428
uci_492659,492659,173.22,GBP,captured,online_retail,2009-12-17 17:54:00,setl_492659,customer_16720
uci_492680,492680,157.43,GBP,captured,online_retail,2009-12-17 18:20:00,setl_492680,customer_14606
uci_492684,492684,144.6,GBP,captured,online_retail,2009-12-17 18:35:00,setl_492684,customer_16351
uci_492687,492687,10.1,GBP,captured,online_retail,2009-12-17 18:41:00,setl_492687,customer_17961
uci_492705,492705,429.8,GBP,captured,online_retail,2009-12-17 19:42:00,setl_492705,customer_14702
uci_492707,492707,133.34,GBP,captured,online_retail,2009-12-17 19:54:00,setl_492707,customer_15879
uci_492708,492708,428.44,GBP,captured,online_retail,2009-12-18 09:16:00,setl_492708,customer_16556
uci_492710,492710,608.4,GBP,captured,online_retail,2009-12-18 09:58:00,setl_492710,customer_17638
uci_492711,492711,6.75,GBP,captured,online_retail,2009-12-18 10:09:00,setl_492711,customer_12471
uci_492713,492713,6.75,GBP,captured,online_retail,2009-12-18 10:11:00,setl_492713,customer_12471
uci_492714,492714,351.69,GBP,captured,online_retail,2009-12-18 10:24:00,setl_492714,customer_17913
uci_492716,492716,205.47,GBP,captured,online_retail,2009-12-18 10:25:00,setl_492716,customer_12708
uci_492717,492717,458.2,GBP,captured,online_retail,2009-12-18 10:43:00,setl_492717,customer_12826
uci_492718,492718,22.5,GBP,captured,online_retail,2009-12-18 10:47:00,setl_492718,customer_12346
uci_492720,492720,896.85,GBP,captured,online_retail,2009-12-18 10:50:00,setl_492720,customer_16772
uci_492722,492722,1.0,GBP,captured,online_retail,2009-12-18 10:55:00,setl_492722,customer_12346
uci_492723,492723,8.4,GBP,captured,online_retail,2009-12-18 10:57:00,setl_492723,customer_15858
uci_492724,492724,8370.08,GBP,captured,online_retail,2009-12-18 10:59:00,setl_492724,customer_14646
uci_492726,492726,294.0,GBP,captured,online_retail,2009-12-18 11:03:00,setl_492726,customer_17927
uci_492727,492727,567.0,GBP,captured,online_retail,2009-12-18 11:10:00,setl_492727,customer_16029
uci_492728,492728,622.48,GBP,captured,online_retail,2009-12-18 11:18:00,setl_492728,customer_15311
uci_492729,492729,366.58,GBP,captured,online_retail,2009-12-18 11:32:00,setl_492729,customer_15911
uci_492730,492730,64.17,GBP,captured,online_retail,2009-12-18 11:34:00,setl_492730,customer_14083
uci_492731,492731,290.65,GBP,captured,online_retail,2009-12-18 11:39:00,setl_492731,customer_14555
uci_492732,492732,486.0,GBP,captured,online_retail,2009-12-18 11:59:00,setl_492732,customer_16210
uci_492733,492733,376.0,GBP,captured,online_retail,2009-12-18 12:03:00,setl_492733,customer_16296
uci_492734,492734,70.8,GBP,captured,online_retail,2009-12-18 12:04:00,setl_492734,customer_18036
uci_492735,492735,668.65,GBP,captured,online_retail,2009-12-18 12:06:00,setl_492735,customer_12921
uci_492736,492736,102.75,GBP,captured,online_retail,2009-12-18 12:19:00,setl_492736,customer_13921
uci_492737,492737,356.95,GBP,captured,online_retail,2009-12-18 12:21:00,setl_492737,customer_17243
uci_492738,492738,1010.55,GBP,captured,online_retail,2009-12-18 12:23:00,setl_492738,customer_14527
uci_492741,492741,3.75,GBP,captured,online_retail,2009-12-18 12:27:00,setl_492741,customer_18037
uci_492740,492740,1839.6,GBP,captured,online_retail,2009-12-18 12:27:00,setl_492740,customer_14063
uci_492742,492742,1636.43,GBP,captured,online_retail,2009-12-18 12:33:00,setl_492742,customer_12455
uci_492743,492743,143.7,GBP,captured,online_retail,2009-12-18 12:43:00,setl_492743,customer_13995
uci_492744,492744,75.0,GBP,captured,online_retail,2009-12-18 12:44:00,setl_492744,customer_12422
uci_492745,492745,310.01,GBP,captured,online_retail,2009-12-18 12:59:00,setl_492745,customer_16600
uci_492747,492747,187.55,GBP,captured,online_retail,2009-12-18 13:03:00,setl_492747,customer_17372
uci_492749,492749,757.45,GBP,captured,online_retail,2009-12-18 13:35:00,setl_492749,customer_14911
uci_492750,492750,285.3,GBP,captured,online_retail,2009-12-18 13:39:00,setl_492750,customer_15768
uci_492751,492751,316.59,GBP,captured,online_retail,2009-12-18 13:46:00,setl_492751,customer_15768
uci_492752,492752,1.95,GBP,captured,online_retail,2009-12-18 13:47:00,setl_492752,customer_18037
uci_492753,492753,779.04,GBP,captured,online_retail,2009-12-18 13:48:00,setl_492753,customer_14156
uci_492761,492761,664.65,GBP,captured,online_retail,2009-12-18 14:22:00,setl_492761,customer_14911
uci_492760,492760,180.3,GBP,captured,online_retail,2009-12-18 14:22:00,setl_492760,customer_18071
uci_492762,492762,914.24,GBP,captured,online_retail,2009-12-18 14:23:00,setl_492762,customer_14031
uci_492763,492763,307.91,GBP,captured,online_retail,2009-12-18 14:28:00,setl_492763,customer_17028
uci_492764,492764,498.5,GBP,captured,online_retail,2009-12-18 14:31:00,setl_492764,customer_16222
uci_492765,492765,495.65,GBP,captured,online_retail,2009-12-18 14:54:00,setl_492765,customer_13855
uci_492766,492766,211.36,GBP,captured,online_retail,2009-12-18 15:02:00,setl_492766,customer_14401
uci_492767,492767,340.5,GBP,captured,online_retail,2009-12-18 15:03:00,setl_492767,customer_16746
uci_492768,492768,316.54,GBP,captured,online_retail,2009-12-18 15:06:00,setl_492768,customer_12839
uci_492769,492769,272.0,GBP,captured,online_retail,2009-12-18 15:08:00,setl_492769,customer_15497
uci_492770,492770,86.46,GBP,captured,online_retail,2009-12-18 15:28:00,setl_492770,customer_14949
uci_492771,492771,101.04,GBP,captured,online_retail,2009-12-18 15:29:00,setl_492771,customer_17324
uci_492772,492772,131.25,GBP,captured,online_retail,2009-12-18 15:35:00,setl_492772,customer_15409
uci_492773,492773,914.16,GBP,captured,online_retail,2009-12-18 15:35:00,setl_492773,customer_13327
uci_492774,492774,314.44,GBP,captured,online_retail,2009-12-18 15:46:00,setl_492774,customer_13781
uci_492775,492775,312.6,GBP,captured,online_retail,2009-12-18 15:57:00,setl_492775,customer_16592
uci_492776,492776,410.42,GBP,captured,online_retail,2009-12-18 16:04:00,setl_492776,customer_15326
uci_492777,492777,207.71,GBP,captured,online_retail,2009-12-18 16:06:00,setl_492777,customer_13468
uci_492778,492778,376.85,GBP,captured,online_retail,2009-12-18 16:13:00,setl_492778,customer_18252
uci_492779,492779,107.3,GBP,captured,online_retail,2009-12-18 16:36:00,setl_492779,customer_17969
uci_492780,492780,3.9,GBP,captured,online_retail,2009-12-18 16:56:00,setl_492780,customer_14031
uci_492781,492781,646.3,GBP,captured,online_retail,2009-12-18 16:57:00,setl_492781,customer_14105
uci_492784,492784,403.56,GBP,captured,online_retail,2009-12-18 17:24:00,setl_492784,customer_17841
uci_492785,492785,485.4,GBP,captured,online_retail,2009-12-18 17:30:00,setl_492785,customer_15856
uci_492792,492792,330.05,GBP,captured,online_retail,2009-12-20 10:08:00,setl_492792,customer_17243
uci_492793,492793,313.83,GBP,captured,online_retail,2009-12-20 10:13:00,setl_492793,customer_15841
uci_492794,492794,310.72,GBP,captured,online_retail,2009-12-20 10:41:00,setl_492794,customer_13847
uci_492795,492795,158.6,GBP,captured,online_retail,2009-12-20 10:43:00,setl_492795,customer_18077
uci_492796,492796,153.2,GBP,captured,online_retail,2009-12-20 11:12:00,setl_492796,customer_17372
uci_492797,492797,353.25,GBP,captured,online_retail,2009-12-20 11:17:00,setl_492797,customer_17412
uci_492798,492798,193.53,GBP,captured,online_retail,2009-12-20 11:25:00,setl_492798,customer_16011
uci_492799,492799,511.14,GBP,captured,online_retail,2009-12-20 11:36:00,setl_492799,customer_17865
uci_492800,492800,243.0,GBP,captured,online_retail,2009-12-20 11:50:00,setl_492800,customer_13542
uci_492801,492801,254.54,GBP,captured,online_retail,2009-12-20 12:04:00,setl_492801,customer_17231
uci_492803,492803,383.86,GBP,captured,online_retail,2009-12-20 12:06:00,setl_492803,customer_17851
uci_492804,492804,264.64,GBP,captured,online_retail,2009-12-20 12:10:00,setl_492804,customer_15456
uci_492806,492806,756.15,GBP,captured,online_retail,2009-12-20 12:21:00,setl_492806,customer_14299
uci_492805,492805,243.65,GBP,captured,online_retail,2009-12-20 12:21:00,setl_492805,customer_15518
uci_492807,492807,229.37,GBP,captured,online_retail,2009-12-20 12:28:00,setl_492807,customer_17211
uci_492807,492807,113.45,GBP,captured,online_retail,2009-12-20 12:29:00,setl_492807,customer_17211
uci_492808,492808,464.56,GBP,captured,online_retail,2009-12-20 12:32:00,setl_492808,customer_13078
uci_492809,492809,316.83,GBP,captured,online_retail,2009-12-20 12:35:00,setl_492809,customer_17624
uci_492810,492810,602.4,GBP,captured,online_retail,2009-12-20 12:47:00,setl_492810,customer_17858
uci_492811,492811,226.54,GBP,captured,online_retail,2009-12-20 13:01:00,setl_492811,customer_17085
uci_492812,492812,554.0,GBP,captured,online_retail,2009-12-20 13:09:00,setl_492812,customer_13871
uci_492813,492813,622.65,GBP,captured,online_retail,2009-12-20 13:14:00,setl_492813,customer_17920
uci_492814,492814,412.62,GBP,captured,online_retail,2009-12-20 13:17:00,setl_492814,customer_14560
uci_492815,492815,111.68,GBP,captured,online_retail,2009-12-20 13:28:00,setl_492815,customer_17841
uci_492816,492816,330.6,GBP,captured,online_retail,2009-12-20 13:30:00,setl_492816,customer_12609
uci_492817,492817,199.13,GBP,captured,online_retail,2009-12-20 13:37:00,setl_492817,customer_16593
uci_492818,492818,259.15,GBP,captured,online_retail,2009-12-20 13:47:00,setl_492818,customer_14790
uci_492819,492819,913.15,GBP,captured,online_retail,2009-12-20 14:34:00,setl_492819,customer_16779
uci_492820,492820,192.09,GBP,captured,online_retail,2009-12-20 14:40:00,setl_492820,customer_14404
uci_492822,492822,46.8,GBP,captured,online_retail,2009-12-20 14:45:00,setl_492822,customer_14404
uci_492823,492823,379.72,GBP,captured,online_retail,2009-12-20 14:59:00,setl_492823,customer_15358
uci_492824,492824,3.37,GBP,captured,online_retail,2009-12-20 15:00:00,setl_492824,customer_17961
uci_492830,492830,975.06,GBP,captured,online_retail,2009-12-20 15:38:00,setl_492830,customer_12683
uci_492832,492832,321.88,GBP,captured,online_retail,2009-12-21 09:00:00,setl_492832,customer_13111
uci_492834,492834,367.8,GBP,captured,online_retail,2009-12-21 09:45:00,setl_492834,customer_18051
uci_492836,492836,200.0,GBP,captured,online_retail,2009-12-21 10:10:00,setl_492836,customer_18102
uci_492837,492837,633.22,GBP,captured,online_retail,2009-12-21 10:22:00,setl_492837,customer_17675
uci_492839,492839,673.12,GBP,captured,online_retail,2009-12-21 11:08:00,setl_492839,customer_14085
uci_492840,492840,107.1,GBP,captured,online_retail,2009-12-21 11:13:00,setl_492840,customer_14987
uci_492841,492841,7.95,GBP,captured,online_retail,2009-12-21 11:14:00,setl_492841,customer_14987
uci_492842,492842,607.0,GBP,captured,online_retail,2009-12-21 11:31:00,setl_492842,customer_12748
uci_492843,492843,456.0,GBP,captured,online_retail,2009-12-21 11:38:00,setl_492843,customer_13089
uci_492869,492869,122.25,GBP,captured,online_retail,2009-12-21 11:51:00,setl_492869,customer_15039
uci_492875,492875,270.0,GBP,captured,online_retail,2009-12-21 11:52:00,setl_492875,customer_16282
uci_492878,492878,266.7,GBP,captured,online_retail,2009-12-21 11:53:00,setl_492878,customer_13510
uci_492891,492891,318.66,GBP,captured,online_retail,2009-12-21 12:02:00,setl_492891,customer_13408
uci_492929,492929,371.55,GBP,captured,online_retail,2009-12-21 12:17:00,setl_492929,customer_16713
uci_492935,492935,74.1,GBP,captured,online_retail,2009-12-21 12:18:00,setl_492935,customer_13641
uci_492940,492940,209.4,GBP,captured,online_retail,2009-12-21 12:20:00,setl_492940,customer_17696
uci_492942,492942,305.95,GBP,captured,online_retail,2009-12-21 12:38:00,setl_492942,customer_17213
uci_492943,492943,7112.68,GBP,captured,online_retail,2009-12-21 13:04:00,setl_492943,customer_14156
uci_492944,492944,138.75,GBP,captured,online_retail,2009-12-21 13:18:00,setl_492944,customer_12682
uci_492945,492945,308.34,GBP,captured,online_retail,2009-12-21 13:29:00,setl_492945,customer_14032
uci_492948,492948,154.65,GBP,captured,online_retail,2009-12-21 14:33:00,setl_492948,customer_14606
uci_492949,492949,66.48,GBP,captured,online_retail,2009-12-21 14:52:00,setl_492949,customer_14119
uci_492950,492950,801.43,GBP,captured,online_retail,2009-12-21 14:52:00,setl_492950,customer_12471
uci_492951,492951,433.99,GBP,captured,online_retail,2009-12-21 15:06:00,setl_492951,customer_16525
uci_492953,492953,487.3,GBP,captured,online_retail,2009-12-21 15:20:00,setl_492953,customer_14505
uci_492954,492954,178.5,GBP,captured,online_retail,2009-12-21 15:22:00,setl_492954,customer_17182
uci_492975,492975,50.25,GBP,captured,online_retail,2009-12-21 15:36:00,setl_492975,customer_17961
uci_492993,492993,30.64,GBP,captured,online_retail,2009-12-21 15:54:00,setl_492993,customer_14819
uci_493050,493050,122.3,GBP,captured,online_retail,2009-12-21 16:24:00,setl_493050,customer_17377
uci_493052,493052,303.85,GBP,captured,online_retail,2009-12-21 16:32:00,setl_493052,customer_14480
uci_493053,493053,66.2,GBP,captured,online_retail,2009-12-21 16:34:00,setl_493053,customer_17888
uci_493069,493069,196.75,GBP,captured,online_retail,2009-12-22 09:21:00,setl_493069,customer_14293
uci_493071,493071,398.7,GBP,captured,online_retail,2009-12-22 09:35:00,setl_493071,customer_18092
uci_493076,493076,24.45,GBP,captured,online_retail,2009-12-22 09:49:00,setl_493076,customer_17961
uci_493077,493077,313.6,GBP,captured,online_retail,2009-12-22 09:50:00,setl_493077,customer_14841
uci_493139,493139,581.45,GBP,captured,online_retail,2009-12-22 11:32:00,setl_493139,customer_15311
uci_493157,493157,212.21,GBP,captured,online_retail,2009-12-22 11:41:00,setl_493157,customer_15911
uci_493181,493181,3284.88,GBP,captured,online_retail,2009-12-22 12:01:00,setl_493181,customer_18251
uci_493183,493183,568.51,GBP,captured,online_retail,2009-12-22 12:03:00,setl_493183,customer_12440
uci_493187,493187,192.42,GBP,captured,online_retail,2009-12-22 12:05:00,setl_493187,customer_18190
uci_493188,493188,22.96,GBP,captured,online_retail,2009-12-22 12:38:00,setl_493188,customer_15581
uci_493189,493189,68.14,GBP,captured,online_retail,2009-12-22 12:42:00,setl_493189,customer_15581
uci_493200,493200,66.01,GBP,captured,online_retail,2009-12-22 13:22:00,setl_493200,customer_17961
uci_493257,493257,1072.44,GBP,captured,online_retail,2009-12-22 14:15:00,setl_493257,customer_14063
uci_493258,493258,2872.04,GBP,captured,online_retail,2009-12-22 14:19:00,setl_493258,customer_18102
uci_493266,493266,136.3,GBP,captured,online_retail,2009-12-22 15:05:00,setl_493266,customer_13455
uci_493300,493300,131.8,GBP,captured,online_retail,2009-12-22 15:24:00,setl_493300,customer_17969
uci_493301,493301,179.46,GBP,captured,online_retail,2009-12-22 15:37:00,setl_493301,customer_13082
uci_493302,493302,21.51,GBP,captured,online_retail,2009-12-22 15:39:00,setl_493302,customer_17961
uci_493303,493303,12.72,GBP,captured,online_retail,2009-12-22 15:40:00,setl_493303,customer_13082
uci_493304,493304,21.4,GBP,captured,online_retail,2009-12-22 15:42:00,setl_493304,customer_17961
uci_493308,493308,324.99,GBP,captured,online_retail,2009-12-22 16:17:00,setl_493308,customer_15064
uci_493325,493325,701.2,GBP,captured,online_retail,2009-12-23 07:57:00,setl_493325,customer_13694
uci_493326,493326,799.92,GBP,captured,online_retail,2009-12-23 09:20:00,setl_493326,customer_18092
uci_493360,493360,113.12,GBP,captured,online_retail,2009-12-23 10:17:00,setl_493360,customer_18252
uci_493371,493371,352.05,GBP,captured,online_retail,2009-12-23 10:54:00,setl_493371,customer_14151
uci_493372,493372,643.7,GBP,captured,online_retail,2009-12-23 11:21:00,setl_493372,customer_15044
uci_493375,493375,163.2,GBP,captured,online_retail,2009-12-23 12:07:00,setl_493375,customer_15514
uci_493376,493376,1.95,GBP,captured,online_retail,2009-12-23 12:18:00,setl_493376,customer_17961
uci_493393,493393,2565.83,GBP,captured,online_retail,2009-12-23 13:00:00,setl_493393,customer_12539
uci_493395,493395,2583.23,GBP,captured,online_retail,2009-12-23 13:41:00,setl_493395,customer_12539
uci_493398,493398,66.9,GBP,captured,online_retail,2009-12-23 14:19:00,setl_493398,customer_12835
uci_493399,493399,879.72,GBP,captured,online_retail,2009-12-23 14:35:00,setl_493399,customer_15856
uci_493407,493407,24.6,GBP,captured,online_retail,2009-12-23 16:04:00,setl_493407,customer_17867
uci_493409,493409,612.0,GBP,captured,online_retail,2009-12-23 16:58:00,setl_493409,customer_17819
uci_493410,493410,22.5,GBP,captured,online_retail,2010-01-04 09:24:00,setl_493410,customer_12346
uci_493412,493412,22.5,GBP,captured,online_retail,2010-01-04 09:53:00,setl_493412,customer_12346
uci_493414,493414,290.2,GBP,captured,online_retail,2010-01-04 10:28:00,setl_493414,customer_14590
uci_493427,493427,264.38,GBP,captured,online_retail,2010-01-04 10:43:00,setl_493427,customer_13287
uci_493428,493428,230.9,GBP,captured,online_retail,2010-01-04 11:15:00,setl_493428,customer_16550
uci_493432,493432,481.38,GBP,captured,online_retail,2010-01-04 12:30:00,setl_493432,customer_14680
uci_493433,493433,405.3,GBP,captured,online_retail,2010-01-04 12:51:00,setl_493433,customer_14709
uci_493434,493434,1021.02,GBP,captured,online_retail,2010-01-04 12:54:00,setl_493434,customer_13798
uci_493435,493435,797.65,GBP,captured,online_retail,2010-01-04 12:57:00,setl_493435,customer_13206
uci_493436,493436,3000.24,GBP,captured,online_retail,2010-01-04 13:03:00,setl_493436,customer_13694
uci_493437,493437,758.4,GBP,captured,online_retail,2010-01-04 13:10:00,setl_493437,customer_13694
uci_493438,493438,360.0,GBP,captured,online_retail,2010-01-04 13:12:00,setl_493438,customer_13694
uci_493439,493439,2021.72,GBP,captured,online_retail,2010-01-04 13:25:00,setl_493439,customer_13694
uci_493442,493442,309.2,GBP,captured,online_retail,2010-01-04 13:36:00,setl_493442,customer_13821
uci_493443,493443,567.5,GBP,captured,online_retail,2010-01-04 13:39:00,setl_493443,customer_14527
uci_493444,493444,211.29,GBP,captured,online_retail,2010-01-04 13:47:00,setl_493444,customer_16792
uci_493446,493446,189.68,GBP,captured,online_retail,2010-01-04 14:00:00,setl_493446,customer_17807
uci_493463,493463,30.37,GBP,captured,online_retail,2010-01-04 14:27:00,setl_493463,customer_15581
uci_493467,493467,415.85,GBP,captured,online_retail,2010-01-04 14:29:00,setl_493467,customer_13004
uci_493536,493536,412.17,GBP,captured,online_retail,2010-01-04 15:29:00,setl_493536,customer_17841
uci_493537,493537,660.0,GBP,captured,online_retail,2010-01-04 15:33:00,setl_493537,customer_16029
uci_493540,493540,165.0,GBP,captured,online_retail,2010-01-04 15:41:00,setl_493540,customer_14477
uci_493542,493542,118.75,GBP,captured,online_retail,2010-01-04 16:11:00,setl_493542,customer_15867
uci_493543,493543,425.06,GBP,captured,online_retail,2010-01-04 16:29:00,setl_493543,customer_14839
uci_493546,493546,136.28,GBP,captured,online_retail,2010-01-04 17:03:00,setl_493546,customer_17969
uci_493565,493565,133.2,GBP,captured,online_retail,2010-01-04 17:39:00,setl_493565,customer_17950
uci_493566,493566,316.7,GBP,captured,online_retail,2010-01-05 08:59:00,setl_493566,customer_15291
uci_493568,493568,644.58,GBP,captured,online_retail,2010-01-05 09:16:00,setl_493568,customer_16875
uci_493569,493569,279.11,GBP,captured,online_retail,2010-01-05 09:29:00,setl_493569,customer_13901
uci_493571,493571,135.25,GBP,captured,online_retail,2010-01-05 10:07:00,setl_493571,customer_14198
uci_493573,493573,364.04,GBP,captured,online_retail,2010-01-05 10:18:00,setl_493573,customer_18145
uci_493574,493574,531.72,GBP,captured,online_retail,2010-01-05 10:19:00,setl_493574,customer_15521
uci_493575,493575,302.2,GBP,captured,online_retail,2010-01-05 10:46:00,setl_493575,customer_18171
uci_493577,493577,311.42,GBP,captured,online_retail,2010-01-05 11:16:00,setl_493577,customer_13557
uci_493609,493609,42.0,GBP,captured,online_retail,2010-01-05 11:29:00,setl_493609,customer_17949
uci_493613,493613,510.0,GBP,captured,online_retail,2010-01-05 11:31:00,setl_493613,customer_17949
uci_493619,493619,309.46,GBP,captured,online_retail,2010-01-05 11:34:00,setl_493619,customer_18051
uci_493666,493666,585.85,GBP,captured,online_retail,2010-01-05 12:06:00,setl_493666,customer_16017
uci_493667,493667,974.39,GBP,captured,online_retail,2010-01-05 12:13:00,setl_493667,customer_13253
uci_493670,493670,614.05,GBP,captured,online_retail,2010-01-05 12:20:00,setl_493670,customer_14653
uci_493671,493671,757.1,GBP,captured,online_retail,2010-01-05 12:25:00,setl_493671,customer_13338
uci_493672,493672,464.37,GBP,captured,online_retail,2010-01-05 12:26:00,setl_493672,customer_17861
uci_493685,493685,906.23,GBP,captured,online_retail,2010-01-05 12:43:00,setl_493685,customer_14969
uci_493695,493695,386.93,GBP,captured,online_retail,2010-01-05 13:23:00,setl_493695,customer_14606
uci_493696,493696,2054.79,GBP,captured,online_retail,2010-01-05 13:32:00,setl_493696,customer_16779
uci_493699,493699,256.7,GBP,captured,online_retail,2010-01-05 13:43:00,setl_493699,customer_13831
uci_493700,493700,255.05,GBP,captured,online_retail,2010-01-05 13:45:00,setl_493700,customer_14422
uci_493701,493701,714.05,GBP,captured,online_retail,2010-01-05 13:58:00,setl_493701,customer_15865
uci_493702,493702,1600.0,GBP,captured,online_retail,2010-01-05 14:07:00,setl_493702,customer_18102
uci_493703,493703,1560.0,GBP,captured,online_retail,2010-01-05 14:08:00,setl_493703,customer_18102
uci_493704,493704,346.75,GBP,captured,online_retail,2010-01-05 14:12:00,setl_493704,customer_13610
uci_493706,493706,848.75,GBP,captured,online_retail,2010-01-05 14:32:00,setl_493706,customer_15768
uci_493707,493707,588.31,GBP,captured,online_retail,2010-01-05 15:21:00,setl_493707,customer_13965
uci_493708,493708,980.63,GBP,captured,online_retail,2010-01-05 15:29:00,setl_493708,customer_15311
uci_493709,493709,442.44,GBP,captured,online_retail,2010-01-05 15:55:00,setl_493709,customer_17754
uci_493710,493710,118.1,GBP,captured,online_retail,2010-01-05 16:04:00,setl_493710,customer_13442
uci_493715,493715,167.27,GBP,captured,online_retail,2010-01-05 16:38:00,setl_493715,customer_14954
uci_493716,493716,468.56,GBP,captured,online_retail,2010-01-05 16:50:00,setl_493716,customer_17364
uci_493717,493717,299.34,GBP,captured,online_retail,2010-01-05 17:19:00,setl_493717,customer_12835
uci_493718,493718,421.16,GBP,captured,online_retail,2010-01-06 09:45:00,setl_493718,customer_13267
uci_493719,493719,627.91,GBP,captured,online_retail,2010-01-06 10:17:00,setl_493719,customer_14210
uci_493720,493720,551.45,GBP,captured,online_retail,2010-01-06 10:20:00,setl_493720,customer_17675
uci_493721,493721,151.1,GBP,captured,online_retail,2010-01-06 10:53:00,setl_493721,customer_17362
uci_493722,493722,1640.58,GBP,captured,online_retail,2010-01-06 10:58:00,setl_493722,customer_16467
uci_493738,493738,586.16,GBP,captured,online_retail,2010-01-06 12:00:00,setl_493738,customer_13408
uci_493739,493739,689.82,GBP,captured,online_retail,2010-01-06 12:16:00,setl_493739,customer_14194
uci_493755,493755,57.6,GBP,captured,online_retail,2010-01-06 12:35:00,setl_493755,customer_18008
uci_493757,493757,635.85,GBP,captured,online_retail,2010-01-06 13:08:00,setl_493757,customer_15712
uci_493759,493759,754.81,GBP,captured,online_retail,2010-01-06 13:56:00,setl_493759,customer_17965
uci_493760,493760,30.45,GBP,captured,online_retail,2010-01-06 14:20:00,setl_493760,customer_17753
uci_493761,493761,2179.08,GBP,captured,online_retail,2010-01-06 14:54:00,setl_493761,customer_14258
uci_493762,493762,414.72,GBP,captured,online_retail,2010-01-06 15:37:00,setl_493762,customer_17941
uci_493765,493765,1390.52,GBP,captured,online_retail,2010-01-07 09:34:00,setl_493765,customer_14828
uci_493793,493793,750.0,GBP,captured,online_retail,2010-01-07 10:56:00,setl_493793,customer_17949
uci_493794,493794,318.0,GBP,captured,online_retail,2010-01-07 10:57:00,setl_493794,customer_17949
uci_493797,493797,306.0,GBP,captured,online_retail,2010-01-07 11:03:00,setl_493797,customer_16029
uci_493796,493796,2287.2,GBP,captured,online_retail,2010-01-07 11:03:00,setl_493796,customer_16029
uci_493798,493798,1377.88,GBP,captured,online_retail,2010-01-07 11:09:00,setl_493798,customer_16029
uci_493799,493799,2427.6,GBP,captured,online_retail,2010-01-07 11:12:00,setl_493799,customer_16029
uci_493800,493800,854.72,GBP,captured,online_retail,2010-01-07 11:16:00,setl_493800,customer_18094
uci_493801,493801,9.9,GBP,captured,online_retail,2010-01-07 11:21:00,setl_493801,customer_15684
uci_493802,493802,935.55,GBP,captured,online_retail,2010-01-07 11:22:00,setl_493802,customer_16985
uci_493804,493804,332.58,GBP,captured,online_retail,2010-01-07 11:23:00,setl_493804,customer_14626
uci_493806,493806,26.05,GBP,captured,online_retail,2010-01-07 11:31:00,setl_493806,customer_17404
uci_493810,493810,93.05,GBP,captured,online_retail,2010-01-07 11:47:00,setl_493810,customer_13727
uci_493812,493812,3677.9,GBP,captured,online_retail,2010-01-07 11:52:00,setl_493812,customer_13081
uci_493813,493813,392.95,GBP,captured,online_retail,2010-01-07 11:53:00,setl_493813,customer_14051
uci_493814,493814,202.73,GBP,captured,online_retail,2010-01-07 11:59:00,setl_493814,customer_14541
uci_493815,493815,108.37,GBP,captured,online_retail,2010-01-07 12:10:00,setl_493815,customer_12978
uci_493816,493816,212.0,GBP,captured,online_retail,2010-01-07 12:19:00,setl_493816,customer_15266
uci_493817,493817,323.4,GBP,captured,online_retail,2010-01-07 12:22:00,setl_493817,customer_16641
uci_493818,493818,360.76,GBP,captured,online_retail,2010-01-07 12:32:00,setl_493818,customer_16525
uci_493819,493819,44051.6,GBP,captured,online_retail,2010-01-07 12:34:00,setl_493819,customer_14156
uci_493820,493820,262.05,GBP,captured,online_retail,2010-01-07 12:37:00,setl_493820,customer_13821
uci_493824,493824,165.6,GBP,captured,online_retail,2010-01-07 12:57:00,setl_493824,customer_16862
uci_493825,493825,200.09,GBP,captured,online_retail,2010-01-07 13:07:00,setl_493825,customer_16888
uci_493826,493826,49.2,GBP,captured,online_retail,2010-01-07 13:16:00,setl_493826,customer_13173
uci_493827,493827,324.24,GBP,captured,online_retail,2010-01-07 13:17:00,setl_493827,customer_16746
uci_493828,493828,316.2,GBP,captured,online_retail,2010-01-07 13:19:00,setl_493828,customer_14732
uci_493834,493834,334.35,GBP,captured,online_retail,2010-01-07 13:32:00,setl_493834,customer_14527
uci_493840,493840,614.5,GBP,captured,online_retail,2010-01-07 13:56:00,setl_493840,customer_15874
uci_493841,493841,699.83,GBP,captured,online_retail,2010-01-07 14:04:00,setl_493841,customer_13394
uci_493843,493843,217.2,GBP,captured,online_retail,2010-01-07 14:33:00,setl_493843,customer_15100
uci_493844,493844,140.22,GBP,captured,online_retail,2010-01-07 14:37:00,setl_493844,customer_15324
uci_493846,493846,284.52,GBP,captured,online_retail,2010-01-07 15:03:00,setl_493846,customer_14465
uci_493847,493847,518.14,GBP,captured,online_retail,2010-01-07 15:15:00,setl_493847,customer_15152
uci_493848,493848,158.0,GBP,captured,online_retail,2010-01-07 15:26:00,setl_493848,customer_16351
uci_493860,493860,452.6,GBP,captured,online_retail,2010-01-07 16:19:00,setl_493860,customer_13767
uci_493863,493863,2130.3,GBP,captured,online_retail,2010-01-07 16:46:00,setl_493863,customer_12678
uci_493865,493865,1251.7,GBP,captured,online_retail,2010-01-07 16:57:00,setl_493865,customer_15808
uci_493866,493866,439.28,GBP,captured,online_retail,2010-01-07 17:11:00,setl_493866,customer_16057
uci_493872,493872,314.46,GBP,captured,online_retail,2010-01-07 18:33:00,setl_493872,customer_16296
uci_493873,493873,589.07,GBP,captured,online_retail,2010-01-07 18:34:00,setl_493873,customer_13711
uci_493874,493874,302.9,GBP,captured,online_retail,2010-01-07 18:35:00,setl_493874,customer_13468
uci_493875,493875,237.45,GBP,captured,online_retail,2010-01-07 18:36:00,setl_493875,customer_13693
uci_493876,493876,205.75,GBP,captured,online_retail,2010-01-07 18:38:00,setl_493876,customer_12648
uci_493877,493877,2388.82,GBP,captured,online_retail,2010-01-07 19:34:00,setl_493877,customer_14911
uci_493878,493878,508.72,GBP,captured,online_retail,2010-01-08 09:08:00,setl_493878,customer_14769
uci_493880,493880,563.98,GBP,captured,online_retail,2010-01-08 09:23:00,setl_493880,customer_13047
uci_493881,493881,357.0,GBP,captured,online_retail,2010-01-08 09:38:00,setl_493881,customer_17018
uci_493882,493882,680.22,GBP,captured,online_retail,2010-01-08 10:02:00,setl_493882,customer_15586
uci_493883,493883,3528.0,GBP,captured,online_retail,2010-01-08 10:06:00,setl_493883,customer_18102
uci_493884,493884,396.0,GBP,captured,online_retail,2010-01-08 10:08:00,setl_493884,customer_14045
uci_493885,493885,6624.0,GBP,captured,online_retail,2010-01-08 10:09:00,setl_493885,customer_18102
uci_493886,493886,500.89,GBP,captured,online_retail,2010-01-08 10:30:00,setl_493886,customer_16497
uci_493887,493887,760.02,GBP,captured,online_retail,2010-01-08 10:34:00,setl_493887,customer_17457
uci_493897,493897,780.52,GBP,captured,online_retail,2010-01-08 10:39:00,setl_493897,customer_14911
uci_493899,493899,404.55,GBP,captured,online_retail,2010-01-08 10:43:00,setl_493899,customer_12417
uci_493900,493900,780.52,GBP,captured,online_retail,2010-01-08 10:44:00,setl_493900,customer_14911
uci_493922,493922,194.1,GBP,captured,online_retail,2010-01-08 11:13:00,setl_493922,customer_13728
uci_493923,493923,702.55,GBP,captured,online_retail,2010-01-08 11:16:00,setl_493923,customer_13360
uci_493925,493925,228.3,GBP,captured,online_retail,2010-01-08 11:25:00,setl_493925,customer_15827
uci_493924,493924,180.0,GBP,captured,online_retail,2010-01-08 11:25:00,setl_493924,customer_12678
uci_493926,493926,228.67,GBP,captured,online_retail,2010-01-08 11:28:00,setl_493926,customer_13854
uci_493927,493927,358.68,GBP,captured,online_retail,2010-01-08 11:50:00,setl_493927,customer_14063
uci_493929,493929,281.25,GBP,captured,online_retail,2010-01-08 11:55:00,setl_493929,customer_14735
uci_493930,493930,141.6,GBP,captured,online_retail,2010-01-08 11:58:00,setl_493930,customer_15369
uci_493941,493941,382.32,GBP,captured,online_retail,2010-01-08 12:05:00,setl_493941,customer_13199
uci_493945,493945,200.45,GBP,captured,online_retail,2010-01-08 12:08:00,setl_493945,customer_16103
uci_493946,493946,363.74,GBP,captured,online_retail,2010-01-08 12:16:00,setl_493946,customer_15607
uci_493947,493947,284.34,GBP,captured,online_retail,2010-01-08 12:22:00,setl_493947,customer_17243
uci_493948,493948,1104.25,GBP,captured,online_retail,2010-01-08 12:38:00,setl_493948,customer_16772
uci_493949,493949,174.1,GBP,captured,online_retail,2010-01-08 12:51:00,setl_493949,customer_16325
uci_493950,493950,740.63,GBP,captured,online_retail,2010-01-08 13:19:00,setl_493950,customer_12681
uci_493951,493951,114.6,GBP,captured,online_retail,2010-01-08 13:21:00,setl_493951,customer_16027
uci_493952,493952,212.4,GBP,captured,online_retail,2010-01-08 13:52:00,setl_493952,customer_12971
uci_493953,493953,328.62,GBP,captured,online_retail,2010-01-08 14:04:00,setl_493953,customer_14327
uci_493954,493954,258.39,GBP,captured,online_retail,2010-01-08 14:10:00,setl_493954,customer_18170
uci_493955,493955,1190.46,GBP,captured,online_retail,2010-01-08 14:12:00,setl_493955,customer_14016
uci_493956,493956,101.85,GBP,captured,online_retail,2010-01-08 14:16:00,setl_493956,customer_15465
uci_493957,493957,304.76,GBP,captured,online_retail,2010-01-08 14:18:00,setl_493957,customer_18087
uci_493959,493959,177.35,GBP,captured,online_retail,2010-01-08 14:46:00,setl_493959,customer_13044
uci_493960,493960,483.57,GBP,captured,online_retail,2010-01-08 15:01:00,setl_493960,customer_16556
uci_493961,493961,354.69,GBP,captured,online_retail,2010-01-08 15:16:00,setl_493961,customer_17841
uci_493962,493962,673.0,GBP,captured,online_retail,2010-01-08 15:19:00,setl_493962,customer_15311
uci_493963,493963,465.8,GBP,captured,online_retail,2010-01-08 15:24:00,setl_493963,customer_13078
uci_493964,493964,1970.19,GBP,captured,online_retail,2010-01-08 16:29:00,setl_493964,customer_12714
uci_493965,493965,236.8,GBP,captured,online_retail,2010-01-08 16:34:00,setl_493965,customer_14573
uci_493968,493968,691.04,GBP,captured,online_retail,2010-01-08 16:42:00,setl_493968,customer_15640
uci_493969,493969,1007.78,GBP,captured,online_retail,2010-01-08 17:09:00,setl_493969,customer_14031
uci_493970,493970,297.1,GBP,captured,online_retail,2010-01-08 17:13:00,setl_493970,customer_15856
uci_493971,493971,152.05,GBP,captured,online_retail,2010-01-10 10:26:00,setl_493971,customer_13259
uci_493972,493972,327.6,GBP,captured,online_retail,2010-01-10 10:37:00,setl_493972,customer_16109
uci_493973,493973,91.28,GBP,captured,online_retail,2010-01-10 11:08:00,setl_493973,customer_17539
uci_493974,493974,241.54,GBP,captured,online_retail,2010-01-10 11:12:00,setl_493974,customer_16787
uci_493975,493975,760.24,GBP,captured,online_retail,2010-01-10 11:27:00,setl_493975,customer_12540
uci_493976,493976,497.2,GBP,captured,online_retail,2010-01-10 11:40:00,setl_493976,customer_14849
uci_493977,493977,275.95,GBP,captured,online_retail,2010-01-10 11:47:00,setl_493977,customer_14532
uci_493978,493978,1276.23,GBP,captured,online_retail,2010-01-10 11:55:00,setl_493978,customer_17920
uci_493979,493979,147.6,GBP,captured,online_retail,2010-01-10 11:58:00,setl_493979,customer_17323
uci_493980,493980,601.8,GBP,captured,online_retail,2010-01-10 11:59:00,setl_493980,customer_13410
uci_493981,493981,3654.38,GBP,captured,online_retail,2010-01-10 12:06:00,setl_493981,customer_14160
uci_493983,493983,447.36,GBP,captured,online_retail,2010-01-10 12:13:00,setl_493983,customer_13762
uci_493982,493982,268.3,GBP,captured,online_retail,2010-01-10 12:13:00,setl_493982,customer_18231
uci_493985,493985,328.05,GBP,captured,online_retail,2010-01-10 12:25:00,setl_493985,customer_15527
uci_493987,493987,716.43,GBP,captured,online_retail,2010-01-10 12:37:00,setl_493987,customer_15413
uci_493988,493988,300.6,GBP,captured,online_retail,2010-01-10 12:40:00,setl_493988,customer_14299
uci_493989,493989,1192.9,GBP,captured,online_retail,2010-01-10 12:43:00,setl_493989,customer_14685
uci_493990,493990,168.3,GBP,captured,online_retail,2010-01-10 12:43:00,setl_493990,customer_12951
uci_493991,493991,238.8,GBP,captured,online_retail,2010-01-10 12:44:00,setl_493991,customer_14685
uci_493993,493993,635.88,GBP,captured,online_retail,2010-01-10 12:47:00,setl_493993,customer_13089
uci_493994,493994,5520.0,GBP,captured,online_retail,2010-01-10 13:41:00,setl_493994,customer_14091
uci_493995,493995,2699.44,GBP,captured,online_retail,2010-01-10 13:50:00,setl_493995,customer_13694
uci_493996,493996,307.06,GBP,captured,online_retail,2010-01-10 13:51:00,setl_493996,customer_15601
uci_493997,493997,137.79,GBP,captured,online_retail,2010-01-10 13:51:00,setl_493997,customer_17372
uci_493998,493998,305.8,GBP,captured,online_retail,2010-01-10 13:56:00,setl_493998,customer_13999
uci_494000,494000,443.48,GBP,captured,online_retail,2010-01-10 14:17:00,setl_494000,customer_15061
uci_494001,494001,552.79,GBP,captured,online_retail,2010-01-10 14:21:00,setl_494001,customer_13319
uci_494002,494002,290.12,GBP,captured,online_retail,2010-01-10 14:26:00,setl_494002,customer_13634
uci_494003,494003,194.25,GBP,captured,online_retail,2010-01-10 15:24:00,setl_494003,customer_17222
uci_494004,494004,338.71,GBP,captured,online_retail,2010-01-10 15:25:00,setl_494004,customer_15601
uci_494007,494007,136.15,GBP,captured,online_retail,2010-01-10 16:03:00,setl_494007,customer_14606
uci_494008,494008,326.54,GBP,captured,online_retail,2010-01-11 08:49:00,setl_494008,customer_18242
uci_494009,494009,345.18,GBP,captured,online_retail,2010-01-11 08:51:00,setl_494009,customer_12471
uci_494010,494010,126.15,GBP,captured,online_retail,2010-01-11 08:53:00,setl_494010,customer_12471
uci_494020,494020,249.6,GBP,captured,online_retail,2010-01-11 09:38:00,setl_494020,customer_17147
uci_494021,494021,357.17,GBP,captured,online_retail,2010-01-11 09:53:00,setl_494021,customer_15738
uci_494022,494022,1980.0,GBP,captured,online_retail,2010-01-11 09:55:00,setl_494022,customer_15769
uci_494023,494023,488.68,GBP,captured,online_retail,2010-01-11 10:08:00,setl_494023,customer_13162
uci_494026,494026,365.04,GBP,captured,online_retail,2010-01-11 10:11:00,setl_494026,customer_15369
uci_494027,494027,209.0,GBP,captured,online_retail,2010-01-11 10:14:00,setl_494027,customer_17113
uci_494028,494028,306.62,GBP,captured,online_retail,2010-01-11 10:15:00,setl_494028,customer_17113
uci_494029,494029,478.77,GBP,captured,online_retail,2010-01-11 10:24:00,setl_494029,customer_12913
uci_494032,494032,306.74,GBP,captured,online_retail,2010-01-11 10:40:00,setl_494032,customer_13709
uci_494035,494035,521.05,GBP,captured,online_retail,2010-01-11 11:30:00,setl_494035,customer_15044
uci_494036,494036,595.0,GBP,captured,online_retail,2010-01-11 11:31:00,setl_494036,customer_17139
uci_494037,494037,565.0,GBP,captured,online_retail,2010-01-11 11:43:00,setl_494037,customer_15291
uci_494040,494040,9.7,GBP,captured,online_retail,2010-01-11 11:57:00,setl_494040,customer_18115
uci_494042,494042,975.11,GBP,captured,online_retail,2010-01-11 11:57:00,setl_494042,customer_12510
uci_494046,494046,47.4,GBP,captured,online_retail,2010-01-11 12:01:00,setl_494046,customer_15044
uci_494045,494045,435.88,GBP,captured,online_retail,2010-01-11 12:01:00,setl_494045,customer_12510
uci_494047,494047,473.56,GBP,captured,online_retail,2010-01-11 12:05:00,setl_494047,customer_13093
uci_494048,494048,499.36,GBP,captured,online_retail,2010-01-11 12:07:00,setl_494048,customer_13093
uci_494079,494079,150.31,GBP,captured,online_retail,2010-01-11 12:19:00,setl_494079,customer_12835
uci_494108,494108,858.27,GBP,captured,online_retail,2010-01-11 12:29:00,setl_494108,customer_17529
uci_494110,494110,408.42,GBP,captured,online_retail,2010-01-11 12:29:00,setl_494110,customer_12549
uci_494113,494113,150.0,GBP,captured,online_retail,2010-01-11 12:30:00,setl_494113,customer_12549
uci_494118,494118,305.28,GBP,captured,online_retail,2010-01-11 12:37:00,setl_494118,customer_12875
uci_494119,494119,559.96,GBP,captured,online_retail,2010-01-11 12:46:00,setl_494119,customer_17739
uci_494120,494120,1642.5,GBP,captured,online_retail,2010-01-11 12:48:00,setl_494120,customer_14156
uci_494128,494128,60.3,GBP,captured,online_retail,2010-01-11 13:11:00,setl_494128,customer_17740
uci_494139,494139,271.2,GBP,captured,online_retail,2010-01-11 13:16:00,setl_494139,customer_15549
uci_494140,494140,117.0,GBP,captured,online_retail,2010-01-11 13:22:00,setl_494140,customer_14984
uci_494141,494141,256.8,GBP,captured,online_retail,2010-01-11 13:24:00,setl_494141,customer_18252
uci_494142,494142,165.8,GBP,captured,online_retail,2010-01-11 13:51:00,setl_494142,customer_17978
uci_494143,494143,881.2,GBP,captured,online_retail,2010-01-11 14:04:00,setl_494143,customer_12406
uci_494146,494146,152.88,GBP,captured,online_retail,2010-01-11 14:37:00,setl_494146,customer_14646
uci_494148,494148,803.76,GBP,captured,online_retail,2010-01-11 14:45:00,setl_494148,customer_15311
uci_494149,494149,321.52,GBP,captured,online_retail,2010-01-11 14:52:00,setl_494149,customer_16569
uci_494150,494150,726.6,GBP,captured,online_retail,2010-01-11 14:56:00,setl_494150,customer_12980
uci_494153,494153,142.35,GBP,captured,online_retail,2010-01-11 15:09:00,setl_494153,customer_17023
uci_494154,494154,384.49,GBP,captured,online_retail,2010-01-11 15:33:00,setl_494154,customer_17188
uci_494157,494157,463.11,GBP,captured,online_retail,2010-01-11 16:00:00,setl_494157,customer_13089
uci_494160,494160,368.1,GBP,captured,online_retail,2010-01-11 16:42:00,setl_494160,customer_18061
uci_494161,494161,833.94,GBP,captured,online_retail,2010-01-11 17:13:00,setl_494161,customer_16019
uci_494163,494163,95.2,GBP,captured,online_retail,2010-01-12 08:59:00,setl_494163,customer_13433
uci_494164,494164,24.45,GBP,captured,online_retail,2010-01-12 09:24:00,setl_494164,customer_17961
uci_494165,494165,235.8,GBP,captured,online_retail,2010-01-12 09:25:00,setl_494165,customer_15380
uci_494167,494167,133.52,GBP,captured,online_retail,2010-01-12 09:48:00,setl_494167,customer_14867
uci_494169,494169,163.4,GBP,captured,online_retail,2010-01-12 10:14:00,setl_494169,customer_15186
uci_494170,494170,484.54,GBP,captured,online_retail,2010-01-12 10:36:00,setl_494170,customer_12600
uci_494206,494206,495.0,GBP,captured,online_retail,2010-01-12 11:27:00,setl_494206,customer_12939
uci_494207,494207,293.35,GBP,captured,online_retail,2010-01-12 11:32:00,setl_494207,customer_16841
uci_494208,494208,137.7,GBP,captured,online_retail,2010-01-12 11:33:00,setl_494208,customer_17945
uci_494209,494209,260.15,GBP,captured,online_retail,2010-01-12 11:33:00,setl_494209,customer_14239
uci_494210,494210,731.52,GBP,captured,online_retail,2010-01-12 11:34:00,setl_494210,customer_15299
uci_494211,494211,120.7,GBP,captured,online_retail,2010-01-12 11:36:00,setl_494211,customer_17945
uci_494213,494213,101.95,GBP,captured,online_retail,2010-01-12 11:40:00,setl_494213,customer_17945
uci_494212,494212,690.52,GBP,captured,online_retail,2010-01-12 11:40:00,setl_494212,customer_15002
uci_494214,494214,1579.72,GBP,captured,online_retail,2010-01-12 11:45:00,setl_494214,customer_12623
uci_494216,494216,446.1,GBP,captured,online_retail,2010-01-12 11:57:00,setl_494216,customer_16422
uci_494217,494217,308.24,GBP,captured,online_retail,2010-01-12 12:12:00,setl_494217,customer_16525
uci_494218,494218,204.28,GBP,captured,online_retail,2010-01-12 12:29:00,setl_494218,customer_17841
uci_494227,494227,658.95,GBP,captured,online_retail,2010-01-12 13:22:00,setl_494227,customer_13622
uci_494228,494228,285.83,GBP,captured,online_retail,2010-01-12 13:39:00,setl_494228,customer_14861
uci_494229,494229,1218.8,GBP,captured,online_retail,2010-01-12 13:54:00,setl_494229,customer_16779
uci_494230,494230,32.5,GBP,captured,online_retail,2010-01-12 14:08:00,setl_494230,customer_17961
uci_494233,494233,1254.56,GBP,captured,online_retail,2010-01-12 14:33:00,setl_494233,customer_15093
uci_494234,494234,5.0,GBP,captured,online_retail,2010-01-12 15:01:00,setl_494234,customer_12549
uci_494235,494235,643.5,GBP,captured,online_retail,2010-01-12 15:02:00,setl_494235,customer_14225
uci_494236,494236,120.0,GBP,captured,online_retail,2010-01-12 15:11:00,setl_494236,customer_14241
uci_494237,494237,219.89,GBP,captured,online_retail,2010-01-12 15:27:00,setl_494237,customer_15550
uci_494239,494239,584.08,GBP,captured,online_retail,2010-01-12 15:48:00,setl_494239,customer_14081
uci_494241,494241,326.98,GBP,captured,online_retail,2010-01-12 15:50:00,setl_494241,customer_17165
uci_494240,494240,665.1,GBP,captured,online_retail,2010-01-12 15:50:00,setl_494240,customer_16858
uci_494243,494243,18532.3,GBP,captured,online_retail,2010-01-12 15:57:00,setl_494243,customer_18102
uci_494244,494244,6711.0,GBP,captured,online_retail,2010-01-12 16:02:00,setl_494244,customer_18102
uci_494246,494246,36.25,GBP,captured,online_retail,2010-01-12 16:13:00,setl_494246,customer_17352
uci_494264,494264,432.83,GBP,captured,online_retail,2010-01-12 16:55:00,setl_494264,customer_17576
uci_494267,494267,363.12,GBP,captured,online_retail,2010-01-12 17:15:00,setl_494267,customer_14606
uci_494268,494268,306.3,GBP,captured,online_retail,2010-01-12 17:24:00,setl_494268,customer_12649
uci_494269,494269,334.99,GBP,captured,online_retail,2010-01-13 08:58:00,setl_494269,customer_12820
uci_494272,494272,321.44,GBP,captured,online_retail,2010-01-13 09:53:00,setl_494272,customer_15358
uci_494275,494275,534.6,GBP,captured,online_retail,2010-01-13 10:21:00,setl_494275,customer_15497
uci_494276,494276,305.1,GBP,captured,online_retail,2010-01-13 10:29:00,setl_494276,customer_17679
uci_494277,494277,1335.92,GBP,captured,online_retail,2010-01-13 10:32:00,setl_494277,customer_14063
uci_494278,494278,708.2,GBP,captured,online_retail,2010-01-13 10:40:00,setl_494278,customer_13162
uci_494280,494280,854.35,GBP,captured,online_retail,2010-01-13 10:43:00,setl_494280,customer_12682
uci_494281,494281,317.64,GBP,captured,online_retail,2010-01-13 10:52:00,setl_494281,customer_13798
uci_494327,494327,430.83,GBP,captured,online_retail,2010-01-13 11:57:00,setl_494327,customer_13576
uci_494335,494335,288.85,GBP,captured,online_retail,2010-01-13 12:21:00,setl_494335,customer_14092
uci_494336,494336,332.7,GBP,captured,online_retail,2010-01-13 12:30:00,setl_494336,customer_14137
uci_494338,494338,403.06,GBP,captured,online_retail,2010-01-13 12:40:00,setl_494338,customer_15311
uci_494339,494339,530.34,GBP,captured,online_retail,2010-01-13 12:47:00,setl_494339,customer_14154
uci_494342,494342,177.9,GBP,captured,online_retail,2010-01-13 13:08:00,setl_494342,customer_14826
uci_494343,494343,143.22,GBP,captured,online_retail,2010-01-13 13:22:00,setl_494343,customer_15456
uci_494344,494344,89.32,GBP,captured,online_retail,2010-01-13 13:31:00,setl_494344,customer_16585
uci_494345,494345,374.11,GBP,captured,online_retail,2010-01-13 13:55:00,setl_494345,customer_15755
uci_494348,494348,546.95,GBP,captured,online_retail,2010-01-13 14:25:00,setl_494348,customer_14156
uci_494349,494349,117.8,GBP,captured,online_retail,2010-01-13 14:32:00,setl_494349,customer_15015
uci_494351,494351,354.45,GBP,captured,online_retail,2010-01-13 14:48:00,setl_494351,customer_14277
uci_494354,494354,1273.5,GBP,captured,online_retail,2010-01-13 14:59:00,setl_494354,customer_15513
uci_494357,494357,1383.41,GBP,captured,online_retail,2010-01-13 15:06:00,setl_494357,customer_12647
uci_494359,494359,383.02,GBP,captured,online_retail,2010-01-13 15:24:00,setl_494359,customer_17962
uci_494362,494362,119.38,GBP,captured,online_retail,2010-01-13 15:56:00,setl_494362,customer_17757
uci_494364,494364,748.91,GBP,captured,online_retail,2010-01-13 16:04:00,setl_494364,customer_14146
uci_494383,494383,179.7,GBP,captured,online_retail,2010-01-14 07:25:00,setl_494383,customer_13929
uci_494384,494384,381.66,GBP,captured,online_retail,2010-01-14 08:30:00,setl_494384,customer_16304
uci_494385,494385,486.64,GBP,captured,online_retail,2010-01-14 09:33:00,setl_494385,customer_18268
uci_494389,494389,480.47,GBP,captured,online_retail,2010-01-14 10:01:00,setl_494389,customer_13152
uci_494390,494390,520.24,GBP,captured,online_retail,2010-01-14 10:04:00,setl_494390,customer_18041
uci_494391,494391,164.34,GBP,captured,online_retail,2010-01-14 10:13:00,setl_494391,customer_13787
uci_494392,494392,129.09,GBP,captured,online_retail,2010-01-14 10:21:00,setl_494392,customer_16414
uci_494394,494394,274.2,GBP,captured,online_retail,2010-01-14 10:25:00,setl_494394,customer_15312
uci_494395,494395,953.5,GBP,captured,online_retail,2010-01-14 10:35:00,setl_494395,customer_14256
uci_494416,494416,371.47,GBP,captured,online_retail,2010-01-14 10:56:00,setl_494416,customer_17469
uci_494419,494419,39.8,GBP,captured,online_retail,2010-01-14 10:57:00,setl_494419,customer_15903
uci_494429,494429,141.6,GBP,captured,online_retail,2010-01-14 11:09:00,setl_494429,customer_16660
uci_494432,494432,1240.0,GBP,captured,online_retail,2010-01-14 11:43:00,setl_494432,customer_13694
uci_494433,494433,244.8,GBP,captured,online_retail,2010-01-14 11:49:00,setl_494433,customer_14423
uci_494434,494434,302.15,GBP,captured,online_retail,2010-01-14 11:59:00,setl_494434,customer_18134
uci_494435,494435,201.05,GBP,captured,online_retail,2010-01-14 12:00:00,setl_494435,customer_14590
uci_494436,494436,419.65,GBP,captured,online_retail,2010-01-14 12:09:00,setl_494436,customer_16013
uci_494437,494437,222.85,GBP,captured,online_retail,2010-01-14 12:11:00,setl_494437,customer_14466
uci_494439,494439,328.5,GBP,captured,online_retail,2010-01-14 12:30:00,setl_494439,customer_12931
uci_494440,494440,290.72,GBP,captured,online_retail,2010-01-14 12:46:00,setl_494440,customer_17850
uci_494441,494441,182.46,GBP,captured,online_retail,2010-01-14 13:00:00,setl_494441,customer_13491
uci_494442,494442,671.93,GBP,captured,online_retail,2010-01-14 13:02:00,setl_494442,customer_12644
uci_494443,494443,272.73,GBP,captured,online_retail,2010-01-14 13:03:00,setl_494443,customer_15898
uci_494445,494445,280.82,GBP,captured,online_retail,2010-01-14 13:14:00,setl_494445,customer_17850
uci_494447,494447,354.66,GBP,captured,online_retail,2010-01-14 13:36:00,setl_494447,customer_17496
uci_494451,494451,355.62,GBP,captured,online_retail,2010-01-14 13:50:00,setl_494451,customer_14527
uci_494450,494450,22.5,GBP,captured,online_retail,2010-01-14 13:50:00,setl_494450,customer_12346
uci_494454,494454,127.7,GBP,captured,online_retail,2010-01-14 14:03:00,setl_494454,customer_15605
uci_494455,494455,532.1,GBP,captured,online_retail,2010-01-14 14:06:00,setl_494455,customer_17850
uci_494456,494456,290.63,GBP,captured,online_retail,2010-01-14 14:10:00,setl_494456,customer_13233
uci_494458,494458,15.0,GBP,captured,online_retail,2010-01-14 14:15:00,setl_494458,customer_14667
uci_494459,494459,925.85,GBP,captured,online_retail,2010-01-14 14:18:00,setl_494459,customer_14667
uci_494467,494467,475.88,GBP,captured,online_retail,2010-01-14 14:29:00,setl_494467,customer_15046
uci_494468,494468,343.2,GBP,captured,online_retail,2010-01-14 14:32:00,setl_494468,customer_13050
uci_494470,494470,130.8,GBP,captured,online_retail,2010-01-14 14:41:00,setl_494470,customer_12748
uci_494469,494469,429.64,GBP,captured,online_retail,2010-01-14 14:41:00,setl_494469,customer_16210
uci_494471,494471,1639.12,GBP,captured,online_retail,2010-01-14 14:48:00,setl_494471,customer_13680
uci_494473,494473,859.27,GBP,captured,online_retail,2010-01-14 14:53:00,setl_494473,customer_17508
uci_494475,494475,125.97,GBP,captured,online_retail,2010-01-14 15:10:00,setl_494475,customer_17377
uci_494476,494476,367.68,GBP,captured,online_retail,2010-01-14 15:24:00,setl_494476,customer_15222
uci_494478,494478,975.76,GBP,captured,online_retail,2010-01-14 15:41:00,setl_494478,customer_14062
uci_494479,494479,858.25,GBP,captured,online_retail,2010-01-14 15:47:00,setl_494479,customer_17032
uci_494480,494480,855.9,GBP,captured,online_retail,2010-01-14 16:16:00,setl_494480,customer_15768
uci_494482,494482,1131.62,GBP,captured,online_retail,2010-01-14 16:24:00,setl_494482,customer_13983
uci_494481,494481,532.1,GBP,captured,online_retail,2010-01-14 16:24:00,setl_494481,customer_17850
uci_494483,494483,939.4,GBP,captured,online_retail,2010-01-14 16:33:00,setl_494483,customer_13562
uci_494484,494484,327.19,GBP,captured,online_retail,2010-01-14 16:45:00,setl_494484,customer_17754
uci_494490,494490,498.12,GBP,captured,online_retail,2010-01-14 17:20:00,setl_494490,customer_17850
uci_494498,494498,12.6,GBP,captured,online_retail,2010-01-14 17:59:00,setl_494498,customer_13360
uci_494499,494499,470.22,GBP,captured,online_retail,2010-01-14 18:03:00,setl_494499,customer_17850
uci_494503,494503,485.52,GBP,captured,online_retail,2010-01-14 18:56:00,setl_494503,customer_17850
uci_494504,494504,93.47,GBP,captured,online_retail,2010-01-14 19:10:00,setl_494504,customer_17848
uci_494505,494505,169.33,GBP,captured,online_retail,2010-01-14 19:20:00,setl_494505,customer_13711
uci_494506,494506,439.62,GBP,captured,online_retail,2010-01-14 19:36:00,setl_494506,customer_17850
uci_494507,494507,278.38,GBP,captured,online_retail,2010-01-14 19:50:00,setl_494507,customer_15031
uci_494508,494508,113.8,GBP,captured,online_retail,2010-01-15 08:13:00,setl_494508,customer_16353
uci_494509,494509,45.6,GBP,captured,online_retail,2010-01-15 08:14:00,setl_494509,customer_16353
uci_494510,494510,439.62,GBP,captured,online_retail,2010-01-15 08:59:00,setl_494510,customer_17850
uci_494511,494511,1075.27,GBP,captured,online_retail,2010-01-15 09:04:00,setl_494511,customer_12431
uci_494512,494512,301.6,GBP,captured,online_retail,2010-01-15 09:10:00,setl_494512,customer_14755
uci_494513,494513,45.0,GBP,captured,online_retail,2010-01-15 09:37:00,setl_494513,customer_12431
uci_494514,494514,694.2,GBP,captured,online_retail,2010-01-15 10:14:00,setl_494514,customer_17850
uci_494515,494515,2370.78,GBP,captured,online_retail,2010-01-15 10:24:00,setl_494515,customer_13694
uci_494516,494516,306.4,GBP,captured,online_retail,2010-01-15 10:29:00,setl_494516,customer_14136
uci_494518,494518,330.0,GBP,captured,online_retail,2010-01-15 10:37:00,setl_494518,customer_16029
uci_494529,494529,280.05,GBP,captured,online_retail,2010-01-15 10:45:00,setl_494529,customer_15738
uci_494533,494533,137.1,GBP,captured,online_retail,2010-01-15 10:47:00,setl_494533,customer_18065
uci_494585,494585,7.1,GBP,captured,online_retail,2010-01-15 11:30:00,setl_494585,customer_15359
uci_494586,494586,244.19,GBP,captured,online_retail,2010-01-15 11:36:00,setl_494586,customer_18106
uci_494587,494587,60.12,GBP,captured,online_retail,2010-01-15 11:40:00,setl_494587,customer_18106
uci_494588,494588,347.0,GBP,captured,online_retail,2010-01-15 11:53:00,setl_494588,customer_17681
uci_494589,494589,482.8,GBP,captured,online_retail,2010-01-15 11:56:00,setl_494589,customer_17850
uci_494590,494590,2.95,GBP,captured,online_retail,2010-01-15 11:57:00,setl_494590,customer_12755
uci_494591,494591,89.25,GBP,captured,online_retail,2010-01-15 12:06:00,setl_494591,customer_12789
uci_494594,494594,316.25,GBP,captured,online_retail,2010-01-15 12:14:00,setl_494594,customer_15771
uci_494603,494603,193.68,GBP,captured,online_retail,2010-01-15 12:22:00,setl_494603,customer_16452
uci_494605,494605,120.95,GBP,captured,online_retail,2010-01-15 12:28:00,setl_494605,customer_13821
uci_494606,494606,347.34,GBP,captured,online_retail,2010-01-15 12:38:00,setl_494606,customer_15607
uci_494607,494607,91.5,GBP,captured,online_retail,2010-01-15 12:43:00,setl_494607,customer_16858
uci_494608,494608,521.9,GBP,captured,online_retail,2010-01-15 12:51:00,setl_494608,customer_17850
uci_494611,494611,79.2,GBP,captured,online_retail,2010-01-15 13:14:00,setl_494611,customer_12649
uci_494612,494612,148.15,GBP,captured,online_retail,2010-01-15 13:15:00,setl_494612,customer_15311
uci_494613,494613,361.81,GBP,captured,online_retail,2010-01-15 13:31:00,setl_494613,customer_14324
uci_494614,494614,506.6,GBP,captured,online_retail,2010-01-15 13:32:00,setl_494614,customer_17850
uci_494616,494616,110.72,GBP,captured,online_retail,2010-01-15 14:27:00,setl_494616,customer_17364
uci_494617,494617,290.0,GBP,captured,online_retail,2010-01-15 14:40:00,setl_494617,customer_13319
uci_494618,494618,235.52,GBP,captured,online_retail,2010-01-15 14:48:00,setl_494618,customer_17871
uci_494619,494619,738.18,GBP,captured,online_retail,2010-01-15 14:50:00,setl_494619,customer_12631
uci_494620,494620,208.1,GBP,captured,online_retail,2010-01-15 15:05:00,setl_494620,customer_17227
uci_494621,494621,195.2,GBP,captured,online_retail,2010-01-15 15:13:00,setl_494621,customer_15059
uci_494622,494622,55.47,GBP,captured,online_retail,2010-01-15 15:22:00,setl_494622,customer_12860
uci_494623,494623,175.37,GBP,captured,online_retail,2010-01-15 15:27:00,setl_494623,customer_15393
uci_494624,494624,158.9,GBP,captured,online_retail,2010-01-15 15:40:00,setl_494624,customer_17454
uci_494625,494625,205.48,GBP,captured,online_retail,2010-01-15 15:47:00,setl_494625,customer_17851
uci_494627,494627,83.4,GBP,captured,online_retail,2010-01-15 16:14:00,setl_494627,customer_15224
uci_494630,494630,244.2,GBP,captured,online_retail,2010-01-15 16:52:00,setl_494630,customer_12813
uci_494632,494632,306.3,GBP,captured,online_retail,2010-01-15 16:53:00,setl_494632,customer_15633
uci_494634,494634,214.0,GBP,captured,online_retail,2010-01-15 16:58:00,setl_494634,customer_15489
uci_494635,494635,226.49,GBP,captured,online_retail,2010-01-15 17:36:00,setl_494635,customer_15945
uci_494636,494636,224.09,GBP,captured,online_retail,2010-01-17 10:27:00,setl_494636,customer_16335
uci_494637,494637,113.33,GBP,captured,online_retail,2010-01-17 10:35:00,setl_494637,customer_14451
uci_494638,494638,278.47,GBP,captured,online_retail,2010-01-17 11:03:00,setl_494638,customer_16782
uci_494639,494639,975.0,GBP,captured,online_retail,2010-01-17 11:30:00,setl_494639,customer_14421
uci_494640,494640,409.69,GBP,captured,online_retail,2010-01-17 11:31:00,setl_494640,customer_17801
uci_494641,494641,1568.87,GBP,captured,online_retail,2010-01-17 11:33:00,setl_494641,customer_15413
uci_494642,494642,521.9,GBP,captured,online_retail,2010-01-17 11:35:00,setl_494642,customer_17850
uci_494643,494643,1936.74,GBP,captured,online_retail,2010-01-17 11:55:00,setl_494643,customer_13694
uci_494644,494644,519.18,GBP,captured,online_retail,2010-01-17 12:12:00,setl_494644,customer_16595
uci_494645,494645,242.5,GBP,captured,online_retail,2010-01-17 12:17:00,setl_494645,customer_16017
uci_494646,494646,136.8,GBP,captured,online_retail,2010-01-17 12:22:00,setl_494646,customer_13907
uci_494647,494647,1185.81,GBP,captured,online_retail,2010-01-17 12:25:00,setl_494647,customer_17920
uci_494648,494648,454.9,GBP,captured,online_retail,2010-01-17 12:26:00,setl_494648,customer_17850
uci_494649,494649,156.33,GBP,captured,online_retail,2010-01-17 12:28:00,setl_494649,customer_17969
uci_494651,494651,685.9,GBP,captured,online_retail,2010-01-17 12:30:00,setl_494651,customer_16510
uci_494652,494652,560.23,GBP,captured,online_retail,2010-01-17 12:40:00,setl_494652,customer_14527
uci_494653,494653,400.8,GBP,captured,online_retail,2010-01-17 12:41:00,setl_494653,customer_14420
uci_494654,494654,587.52,GBP,captured,online_retail,2010-01-17 12:42:00,setl_494654,customer_13777
uci_494655,494655,240.0,GBP,captured,online_retail,2010-01-17 12:55:00,setl_494655,customer_17850
uci_494656,494656,294.4,GBP,captured,online_retail,2010-01-17 13:14:00,setl_494656,customer_17850
uci_494657,494657,101.3,GBP,captured,online_retail,2010-01-17 13:16:00,setl_494657,customer_16524
uci_494658,494658,135.58,GBP,captured,online_retail,2010-01-17 13:29:00,setl_494658,customer_13782
uci_494659,494659,383.5,GBP,captured,online_retail,2010-01-17 13:41:00,setl_494659,customer_17850
uci_494660,494660,185.8,GBP,captured,online_retail,2010-01-17 13:55:00,setl_494660,customer_13831
uci_494661,494661,150.18,GBP,captured,online_retail,2010-01-17 14:07:00,setl_494661,customer_13634
uci_494662,494662,377.32,GBP,captured,online_retail,2010-01-17 14:10:00,setl_494662,customer_13004
uci_494663,494663,239.84,GBP,captured,online_retail,2010-01-17 14:16:00,setl_494663,customer_16166
uci_494664,494664,443.83,GBP,captured,online_retail,2010-01-17 14:50:00,setl_494664,customer_17213
uci_494665,494665,488.68,GBP,captured,online_retail,2010-01-17 14:51:00,setl_494665,customer_16434
uci_494666,494666,1258.38,GBP,captured,online_retail,2010-01-17 14:53:00,setl_494666,customer_13869
uci_494667,494667,206.4,GBP,captured,online_retail,2010-01-17 14:54:00,setl_494667,customer_15223
uci_494668,494668,182.25,GBP,captured,online_retail,2010-01-17 14:56:00,setl_494668,customer_13616
uci_494669,494669,146.81,GBP,captured,online_retail,2010-01-17 15:02:00,setl_494669,customer_15916
uci_494670,494670,608.75,GBP,captured,online_retail,2010-01-17 15:22:00,setl_494670,customer_13178
uci_494671,494671,185.7,GBP,captured,online_retail,2010-01-17 15:46:00,setl_494671,customer_14560
uci_494672,494672,151.49,GBP,captured,online_retail,2010-01-17 15:46:00,setl_494672,customer_14404
uci_494673,494673,514.81,GBP,captured,online_retail,2010-01-17 15:52:00,setl_494673,customer_15311
uci_494674,494674,151.11,GBP,captured,online_retail,2010-01-17 16:01:00,setl_494674,customer_14606
uci_494676,494676,144.1,GBP,captured,online_retail,2010-01-17 16:09:00,setl_494676,customer_17591
uci_494677,494677,202.35,GBP,captured,online_retail,2010-01-18 08:58:00,setl_494677,customer_14892
uci_494678,494678,3151.0,GBP,captured,online_retail,2010-01-18 09:12:00,setl_494678,customer_16684
uci_494679,494679,299.49,GBP,captured,online_retail,2010-01-18 10:23:00,setl_494679,customer_12877
uci_494680,494680,263.83,GBP,captured,online_retail,2010-01-18 10:29:00,setl_494680,customer_17343
uci_494681,494681,369.44,GBP,captured,online_retail,2010-01-18 10:40:00,setl_494681,customer_14441
uci_494682,494682,359.16,GBP,captured,online_retail,2010-01-18 11:04:00,setl_494682,customer_14754
uci_494683,494683,226.08,GBP,captured,online_retail,2010-01-18 11:21:00,setl_494683,customer_15747
uci_494684,494684,112.95,GBP,captured,online_retail,2010-01-18 11:31:00,setl_494684,customer_15795
uci_494686,494686,206.44,GBP,captured,online_retail,2010-01-18 11:49:00,setl_494686,customer_15039
uci_494687,494687,83.4,GBP,captured,online_retail,2010-01-18 11:56:00,setl_494687,customer_15039
uci_494732,494732,658.73,GBP,captured,online_retail,2010-01-18 12:27:00,setl_494732,customer_16670
uci_494762,494762,181.44,GBP,captured,online_retail,2010-01-18 12:36:00,setl_494762,customer_17841
uci_494768,494768,297.32,GBP,captured,online_retail,2010-01-18 12:42:00,setl_494768,customer_18057
uci_494778,494778,308.39,GBP,captured,online_retail,2010-01-18 12:48:00,setl_494778,customer_14461
uci_494779,494779,216.72,GBP,captured,online_retail,2010-01-18 12:55:00,setl_494779,customer_18041
uci_494780,494780,838.75,GBP,captured,online_retail,2010-01-18 12:59:00,setl_494780,customer_14442
uci_494783,494783,482.4,GBP,captured,online_retail,2010-01-18 13:16:00,setl_494783,customer_17581
uci_494785,494785,380.52,GBP,captured,online_retail,2010-01-18 13:24:00,setl_494785,customer_17966
uci_494787,494787,206.38,GBP,captured,online_retail,2010-01-18 13:34:00,setl_494787,customer_15164
uci_494788,494788,11.9,GBP,captured,online_retail,2010-01-18 13:36:00,setl_494788,customer_17966
uci_494789,494789,125.63,GBP,captured,online_retail,2010-01-18 13:47:00,setl_494789,customer_14949
uci_494790,494790,213.53,GBP,captured,online_retail,2010-01-18 13:55:00,setl_494790,customer_17048
uci_494792,494792,235.89,GBP,captured,online_retail,2010-01-18 14:04:00,setl_494792,customer_13173
uci_494794,494794,291.5,GBP,captured,online_retail,2010-01-18 14:11:00,setl_494794,customer_13037
uci_494795,494795,189.3,GBP,captured,online_retail,2010-01-18 14:14:00,setl_494795,customer_13110
uci_494797,494797,181.3,GBP,captured,online_retail,2010-01-18 14:23:00,setl_494797,customer_18036
uci_494798,494798,376.25,GBP,captured,online_retail,2010-01-18 14:32:00,setl_494798,customer_17773
uci_494799,494799,443.13,GBP,captured,online_retail,2010-01-18 14:49:00,setl_494799,customer_16954
uci_494803,494803,205.82,GBP,captured,online_retail,2010-01-18 15:03:00,setl_494803,customer_15005
uci_494804,494804,463.0,GBP,captured,online_retail,2010-01-18 15:10:00,setl_494804,customer_15298
uci_494805,494805,7.5,GBP,captured,online_retail,2010-01-18 15:14:00,setl_494805,customer_18037
uci_494807,494807,60.96,GBP,captured,online_retail,2010-01-18 15:38:00,setl_494807,customer_15375
uci_494808,494808,223.54,GBP,captured,online_retail,2010-01-18 16:09:00,setl_494808,customer_17231
uci_494809,494809,8.5,GBP,captured,online_retail,2010-01-18 16:15:00,setl_494809,customer_17231
uci_494811,494811,250.15,GBP,captured,online_retail,2010-01-18 16:47:00,setl_494811,customer_14343
uci_494815,494815,246.75,GBP,captured,online_retail,2010-01-19 09:10:00,setl_494815,customer_15697
uci_494816,494816,76.74,GBP,captured,online_retail,2010-01-19 09:11:00,setl_494816,customer_16867
uci_494817,494817,226.62,GBP,captured,online_retail,2010-01-19 09:46:00,setl_494817,customer_16287
uci_494818,494818,80.8,GBP,captured,online_retail,2010-01-19 10:01:00,setl_494818,customer_15198
uci_494819,494819,320.7,GBP,captured,online_retail,2010-01-19 10:07:00,setl_494819,customer_13074
uci_494823,494823,100.8,GBP,captured,online_retail,2010-01-19 10:35:00,setl_494823,customer_16353
uci_494827,494827,332.5,GBP,captured,online_retail,2010-01-19 10:41:00,setl_494827,customer_15623
uci_494836,494836,205.7,GBP,captured,online_retail,2010-01-19 10:45:00,setl_494836,customer_13462
uci_494847,494847,154.83,GBP,captured,online_retail,2010-01-19 10:53:00,setl_494847,customer_13877
uci_494860,494860,211.95,GBP,captured,online_retail,2010-01-19 11:01:00,setl_494860,customer_12470
uci_494866,494866,676.4,GBP,captured,online_retail,2010-01-19 11:20:00,setl_494866,customer_16253
uci_494867,494867,270.8,GBP,captured,online_retail,2010-01-19 11:33:00,setl_494867,customer_17769
uci_494868,494868,1537.31,GBP,captured,online_retail,2010-01-19 12:13:00,setl_494868,customer_17706
uci_494870,494870,673.15,GBP,captured,online_retail,2010-01-19 12:15:00,setl_494870,customer_15998
uci_494871,494871,740.76,GBP,captured,online_retail,2010-01-19 12:17:00,setl_494871,customer_17706
uci_494872,494872,286.43,GBP,captured,online_retail,2010-01-19 12:18:00,setl_494872,customer_14715
uci_494873,494873,715.5,GBP,captured,online_retail,2010-01-19 12:26:00,setl_494873,customer_12589
uci_494874,494874,346.36,GBP,captured,online_retail,2010-01-19 12:30:00,setl_494874,customer_16087
uci_494875,494875,4448.09,GBP,captured,online_retail,2010-01-19 12:31:00,setl_494875,customer_17511
uci_494876,494876,155.55,GBP,captured,online_retail,2010-01-19 12:34:00,setl_494876,customer_15465
uci_494878,494878,113.28,GBP,captured,online_retail,2010-01-19 12:39:00,setl_494878,customer_16596
uci_494887,494887,196.65,GBP,captured,online_retail,2010-01-19 12:50:00,setl_494887,customer_14525
uci_494888,494888,45.0,GBP,captured,online_retail,2010-01-19 12:53:00,setl_494888,customer_16027
uci_494889,494889,291.38,GBP,captured,online_retail,2010-01-19 13:09:00,setl_494889,customer_14472
uci_494890,494890,92.35,GBP,captured,online_retail,2010-01-19 13:20:00,setl_494890,customer_13555
uci_494891,494891,1130.22,GBP,captured,online_retail,2010-01-19 13:23:00,setl_494891,customer_12733
uci_494892,494892,8.7,GBP,captured,online_retail,2010-01-19 13:27:00,setl_494892,customer_12748
uci_494893,494893,940.74,GBP,captured,online_retail,2010-01-19 13:31:00,setl_494893,customer_14156
uci_494894,494894,279.0,GBP,captured,online_retail,2010-01-19 13:33:00,setl_494894,customer_18229
uci_494895,494895,724.13,GBP,captured,online_retail,2010-01-19 13:33:00,setl_494895,customer_13555
uci_494896,494896,360.87,GBP,captured,online_retail,2010-01-19 14:02:00,setl_494896,customer_16156
uci_494897,494897,537.78,GBP,captured,online_retail,2010-01-19 14:16:00,setl_494897,customer_12437
uci_494898,494898,122.7,GBP,captured,online_retail,2010-01-19 14:27:00,setl_494898,customer_14413
uci_494899,494899,72.0,GBP,captured,online_retail,2010-01-19 14:37:00,setl_494899,customer_12437
uci_494900,494900,684.48,GBP,captured,online_retail,2010-01-19 14:41:00,setl_494900,customer_15311
uci_494904,494904,310.26,GBP,captured,online_retail,2010-01-19 15:34:00,setl_494904,customer_13315
uci_494905,494905,200.18,GBP,captured,online_retail,2010-01-19 15:39:00,setl_494905,customer_17245
uci_494906,494906,273.56,GBP,captured,online_retail,2010-01-19 15:45:00,setl_494906,customer_15984
uci_494908,494908,152.64,GBP,captured,online_retail,2010-01-19 16:38:00,setl_494908,customer_17307
uci_494912,494912,1376.46,GBP,captured,online_retail,2010-01-19 17:03:00,setl_494912,customer_16705
uci_494913,494913,189.95,GBP,captured,online_retail,2010-01-19 17:03:00,setl_494913,customer_17576
uci_494914,494914,771.64,GBP,captured,online_retail,2010-01-19 17:04:00,setl_494914,customer_16705
uci_494915,494915,972.44,GBP,captured,online_retail,2010-01-19 17:12:00,setl_494915,customer_13564
uci_494916,494916,174.12,GBP,captured,online_retail,2010-01-19 17:25:00,setl_494916,customer_17963
uci_494917,494917,183.2,GBP,captured,online_retail,2010-01-19 17:32:00,setl_494917,customer_14983
uci_494919,494919,1352.4,GBP,captured,online_retail,2010-01-20 08:27:00,setl_494919,customer_17404
uci_494920,494920,35.72,GBP,captured,online_retail,2010-01-20 08:48:00,setl_494920,customer_13457
uci_494921,494921,323.0,GBP,captured,online_retail,2010-01-20 09:50:00,setl_494921,customer_13397
uci_494922,494922,282.33,GBP,captured,online_retail,2010-01-20 09:57:00,setl_494922,customer_12987
uci_494930,494930,480.0,GBP,captured,online_retail,2010-01-20 10:41:00,setl_494930,customer_13027
uci_494931,494931,1135.01,GBP,captured,online_retail,2010-01-20 10:42:00,setl_494931,customer_17920
uci_494946,494946,554.94,GBP,captured,online_retail,2010-01-20 10:48:00,setl_494946,customer_16727
uci_494966,494966,278.17,GBP,captured,online_retail,2010-01-20 11:01:00,setl_494966,customer_14680
uci_494971,494971,221.32,GBP,captured,online_retail,2010-01-20 11:05:00,setl_494971,customer_14156
uci_494987,494987,777.53,GBP,captured,online_retail,2010-01-20 11:31:00,setl_494987,customer_18223
uci_494989,494989,348.71,GBP,captured,online_retail,2010-01-20 11:49:00,setl_494989,customer_14556
uci_494990,494990,322.29,GBP,captured,online_retail,2010-01-20 11:54:00,setl_494990,customer_14388
uci_494991,494991,211.85,GBP,captured,online_retail,2010-01-20 11:57:00,setl_494991,customer_17220
uci_494993,494993,133.25,GBP,captured,online_retail,2010-01-20 12:05:00,setl_494993,customer_17220
uci_494994,494994,216.0,GBP,captured,online_retail,2010-01-20 12:06:00,setl_494994,customer_13668
uci_494995,494995,301.58,GBP,captured,online_retail,2010-01-20 12:14:00,setl_494995,customer_17356
uci_494997,494997,228.96,GBP,captured,online_retail,2010-01-20 12:17:00,setl_494997,customer_17307
uci_494996,494996,133.8,GBP,captured,online_retail,2010-01-20 12:17:00,setl_494996,customer_17794
uci_495009,495009,171.46,GBP,captured,online_retail,2010-01-20 12:33:00,setl_495009,customer_15812
uci_495010,495010,181.45,GBP,captured,online_retail,2010-01-20 12:35:00,setl_495010,customer_15191
uci_495011,495011,161.3,GBP,captured,online_retail,2010-01-20 12:35:00,setl_495011,customer_15191
uci_495016,495016,529.01,GBP,captured,online_retail,2010-01-20 13:10:00,setl_495016,customer_14649
uci_495020,495020,846.46,GBP,captured,online_retail,2010-01-20 13:24:00,setl_495020,customer_16200
uci_495022,495022,9.7,GBP,captured,online_retail,2010-01-20 13:26:00,setl_495022,customer_16200
uci_495028,495028,202.35,GBP,captured,online_retail,2010-01-20 13:59:00,setl_495028,customer_14595
uci_495029,495029,255.64,GBP,captured,online_retail,2010-01-20 14:03:00,setl_495029,customer_16085
uci_495030,495030,835.45,GBP,captured,online_retail,2010-01-20 14:04:00,setl_495030,customer_13982
uci_495031,495031,463.16,GBP,captured,online_retail,2010-01-20 14:05:00,setl_495031,customer_16933
uci_495033,495033,81.75,GBP,captured,online_retail,2010-01-20 14:09:00,setl_495033,customer_15912
uci_495053,495053,101.43,GBP,captured,online_retail,2010-01-20 14:36:00,setl_495053,customer_17351
uci_495055,495055,756.85,GBP,captured,online_retail,2010-01-20 14:46:00,setl_495055,customer_14911
uci_495056,495056,756.85,GBP,captured,online_retail,2010-01-20 14:50:00,setl_495056,customer_14911
uci_495057,495057,282.75,GBP,captured,online_retail,2010-01-20 14:52:00,setl_495057,customer_14040
uci_495058,495058,167.1,GBP,captured,online_retail,2010-01-20 15:30:00,setl_495058,customer_17875
uci_495059,495059,226.89,GBP,captured,online_retail,2010-01-20 16:00:00,setl_495059,customer_13756
uci_495071,495071,455.0,GBP,captured,online_retail,2010-01-21 08:03:00,setl_495071,customer_13798
uci_495072,495072,833.52,GBP,captured,online_retail,2010-01-21 08:22:00,setl_495072,customer_14215
uci_495073,495073,3590.07,GBP,captured,online_retail,2010-01-21 08:47:00,setl_495073,customer_14911
uci_495074,495074,108.72,GBP,captured,online_retail,2010-01-21 08:52:00,setl_495074,customer_16019
uci_495075,495075,411.92,GBP,captured,online_retail,2010-01-21 08:53:00,setl_495075,customer_16019
uci_495077,495077,303.8,GBP,captured,online_retail,2010-01-21 09:30:00,setl_495077,customer_16634
uci_495078,495078,157.8,GBP,captured,online_retail,2010-01-21 09:33:00,setl_495078,customer_14207
uci_495079,495079,274.89,GBP,captured,online_retail,2010-01-21 09:37:00,setl_495079,customer_15095
uci_495080,495080,54.95,GBP,captured,online_retail,2010-01-21 09:40:00,setl_495080,customer_17526
uci_495085,495085,303.87,GBP,captured,online_retail,2010-01-21 10:45:00,setl_495085,customer_12986
uci_495090,495090,537.25,GBP,captured,online_retail,2010-01-21 10:49:00,setl_495090,customer_14431
uci_495102,495102,686.22,GBP,captured,online_retail,2010-01-21 11:11:00,setl_495102,customer_15547
uci_495110,495110,199.53,GBP,captured,online_retail,2010-01-21 11:25:00,setl_495110,customer_14530
uci_495148,495148,523.48,GBP,captured,online_retail,2010-01-21 11:41:00,setl_495148,customer_16735
uci_495149,495149,216.22,GBP,captured,online_retail,2010-01-21 11:44:00,setl_495149,customer_14320
uci_495151,495151,104.38,GBP,captured,online_retail,2010-01-21 11:51:00,setl_495151,customer_15910
uci_495150,495150,149.0,GBP,captured,online_retail,2010-01-21 11:51:00,setl_495150,customer_14714
uci_495152,495152,393.88,GBP,captured,online_retail,2010-01-21 12:01:00,setl_495152,customer_12978
uci_495153,495153,438.05,GBP,captured,online_retail,2010-01-21 12:10:00,setl_495153,customer_14527
uci_495154,495154,130.8,GBP,captured,online_retail,2010-01-21 12:27:00,setl_495154,customer_12971
uci_495158,495158,218.8,GBP,captured,online_retail,2010-01-21 12:37:00,setl_495158,customer_13527
uci_495171,495171,133.15,GBP,captured,online_retail,2010-01-21 12:47:00,setl_495171,customer_15885
uci_495176,495176,413.0,GBP,captured,online_retail,2010-01-21 13:21:00,setl_495176,customer_13623
uci_495177,495177,412.15,GBP,captured,online_retail,2010-01-21 13:22:00,setl_495177,customer_14064
uci_495178,495178,534.7,GBP,captured,online_retail,2010-01-21 13:33:00,setl_495178,customer_13735
uci_495179,495179,260.0,GBP,captured,online_retail,2010-01-21 13:34:00,setl_495179,customer_12836
uci_495182,495182,269.91,GBP,captured,online_retail,2010-01-21 13:46:00,setl_495182,customer_15311
uci_495183,495183,1210.43,GBP,captured,online_retail,2010-01-21 13:48:00,setl_495183,customer_15296
uci_495184,495184,345.29,GBP,captured,online_retail,2010-01-21 13:58:00,setl_495184,customer_17841
uci_495185,495185,2507.06,GBP,captured,online_retail,2010-01-21 14:01:00,setl_495185,customer_14439
uci_495188,495188,588.45,GBP,captured,online_retail,2010-01-21 14:30:00,setl_495188,customer_13543
uci_495187,495187,527.3,GBP,captured,online_retail,2010-01-21 14:30:00,setl_495187,customer_13148
uci_495189,495189,127.48,GBP,captured,online_retail,2010-01-21 14:37:00,setl_495189,customer_15682
uci_495192,495192,324.9,GBP,captured,online_retail,2010-01-21 15:02:00,setl_495192,customer_14293
uci_495193,495193,227.1,GBP,captured,online_retail,2010-01-21 15:02:00,setl_495193,customer_14606
uci_495194,495194,6989.4,GBP,captured,online_retail,2010-01-21 15:11:00,setl_495194,customer_13902
uci_495195,495195,368.8,GBP,captured,online_retail,2010-01-21 15:18:00,setl_495195,customer_13089
uci_495196,495196,25.3,GBP,captured,online_retail,2010-01-21 15:30:00,setl_495196,customer_12748
uci_495197,495197,284.2,GBP,captured,online_retail,2010-01-21 15:44:00,setl_495197,customer_16233
uci_495198,495198,373.8,GBP,captured,online_retail,2010-01-21 15:46:00,setl_495198,customer_14160
uci_495200,495200,323.66,GBP,captured,online_retail,2010-01-21 16:29:00,setl_495200,customer_17320
uci_495206,495206,258.09,GBP,captured,online_retail,2010-01-21 16:44:00,setl_495206,customer_16126
uci_495208,495208,11.25,GBP,captured,online_retail,2010-01-21 16:53:00,setl_495208,customer_18037
uci_495215,495215,192.45,GBP,captured,online_retail,2010-01-21 17:09:00,setl_495215,customer_15126
uci_495225,495225,173.66,GBP,captured,online_retail,2010-01-21 17:43:00,setl_495225,customer_17180
uci_495224,495224,17.49,GBP,captured,online_retail,2010-01-21 17:43:00,setl_495224,customer_13413
uci_495226,495226,212.25,GBP,captured,online_retail,2010-01-21 18:05:00,setl_495226,customer_17351
uci_495227,495227,188.54,GBP,captured,online_retail,2010-01-21 19:11:00,setl_495227,customer_14713
uci_495228,495228,8951.24,GBP,captured,online_retail,2010-01-22 08:28:00,setl_495228,customer_14646
uci_495229,495229,1222.32,GBP,captured,online_retail,2010-01-22 08:30:00,setl_495229,customer_14646
uci_495230,495230,724.92,GBP,captured,online_retail,2010-01-22 08:37:00,setl_495230,customer_13192
uci_495232,495232,1193.89,GBP,captured,online_retail,2010-01-22 09:19:00,setl_495232,customer_14156
uci_495233,495233,96.0,GBP,captured,online_retail,2010-01-22 09:20:00,setl_495233,customer_13027
uci_495235,495235,1193.89,GBP,captured,online_retail,2010-01-22 09:40:00,setl_495235,customer_14156
uci_495236,495236,812.44,GBP,captured,online_retail,2010-01-22 09:43:00,setl_495236,customer_17409
uci_495237,495237,526.96,GBP,captured,online_retail,2010-01-22 09:44:00,setl_495237,customer_17160
uci_495238,495238,302.06,GBP,captured,online_retail,2010-01-22 09:48:00,setl_495238,customer_14854
uci_495240,495240,555.0,GBP,captured,online_retail,2010-01-22 10:09:00,setl_495240,customer_17949
uci_495241,495241,436.3,GBP,captured,online_retail,2010-01-22 10:11:00,setl_495241,customer_13078
uci_495242,495242,13.5,GBP,captured,online_retail,2010-01-22 10:18:00,setl_495242,customer_17794
uci_495243,495243,256.95,GBP,captured,online_retail,2010-01-22 10:28:00,setl_495243,customer_14209
uci_495244,495244,920.95,GBP,captured,online_retail,2010-01-22 10:51:00,setl_495244,customer_15179
uci_495276,495276,1075.3,GBP,captured,online_retail,2010-01-22 11:28:00,setl_495276,customer_14063
uci_495277,495277,210.05,GBP,captured,online_retail,2010-01-22 11:41:00,setl_495277,customer_14911
uci_495279,495279,597.44,GBP,captured,online_retail,2010-01-22 11:43:00,setl_495279,customer_14440
uci_495280,495280,323.65,GBP,captured,online_retail,2010-01-22 12:24:00,setl_495280,customer_12708
uci_495289,495289,302.4,GBP,captured,online_retail,2010-01-22 12:37:00,setl_495289,customer_17519
uci_495290,495290,299.89,GBP,captured,online_retail,2010-01-22 12:46:00,setl_495290,customer_15867
uci_495291,495291,256.6,GBP,captured,online_retail,2010-01-22 12:51:00,setl_495291,customer_14274
uci_495292,495292,231.55,GBP,captured,online_retail,2010-01-22 12:55:00,setl_495292,customer_15465
uci_495293,495293,192.51,GBP,captured,online_retail,2010-01-22 13:09:00,setl_495293,customer_16125
uci_495294,495294,238.78,GBP,captured,online_retail,2010-01-22 13:25:00,setl_495294,customer_17460
uci_495295,495295,22.5,GBP,captured,online_retail,2010-01-22 13:30:00,setl_495295,customer_12346
uci_495300,495300,1120.46,GBP,captured,online_retail,2010-01-22 13:39:00,setl_495300,customer_12510
uci_495302,495302,189.0,GBP,captured,online_retail,2010-01-22 13:41:00,setl_495302,customer_13694
uci_495304,495304,701.55,GBP,captured,online_retail,2010-01-22 13:52:00,setl_495304,customer_14156
uci_495307,495307,908.14,GBP,captured,online_retail,2010-01-22 14:13:00,setl_495307,customer_16779
uci_495308,495308,20.45,GBP,captured,online_retail,2010-01-22 14:14:00,setl_495308,customer_15863
uci_495310,495310,1807.98,GBP,captured,online_retail,2010-01-22 14:17:00,setl_495310,customer_12531
uci_495311,495311,237.65,GBP,captured,online_retail,2010-01-22 14:19:00,setl_495311,customer_17243
uci_495312,495312,181.39,GBP,captured,online_retail,2010-01-22 14:22:00,setl_495312,customer_16822
uci_495313,495313,319.38,GBP,captured,online_retail,2010-01-22 14:32:00,setl_495313,customer_13889
uci_495314,495314,115.49,GBP,captured,online_retail,2010-01-22 14:40:00,setl_495314,customer_17888
uci_495316,495316,48.2,GBP,captured,online_retail,2010-01-22 14:55:00,setl_495316,customer_15581
uci_495317,495317,787.35,GBP,captured,online_retail,2010-01-22 15:04:00,setl_495317,customer_16327
uci_495318,495318,80.2,GBP,captured,online_retail,2010-01-22 15:04:00,setl_495318,customer_15266
uci_495322,495322,286.18,GBP,captured,online_retail,2010-01-22 15:44:00,setl_495322,customer_14640
uci_495331,495331,614.19,GBP,captured,online_retail,2010-01-22 16:28:00,setl_495331,customer_17799
uci_495333,495333,16.95,GBP,captured,online_retail,2010-01-22 16:46:00,setl_495333,customer_16158
uci_495340,495340,982.83,GBP,captured,online_retail,2010-01-22 17:31:00,setl_495340,customer_14031
uci_495344,495344,277.68,GBP,captured,online_retail,2010-01-24 10:20:00,setl_495344,customer_14837
uci_495345,495345,441.26,GBP,captured,online_retail,2010-01-24 10:27:00,setl_495345,customer_17242
uci_495346,495346,137.12,GBP,captured,online_retail,2010-01-24 10:33:00,setl_495346,customer_12956
uci_495347,495347,162.25,GBP,captured,online_retail,2010-01-24 10:40:00,setl_495347,customer_17920
uci_495348,495348,238.89,GBP,captured,online_retail,2010-01-24 10:50:00,setl_495348,customer_14037
uci_495349,495349,315.55,GBP,captured,online_retail,2010-01-24 10:50:00,setl_495349,customer_15641
uci_495350,495350,118.31,GBP,captured,online_retail,2010-01-24 10:54:00,setl_495350,customer_13693
uci_495351,495351,436.35,GBP,captured,online_retail,2010-01-24 11:03:00,setl_495351,customer_17618
uci_495352,495352,154.77,GBP,captured,online_retail,2010-01-24 11:15:00,setl_495352,customer_17335
uci_495353,495353,159.1,GBP,captured,online_retail,2010-01-24 11:21:00,setl_495353,customer_17780
uci_495354,495354,394.6,GBP,captured,online_retail,2010-01-24 11:26:00,setl_495354,customer_16950
uci_495355,495355,379.33,GBP,captured,online_retail,2010-01-24 11:26:00,setl_495355,customer_12916
uci_495356,495356,307.1,GBP,captured,online_retail,2010-01-24 11:35:00,setl_495356,customer_13036
uci_495357,495357,185.06,GBP,captured,online_retail,2010-01-24 11:35:00,setl_495357,customer_14879
uci_495358,495358,924.64,GBP,captured,online_retail,2010-01-24 11:52:00,setl_495358,customer_13089
uci_495359,495359,1018.98,GBP,captured,online_retail,2010-01-24 11:58:00,setl_495359,customer_16422
uci_495360,495360,557.53,GBP,captured,online_retail,2010-01-24 12:05:00,setl_495360,customer_12703
uci_495361,495361,76.4,GBP,captured,online_retail,2010-01-24 12:11:00,setl_495361,customer_13249
uci_495362,495362,950.72,GBP,captured,online_retail,2010-01-24 12:12:00,setl_495362,customer_15727
uci_495364,495364,106.65,GBP,captured,online_retail,2010-01-24 12:13:00,setl_495364,customer_15711
uci_495365,495365,501.23,GBP,captured,online_retail,2010-01-24 12:15:00,setl_495365,customer_14701
uci_495366,495366,297.63,GBP,captured,online_retail,2010-01-24 12:21:00,setl_495366,customer_16255
uci_495367,495367,326.55,GBP,captured,online_retail,2010-01-24 12:27:00,setl_495367,customer_14070
uci_495369,495369,565.79,GBP,captured,online_retail,2010-01-24 12:31:00,setl_495369,customer_13527
uci_495370,495370,16.44,GBP,captured,online_retail,2010-01-24 12:41:00,setl_495370,customer_12748
uci_495371,495371,378.71,GBP,captured,online_retail,2010-01-24 12:52:00,setl_495371,customer_17675
uci_495372,495372,260.84,GBP,captured,online_retail,2010-01-24 12:58:00,setl_495372,customer_14396
uci_495374,495374,308.01,GBP,captured,online_retail,2010-01-24 13:05:00,setl_495374,customer_17071
uci_495375,495375,409.93,GBP,captured,online_retail,2010-01-24 13:14:00,setl_495375,customer_16523
uci_495376,495376,139.65,GBP,captured,online_retail,2010-01-24 13:24:00,setl_495376,customer_15581
uci_495377,495377,475.0,GBP,captured,online_retail,2010-01-24 13:36:00,setl_495377,customer_14194
uci_495378,495378,61.35,GBP,captured,online_retail,2010-01-24 13:37:00,setl_495378,customer_14751
uci_495379,495379,435.54,GBP,captured,online_retail,2010-01-24 13:46:00,setl_495379,customer_17611
uci_495380,495380,296.68,GBP,captured,online_retail,2010-01-24 13:51:00,setl_495380,customer_16592
uci_495381,495381,397.05,GBP,captured,online_retail,2010-01-24 13:54:00,setl_495381,customer_13327
uci_495382,495382,200.2,GBP,captured,online_retail,2010-01-24 13:55:00,setl_495382,customer_14522
uci_495383,495383,281.1,GBP,captured,online_retail,2010-01-24 14:19:00,setl_495383,customer_17141
uci_495384,495384,125.34,GBP,captured,online_retail,2010-01-24 14:24:00,setl_495384,customer_17141
uci_495385,495385,257.3,GBP,captured,online_retail,2010-01-24 14:30:00,setl_495385,customer_13209
uci_495386,495386,162.65,GBP,captured,online_retail,2010-01-24 14:36:00,setl_495386,customer_15696
uci_495387,495387,357.88,GBP,captured,online_retail,2010-01-24 14:57:00,setl_495387,customer_13729
uci_495388,495388,364.73,GBP,captured,online_retail,2010-01-24 15:14:00,setl_495388,customer_15680
uci_495389,495389,245.17,GBP,captured,online_retail,2010-01-24 15:14:00,setl_495389,customer_14044
uci_495390,495390,225.5,GBP,captured,online_retail,2010-01-24 15:23:00,setl_495390,customer_17142
uci_495391,495391,340.17,GBP,captured,online_retail,2010-01-24 15:25:00,setl_495391,customer_16206
uci_495392,495392,285.35,GBP,captured,online_retail,2010-01-24 15:35:00,setl_495392,customer_15434
uci_495393,495393,175.26,GBP,captured,online_retail,2010-01-24 15:42:00,setl_495393,customer_15483
uci_495394,495394,135.0,GBP,captured,online_retail,2010-01-24 15:53:00,setl_495394,customer_13711
uci_495395,495395,323.38,GBP,captured,online_retail,2010-01-24 15:54:00,setl_495395,customer_14986
uci_495396,495396,462.05,GBP,captured,online_retail,2010-01-25 08:17:00,setl_495396,customer_17584
uci_495397,495397,332.55,GBP,captured,online_retail,2010-01-25 09:05:00,setl_495397,customer_14870
uci_495398,495398,518.35,GBP,captured,online_retail,2010-01-25 09:08:00,setl_495398,customer_14621
uci_495399,495399,521.77,GBP,captured,online_retail,2010-01-25 09:12:00,setl_495399,customer_12949
uci_495400,495400,262.95,GBP,captured,online_retail,2010-01-25 09:29:00,setl_495400,customer_14540
uci_495401,495401,627.77,GBP,captured,online_retail,2010-01-25 09:38:00,setl_495401,customer_14329
uci_495402,495402,302.2,GBP,captured,online_retail,2010-01-25 09:42:00,setl_495402,customer_15303
uci_495404,495404,1432.02,GBP,captured,online_retail,2010-01-25 09:48:00,setl_495404,customer_14439
uci_495405,495405,247.55,GBP,captured,online_retail,2010-01-25 09:53:00,setl_495405,customer_16125
uci_495407,495407,350.73,GBP,captured,online_retail,2010-01-25 10:13:00,setl_495407,customer_13488
uci_495408,495408,140.55,GBP,captured,online_retail,2010-01-25 10:21:00,setl_495408,customer_14735
uci_495409,495409,310.67,GBP,captured,online_retail,2010-01-25 10:26:00,setl_495409,customer_17810
uci_495414,495414,83.14,GBP,captured,online_retail,2010-01-25 11:18:00,setl_495414,customer_14519
uci_495415,495415,344.75,GBP,captured,online_retail,2010-01-25 11:32:00,setl_495415,customer_18199
uci_495439,495439,422.7,GBP,captured,online_retail,2010-01-25 11:52:00,setl_495439,customer_13477
uci_495456,495456,312.1,GBP,captured,online_retail,2010-01-25 12:02:00,setl_495456,customer_13313
uci_495467,495467,1051.92,GBP,captured,online_retail,2010-01-25 12:08:00,setl_495467,customer_13001
uci_495487,495487,772.87,GBP,captured,online_retail,2010-01-25 12:18:00,setl_495487,customer_15311
uci_495488,495488,627.43,GBP,captured,online_retail,2010-01-25 12:19:00,setl_495488,customer_14911
uci_495501,495501,352.2,GBP,captured,online_retail,2010-01-25 12:33:00,setl_495501,customer_15719
uci_495503,495503,342.42,GBP,captured,online_retail,2010-01-25 12:50:00,setl_495503,customer_15858
uci_495504,495504,617.97,GBP,captured,online_retail,2010-01-25 13:14:00,setl_495504,customer_16795
uci_495505,495505,215.7,GBP,captured,online_retail,2010-01-25 13:19:00,setl_495505,customer_17419
uci_495506,495506,46.5,GBP,captured,online_retail,2010-01-25 13:21:00,setl_495506,customer_14421
uci_495507,495507,536.85,GBP,captured,online_retail,2010-01-25 13:22:00,setl_495507,customer_14514
uci_495508,495508,1025.46,GBP,captured,online_retail,2010-01-25 13:46:00,setl_495508,customer_13141
uci_495509,495509,454.74,GBP,captured,online_retail,2010-01-25 13:56:00,setl_495509,customer_16004
uci_495510,495510,183.93,GBP,captured,online_retail,2010-01-25 14:01:00,setl_495510,customer_17841
uci_495512,495512,616.18,GBP,captured,online_retail,2010-01-25 14:25:00,setl_495512,customer_16700
uci_495514,495514,144.65,GBP,captured,online_retail,2010-01-25 14:26:00,setl_495514,customer_13564
uci_495524,495524,19.95,GBP,captured,online_retail,2010-01-25 14:30:00,setl_495524,customer_17961
uci_495526,495526,379.13,GBP,captured,online_retail,2010-01-25 14:40:00,setl_495526,customer_14628
uci_495527,495527,180.45,GBP,captured,online_retail,2010-01-25 14:50:00,setl_495527,customer_15611
uci_495529,495529,445.34,GBP,captured,online_retail,2010-01-25 15:07:00,setl_495529,customer_17610
uci_495530,495530,730.94,GBP,captured,online_retail,2010-01-25 15:22:00,setl_495530,customer_15768
uci_495531,495531,170.81,GBP,captured,online_retail,2010-01-25 15:23:00,setl_495531,customer_14606
uci_495533,495533,215.46,GBP,captured,online_retail,2010-01-25 15:36:00,setl_495533,customer_14376
uci_495534,495534,305.34,GBP,captured,online_retail,2010-01-25 15:36:00,setl_495534,customer_14032
uci_495536,495536,204.6,GBP,captured,online_retail,2010-01-25 15:37:00,setl_495536,customer_12857
uci_495544,495544,452.6,GBP,captured,online_retail,2010-01-25 15:42:00,setl_495544,customer_14538
uci_495546,495546,818.01,GBP,captured,online_retail,2010-01-25 15:54:00,setl_495546,customer_13206
uci_495547,495547,235.5,GBP,captured,online_retail,2010-01-25 15:55:00,setl_495547,customer_18061
uci_495548,495548,13.2,GBP,captured,online_retail,2010-01-25 16:01:00,setl_495548,customer_18061
uci_495549,495549,387.74,GBP,captured,online_retail,2010-01-25 16:12:00,setl_495549,customer_17218
uci_495551,495551,155.45,GBP,captured,online_retail,2010-01-25 16:17:00,setl_495551,customer_17085
uci_495575,495575,505.13,GBP,captured,online_retail,2010-01-26 08:44:00,setl_495575,customer_13650
uci_495576,495576,302.55,GBP,captured,online_retail,2010-01-26 09:41:00,setl_495576,customer_15259
uci_495577,495577,301.8,GBP,captured,online_retail,2010-01-26 09:45:00,setl_495577,customer_13767
uci_495578,495578,267.22,GBP,captured,online_retail,2010-01-26 09:51:00,setl_495578,customer_13971
uci_495580,495580,132.2,GBP,captured,online_retail,2010-01-26 10:04:00,setl_495580,customer_17681
uci_495581,495581,441.23,GBP,captured,online_retail,2010-01-26 10:09:00,setl_495581,customer_12468
uci_495584,495584,229.59,GBP,captured,online_retail,2010-01-26 10:13:00,setl_495584,customer_16719
uci_495591,495591,18570.88,GBP,captured,online_retail,2010-01-26 10:25:00,setl_495591,customer_14646
uci_495605,495605,455.02,GBP,captured,online_retail,2010-01-26 10:32:00,setl_495605,customer_12471
uci_495609,495609,54.0,GBP,captured,online_retail,2010-01-26 10:36:00,setl_495609,customer_12471
uci_495633,495633,133.01,GBP,captured,online_retail,2010-01-26 10:48:00,setl_495633,customer_15039
uci_495634,495634,221.5,GBP,captured,online_retail,2010-01-26 10:54:00,setl_495634,customer_15046
uci_495676,495676,388.24,GBP,captured,online_retail,2010-01-26 11:24:00,setl_495676,customer_17700
uci_495677,495677,220.6,GBP,captured,online_retail,2010-01-26 11:32:00,setl_495677,customer_14211
uci_495678,495678,374.35,GBP,captured,online_retail,2010-01-26 11:33:00,setl_495678,customer_15218
uci_495681,495681,495.72,GBP,captured,online_retail,2010-01-26 11:39:00,setl_495681,customer_15805
uci_495680,495680,556.66,GBP,captured,online_retail,2010-01-26 11:39:00,setl_495680,customer_15950
uci_495682,495682,389.86,GBP,captured,online_retail,2010-01-26 11:44:00,setl_495682,customer_15002
uci_495683,495683,140.95,GBP,captured,online_retail,2010-01-26 11:45:00,setl_495683,customer_16742
uci_495684,495684,34.78,GBP,captured,online_retail,2010-01-26 12:00:00,setl_495684,customer_17536
uci_495686,495686,633.25,GBP,captured,online_retail,2010-01-26 12:10:00,setl_495686,customer_15044
uci_495687,495687,76.52,GBP,captured,online_retail,2010-01-26 12:11:00,setl_495687,customer_12439
uci_495688,495688,352.29,GBP,captured,online_retail,2010-01-26 12:22:00,setl_495688,customer_14527
uci_495689,495689,565.15,GBP,captured,online_retail,2010-01-26 12:23:00,setl_495689,customer_14680
uci_495699,495699,1834.14,GBP,captured,online_retail,2010-01-26 12:38:00,setl_495699,customer_12709
uci_495700,495700,20.4,GBP,captured,online_retail,2010-01-26 12:44:00,setl_495700,customer_12709
uci_495702,495702,125.3,GBP,captured,online_retail,2010-01-26 12:53:00,setl_495702,customer_12839
uci_495703,495703,261.88,GBP,captured,online_retail,2010-01-26 12:55:00,setl_495703,customer_15518
uci_495706,495706,371.91,GBP,captured,online_retail,2010-01-26 13:04:00,setl_495706,customer_15003
uci_495707,495707,296.4,GBP,captured,online_retail,2010-01-26 13:06:00,setl_495707,customer_14478
uci_495708,495708,453.38,GBP,captured,online_retail,2010-01-26 13:09:00,setl_495708,customer_16481
uci_495710,495710,630.79,GBP,captured,online_retail,2010-01-26 13:35:00,setl_495710,customer_13459
uci_495711,495711,544.22,GBP,captured,online_retail,2010-01-26 13:40:00,setl_495711,customer_13097
uci_495712,495712,781.52,GBP,captured,online_retail,2010-01-26 13:41:00,setl_495712,customer_16281
uci_495713,495713,177.0,GBP,captured,online_retail,2010-01-26 13:46:00,setl_495713,customer_17075
uci_495715,495715,114.28,GBP,captured,online_retail,2010-01-26 14:05:00,setl_495715,customer_13610
uci_495716,495716,593.66,GBP,captured,online_retail,2010-01-26 14:06:00,setl_495716,customer_12905
uci_495718,495718,234.57,GBP,captured,online_retail,2010-01-26 14:25:00,setl_495718,customer_16791
uci_495719,495719,109.2,GBP,captured,online_retail,2010-01-26 14:37:00,setl_495719,customer_12361
uci_495720,495720,430.3,GBP,captured,online_retail,2010-01-26 14:43:00,setl_495720,customer_17059
uci_495721,495721,216.04,GBP,captured,online_retail,2010-01-26 14:44:00,setl_495721,customer_15845
uci_495722,495722,301.54,GBP,captured,online_retail,2010-01-26 14:54:00,setl_495722,customer_17050
uci_495724,495724,108.84,GBP,captured,online_retail,2010-01-26 14:58:00,setl_495724,customer_17726
uci_495725,495725,533.44,GBP,captured,online_retail,2010-01-26 15:03:00,setl_495725,customer_12681
uci_495726,495726,346.3,GBP,captured,online_retail,2010-01-26 15:11:00,setl_495726,customer_13514
uci_495727,495727,201.6,GBP,captured,online_retail,2010-01-26 15:55:00,setl_495727,customer_15766
uci_495731,495731,267.79,GBP,captured,online_retail,2010-01-26 16:19:00,setl_495731,customer_15959
uci_495733,495733,68.34,GBP,captured,online_retail,2010-01-26 16:21:00,setl_495733,customer_14911
uci_495734,495734,205.82,GBP,captured,online_retail,2010-01-26 16:22:00,setl_495734,customer_14911
uci_495735,495735,201.56,GBP,captured,online_retail,2010-01-26 16:22:00,setl_495735,customer_12745
uci_495736,495736,21.0,GBP,captured,online_retail,2010-01-26 16:23:00,setl_495736,customer_12606
uci_495742,495742,63.24,GBP,captured,online_retail,2010-01-26 16:25:00,setl_495742,customer_12404
uci_495746,495746,281.75,GBP,captured,online_retail,2010-01-26 16:26:00,setl_495746,customer_15959
uci_495745,495745,56.73,GBP,captured,online_retail,2010-01-26 16:26:00,setl_495745,customer_12466
uci_495748,495748,117.72,GBP,captured,online_retail,2010-01-26 16:26:00,setl_495748,customer_16291
uci_495747,495747,129.23,GBP,captured,online_retail,2010-01-26 16:26:00,setl_495747,customer_12555
uci_495750,495750,132.79,GBP,captured,online_retail,2010-01-26 16:27:00,setl_495750,customer_14156
uci_495754,495754,15.58,GBP,captured,online_retail,2010-01-26 16:29:00,setl_495754,customer_12846
uci_495753,495753,178.31,GBP,captured,online_retail,2010-01-26 16:29:00,setl_495753,customer_14653
uci_495755,495755,342.8,GBP,captured,online_retail,2010-01-26 16:29:00,setl_495755,customer_14413
uci_495756,495756,39.67,GBP,captured,online_retail,2010-01-26 16:29:00,setl_495756,customer_14912
uci_495758,495758,274.2,GBP,captured,online_retail,2010-01-26 16:30:00,setl_495758,customer_14911
uci_495760,495760,64.13,GBP,captured,online_retail,2010-01-26 16:31:00,setl_495760,customer_14156
uci_495763,495763,107.14,GBP,captured,online_retail,2010-01-26 16:34:00,setl_495763,customer_16047
uci_495765,495765,29.95,GBP,captured,online_retail,2010-01-26 16:38:00,setl_495765,customer_15959
uci_495766,495766,84.58,GBP,captured,online_retail,2010-01-26 16:38:00,setl_495766,customer_12709
uci_495773,495773,4.57,GBP,captured,online_retail,2010-01-26 16:57:00,setl_495773,customer_12600
uci_495776,495776,49.35,GBP,captured,online_retail,2010-01-26 17:03:00,setl_495776,customer_17940
uci_495777,495777,179.45,GBP,captured,online_retail,2010-01-26 17:05:00,setl_495777,customer_14156
uci_495780,495780,16.33,GBP,captured,online_retail,2010-01-26 17:08:00,setl_495780,customer_17867
uci_495782,495782,139.71,GBP,captured,online_retail,2010-01-26 17:10:00,setl_495782,customer_14156
uci_495783,495783,48.96,GBP,captured,online_retail,2010-01-26 17:11:00,setl_495783,customer_14380
uci_495784,495784,11.31,GBP,captured,online_retail,2010-01-26 17:11:00,setl_495784,customer_14156
uci_495788,495788,11.9,GBP,captured,online_retail,2010-01-26 17:16:00,setl_495788,customer_14156
uci_495791,495791,243.63,GBP,captured,online_retail,2010-01-26 17:19:00,setl_495791,customer_14079
uci_495792,495792,114.89,GBP,captured,online_retail,2010-01-26 17:20:00,setl_495792,customer_17672
uci_495794,495794,41.09,GBP,captured,online_retail,2010-01-26 17:22:00,setl_495794,customer_12471
uci_495795,495795,27.82,GBP,captured,online_retail,2010-01-26 17:23:00,setl_495795,customer_15702
uci_495799,495799,81.61,GBP,captured,online_retail,2010-01-26 17:26:00,setl_495799,customer_13327
uci_495801,495801,77.52,GBP,captured,online_retail,2010-01-26 17:28:00,setl_495801,customer_12570
uci_495802,495802,387.54,GBP,captured,online_retail,2010-01-26 17:28:00,setl_495802,customer_12748
uci_495806,495806,478.9,GBP,captured,online_retail,2010-01-27 08:48:00,setl_495806,customer_15073
uci_495807,495807,184.3,GBP,captured,online_retail,2010-01-27 09:02:00,setl_495807,customer_13698
uci_495808,495808,188.44,GBP,captured,online_retail,2010-01-27 09:38:00,setl_495808,customer_16051
uci_495809,495809,324.5,GBP,captured,online_retail,2010-01-27 09:44:00,setl_495809,customer_14365
uci_495810,495810,492.4,GBP,captured,online_retail,2010-01-27 09:50:00,setl_495810,customer_12873
uci_495811,495811,304.1,GBP,captured,online_retail,2010-01-27 10:02:00,setl_495811,customer_15222
uci_495812,495812,345.72,GBP,captured,online_retail,2010-01-27 10:18:00,setl_495812,customer_18051
uci_495815,495815,595.95,GBP,captured,online_retail,2010-01-27 10:35:00,setl_495815,customer_12549
uci_495818,495818,148.63,GBP,captured,online_retail,2010-01-27 10:39:00,setl_495818,customer_14299
uci_495819,495819,158.4,GBP,captured,online_retail,2010-01-27 10:40:00,setl_495819,customer_14299
uci_495854,495854,348.61,GBP,captured,online_retail,2010-01-27 10:56:00,setl_495854,customer_15695
uci_495875,495875,398.16,GBP,captured,online_retail,2010-01-27 11:26:00,setl_495875,customer_16550
uci_495880,495880,1020.0,GBP,captured,online_retail,2010-01-27 11:40:00,setl_495880,customer_18008
uci_495882,495882,332.04,GBP,captured,online_retail,2010-01-27 11:53:00,setl_495882,customer_13941
uci_495883,495883,366.28,GBP,captured,online_retail,2010-01-27 11:55:00,setl_495883,customer_15798
uci_495884,495884,148.85,GBP,captured,online_retail,2010-01-27 12:06:00,setl_495884,customer_14551
uci_495885,495885,337.67,GBP,captured,online_retail,2010-01-27 12:10:00,setl_495885,customer_12869
uci_495886,495886,106.4,GBP,captured,online_retail,2010-01-27 12:11:00,setl_495886,customer_14577
uci_495887,495887,106.05,GBP,captured,online_retail,2010-01-27 12:14:00,setl_495887,customer_17797
uci_495889,495889,157.08,GBP,captured,online_retail,2010-01-27 12:19:00,setl_495889,customer_17604
uci_495898,495898,236.75,GBP,captured,online_retail,2010-01-27 12:31:00,setl_495898,customer_16713
uci_495906,495906,4385.71,GBP,captured,online_retail,2010-01-27 12:39:00,setl_495906,customer_13694
uci_495907,495907,602.3,GBP,captured,online_retail,2010-01-27 12:40:00,setl_495907,customer_13694
uci_495908,495908,854.8,GBP,captured,online_retail,2010-01-27 12:44:00,setl_495908,customer_15389
uci_495909,495909,104.95,GBP,captured,online_retail,2010-01-27 12:45:00,setl_495909,customer_16430
uci_495910,495910,198.84,GBP,captured,online_retail,2010-01-27 12:46:00,setl_495910,customer_15911
uci_495912,495912,558.14,GBP,captured,online_retail,2010-01-27 12:50:00,setl_495912,customer_13590
uci_495913,495913,394.6,GBP,captured,online_retail,2010-01-27 12:55:00,setl_495913,customer_13048
uci_495915,495915,300.68,GBP,captured,online_retail,2010-01-27 13:12:00,setl_495915,customer_15797
uci_495916,495916,346.95,GBP,captured,online_retail,2010-01-27 13:19:00,setl_495916,customer_12921
uci_495917,495917,533.72,GBP,captured,online_retail,2010-01-27 13:20:00,setl_495917,customer_12921
uci_495918,495918,15.9,GBP,captured,online_retail,2010-01-27 13:26:00,setl_495918,customer_15885
uci_495919,495919,823.15,GBP,captured,online_retail,2010-01-27 13:29:00,setl_495919,customer_16320
uci_495920,495920,770.15,GBP,captured,online_retail,2010-01-27 13:41:00,setl_495920,customer_15808
uci_495921,495921,357.59,GBP,captured,online_retail,2010-01-27 14:03:00,setl_495921,customer_15311
uci_495925,495925,325.38,GBP,captured,online_retail,2010-01-27 14:38:00,setl_495925,customer_17861
uci_495928,495928,1072.4,GBP,captured,online_retail,2010-01-27 14:51:00,setl_495928,customer_14258
uci_495929,495929,321.08,GBP,captured,online_retail,2010-01-27 15:17:00,setl_495929,customer_15485
uci_495935,495935,251.68,GBP,captured,online_retail,2010-01-27 15:32:00,setl_495935,customer_13468
uci_495936,495936,1356.63,GBP,captured,online_retail,2010-01-27 15:39:00,setl_495936,customer_17865
uci_495937,495937,363.1,GBP,captured,online_retail,2010-01-27 15:41:00,setl_495937,customer_13798
uci_495938,495938,582.3,GBP,captured,online_retail,2010-01-27 15:42:00,setl_495938,customer_13798
uci_495939,495939,168.55,GBP,captured,online_retail,2010-01-27 15:49:00,setl_495939,customer_13101
uci_495940,495940,201.2,GBP,captured,online_retail,2010-01-27 16:00:00,setl_495940,customer_18016
uci_495941,495941,151.95,GBP,captured,online_retail,2010-01-27 16:07:00,setl_495941,customer_14167
uci_495942,495942,67.6,GBP,captured,online_retail,2010-01-27 16:14:00,setl_495942,customer_15549
uci_495945,495945,1025.87,GBP,captured,online_retail,2010-01-27 16:23:00,setl_495945,customer_13758
uci_495946,495946,110.5,GBP,captured,online_retail,2010-01-27 16:34:00,setl_495946,customer_14279
uci_495947,495947,565.3,GBP,captured,online_retail,2010-01-27 16:41:00,setl_495947,customer_12484
uci_495949,495949,151.87,GBP,captured,online_retail,2010-01-27 16:54:00,setl_495949,customer_14606
uci_495950,495950,15.9,GBP,captured,online_retail,2010-01-27 17:11:00,setl_495950,customer_12843
uci_495954,495954,911.44,GBP,captured,online_retail,2010-01-28 09:00:00,setl_495954,customer_14828
uci_495955,495955,449.97,GBP,captured,online_retail,2010-01-28 09:09:00,setl_495955,customer_14625
uci_495956,495956,654.0,GBP,captured,online_retail,2010-01-28 09:20:00,setl_495956,customer_17809
uci_495957,495957,303.9,GBP,captured,online_retail,2010-01-28 09:27:00,setl_495957,customer_17695
uci_495958,495958,138.18,GBP,captured,online_retail,2010-01-28 09:38:00,setl_495958,customer_17982
uci_495960,495960,586.88,GBP,captured,online_retail,2010-01-28 10:06:00,setl_495960,customer_14952
uci_495962,495962,305.7,GBP,captured,online_retail,2010-01-28 10:08:00,setl_495962,customer_14465
uci_495963,495963,489.31,GBP,captured,online_retail,2010-01-28 10:42:00,setl_495963,customer_13448
uci_495993,495993,155.86,GBP,captured,online_retail,2010-01-28 11:33:00,setl_495993,customer_14672
uci_495994,495994,428.8,GBP,captured,online_retail,2010-01-28 11:36:00,setl_495994,customer_15563
uci_495995,495995,37.05,GBP,captured,online_retail,2010-01-28 11:40:00,setl_495995,customer_13694
uci_496002,496002,317.64,GBP,captured,online_retail,2010-01-28 12:06:00,setl_496002,customer_16746
uci_496003,496003,113.19,GBP,captured,online_retail,2010-01-28 12:20:00,setl_496003,customer_16905
uci_496004,496004,235.12,GBP,captured,online_retail,2010-01-28 12:26:00,setl_496004,customer_13820
uci_496007,496007,490.39,GBP,captured,online_retail,2010-01-28 12:32:00,setl_496007,customer_15203
uci_496008,496008,1034.67,GBP,captured,online_retail,2010-01-28 12:36:00,setl_496008,customer_14911
uci_496010,496010,186.82,GBP,captured,online_retail,2010-01-28 12:42:00,setl_496010,customer_17841
uci_496011,496011,46.08,GBP,captured,online_retail,2010-01-28 12:54:00,setl_496011,customer_12989
uci_496012,496012,553.06,GBP,captured,online_retail,2010-01-28 12:59:00,setl_496012,customer_16779
uci_496013,496013,665.24,GBP,captured,online_retail,2010-01-28 13:00:00,setl_496013,customer_16366
uci_496014,496014,76.32,GBP,captured,online_retail,2010-01-28 13:02:00,setl_496014,customer_14613
uci_496017,496017,279.07,GBP,captured,online_retail,2010-01-28 13:23:00,setl_496017,customer_16326
uci_496019,496019,75.2,GBP,captured,online_retail,2010-01-28 13:34:00,setl_496019,customer_12835
uci_496020,496020,37.2,GBP,captured,online_retail,2010-01-28 13:44:00,setl_496020,customer_12835
uci_496022,496022,3.38,GBP,captured,online_retail,2010-01-28 13:51:00,setl_496022,customer_12835
uci_496023,496023,131.9,GBP,captured,online_retail,2010-01-28 13:53:00,setl_496023,customer_15602
uci_496024,496024,873.44,GBP,captured,online_retail,2010-01-28 14:06:00,setl_496024,customer_13089
uci_496033,496033,246.78,GBP,captured,online_retail,2010-01-28 14:19:00,setl_496033,customer_12872
uci_496042,496042,286.15,GBP,captured,online_retail,2010-01-28 14:29:00,setl_496042,customer_17646
uci_496047,496047,842.82,GBP,captured,online_retail,2010-01-28 14:31:00,setl_496047,customer_14831
uci_496054,496054,463.22,GBP,captured,online_retail,2010-01-28 14:39:00,setl_496054,customer_15544
uci_496056,496056,81.6,GBP,captured,online_retail,2010-01-28 14:59:00,setl_496056,customer_14558
uci_496057,496057,422.7,GBP,captured,online_retail,2010-01-28 15:04:00,setl_496057,customer_16137
uci_496058,496058,846.81,GBP,captured,online_retail,2010-01-28 15:17:00,setl_496058,customer_17115
uci_496059,496059,20.0,GBP,captured,online_retail,2010-01-28 15:26:00,setl_496059,customer_16535
uci_496060,496060,630.32,GBP,captured,online_retail,2010-01-28 15:30:00,setl_496060,customer_18194
uci_496061,496061,318.98,GBP,captured,online_retail,2010-01-28 15:41:00,setl_496061,customer_15738
uci_496062,496062,808.15,GBP,captured,online_retail,2010-01-28 15:43:00,setl_496062,customer_13615
uci_496063,496063,392.82,GBP,captured,online_retail,2010-01-28 15:45:00,setl_496063,customer_15137
uci_496065,496065,110.88,GBP,captured,online_retail,2010-01-28 15:51:00,setl_496065,customer_17768
uci_496066,496066,346.56,GBP,captured,online_retail,2010-01-28 15:52:00,setl_496066,customer_13831
uci_496067,496067,76.32,GBP,captured,online_retail,2010-01-28 15:54:00,setl_496067,customer_17768
uci_496068,496068,176.7,GBP,captured,online_retail,2010-01-28 15:57:00,setl_496068,customer_12931
uci_496069,496069,517.16,GBP,captured,online_retail,2010-01-28 16:07:00,setl_496069,customer_13093
uci_496070,496070,306.3,GBP,captured,online_retail,2010-01-28 16:39:00,setl_496070,customer_18259
uci_496072,496072,571.84,GBP,captured,online_retail,2010-01-28 17:09:00,setl_496072,customer_15615
uci_496073,496073,795.68,GBP,captured,online_retail,2010-01-28 17:13:00,setl_496073,customer_13174
uci_496074,496074,272.45,GBP,captured,online_retail,2010-01-28 17:14:00,setl_496074,customer_17612
uci_496075,496075,121.1,GBP,captured,online_retail,2010-01-28 17:35:00,setl_496075,customer_13174
uci_496081,496081,171.33,GBP,captured,online_retail,2010-01-28 17:54:00,setl_496081,customer_17905
uci_496083,496083,5.1,GBP,captured,online_retail,2010-01-28 17:55:00,setl_496083,customer_17905
uci_496085,496085,124.1,GBP,captured,online_retail,2010-01-28 19:28:00,setl_496085,customer_14702
uci_496086,496086,413.75,GBP,captured,online_retail,2010-01-28 19:41:00,setl_496086,customer_15861
uci_496088,496088,301.4,GBP,captured,online_retail,2010-01-29 09:13:00,setl_496088,customer_13557
uci_496089,496089,676.5,GBP,captured,online_retail,2010-01-29 09:21:00,setl_496089,customer_17465
uci_496092,496092,430.2,GBP,captured,online_retail,2010-01-29 10:06:00,setl_496092,customer_13085
uci_496093,496093,909.5,GBP,captured,online_retail,2010-01-29 10:10:00,setl_496093,customer_12949
uci_496094,496094,311.24,GBP,captured,online_retail,2010-01-29 10:13:00,setl_496094,customer_15192
uci_496095,496095,96.5,GBP,captured,online_retail,2010-01-29 10:15:00,setl_496095,customer_12484
uci_496096,496096,777.9,GBP,captured,online_retail,2010-01-29 10:25:00,setl_496096,customer_18225
uci_496097,496097,360.0,GBP,captured,online_retail,2010-01-29 10:30:00,setl_496097,customer_17949
uci_496099,496099,529.0,GBP,captured,online_retail,2010-01-29 10:48:00,setl_496099,customer_16029
uci_496103,496103,18.75,GBP,captured,online_retail,2010-01-29 10:49:00,setl_496103,customer_15359
uci_496107,496107,10.6,GBP,captured,online_retail,2010-01-29 10:50:00,setl_496107,customer_15359
uci_496110,496110,15.9,GBP,captured,online_retail,2010-01-29 10:51:00,setl_496110,customer_15359
uci_496112,496112,18.75,GBP,captured,online_retail,2010-01-29 10:52:00,setl_496112,customer_15359
uci_496113,496113,10.5,GBP,captured,online_retail,2010-01-29 10:53:00,setl_496113,customer_15359
uci_496115,496115,8985.6,GBP,captured,online_retail,2010-01-29 11:04:00,setl_496115,customer_17949
uci_496130,496130,439.15,GBP,captured,online_retail,2010-01-29 11:12:00,setl_496130,customer_14469
uci_496155,496155,305.4,GBP,captured,online_retail,2010-01-29 11:29:00,setl_496155,customer_16027
uci_496166,496166,490.2,GBP,captured,online_retail,2010-01-29 11:42:00,setl_496166,customer_13085
uci_496167,496167,368.55,GBP,captured,online_retail,2010-01-29 11:45:00,setl_496167,customer_14560
uci_496168,496168,214.2,GBP,captured,online_retail,2010-01-29 11:49:00,setl_496168,customer_15311
uci_496170,496170,5.0,GBP,captured,online_retail,2010-01-29 11:52:00,setl_496170,customer_15311
uci_496171,496171,199.3,GBP,captured,online_retail,2010-01-29 11:54:00,setl_496171,customer_13851
uci_496172,496172,92.16,GBP,captured,online_retail,2010-01-29 11:57:00,setl_496172,customer_12989
uci_496173,496173,208.57,GBP,captured,online_retail,2010-01-29 11:59:00,setl_496173,customer_14796
uci_496174,496174,231.32,GBP,captured,online_retail,2010-01-29 12:07:00,setl_496174,customer_15487
uci_496198,496198,497.93,GBP,captured,online_retail,2010-01-29 12:32:00,setl_496198,customer_15785
uci_496201,496201,309.76,GBP,captured,online_retail,2010-01-29 12:35:00,setl_496201,customer_15898
uci_496200,496200,493.94,GBP,captured,online_retail,2010-01-29 12:35:00,setl_496200,customer_13480
uci_496203,496203,2.5,GBP,captured,online_retail,2010-01-29 12:39:00,setl_496203,customer_15898
uci_496204,496204,869.88,GBP,captured,online_retail,2010-01-29 12:42:00,setl_496204,customer_15251
uci_496205,496205,416.5,GBP,captured,online_retail,2010-01-29 12:52:00,setl_496205,customer_12823
uci_496216,496216,323.5,GBP,captured,online_retail,2010-01-29 13:44:00,setl_496216,customer_16802
uci_496217,496217,345.44,GBP,captured,online_retail,2010-01-29 13:46:00,setl_496217,customer_13267
uci_496220,496220,509.12,GBP,captured,online_retail,2010-01-29 13:52:00,setl_496220,customer_15421
uci_496222,496222,664.0,GBP,captured,online_retail,2010-01-29 13:53:00,setl_496222,customer_13583
uci_496221,496221,276.07,GBP,captured,online_retail,2010-01-29 13:53:00,setl_496221,customer_17191
uci_496230,496230,10.5,GBP,captured,online_retail,2010-01-29 14:13:00,setl_496230,customer_16434
uci_496232,496232,327.95,GBP,captured,online_retail,2010-01-29 14:21:00,setl_496232,customer_14249
uci_496233,496233,188.83,GBP,captured,online_retail,2010-01-29 14:22:00,setl_496233,customer_16673
uci_496237,496237,2646.4,GBP,captured,online_retail,2010-01-29 14:37:00,setl_496237,customer_17677
uci_496236,496236,75.9,GBP,captured,online_retail,2010-01-29 14:37:00,setl_496236,customer_18190
uci_496235,496235,414.92,GBP,captured,online_retail,2010-01-29 14:37:00,setl_496235,customer_14099
uci_496238,496238,72.6,GBP,captured,online_retail,2010-01-29 14:41:00,setl_496238,customer_15611
uci_496245,496245,193.8,GBP,captured,online_retail,2010-01-29 15:25:00,setl_496245,customer_16390
uci_496288,496288,782.26,GBP,captured,online_retail,2010-01-29 17:25:00,setl_496288,customer_17603
uci_496291,496291,339.3,GBP,captured,online_retail,2010-01-31 10:08:00,setl_496291,customer_16104
uci_496292,496292,185.23,GBP,captured,online_retail,2010-01-31 10:08:00,setl_496292,customer_13259
uci_496293,496293,487.77,GBP,captured,online_retail,2010-01-31 10:10:00,setl_496293,customer_14068
uci_496294,496294,227.95,GBP,captured,online_retail,2010-01-31 10:15:00,setl_496294,customer_17243
uci_496296,496296,129.75,GBP,captured,online_retail,2010-01-31 10:26:00,setl_496296,customer_13542
uci_496297,496297,319.55,GBP,captured,online_retail,2010-01-31 10:31:00,setl_496297,customer_14896
uci_496299,496299,694.5,GBP,captured,online_retail,2010-01-31 10:39:00,setl_496299,customer_16705
uci_496300,496300,151.32,GBP,captured,online_retail,2010-01-31 10:50:00,setl_496300,customer_17412
uci_496301,496301,696.45,GBP,captured,online_retail,2010-01-31 11:01:00,setl_496301,customer_16718
uci_496302,496302,125.7,GBP,captured,online_retail,2010-01-31 11:04:00,setl_496302,customer_15943
uci_496303,496303,543.93,GBP,captured,online_retail,2010-01-31 11:14:00,setl_496303,customer_16923
uci_496304,496304,508.27,GBP,captured,online_retail,2010-01-31 11:23:00,setl_496304,customer_14532
uci_496305,496305,304.47,GBP,captured,online_retail,2010-01-31 11:25:00,setl_496305,customer_14110
uci_496306,496306,310.39,GBP,captured,online_retail,2010-01-31 11:38:00,setl_496306,customer_16955
uci_496307,496307,95.9,GBP,captured,online_retail,2010-01-31 11:43:00,setl_496307,customer_17314
uci_496308,496308,973.82,GBP,captured,online_retail,2010-01-31 11:54:00,setl_496308,customer_17625
uci_496309,496309,732.2,GBP,captured,online_retail,2010-01-31 12:03:00,setl_496309,customer_13093
uci_496310,496310,110.82,GBP,captured,online_retail,2010-01-31 12:06:00,setl_496310,customer_15420
uci_496311,496311,214.95,GBP,captured,online_retail,2010-01-31 12:12:00,setl_496311,customer_13190
uci_496313,496313,225.86,GBP,captured,online_retail,2010-01-31 12:15:00,setl_496313,customer_15013
uci_496315,496315,127.06,GBP,captured,online_retail,2010-01-31 12:18:00,setl_496315,customer_12748
uci_496316,496316,579.6,GBP,captured,online_retail,2010-01-31 12:19:00,setl_496316,customer_15588
uci_496317,496317,317.62,GBP,captured,online_retail,2010-01-31 12:27:00,setl_496317,customer_17137
uci_496318,496318,82.7,GBP,captured,online_retail,2010-01-31 12:32:00,setl_496318,customer_17137
uci_496319,496319,128.0,GBP,captured,online_retail,2010-01-31 12:35:00,setl_496319,customer_15751
uci_496322,496322,416.32,GBP,captured,online_retail,2010-01-31 12:43:00,setl_496322,customer_14481
uci_496321,496321,257.71,GBP,captured,online_retail,2010-01-31 12:43:00,setl_496321,customer_16014
uci_496323,496323,115.2,GBP,captured,online_retail,2010-01-31 12:49:00,setl_496323,customer_14820
uci_496324,496324,307.8,GBP,captured,online_retail,2010-01-31 13:02:00,setl_496324,customer_15385
uci_496325,496325,320.26,GBP,captured,online_retail,2010-01-31 13:05:00,setl_496325,customer_12490
uci_496326,496326,301.7,GBP,captured,online_retail,2010-01-31 13:28:00,setl_496326,customer_12483
uci_496327,496327,229.77,GBP,captured,online_retail,2010-01-31 13:30:00,setl_496327,customer_13443
uci_496329,496329,91.14,GBP,captured,online_retail,2010-01-31 13:34:00,setl_496329,customer_13392
uci_496330,496330,302.08,GBP,captured,online_retail,2010-01-31 13:42:00,setl_496330,customer_14306
uci_496331,496331,482.67,GBP,captured,online_retail,2010-01-31 13:48:00,setl_496331,customer_13897
uci_496333,496333,283.43,GBP,captured,online_retail,2010-01-31 14:25:00,setl_496333,customer_15338
uci_496334,496334,1026.38,GBP,captured,online_retail,2010-01-31 14:37:00,setl_496334,customer_14911
uci_496335,496335,298.3,GBP,captured,online_retail,2010-01-31 14:42:00,setl_496335,customer_18212
uci_496337,496337,161.39,GBP,captured,online_retail,2010-01-31 15:26:00,setl_496337,customer_17372
uci_496338,496338,283.8,GBP,captured,online_retail,2010-01-31 15:34:00,setl_496338,customer_17230
uci_496339,496339,314.99,GBP,captured,online_retail,2010-01-31 15:40:00,setl_496339,customer_16655
uci_496340,496340,1755.74,GBP,captured,online_retail,2010-01-31 15:45:00,setl_496340,customer_12668
uci_496341,496341,1614.39,GBP,captured,online_retail,2010-01-31 15:47:00,setl_496341,customer_17107
uci_496342,496342,286.34,GBP,captured,online_retail,2010-01-31 15:49:00,setl_496342,customer_17176
uci_496343,496343,386.19,GBP,captured,online_retail,2010-01-31 15:51:00,setl_496343,customer_13478
uci_496344,496344,106.68,GBP,captured,online_retail,2010-01-31 15:52:00,setl_496344,customer_14637
uci_496345,496345,129.75,GBP,captured,online_retail,2010-01-31 15:55:00,setl_496345,customer_15317
uci_496348,496348,281.05,GBP,captured,online_retail,2010-01-31 16:02:00,setl_496348,customer_15022
uci_496349,496349,435.32,GBP,captured,online_retail,2010-02-01 08:13:00,setl_496349,customer_14739
uci_496351,496351,257.05,GBP,captured,online_retail,2010-02-01 08:35:00,setl_496351,customer_14370
uci_496354,496354,159.66,GBP,captured,online_retail,2010-02-01 09:52:00,setl_496354,customer_12810
uci_496355,496355,730.08,GBP,captured,online_retail,2010-02-01 09:55:00,setl_496355,customer_16684
uci_496356,496356,528.24,GBP,captured,online_retail,2010-02-01 10:05:00,setl_496356,customer_14047
uci_496357,496357,436.04,GBP,captured,online_retail,2010-02-01 10:10:00,setl_496357,customer_12540
uci_496359,496359,56.0,GBP,captured,online_retail,2010-02-01 10:13:00,setl_496359,customer_12540
uci_496361,496361,107.9,GBP,captured,online_retail,2010-02-01 10:20:00,setl_496361,customer_17969
uci_496363,496363,347.33,GBP,captured,online_retail,2010-02-01 11:02:00,setl_496363,customer_12800
uci_496370,496370,388.88,GBP,captured,online_retail,2010-02-01 11:20:00,setl_496370,customer_13510
uci_496373,496373,549.3,GBP,captured,online_retail,2010-02-01 11:30:00,setl_496373,customer_12711
uci_496374,496374,138.3,GBP,captured,online_retail,2010-02-01 11:37:00,setl_496374,customer_13259
uci_496381,496381,274.9,GBP,captured,online_retail,2010-02-01 11:44:00,setl_496381,customer_12647
uci_496399,496399,389.03,GBP,captured,online_retail,2010-02-01 11:55:00,setl_496399,customer_15416
uci_496400,496400,452.9,GBP,captured,online_retail,2010-02-01 11:56:00,setl_496400,customer_17365
uci_496407,496407,188.15,GBP,captured,online_retail,2010-02-01 12:01:00,setl_496407,customer_15527
uci_496412,496412,325.44,GBP,captured,online_retail,2010-02-01 12:03:00,setl_496412,customer_16087
uci_496425,496425,282.76,GBP,captured,online_retail,2010-02-01 12:10:00,setl_496425,customer_13511
uci_496426,496426,35.4,GBP,captured,online_retail,2010-02-01 12:13:00,setl_496426,customer_17888
uci_496427,496427,291.14,GBP,captured,online_retail,2010-02-01 12:13:00,setl_496427,customer_17841
uci_496428,496428,218.4,GBP,captured,online_retail,2010-02-01 12:15:00,setl_496428,customer_17949
uci_496429,496429,246.75,GBP,captured,online_retail,2010-02-01 12:18:00,setl_496429,customer_14527
uci_496430,496430,111.82,GBP,captured,online_retail,2010-02-01 12:25:00,setl_496430,customer_17362
uci_496431,496431,188.65,GBP,captured,online_retail,2010-02-01 12:30:00,setl_496431,customer_16415
uci_496434,496434,279.51,GBP,captured,online_retail,2010-02-01 12:36:00,setl_496434,customer_17884
uci_496436,496436,217.2,GBP,captured,online_retail,2010-02-01 12:40:00,setl_496436,customer_14667
uci_496438,496438,129.76,GBP,captured,online_retail,2010-02-01 12:53:00,setl_496438,customer_17884
uci_496439,496439,56.0,GBP,captured,online_retail,2010-02-01 13:16:00,setl_496439,customer_12800
uci_496440,496440,39.0,GBP,captured,online_retail,2010-02-01 13:23:00,setl_496440,customer_15512
uci_496441,496441,241.1,GBP,captured,online_retail,2010-02-01 13:25:00,setl_496441,customer_17377
uci_496442,496442,45.2,GBP,captured,online_retail,2010-02-01 13:33:00,setl_496442,customer_14821
uci_496443,496443,793.92,GBP,captured,online_retail,2010-02-01 13:45:00,setl_496443,customer_13156
uci_496444,496444,293.02,GBP,captured,online_retail,2010-02-01 13:52:00,setl_496444,customer_15311
uci_496445,496445,759.1,GBP,captured,online_retail,2010-02-01 13:59:00,setl_496445,customer_13206
uci_496446,496446,217.71,GBP,captured,online_retail,2010-02-01 14:02:00,setl_496446,customer_17211
uci_496459,496459,364.29,GBP,captured,online_retail,2010-02-01 14:30:00,setl_496459,customer_17361
uci_496460,496460,28.15,GBP,captured,online_retail,2010-02-01 14:33:00,setl_496460,customer_17361
uci_496461,496461,312.16,GBP,captured,online_retail,2010-02-01 14:37:00,setl_496461,customer_18231
uci_496462,496462,310.14,GBP,captured,online_retail,2010-02-01 14:44:00,setl_496462,customer_13628
uci_496463,496463,818.19,GBP,captured,online_retail,2010-02-01 14:52:00,setl_496463,customer_15480
uci_496464,496464,452.4,GBP,captured,online_retail,2010-02-01 15:01:00,setl_496464,customer_18064
uci_496465,496465,708.7,GBP,captured,online_retail,2010-02-01 15:10:00,setl_496465,customer_15555
uci_496466,496466,15.9,GBP,captured,online_retail,2010-02-01 15:13:00,setl_496466,customer_15555
uci_496467,496467,818.19,GBP,captured,online_retail,2010-02-01 15:17:00,setl_496467,customer_15480
uci_496469,496469,113.4,GBP,captured,online_retail,2010-02-01 15:21:00,setl_496469,customer_16353
uci_496470,496470,298.37,GBP,captured,online_retail,2010-02-01 15:23:00,setl_496470,customer_14540
uci_496471,496471,231.56,GBP,captured,online_retail,2010-02-01 15:32:00,setl_496471,customer_17905
uci_496473,496473,342.25,GBP,captured,online_retail,2010-02-01 15:38:00,setl_496473,customer_17350
uci_496474,496474,206.15,GBP,captured,online_retail,2010-02-01 15:39:00,setl_496474,customer_13173
uci_496475,496475,300.4,GBP,captured,online_retail,2010-02-01 15:40:00,setl_496475,customer_15369
uci_496476,496476,44.25,GBP,captured,online_retail,2010-02-01 15:44:00,setl_496476,customer_14821
uci_496477,496477,35.04,GBP,captured,online_retail,2010-02-01 15:58:00,setl_496477,customer_15564
uci_496480,496480,603.8,GBP,captured,online_retail,2010-02-01 16:29:00,setl_496480,customer_15803
uci_496486,496486,166.31,GBP,captured,online_retail,2010-02-01 17:05:00,setl_496486,customer_15882
uci_496488,496488,156.3,GBP,captured,online_retail,2010-02-01 17:16:00,setl_496488,customer_14606
uci_496491,496491,117.22,GBP,captured,online_retail,2010-02-01 17:21:00,setl_496491,customer_16888
uci_496493,496493,1.3,GBP,captured,online_retail,2010-02-02 08:40:00,setl_496493,customer_13584
uci_496496,496496,1.3,GBP,captured,online_retail,2010-02-02 08:44:00,setl_496496,customer_15222
uci_496500,496500,179.97,GBP,captured,online_retail,2010-02-02 08:57:00,setl_496500,customer_16830
uci_496502,496502,1023.6,GBP,captured,online_retail,2010-02-02 09:39:00,setl_496502,customer_17146
uci_496503,496503,288.95,GBP,captured,online_retail,2010-02-02 09:59:00,setl_496503,customer_13319
uci_496504,496504,337.5,GBP,captured,online_retail,2010-02-02 10:00:00,setl_496504,customer_13319
uci_496505,496505,364.5,GBP,captured,online_retail,2010-02-02 10:06:00,setl_496505,customer_13916
uci_496506,496506,352.13,GBP,captured,online_retail,2010-02-02 10:15:00,setl_496506,customer_15279
uci_496507,496507,176.1,GBP,captured,online_retail,2010-02-02 10:25:00,setl_496507,customer_18175
uci_496509,496509,141.24,GBP,captured,online_retail,2010-02-02 10:39:00,setl_496509,customer_17163
uci_496510,496510,740.43,GBP,captured,online_retail,2010-02-02 10:47:00,setl_496510,customer_14016
uci_496512,496512,420.26,GBP,captured,online_retail,2010-02-02 11:40:00,setl_496512,customer_16300
uci_496513,496513,737.22,GBP,captured,online_retail,2010-02-02 11:54:00,setl_496513,customer_13162
uci_496514,496514,361.83,GBP,captured,online_retail,2010-02-02 11:57:00,setl_496514,customer_17377
uci_496516,496516,594.75,GBP,captured,online_retail,2010-02-02 11:58:00,setl_496516,customer_14680
uci_496517,496517,550.8,GBP,captured,online_retail,2010-02-02 12:02:00,setl_496517,customer_13767
uci_496518,496518,270.06,GBP,captured,online_retail,2010-02-02 12:03:00,setl_496518,customer_13854
uci_496519,496519,304.35,GBP,captured,online_retail,2010-02-02 12:03:00,setl_496519,customer_17581
uci_496520,496520,1445.67,GBP,captured,online_retail,2010-02-02 12:17:00,setl_496520,customer_15311
uci_496528,496528,674.4,GBP,captured,online_retail,2010-02-02 12:39:00,setl_496528,customer_15061
uci_496529,496529,208.0,GBP,captured,online_retail,2010-02-02 12:45:00,setl_496529,customer_12848
uci_496530,496530,623.78,GBP,captured,online_retail,2010-02-02 12:47:00,setl_496530,customer_13538
uci_496534,496534,777.4,GBP,captured,online_retail,2010-02-02 13:00:00,setl_496534,customer_17876
uci_496551,496551,553.66,GBP,captured,online_retail,2010-02-02 13:13:00,setl_496551,customer_13975
uci_496564,496564,608.5,GBP,captured,online_retail,2010-02-02 13:33:00,setl_496564,customer_14911
uci_496577,496577,524.6,GBP,captured,online_retail,2010-02-02 13:39:00,setl_496577,customer_13078
uci_496578,496578,365.16,GBP,captured,online_retail,2010-02-02 13:42:00,setl_496578,customer_12748
uci_496579,496579,214.48,GBP,captured,online_retail,2010-02-02 13:48:00,setl_496579,customer_12748
uci_496580,496580,63.15,GBP,captured,online_retail,2010-02-02 13:49:00,setl_496580,customer_15898
uci_496581,496581,207.83,GBP,captured,online_retail,2010-02-02 13:53:00,setl_496581,customer_12748
uci_496582,496582,50.94,GBP,captured,online_retail,2010-02-02 13:56:00,setl_496582,customer_12748
uci_496584,496584,608.5,GBP,captured,online_retail,2010-02-02 14:11:00,setl_496584,customer_14911
uci_496587,496587,94.67,GBP,captured,online_retail,2010-02-02 14:22:00,setl_496587,customer_15550
uci_496588,496588,366.2,GBP,captured,online_retail,2010-02-02 14:31:00,setl_496588,customer_17675
uci_496589,496589,583.08,GBP,captured,online_retail,2010-02-02 14:34:00,setl_496589,customer_17675
uci_496590,496590,37.5,GBP,captured,online_retail,2010-02-02 14:35:00,setl_496590,customer_17675
uci_496592,496592,849.86,GBP,captured,online_retail,2010-02-02 14:51:00,setl_496592,customer_17920
uci_496595,496595,354.1,GBP,captured,online_retail,2010-02-02 15:49:00,setl_496595,customer_13042
uci_496597,496597,1399.92,GBP,captured,online_retail,2010-02-02 16:16:00,setl_496597,customer_16843
uci_496609,496609,287.26,GBP,captured,online_retail,2010-02-02 16:42:00,setl_496609,customer_17092
uci_496611,496611,1970.76,GBP,captured,online_retail,2010-02-02 18:01:00,setl_496611,customer_16067
uci_496612,496612,907.4,GBP,captured,online_retail,2010-02-03 07:31:00,setl_496612,customer_15061
uci_496613,496613,664.8,GBP,captured,online_retail,2010-02-03 08:14:00,setl_496613,customer_15270
uci_496614,496614,501.96,GBP,captured,online_retail,2010-02-03 08:15:00,setl_496614,customer_15270
uci_496616,496616,714.21,GBP,captured,online_retail,2010-02-03 09:03:00,setl_496616,customer_12682
uci_496617,496617,266.5,GBP,captured,online_retail,2010-02-03 09:06:00,setl_496617,customer_12805
uci_496618,496618,17.0,GBP,captured,online_retail,2010-02-03 09:15:00,setl_496618,customer_12510
uci_496623,496623,598.91,GBP,captured,online_retail,2010-02-03 09:43:00,setl_496623,customer_15497
uci_496624,496624,411.66,GBP,captured,online_retail,2010-02-03 09:47:00,setl_496624,customer_15321
uci_496625,496625,595.58,GBP,captured,online_retail,2010-02-03 09:56:00,setl_496625,customer_14051
uci_496626,496626,1045.45,GBP,captured,online_retail,2010-02-03 10:03:00,setl_496626,customer_13599
uci_496627,496627,87.0,GBP,captured,online_retail,2010-02-03 10:11:00,setl_496627,customer_14867
uci_496628,496628,219.41,GBP,captured,online_retail,2010-02-03 10:22:00,setl_496628,customer_16755
uci_496629,496629,20.4,GBP,captured,online_retail,2010-02-03 10:34:00,setl_496629,customer_12647
uci_496631,496631,385.2,GBP,captured,online_retail,2010-02-03 10:39:00,setl_496631,customer_14146
uci_496641,496641,328.0,GBP,captured,online_retail,2010-02-03 11:46:00,setl_496641,customer_15091
uci_496642,496642,237.9,GBP,captured,online_retail,2010-02-03 11:50:00,setl_496642,customer_15091
uci_496643,496643,1143.42,GBP,captured,online_retail,2010-02-03 11:58:00,setl_496643,customer_13408
uci_496644,496644,110.88,GBP,captured,online_retail,2010-02-03 11:58:00,setl_496644,customer_15003
uci_496651,496651,517.8,GBP,captured,online_retail,2010-02-03 12:21:00,setl_496651,customer_13553
uci_496652,496652,112.2,GBP,captured,online_retail,2010-02-03 12:30:00,setl_496652,customer_16928
uci_496662,496662,195.55,GBP,captured,online_retail,2010-02-03 12:37:00,setl_496662,customer_13757
uci_496665,496665,509.46,GBP,captured,online_retail,2010-02-03 12:38:00,setl_496665,customer_17311
uci_496675,496675,107.75,GBP,captured,online_retail,2010-02-03 12:42:00,setl_496675,customer_16840
uci_496677,496677,105.88,GBP,captured,online_retail,2010-02-03 12:46:00,setl_496677,customer_16081
uci_496690,496690,458.4,GBP,captured,online_retail,2010-02-03 13:09:00,setl_496690,customer_14399
uci_496703,496703,931.43,GBP,captured,online_retail,2010-02-03 13:22:00,setl_496703,customer_12396
uci_496704,496704,652.65,GBP,captured,online_retail,2010-02-03 13:24:00,setl_496704,customer_16709
uci_496705,496705,294.17,GBP,captured,online_retail,2010-02-03 13:29:00,setl_496705,customer_15448
uci_496706,496706,710.65,GBP,captured,online_retail,2010-02-03 13:34:00,setl_496706,customer_15874
uci_496710,496710,112.5,GBP,captured,online_retail,2010-02-03 13:52:00,setl_496710,customer_18101
uci_496725,496725,102.74,GBP,captured,online_retail,2010-02-03 14:16:00,setl_496725,customer_13619
uci_496728,496728,346.75,GBP,captured,online_retail,2010-02-03 14:23:00,setl_496728,customer_14709
uci_496730,496730,485.5,GBP,captured,online_retail,2010-02-03 14:24:00,setl_496730,customer_16834
uci_496737,496737,294.65,GBP,captured,online_retail,2010-02-03 14:26:00,setl_496737,customer_17690
uci_496745,496745,306.1,GBP,captured,online_retail,2010-02-03 14:36:00,setl_496745,customer_16722
uci_496750,496750,150.0,GBP,captured,online_retail,2010-02-03 14:51:00,setl_496750,customer_12840
uci_496768,496768,307.74,GBP,captured,online_retail,2010-02-03 15:07:00,setl_496768,customer_14327
uci_496770,496770,191.02,GBP,captured,online_retail,2010-02-03 15:19:00,setl_496770,customer_15015
uci_496771,496771,349.25,GBP,captured,online_retail,2010-02-03 15:23:00,setl_496771,customer_14545
uci_496772,496772,315.0,GBP,captured,online_retail,2010-02-03 15:34:00,setl_496772,customer_16945
uci_496773,496773,687.08,GBP,captured,online_retail,2010-02-03 15:45:00,setl_496773,customer_15023
uci_496774,496774,300.3,GBP,captured,online_retail,2010-02-03 15:52:00,setl_496774,customer_13562
uci_496775,496775,360.3,GBP,captured,online_retail,2010-02-03 15:53:00,setl_496775,customer_13562
uci_496792,496792,105.0,GBP,captured,online_retail,2010-02-03 16:46:00,setl_496792,customer_16353
uci_496802,496802,704.55,GBP,captured,online_retail,2010-02-04 08:56:00,setl_496802,customer_14038
uci_496803,496803,41.3,GBP,captured,online_retail,2010-02-04 09:20:00,setl_496803,customer_15591
uci_496816,496816,221.69,GBP,captured,online_retail,2010-02-04 09:59:00,setl_496816,customer_14497
uci_496817,496817,299.86,GBP,captured,online_retail,2010-02-04 10:06:00,setl_496817,customer_13468
uci_496818,496818,231.4,GBP,captured,online_retail,2010-02-04 10:10:00,setl_496818,customer_15732
uci_496821,496821,450.38,GBP,captured,online_retail,2010-02-04 10:37:00,setl_496821,customer_13875
uci_496822,496822,606.3,GBP,captured,online_retail,2010-02-04 10:50:00,setl_496822,customer_13107
uci_496829,496829,965.78,GBP,captured,online_retail,2010-02-04 10:56:00,setl_496829,customer_14607
uci_496850,496850,286.42,GBP,captured,online_retail,2010-02-04 11:39:00,setl_496850,customer_17406
uci_496851,496851,487.12,GBP,captured,online_retail,2010-02-04 11:40:00,setl_496851,customer_15768
uci_496862,496862,125.65,GBP,captured,online_retail,2010-02-04 12:07:00,setl_496862,customer_16891
uci_496863,496863,585.03,GBP,captured,online_retail,2010-02-04 12:08:00,setl_496863,customer_16771
uci_496864,496864,437.9,GBP,captured,online_retail,2010-02-04 12:08:00,setl_496864,customer_12373
uci_496865,496865,64.5,GBP,captured,online_retail,2010-02-04 12:18:00,setl_496865,customer_16583
uci_496866,496866,237.65,GBP,captured,online_retail,2010-02-04 12:22:00,setl_496866,customer_15046
uci_496867,496867,625.0,GBP,captured,online_retail,2010-02-04 12:26:00,setl_496867,customer_13953
uci_496868,496868,127.15,GBP,captured,online_retail,2010-02-04 12:27:00,setl_496868,customer_14590
uci_496869,496869,662.4,GBP,captured,online_retail,2010-02-04 12:41:00,setl_496869,customer_16779
uci_496870,496870,112.5,GBP,captured,online_retail,2010-02-04 13:00:00,setl_496870,customer_17281
uci_496871,496871,460.39,GBP,captured,online_retail,2010-02-04 13:18:00,setl_496871,customer_16383
uci_496872,496872,260.74,GBP,captured,online_retail,2010-02-04 13:34:00,setl_496872,customer_14648
uci_496873,496873,78.5,GBP,captured,online_retail,2010-02-04 13:38:00,setl_496873,customer_14040
uci_496876,496876,94.55,GBP,captured,online_retail,2010-02-04 13:46:00,setl_496876,customer_16412
uci_496877,496877,488.88,GBP,captured,online_retail,2010-02-04 13:47:00,setl_496877,customer_13783
uci_496881,496881,164.83,GBP,captured,online_retail,2010-02-04 13:53:00,setl_496881,customer_17841
uci_496882,496882,686.03,GBP,captured,online_retail,2010-02-04 14:13:00,setl_496882,customer_15167
uci_496900,496900,1728.58,GBP,captured,online_retail,2010-02-04 14:19:00,setl_496900,customer_17138
uci_496904,496904,389.25,GBP,captured,online_retail,2010-02-04 14:46:00,setl_496904,customer_16986
uci_496907,496907,475.3,GBP,captured,online_retail,2010-02-04 14:48:00,setl_496907,customer_16986
uci_496911,496911,311.43,GBP,captured,online_retail,2010-02-04 15:05:00,setl_496911,customer_12500
uci_496912,496912,475.3,GBP,captured,online_retail,2010-02-04 15:15:00,setl_496912,customer_16986
uci_496913,496913,399.75,GBP,captured,online_retail,2010-02-04 15:19:00,setl_496913,customer_16986
uci_496914,496914,90.0,GBP,captured,online_retail,2010-02-04 15:20:00,setl_496914,customer_12500
uci_496915,496915,701.51,GBP,captured,online_retail,2010-02-04 15:21:00,setl_496915,customer_15856
uci_496916,496916,51.0,GBP,captured,online_retail,2010-02-04 15:33:00,setl_496916,customer_12490
uci_496917,496917,327.4,GBP,captured,online_retail,2010-02-04 15:35:00,setl_496917,customer_14151
uci_496918,496918,376.95,GBP,captured,online_retail,2010-02-04 15:40:00,setl_496918,customer_16986
uci_496919,496919,475.3,GBP,captured,online_retail,2010-02-04 15:41:00,setl_496919,customer_16986
uci_496921,496921,433.55,GBP,captured,online_retail,2010-02-04 15:49:00,setl_496921,customer_14081
uci_496920,496920,220.09,GBP,captured,online_retail,2010-02-04 15:49:00,setl_496920,customer_17309
uci_496925,496925,47.65,GBP,captured,online_retail,2010-02-04 16:12:00,setl_496925,customer_14081
uci_496926,496926,461.65,GBP,captured,online_retail,2010-02-04 16:16:00,setl_496926,customer_17965
uci_496927,496927,164.95,GBP,captured,online_retail,2010-02-04 16:18:00,setl_496927,customer_17293
uci_496928,496928,152.17,GBP,captured,online_retail,2010-02-04 16:21:00,setl_496928,customer_16266
uci_496929,496929,399.72,GBP,captured,online_retail,2010-02-04 16:40:00,setl_496929,customer_16569
uci_496930,496930,311.14,GBP,captured,online_retail,2010-02-04 16:43:00,setl_496930,customer_17873
uci_496931,496931,325.12,GBP,captured,online_retail,2010-02-04 16:43:00,setl_496931,customer_15365
uci_496932,496932,390.65,GBP,captured,online_retail,2010-02-04 16:48:00,setl_496932,customer_17873
uci_496933,496933,243.65,GBP,captured,online_retail,2010-02-04 16:49:00,setl_496933,customer_13491
uci_496934,496934,105.53,GBP,captured,online_retail,2010-02-04 17:05:00,setl_496934,customer_14861
uci_496935,496935,104.7,GBP,captured,online_retail,2010-02-04 17:11:00,setl_496935,customer_17328
uci_496944,496944,129.88,GBP,captured,online_retail,2010-02-04 17:29:00,setl_496944,customer_14606
uci_496945,496945,1042.88,GBP,captured,online_retail,2010-02-04 17:38:00,setl_496945,customer_15061
uci_496946,496946,283.43,GBP,captured,online_retail,2010-02-04 17:50:00,setl_496946,customer_14307
uci_496947,496947,832.48,GBP,captured,online_retail,2010-02-04 18:16:00,setl_496947,customer_14030
uci_496948,496948,313.67,GBP,captured,online_retail,2010-02-04 18:18:00,setl_496948,customer_15810
uci_496949,496949,150.35,GBP,captured,online_retail,2010-02-04 18:39:00,setl_496949,customer_13874
uci_496959,496959,318.0,GBP,captured,online_retail,2010-02-04 19:24:00,setl_496959,customer_17949
uci_496961,496961,231.05,GBP,captured,online_retail,2010-02-04 19:34:00,setl_496961,customer_17231
uci_496962,496962,318.0,GBP,captured,online_retail,2010-02-04 19:42:00,setl_496962,customer_17949
uci_496963,496963,60.48,GBP,captured,online_retail,2010-02-04 19:44:00,setl_496963,customer_17949
uci_496972,496972,312.74,GBP,captured,online_retail,2010-02-04 19:58:00,setl_496972,customer_15031
uci_496973,496973,269.37,GBP,captured,online_retail,2010-02-05 08:43:00,setl_496973,customer_18267
uci_496974,496974,1138.84,GBP,captured,online_retail,2010-02-05 08:53:00,setl_496974,customer_14298
uci_496975,496975,228.58,GBP,captured,online_retail,2010-02-05 09:14:00,setl_496975,customer_12712
uci_496976,496976,124.45,GBP,captured,online_retail,2010-02-05 09:28:00,setl_496976,customer_12500
uci_496977,496977,532.93,GBP,captured,online_retail,2010-02-05 09:49:00,setl_496977,customer_13823
uci_496978,496978,372.15,GBP,captured,online_retail,2010-02-05 09:53:00,setl_496978,customer_15326
uci_496980,496980,300.5,GBP,captured,online_retail,2010-02-05 10:32:00,setl_496980,customer_17157
uci_496981,496981,247.2,GBP,captured,online_retail,2010-02-05 10:35:00,setl_496981,customer_15482
uci_496982,496982,97.95,GBP,captured,online_retail,2010-02-05 10:51:00,setl_496982,customer_17969
uci_496987,496987,497.16,GBP,captured,online_retail,2010-02-05 11:21:00,setl_496987,customer_14607
uci_496990,496990,1328.77,GBP,captured,online_retail,2010-02-05 11:22:00,setl_496990,customer_14607
uci_496994,496994,1653.76,GBP,captured,online_retail,2010-02-05 11:32:00,setl_496994,customer_13694
uci_496996,496996,315.6,GBP,captured,online_retail,2010-02-05 11:37:00,setl_496996,customer_18087
uci_497000,497000,118.1,GBP,captured,online_retail,2010-02-05 11:41:00,setl_497000,customer_13234
uci_497002,497002,413.0,GBP,captured,online_retail,2010-02-05 11:57:00,setl_497002,customer_12853
uci_497004,497004,376.0,GBP,captured,online_retail,2010-02-05 12:04:00,setl_497004,customer_15291
uci_497005,497005,234.0,GBP,captured,online_retail,2010-02-05 12:22:00,setl_497005,customer_13009
uci_497006,497006,674.64,GBP,captured,online_retail,2010-02-05 12:26:00,setl_497006,customer_16147
uci_497007,497007,130.75,GBP,captured,online_retail,2010-02-05 12:30:00,setl_497007,customer_15465
uci_497025,497025,125.27,GBP,captured,online_retail,2010-02-05 13:14:00,setl_497025,customer_15311
uci_497027,497027,982.26,GBP,captured,online_retail,2010-02-05 13:17:00,setl_497027,customer_13658
uci_497029,497029,354.87,GBP,captured,online_retail,2010-02-05 13:35:00,setl_497029,customer_13141
uci_497030,497030,458.42,GBP,captured,online_retail,2010-02-05 13:37:00,setl_497030,customer_18102
uci_497031,497031,113.38,GBP,captured,online_retail,2010-02-05 13:38:00,setl_497031,customer_12835
uci_497033,497033,302.46,GBP,captured,online_retail,2010-02-05 13:57:00,setl_497033,customer_18170
uci_497035,497035,573.81,GBP,captured,online_retail,2010-02-05 14:14:00,setl_497035,customer_16704
uci_497036,497036,258.7,GBP,captured,online_retail,2010-02-05 14:18:00,setl_497036,customer_15738
uci_497039,497039,102.84,GBP,captured,online_retail,2010-02-05 14:34:00,setl_497039,customer_13758
uci_497043,497043,466.19,GBP,captured,online_retail,2010-02-05 14:42:00,setl_497043,customer_15784
uci_497056,497056,387.02,GBP,captured,online_retail,2010-02-05 14:47:00,setl_497056,customer_14682
uci_497073,497073,88.98,GBP,captured,online_retail,2010-02-05 14:52:00,setl_497073,customer_16168
uci_497084,497084,176.66,GBP,captured,online_retail,2010-02-05 14:57:00,setl_497084,customer_18168
uci_497100,497100,33.66,GBP,captured,online_retail,2010-02-05 15:04:00,setl_497100,customer_14298
uci_497106,497106,37.07,GBP,captured,online_retail,2010-02-05 15:16:00,setl_497106,customer_17961
uci_497124,497124,661.34,GBP,captured,online_retail,2010-02-05 15:24:00,setl_497124,customer_13564
uci_497152,497152,109.0,GBP,captured,online_retail,2010-02-05 16:01:00,setl_497152,customer_15660
uci_497157,497157,5206.5,GBP,captured,online_retail,2010-02-05 16:25:00,setl_497157,customer_18102
uci_497163,497163,15.0,GBP,captured,online_retail,2010-02-05 16:45:00,setl_497163,customer_16550
uci_497195,497195,54.3,GBP,captured,online_retail,2010-02-07 10:53:00,setl_497195,customer_13700
uci_497196,497196,301.25,GBP,captured,online_retail,2010-02-07 11:16:00,setl_497196,customer_15712
uci_497197,497197,368.27,GBP,captured,online_retail,2010-02-07 11:17:00,setl_497197,customer_16714
uci_497198,497198,99.69,GBP,captured,online_retail,2010-02-07 11:21:00,setl_497198,customer_15580
uci_497200,497200,110.27,GBP,captured,online_retail,2010-02-07 11:29:00,setl_497200,customer_13984
uci_497201,497201,987.64,GBP,captured,online_retail,2010-02-07 11:37:00,setl_497201,customer_12681
uci_497202,497202,212.78,GBP,captured,online_retail,2010-02-07 11:38:00,setl_497202,customer_15059
uci_497203,497203,484.91,GBP,captured,online_retail,2010-02-07 11:48:00,setl_497203,customer_14546
uci_497204,497204,298.99,GBP,captured,online_retail,2010-02-07 11:52:00,setl_497204,customer_15422
uci_497205,497205,268.1,GBP,captured,online_retail,2010-02-07 11:57:00,setl_497205,customer_17841
uci_497207,497207,197.96,GBP,captured,online_retail,2010-02-07 12:15:00,setl_497207,customer_14454
uci_497208,497208,357.04,GBP,captured,online_retail,2010-02-07 12:16:00,setl_497208,customer_15584
uci_497209,497209,418.65,GBP,captured,online_retail,2010-02-07 12:40:00,setl_497209,customer_16788
uci_497211,497211,181.6,GBP,captured,online_retail,2010-02-07 12:41:00,setl_497211,customer_16225
uci_497210,497210,191.7,GBP,captured,online_retail,2010-02-07 12:41:00,setl_497210,customer_12402
uci_497212,497212,309.7,GBP,captured,online_retail,2010-02-07 13:30:00,setl_497212,customer_18051
uci_497213,497213,349.31,GBP,captured,online_retail,2010-02-07 14:07:00,setl_497213,customer_14735
uci_497214,497214,129.7,GBP,captured,online_retail,2010-02-07 14:10:00,setl_497214,customer_14562
uci_497215,497215,310.44,GBP,captured,online_retail,2010-02-07 14:11:00,setl_497215,customer_13648
uci_497218,497218,196.2,GBP,captured,online_retail,2010-02-07 14:27:00,setl_497218,customer_12644
uci_497216,497216,407.91,GBP,captured,online_retail,2010-02-07 14:27:00,setl_497216,customer_14685
uci_497217,497217,7497.64,GBP,captured,online_retail,2010-02-07 14:27:00,setl_497217,customer_14156
uci_497219,497219,388.8,GBP,captured,online_retail,2010-02-07 14:39:00,setl_497219,customer_16656
uci_497221,497221,301.56,GBP,captured,online_retail,2010-02-07 15:07:00,setl_497221,customer_17550
uci_497222,497222,106.75,GBP,captured,online_retail,2010-02-07 15:16:00,setl_497222,customer_16082
uci_497223,497223,261.0,GBP,captured,online_retail,2010-02-07 15:26:00,setl_497223,customer_16212
uci_497225,497225,304.32,GBP,captured,online_retail,2010-02-07 15:49:00,setl_497225,customer_16422
uci_497226,497226,288.5,GBP,captured,online_retail,2010-02-07 15:56:00,setl_497226,customer_13394
uci_497227,497227,1690.32,GBP,captured,online_retail,2010-02-07 15:57:00,setl_497227,customer_13798
uci_497228,497228,341.78,GBP,captured,online_retail,2010-02-08 09:06:00,setl_497228,customer_13004
uci_497229,497229,312.59,GBP,captured,online_retail,2010-02-08 09:16:00,setl_497229,customer_17342
uci_497230,497230,328.75,GBP,captured,online_retail,2010-02-08 09:22:00,setl_497230,customer_17504
uci_497233,497233,438.03,GBP,captured,online_retail,2010-02-08 09:38:00,setl_497233,customer_14227
uci_497234,497234,344.18,GBP,captured,online_retail,2010-02-08 10:09:00,setl_497234,customer_17230
uci_497235,497235,426.87,GBP,captured,online_retail,2010-02-08 10:11:00,setl_497235,customer_18223
uci_497236,497236,147.0,GBP,captured,online_retail,2010-02-08 10:17:00,setl_497236,customer_18061
uci_497237,497237,216.95,GBP,captured,online_retail,2010-02-08 10:27:00,setl_497237,customer_13497
uci_497238,497238,748.98,GBP,captured,online_retail,2010-02-08 10:34:00,setl_497238,customer_12472
uci_497240,497240,217.8,GBP,captured,online_retail,2010-02-08 11:06:00,setl_497240,customer_16161
uci_497242,497242,163.8,GBP,captured,online_retail,2010-02-08 11:33:00,setl_497242,customer_16351
uci_497244,497244,2.95,GBP,captured,online_retail,2010-02-08 11:42:00,setl_497244,customer_15015
uci_497247,497247,113.0,GBP,captured,online_retail,2010-02-08 11:54:00,setl_497247,customer_15015
uci_497249,497249,183.55,GBP,captured,online_retail,2010-02-08 11:58:00,setl_497249,customer_14560
uci_497250,497250,129.96,GBP,captured,online_retail,2010-02-08 12:03:00,setl_497250,customer_14590
uci_497251,497251,611.54,GBP,captured,online_retail,2010-02-08 12:08:00,setl_497251,customer_13870
uci_497252,497252,404.91,GBP,captured,online_retail,2010-02-08 12:18:00,setl_497252,customer_15601
uci_497253,497253,297.64,GBP,captured,online_retail,2010-02-08 12:24:00,setl_497253,customer_14527
uci_497254,497254,166.9,GBP,captured,online_retail,2010-02-08 12:32:00,setl_497254,customer_16246
uci_497256,497256,604.1,GBP,captured,online_retail,2010-02-08 12:39:00,setl_497256,customer_13417
uci_497257,497257,307.85,GBP,captured,online_retail,2010-02-08 12:42:00,setl_497257,customer_13304
uci_497258,497258,202.45,GBP,captured,online_retail,2010-02-08 12:52:00,setl_497258,customer_13834
uci_497259,497259,120.6,GBP,captured,online_retail,2010-02-08 12:56:00,setl_497259,customer_14884
uci_497261,497261,154.38,GBP,captured,online_retail,2010-02-08 13:11:00,setl_497261,customer_16710
uci_497263,497263,85.68,GBP,captured,online_retail,2010-02-08 13:19:00,setl_497263,customer_17965
uci_497264,497264,115.03,GBP,captured,online_retail,2010-02-08 13:24:00,setl_497264,customer_15967
uci_497265,497265,314.1,GBP,captured,online_retail,2010-02-08 13:28:00,setl_497265,customer_18070
uci_497266,497266,150.03,GBP,captured,online_retail,2010-02-08 13:28:00,setl_497266,customer_15867
uci_497267,497267,283.79,GBP,captured,online_retail,2010-02-08 13:29:00,setl_497267,customer_16078
uci_497269,497269,135.4,GBP,captured,online_retail,2010-02-08 13:38:00,setl_497269,customer_15339
uci_497272,497272,327.33,GBP,captured,online_retail,2010-02-08 13:50:00,setl_497272,customer_17160
uci_497274,497274,311.75,GBP,captured,online_retail,2010-02-08 13:56:00,setl_497274,customer_16781
uci_497284,497284,334.18,GBP,captured,online_retail,2010-02-08 14:00:00,setl_497284,customer_17514
uci_497312,497312,399.59,GBP,captured,online_retail,2010-02-08 14:21:00,setl_497312,customer_17294
uci_497334,497334,99.9,GBP,captured,online_retail,2010-02-08 14:39:00,setl_497334,customer_17647
uci_497335,497335,98.7,GBP,captured,online_retail,2010-02-08 14:40:00,setl_497335,customer_17647
uci_497336,497336,558.9,GBP,captured,online_retail,2010-02-08 14:41:00,setl_497336,customer_12524
uci_497337,497337,365.1,GBP,captured,online_retail,2010-02-08 14:53:00,setl_497337,customer_14911
uci_497339,497339,365.1,GBP,captured,online_retail,2010-02-08 15:08:00,setl_497339,customer_14911
uci_497340,497340,168.8,GBP,captured,online_retail,2010-02-08 15:11:00,setl_497340,customer_12665
uci_497341,497341,419.6,GBP,captured,online_retail,2010-02-08 15:30:00,setl_497341,customer_13819
uci_497342,497342,142.9,GBP,captured,online_retail,2010-02-08 15:36:00,setl_497342,customer_15311
uci_497345,497345,29.1,GBP,captured,online_retail,2010-02-08 15:47:00,setl_497345,customer_17319
uci_497346,497346,259.15,GBP,captured,online_retail,2010-02-08 15:48:00,setl_497346,customer_16551
uci_497347,497347,546.15,GBP,captured,online_retail,2010-02-08 16:06:00,setl_497347,customer_17774
uci_497348,497348,197.7,GBP,captured,online_retail,2010-02-08 16:11:00,setl_497348,customer_13965
uci_497349,497349,68.2,GBP,captured,online_retail,2010-02-08 16:12:00,setl_497349,customer_17294
uci_497351,497351,128.2,GBP,captured,online_retail,2010-02-08 16:23:00,setl_497351,customer_15892
uci_497358,497358,156.62,GBP,captured,online_retail,2010-02-08 17:25:00,setl_497358,customer_14606
uci_497359,497359,134.9,GBP,captured,online_retail,2010-02-09 08:38:00,setl_497359,customer_13119
uci_497360,497360,1885.61,GBP,captured,online_retail,2010-02-09 09:17:00,setl_497360,customer_12437
uci_497362,497362,1701.66,GBP,captured,online_retail,2010-02-09 09:19:00,setl_497362,customer_14160
uci_497363,497363,562.96,GBP,captured,online_retail,2010-02-09 09:41:00,setl_497363,customer_12370
uci_497364,497364,651.41,GBP,captured,online_retail,2010-02-09 09:47:00,setl_497364,customer_13131
uci_497365,497365,53.28,GBP,captured,online_retail,2010-02-09 09:48:00,setl_497365,customer_14609
uci_497366,497366,157.2,GBP,captured,online_retail,2010-02-09 09:53:00,setl_497366,customer_18268
uci_497367,497367,279.5,GBP,captured,online_retail,2010-02-09 10:03:00,setl_497367,customer_17742
uci_497368,497368,112.4,GBP,captured,online_retail,2010-02-09 10:10:00,setl_497368,customer_17577
uci_497369,497369,668.15,GBP,captured,online_retail,2010-02-09 10:18:00,setl_497369,customer_16746
uci_497370,497370,93.35,GBP,captured,online_retail,2010-02-09 10:23:00,setl_497370,customer_15082
uci_497371,497371,368.15,GBP,captured,online_retail,2010-02-09 10:24:00,setl_497371,customer_12471
uci_497372,497372,64.14,GBP,captured,online_retail,2010-02-09 10:47:00,setl_497372,customer_17810
uci_497373,497373,119.85,GBP,captured,online_retail,2010-02-09 10:48:00,setl_497373,customer_16748
uci_497374,497374,373.65,GBP,captured,online_retail,2010-02-09 10:49:00,setl_497374,customer_12645
uci_497376,497376,324.3,GBP,captured,online_retail,2010-02-09 11:11:00,setl_497376,customer_12683
uci_497377,497377,534.26,GBP,captured,online_retail,2010-02-09 11:37:00,setl_497377,customer_12490
uci_497378,497378,742.38,GBP,captured,online_retail,2010-02-09 11:39:00,setl_497378,customer_13089
uci_497379,497379,124.78,GBP,captured,online_retail,2010-02-09 11:40:00,setl_497379,customer_15039
uci_497380,497380,548.9,GBP,captured,online_retail,2010-02-09 11:46:00,setl_497380,customer_17083
uci_497382,497382,632.02,GBP,captured,online_retail,2010-02-09 11:50:00,setl_497382,customer_14680
uci_497383,497383,274.44,GBP,captured,online_retail,2010-02-09 12:01:00,setl_497383,customer_12621
uci_497384,497384,892.72,GBP,captured,online_retail,2010-02-09 12:03:00,setl_497384,customer_12647
uci_497385,497385,236.6,GBP,captured,online_retail,2010-02-09 12:05:00,setl_497385,customer_13293
uci_497386,497386,142.33,GBP,captured,online_retail,2010-02-09 12:09:00,setl_497386,customer_15953
uci_497387,497387,209.1,GBP,captured,online_retail,2010-02-09 12:16:00,setl_497387,customer_16344
uci_497388,497388,103.52,GBP,captured,online_retail,2010-02-09 12:23:00,setl_497388,customer_15003
uci_497389,497389,54.75,GBP,captured,online_retail,2010-02-09 12:30:00,setl_497389,customer_15359
uci_497390,497390,373.1,GBP,captured,online_retail,2010-02-09 12:37:00,setl_497390,customer_17731
uci_497391,497391,405.4,GBP,captured,online_retail,2010-02-09 12:38:00,setl_497391,customer_12523
uci_497392,497392,213.05,GBP,captured,online_retail,2010-02-09 12:52:00,setl_497392,customer_13993
uci_497393,497393,275.41,GBP,captured,online_retail,2010-02-09 13:08:00,setl_497393,customer_13976
uci_497394,497394,242.94,GBP,captured,online_retail,2010-02-09 13:08:00,setl_497394,customer_12681
uci_497395,497395,179.68,GBP,captured,online_retail,2010-02-09 13:10:00,setl_497395,customer_18231
uci_497396,497396,117.0,GBP,captured,online_retail,2010-02-09 13:12:00,setl_497396,customer_13242
uci_497397,497397,154.91,GBP,captured,online_retail,2010-02-09 13:18:00,setl_497397,customer_17631
uci_497398,497398,136.89,GBP,captured,online_retail,2010-02-09 13:19:00,setl_497398,customer_16436
uci_497399,497399,250.95,GBP,captured,online_retail,2010-02-09 13:20:00,setl_497399,customer_16103
uci_497400,497400,224.38,GBP,captured,online_retail,2010-02-09 13:26:00,setl_497400,customer_16419
uci_497401,497401,224.35,GBP,captured,online_retail,2010-02-09 13:56:00,setl_497401,customer_13985
uci_497402,497402,1460.7,GBP,captured,online_retail,2010-02-09 14:17:00,setl_497402,customer_16873
uci_497403,497403,548.17,GBP,captured,online_retail,2010-02-09 14:25:00,setl_497403,customer_14422
uci_497405,497405,187.95,GBP,captured,online_retail,2010-02-09 14:28:00,setl_497405,customer_14735
uci_497404,497404,153.75,GBP,captured,online_retail,2010-02-09 14:28:00,setl_497404,customer_12663
uci_497433,497433,105.0,GBP,captured,online_retail,2010-02-09 15:10:00,setl_497433,customer_16353
uci_497473,497473,445.68,GBP,captured,online_retail,2010-02-09 15:27:00,setl_497473,customer_13156
uci_497475,497475,48.35,GBP,captured,online_retail,2010-02-09 15:30:00,setl_497475,customer_16530
uci_497485,497485,66.06,GBP,captured,online_retail,2010-02-09 15:45:00,setl_497485,customer_14460
uci_497486,497486,291.86,GBP,captured,online_retail,2010-02-09 15:48:00,setl_497486,customer_16841
uci_497488,497488,27.25,GBP,captured,online_retail,2010-02-09 16:01:00,setl_497488,customer_13700
uci_497489,497489,266.84,GBP,captured,online_retail,2010-02-09 16:18:00,setl_497489,customer_17841
uci_497494,497494,448.05,GBP,captured,online_retail,2010-02-10 08:44:00,setl_497494,customer_13092
uci_497495,497495,424.72,GBP,captured,online_retail,2010-02-10 08:46:00,setl_497495,customer_12932
uci_497496,497496,87.4,GBP,captured,online_retail,2010-02-10 09:07:00,setl_497496,customer_12483
uci_497497,497497,301.2,GBP,captured,online_retail,2010-02-10 09:38:00,setl_497497,customer_18058
uci_497498,497498,332.4,GBP,captured,online_retail,2010-02-10 09:41:00,setl_497498,customer_13777
uci_497499,497499,988.04,GBP,captured,online_retail,2010-02-10 10:36:00,setl_497499,customer_15176
uci_497500,497500,192.42,GBP,captured,online_retail,2010-02-10 10:39:00,setl_497500,customer_13767
uci_497501,497501,124.77,GBP,captured,online_retail,2010-02-10 11:14:00,setl_497501,customer_14606
uci_497504,497504,215.15,GBP,captured,online_retail,2010-02-10 11:21:00,setl_497504,customer_14593
uci_497506,497506,151.55,GBP,captured,online_retail,2010-02-10 11:26:00,setl_497506,customer_14593
uci_497508,497508,85.5,GBP,captured,online_retail,2010-02-10 11:46:00,setl_497508,customer_16768
uci_497509,497509,275.8,GBP,captured,online_retail,2010-02-10 11:52:00,setl_497509,customer_13164
uci_497510,497510,55.5,GBP,captured,online_retail,2010-02-10 12:11:00,setl_497510,customer_12776
uci_497511,497511,101.4,GBP,captured,online_retail,2010-02-10 12:22:00,setl_497511,customer_16742
uci_497512,497512,480.82,GBP,captured,online_retail,2010-02-10 12:26:00,setl_497512,customer_17201
uci_497517,497517,283.98,GBP,captured,online_retail,2010-02-10 13:04:00,setl_497517,customer_13813
uci_497518,497518,199.04,GBP,captured,online_retail,2010-02-10 13:18:00,setl_497518,customer_15312
uci_497519,497519,195.4,GBP,captured,online_retail,2010-02-10 13:32:00,setl_497519,customer_15311
uci_497521,497521,143.01,GBP,captured,online_retail,2010-02-10 13:39:00,setl_497521,customer_17780
uci_497522,497522,50.8,GBP,captured,online_retail,2010-02-10 13:43:00,setl_497522,customer_17780
uci_497523,497523,171.7,GBP,captured,online_retail,2010-02-10 13:48:00,setl_497523,customer_17575
uci_497525,497525,103.77,GBP,captured,online_retail,2010-02-10 14:03:00,setl_497525,customer_13442
uci_497572,497572,89.32,GBP,captured,online_retail,2010-02-10 14:28:00,setl_497572,customer_12747
uci_497574,497574,297.66,GBP,captured,online_retail,2010-02-10 14:36:00,setl_497574,customer_14739
uci_497583,497583,190.1,GBP,captured,online_retail,2010-02-10 14:51:00,setl_497583,customer_12951
uci_497588,497588,132.94,GBP,captured,online_retail,2010-02-10 17:16:00,setl_497588,customer_17377
uci_497589,497589,0.95,GBP,captured,online_retail,2010-02-10 17:19:00,setl_497589,customer_17377
uci_497592,497592,1402.43,GBP,captured,online_retail,2010-02-11 08:51:00,setl_497592,customer_17139
uci_497594,497594,477.68,GBP,captured,online_retail,2010-02-11 09:41:00,setl_497594,customer_13520
uci_497593,497593,158.7,GBP,captured,online_retail,2010-02-11 09:41:00,setl_497593,customer_12474
uci_497596,497596,380.0,GBP,captured,online_retail,2010-02-11 09:45:00,setl_497596,customer_16577
uci_497597,497597,310.29,GBP,captured,online_retail,2010-02-11 09:59:00,setl_497597,customer_15628
uci_497600,497600,202.57,GBP,captured,online_retail,2010-02-11 10:01:00,setl_497600,customer_17085
uci_497601,497601,225.6,GBP,captured,online_retail,2010-02-11 10:13:00,setl_497601,customer_12670
uci_497602,497602,370.63,GBP,captured,online_retail,2010-02-11 10:25:00,setl_497602,customer_15765
uci_497603,497603,522.28,GBP,captured,online_retail,2010-02-11 10:30:00,setl_497603,customer_12567
uci_497604,497604,213.4,GBP,captured,online_retail,2010-02-11 10:49:00,setl_497604,customer_17696
uci_497605,497605,6.35,GBP,captured,online_retail,2010-02-11 11:24:00,setl_497605,customer_17961
uci_497606,497606,351.99,GBP,captured,online_retail,2010-02-11 11:28:00,setl_497606,customer_12682
uci_497607,497607,6.35,GBP,captured,online_retail,2010-02-11 11:39:00,setl_497607,customer_17961
uci_497608,497608,236.61,GBP,captured,online_retail,2010-02-11 11:42:00,setl_497608,customer_13468
uci_497609,497609,117.8,GBP,captured,online_retail,2010-02-11 11:44:00,setl_497609,customer_14115
uci_497610,497610,6.35,GBP,captured,online_retail,2010-02-11 11:45:00,setl_497610,customer_17961
uci_497612,497612,131.78,GBP,captured,online_retail,2010-02-11 11:53:00,setl_497612,customer_12523
uci_497615,497615,286.55,GBP,captured,online_retail,2010-02-11 11:59:00,setl_497615,customer_14527
uci_497618,497618,374.2,GBP,captured,online_retail,2010-02-11 12:18:00,setl_497618,customer_15044
uci_497619,497619,276.15,GBP,captured,online_retail,2010-02-11 12:22:00,setl_497619,customer_14451
uci_497620,497620,67.34,GBP,captured,online_retail,2010-02-11 12:23:00,setl_497620,customer_12835
uci_497622,497622,534.96,GBP,captured,online_retail,2010-02-11 12:24:00,setl_497622,customer_16525
uci_497623,497623,390.85,GBP,captured,online_retail,2010-02-11 12:31:00,setl_497623,customer_14072
uci_497624,497624,114.88,GBP,captured,online_retail,2010-02-11 12:36:00,setl_497624,customer_16992
uci_497625,497625,311.87,GBP,captured,online_retail,2010-02-11 12:47:00,setl_497625,customer_15738
uci_497628,497628,236.07,GBP,captured,online_retail,2010-02-11 13:03:00,setl_497628,customer_15005
uci_497629,497629,307.25,GBP,captured,online_retail,2010-02-11 13:07:00,setl_497629,customer_14301
uci_497630,497630,268.14,GBP,captured,online_retail,2010-02-11 13:10:00,setl_497630,customer_17243
uci_497632,497632,416.2,GBP,captured,online_retail,2010-02-11 13:41:00,setl_497632,customer_16918
uci_497636,497636,636.9,GBP,captured,online_retail,2010-02-11 13:44:00,setl_497636,customer_17685
uci_497644,497644,245.49,GBP,captured,online_retail,2010-02-11 13:47:00,setl_497644,customer_16125
uci_497652,497652,41.3,GBP,captured,online_retail,2010-02-11 13:51:00,setl_497652,customer_16918
uci_497662,497662,190.7,GBP,captured,online_retail,2010-02-11 13:55:00,setl_497662,customer_12677
uci_497670,497670,15.0,GBP,captured,online_retail,2010-02-11 14:04:00,setl_497670,customer_15874
uci_497677,497677,306.0,GBP,captured,online_retail,2010-02-11 14:17:00,setl_497677,customer_13696
uci_497678,497678,79.9,GBP,captured,online_retail,2010-02-11 14:27:00,setl_497678,customer_14190
uci_497680,497680,280.51,GBP,captured,online_retail,2010-02-11 14:48:00,setl_497680,customer_15244
uci_497681,497681,365.76,GBP,captured,online_retail,2010-02-11 14:59:00,setl_497681,customer_13288
uci_497682,497682,152.4,GBP,captured,online_retail,2010-02-11 15:01:00,setl_497682,customer_13551
uci_497683,497683,324.82,GBP,captured,online_retail,2010-02-11 15:02:00,setl_497683,customer_16839
uci_497684,497684,193.71,GBP,captured,online_retail,2010-02-11 15:02:00,setl_497684,customer_14401
uci_497690,497690,334.7,GBP,captured,online_retail,2010-02-11 15:25:00,setl_497690,customer_15291
uci_497691,497691,582.35,GBP,captured,online_retail,2010-02-11 15:29:00,setl_497691,customer_14040
uci_497692,497692,401.94,GBP,captured,online_retail,2010-02-11 15:32:00,setl_497692,customer_15807
uci_497696,497696,220.99,GBP,captured,online_retail,2010-02-11 16:16:00,setl_497696,customer_18041
uci_497706,497706,402.75,GBP,captured,online_retail,2010-02-11 16:27:00,setl_497706,customer_16978
uci_497711,497711,21.8,GBP,captured,online_retail,2010-02-11 16:33:00,setl_497711,customer_16978
uci_497715,497715,102.0,GBP,captured,online_retail,2010-02-11 17:33:00,setl_497715,customer_15061
uci_497716,497716,660.0,GBP,captured,online_retail,2010-02-11 17:34:00,setl_497716,customer_13629
uci_497732,497732,179.37,GBP,captured,online_retail,2010-02-11 18:36:00,setl_497732,customer_13291
uci_497733,497733,63.5,GBP,captured,online_retail,2010-02-11 18:43:00,setl_497733,customer_13199
uci_497734,497734,15.0,GBP,captured,online_retail,2010-02-11 18:45:00,setl_497734,customer_13199
uci_497735,497735,471.84,GBP,captured,online_retail,2010-02-11 18:46:00,setl_497735,customer_16553
uci_497736,497736,102.0,GBP,captured,online_retail,2010-02-11 18:48:00,setl_497736,customer_16553
uci_497738,497738,175.96,GBP,captured,online_retail,2010-02-12 10:14:00,setl_497738,customer_17675
uci_497739,497739,204.49,GBP,captured,online_retail,2010-02-12 10:21:00,setl_497739,customer_14606
uci_497740,497740,738.86,GBP,captured,online_retail,2010-02-12 10:26:00,setl_497740,customer_13815
uci_497741,497741,304.3,GBP,captured,online_retail,2010-02-12 10:29:00,setl_497741,customer_15755
uci_497742,497742,484.44,GBP,captured,online_retail,2010-02-12 10:45:00,setl_497742,customer_16029
uci_497743,497743,150.39,GBP,captured,online_retail,2010-02-12 11:07:00,setl_497743,customer_16895
uci_497786,497786,310.7,GBP,captured,online_retail,2010-02-12 11:50:00,setl_497786,customer_16858
uci_497787,497787,247.5,GBP,captured,online_retail,2010-02-12 11:54:00,setl_497787,customer_15293
uci_497788,497788,329.23,GBP,captured,online_retail,2010-02-12 12:04:00,setl_497788,customer_18065
uci_497791,497791,393.74,GBP,captured,online_retail,2010-02-12 12:21:00,setl_497791,customer_16713
uci_497794,497794,147.71,GBP,captured,online_retail,2010-02-12 12:34:00,setl_497794,customer_15504
uci_497795,497795,935.83,GBP,captured,online_retail,2010-02-12 12:51:00,setl_497795,customer_16954
uci_497796,497796,407.15,GBP,captured,online_retail,2010-02-12 12:59:00,setl_497796,customer_15633
uci_497798,497798,493.66,GBP,captured,online_retail,2010-02-12 13:22:00,setl_497798,customer_12695
uci_497799,497799,216.6,GBP,captured,online_retail,2010-02-12 13:27:00,setl_497799,customer_13223
uci_497802,497802,576.0,GBP,captured,online_retail,2010-02-12 13:52:00,setl_497802,customer_13027
uci_497807,497807,399.3,GBP,captured,online_retail,2010-02-12 14:00:00,setl_497807,customer_12971
uci_497808,497808,425.63,GBP,captured,online_retail,2010-02-12 14:31:00,setl_497808,customer_17226
uci_497809,497809,404.55,GBP,captured,online_retail,2010-02-12 14:34:00,setl_497809,customer_17547
uci_497812,497812,682.79,GBP,captured,online_retail,2010-02-12 14:46:00,setl_497812,customer_14415
uci_497816,497816,136.92,GBP,captured,online_retail,2010-02-12 14:53:00,setl_497816,customer_15278
uci_497817,497817,120.8,GBP,captured,online_retail,2010-02-12 14:54:00,setl_497817,customer_15278
uci_497839,497839,236.46,GBP,captured,online_retail,2010-02-12 15:24:00,setl_497839,customer_17954
uci_497840,497840,334.5,GBP,captured,online_retail,2010-02-12 15:27:00,setl_497840,customer_15288
uci_497842,497842,377.62,GBP,captured,online_retail,2010-02-12 15:46:00,setl_497842,customer_12976
uci_497844,497844,283.85,GBP,captured,online_retail,2010-02-12 15:51:00,setl_497844,customer_17258
uci_497846,497846,25.0,GBP,captured,online_retail,2010-02-12 16:27:00,setl_497846,customer_17955
uci_497874,497874,198.18,GBP,captured,online_retail,2010-02-12 17:16:00,setl_497874,customer_15527
uci_497875,497875,271.0,GBP,captured,online_retail,2010-02-14 10:19:00,setl_497875,customer_17029
uci_497876,497876,304.65,GBP,captured,online_retail,2010-02-14 11:04:00,setl_497876,customer_13050
uci_497879,497879,662.25,GBP,captured,online_retail,2010-02-14 11:15:00,setl_497879,customer_12422
uci_497880,497880,254.92,GBP,captured,online_retail,2010-02-14 11:23:00,setl_497880,customer_16560
uci_497881,497881,432.24,GBP,captured,online_retail,2010-02-14 11:24:00,setl_497881,customer_15372
uci_497882,497882,100.0,GBP,captured,online_retail,2010-02-14 11:42:00,setl_497882,customer_12748
uci_497883,497883,541.19,GBP,captured,online_retail,2010-02-14 11:52:00,setl_497883,customer_13446
uci_497884,497884,687.4,GBP,captured,online_retail,2010-02-14 11:57:00,setl_497884,customer_16608
uci_497885,497885,736.44,GBP,captured,online_retail,2010-02-14 12:06:00,setl_497885,customer_15093
uci_497887,497887,184.34,GBP,captured,online_retail,2010-02-14 12:09:00,setl_497887,customer_14341
uci_497888,497888,130.5,GBP,captured,online_retail,2010-02-14 12:11:00,setl_497888,customer_14341
uci_497889,497889,345.21,GBP,captured,online_retail,2010-02-14 12:15:00,setl_497889,customer_17230
uci_497891,497891,336.27,GBP,captured,online_retail,2010-02-14 12:22:00,setl_497891,customer_15561
uci_497892,497892,174.49,GBP,captured,online_retail,2010-02-14 12:22:00,setl_497892,customer_13542
uci_497890,497890,174.95,GBP,captured,online_retail,2010-02-14 12:22:00,setl_497890,customer_17108
uci_497893,497893,148.9,GBP,captured,online_retail,2010-02-14 12:28:00,setl_497893,customer_15965
uci_497894,497894,762.69,GBP,captured,online_retail,2010-02-14 12:36:00,setl_497894,customer_15425
uci_497895,497895,237.6,GBP,captured,online_retail,2010-02-14 12:37:00,setl_497895,customer_12989
uci_497896,497896,261.6,GBP,captured,online_retail,2010-02-14 12:37:00,setl_497896,customer_12989
uci_497897,497897,545.9,GBP,captured,online_retail,2010-02-14 12:38:00,setl_497897,customer_15538
uci_497898,497898,218.53,GBP,captured,online_retail,2010-02-14 12:49:00,setl_497898,customer_18077
uci_497899,497899,237.42,GBP,captured,online_retail,2010-02-14 12:49:00,setl_497899,customer_16136
uci_497901,497901,293.59,GBP,captured,online_retail,2010-02-14 12:52:00,setl_497901,customer_12872
uci_497902,497902,252.0,GBP,captured,online_retail,2010-02-14 12:57:00,setl_497902,customer_15795
uci_497903,497903,214.38,GBP,captured,online_retail,2010-02-14 12:58:00,setl_497903,customer_15795
uci_497905,497905,568.3,GBP,captured,online_retail,2010-02-14 13:17:00,setl_497905,customer_13587
uci_497906,497906,881.86,GBP,captured,online_retail,2010-02-14 13:26:00,setl_497906,customer_14156
uci_497907,497907,394.25,GBP,captured,online_retail,2010-02-14 13:37:00,setl_497907,customer_14970
uci_497908,497908,1.55,GBP,captured,online_retail,2010-02-14 13:38:00,setl_497908,customer_14970
uci_497909,497909,464.57,GBP,captured,online_retail,2010-02-14 13:39:00,setl_497909,customer_15272
uci_497910,497910,404.66,GBP,captured,online_retail,2010-02-14 13:40:00,setl_497910,customer_15260
uci_497911,497911,212.9,GBP,captured,online_retail,2010-02-14 14:10:00,setl_497911,customer_17285
uci_497912,497912,699.93,GBP,captured,online_retail,2010-02-14 14:35:00,setl_497912,customer_12867
uci_497913,497913,1585.18,GBP,captured,online_retail,2010-02-14 14:38:00,setl_497913,customer_16713
uci_497914,497914,174.8,GBP,captured,online_retail,2010-02-14 14:45:00,setl_497914,customer_13421
uci_497915,497915,133.0,GBP,captured,online_retail,2010-02-14 14:54:00,setl_497915,customer_13421
uci_497916,497916,866.99,GBP,captured,online_retail,2010-02-14 14:54:00,setl_497916,customer_17340
uci_497917,497917,511.69,GBP,captured,online_retail,2010-02-14 15:13:00,setl_497917,customer_13421
uci_497918,497918,343.3,GBP,captured,online_retail,2010-02-14 15:22:00,setl_497918,customer_17841
uci_497919,497919,341.23,GBP,captured,online_retail,2010-02-14 15:27:00,setl_497919,customer_16838
uci_497920,497920,272.96,GBP,captured,online_retail,2010-02-14 15:30:00,setl_497920,customer_15964
uci_497921,497921,770.93,GBP,captured,online_retail,2010-02-14 15:38:00,setl_497921,customer_14869
uci_497922,497922,352.5,GBP,captured,online_retail,2010-02-14 15:47:00,setl_497922,customer_14909
uci_497923,497923,304.38,GBP,captured,online_retail,2010-02-14 15:51:00,setl_497923,customer_18179
uci_497925,497925,107.62,GBP,captured,online_retail,2010-02-14 16:04:00,setl_497925,customer_14943
uci_497926,497926,762.48,GBP,captured,online_retail,2010-02-15 08:41:00,setl_497926,customer_12426
uci_497928,497928,102.3,GBP,captured,online_retail,2010-02-15 09:19:00,setl_497928,customer_16225
uci_497929,497929,356.65,GBP,captured,online_retail,2010-02-15 09:20:00,setl_497929,customer_14302
uci_497931,497931,1709.0,GBP,captured,online_retail,2010-02-15 09:48:00,setl_497931,customer_14258
uci_497932,497932,712.39,GBP,captured,online_retail,2010-02-15 10:12:00,setl_497932,customer_12391
uci_497933,497933,526.08,GBP,captured,online_retail,2010-02-15 10:33:00,setl_497933,customer_16422
uci_497934,497934,129.05,GBP,captured,online_retail,2010-02-15 10:43:00,setl_497934,customer_16905
uci_497935,497935,1486.06,GBP,captured,online_retail,2010-02-15 10:47:00,setl_497935,customer_13408
uci_497936,497936,45.0,GBP,captured,online_retail,2010-02-15 10:47:00,setl_497936,customer_15359
uci_497937,497937,2805.0,GBP,captured,online_retail,2010-02-15 10:49:00,setl_497937,customer_15769
uci_497939,497939,348.38,GBP,captured,online_retail,2010-02-15 10:56:00,setl_497939,customer_17091
uci_497941,497941,897.0,GBP,captured,online_retail,2010-02-15 11:22:00,setl_497941,customer_14282
uci_497942,497942,128.28,GBP,captured,online_retail,2010-02-15 11:39:00,setl_497942,customer_14238
uci_497943,497943,1381.95,GBP,captured,online_retail,2010-02-15 11:46:00,setl_497943,customer_13225
uci_497944,497944,339.84,GBP,captured,online_retail,2010-02-15 11:50:00,setl_497944,customer_13225
uci_497946,497946,16973.1,GBP,captured,online_retail,2010-02-15 11:57:00,setl_497946,customer_13902
uci_497947,497947,1508.65,GBP,captured,online_retail,2010-02-15 12:05:00,setl_497947,customer_12380
uci_497948,497948,1009.94,GBP,captured,online_retail,2010-02-15 12:05:00,setl_497948,customer_13081
uci_497949,497949,1331.22,GBP,captured,online_retail,2010-02-15 12:10:00,setl_497949,customer_16327
uci_497950,497950,89.7,GBP,captured,online_retail,2010-02-15 12:17:00,setl_497950,customer_16027
uci_497952,497952,1508.65,GBP,captured,online_retail,2010-02-15 12:31:00,setl_497952,customer_12380
uci_497953,497953,51.43,GBP,captured,online_retail,2010-02-15 12:36:00,setl_497953,customer_16330
uci_497954,497954,340.97,GBP,captured,online_retail,2010-02-15 12:50:00,setl_497954,customer_16225
uci_497955,497955,1212.5,GBP,captured,online_retail,2010-02-15 12:54:00,setl_497955,customer_14543
uci_497956,497956,231.68,GBP,captured,online_retail,2010-02-15 13:13:00,setl_497956,customer_17136
uci_497957,497957,59.4,GBP,captured,online_retail,2010-02-15 13:14:00,setl_497957,customer_15371
uci_497958,497958,1100.72,GBP,captured,online_retail,2010-02-15 13:20:00,setl_497958,customer_14680
uci_497959,497959,171.6,GBP,captured,online_retail,2010-02-15 13:20:00,setl_497959,customer_16544
uci_497963,497963,255.42,GBP,captured,online_retail,2010-02-15 13:27:00,setl_497963,customer_14527
uci_497966,497966,47.4,GBP,captured,online_retail,2010-02-15 13:28:00,setl_497966,customer_16544
uci_497969,497969,47.4,GBP,captured,online_retail,2010-02-15 13:29:00,setl_497969,customer_16544
uci_497983,497983,517.12,GBP,captured,online_retail,2010-02-15 13:46:00,setl_497983,customer_16860
uci_498012,498012,541.8,GBP,captured,online_retail,2010-02-15 14:47:00,setl_498012,customer_17241
uci_498013,498013,171.79,GBP,captured,online_retail,2010-02-15 14:49:00,setl_498013,customer_15311
uci_498014,498014,442.8,GBP,captured,online_retail,2010-02-15 15:00:00,setl_498014,customer_15805
uci_498015,498015,517.57,GBP,captured,online_retail,2010-02-15 15:54:00,setl_498015,customer_17442
uci_498018,498018,239.14,GBP,captured,online_retail,2010-02-15 16:45:00,setl_498018,customer_12835
uci_498019,498019,1482.95,GBP,captured,online_retail,2010-02-15 16:57:00,setl_498019,customer_13089
uci_498020,498020,62.7,GBP,captured,online_retail,2010-02-15 17:00:00,setl_498020,customer_13089
uci_498021,498021,129.34,GBP,captured,online_retail,2010-02-15 17:01:00,setl_498021,customer_14911
uci_498022,498022,63.5,GBP,captured,online_retail,2010-02-15 17:01:00,setl_498022,customer_13089
uci_498025,498025,181.24,GBP,captured,online_retail,2010-02-15 17:17:00,setl_498025,customer_15640
uci_498026,498026,591.37,GBP,captured,online_retail,2010-02-15 17:26:00,setl_498026,customer_15640
uci_498027,498027,623.93,GBP,captured,online_retail,2010-02-16 08:44:00,setl_498027,customer_17644
uci_498028,498028,108.2,GBP,captured,online_retail,2010-02-16 09:21:00,setl_498028,customer_15323
uci_498029,498029,59.92,GBP,captured,online_retail,2010-02-16 09:38:00,setl_498029,customer_17662
uci_498035,498035,1083.01,GBP,captured,online_retail,2010-02-16 10:10:00,setl_498035,customer_18172
uci_498037,498037,404.76,GBP,captured,online_retail,2010-02-16 10:11:00,setl_498037,customer_13802
uci_498041,498041,211.94,GBP,captured,online_retail,2010-02-16 10:26:00,setl_498041,customer_16098
uci_498042,498042,169.69,GBP,captured,online_retail,2010-02-16 10:28:00,setl_498042,customer_14369
uci_498043,498043,178.43,GBP,captured,online_retail,2010-02-16 10:39:00,setl_498043,customer_16359
uci_498044,498044,342.4,GBP,captured,online_retail,2010-02-16 10:40:00,setl_498044,customer_14989
uci_498045,498045,931.72,GBP,captured,online_retail,2010-02-16 10:41:00,setl_498045,customer_16584
uci_498046,498046,186.1,GBP,captured,online_retail,2010-02-16 10:44:00,setl_498046,customer_15051
uci_498047,498047,962.99,GBP,captured,online_retail,2010-02-16 10:45:00,setl_498047,customer_13381
uci_498048,498048,194.3,GBP,captured,online_retail,2010-02-16 10:55:00,setl_498048,customer_14606
uci_498049,498049,1384.02,GBP,captured,online_retail,2010-02-16 11:13:00,setl_498049,customer_13407
uci_498052,498052,1677.42,GBP,captured,online_retail,2010-02-16 11:58:00,setl_498052,customer_17404
uci_498053,498053,159.68,GBP,captured,online_retail,2010-02-16 12:02:00,setl_498053,customer_17171
uci_498054,498054,68.6,GBP,captured,online_retail,2010-02-16 12:06:00,setl_498054,customer_16158
uci_498055,498055,434.6,GBP,captured,online_retail,2010-02-16 12:11:00,setl_498055,customer_14669
uci_498060,498060,204.36,GBP,captured,online_retail,2010-02-16 12:13:00,setl_498060,customer_17287
uci_498070,498070,207.15,GBP,captured,online_retail,2010-02-16 12:19:00,setl_498070,customer_14669
uci_498078,498078,345.99,GBP,captured,online_retail,2010-02-16 12:22:00,setl_498078,customer_14320
uci_498089,498089,393.14,GBP,captured,online_retail,2010-02-16 12:29:00,setl_498089,customer_13397
uci_498090,498090,48.8,GBP,captured,online_retail,2010-02-16 12:30:00,setl_498090,customer_17287
uci_498091,498091,745.47,GBP,captured,online_retail,2010-02-16 12:35:00,setl_498091,customer_14639
uci_498093,498093,393.24,GBP,captured,online_retail,2010-02-16 12:42:00,setl_498093,customer_15372
uci_498094,498094,197.7,GBP,captured,online_retail,2010-02-16 12:44:00,setl_498094,customer_17778
uci_498095,498095,553.28,GBP,captured,online_retail,2010-02-16 12:50:00,setl_498095,customer_16940
uci_498096,498096,340.35,GBP,captured,online_retail,2010-02-16 12:59:00,setl_498096,customer_12836
uci_498097,498097,774.6,GBP,captured,online_retail,2010-02-16 13:12:00,setl_498097,customer_16525
uci_498098,498098,171.25,GBP,captured,online_retail,2010-02-16 13:16:00,setl_498098,customer_17789
uci_498099,498099,196.6,GBP,captured,online_retail,2010-02-16 13:23:00,setl_498099,customer_14466
uci_498100,498100,215.5,GBP,captured,online_retail,2010-02-16 13:30:00,setl_498100,customer_15325
uci_498101,498101,413.67,GBP,captured,online_retail,2010-02-16 13:32:00,setl_498101,customer_12960
uci_498102,498102,242.52,GBP,captured,online_retail,2010-02-16 13:33:00,setl_498102,customer_15372
uci_498103,498103,310.98,GBP,captured,online_retail,2010-02-16 13:39:00,setl_498103,customer_15680
uci_498104,498104,927.27,GBP,captured,online_retail,2010-02-16 13:49:00,setl_498104,customer_13503
uci_498105,498105,1348.08,GBP,captured,online_retail,2010-02-16 13:52:00,setl_498105,customer_15372
uci_498106,498106,164.09,GBP,captured,online_retail,2010-02-16 13:53:00,setl_498106,customer_14525
uci_498107,498107,525.0,GBP,captured,online_retail,2010-02-16 13:57:00,setl_498107,customer_15078
uci_498108,498108,179.68,GBP,captured,online_retail,2010-02-16 14:03:00,setl_498108,customer_13468
uci_498110,498110,3.75,GBP,captured,online_retail,2010-02-16 14:11:00,setl_498110,customer_13503
uci_498112,498112,469.51,GBP,captured,online_retail,2010-02-16 14:30:00,setl_498112,customer_12972
uci_498114,498114,3019.35,GBP,captured,online_retail,2010-02-16 14:32:00,setl_498114,customer_15311
uci_498116,498116,366.0,GBP,captured,online_retail,2010-02-16 14:35:00,setl_498116,customer_14113
uci_498118,498118,394.42,GBP,captured,online_retail,2010-02-16 14:49:00,setl_498118,customer_16701
uci_498119,498119,356.5,GBP,captured,online_retail,2010-02-16 15:13:00,setl_498119,customer_13078
uci_498120,498120,400.8,GBP,captured,online_retail,2010-02-16 15:25:00,setl_498120,customer_13089
uci_498121,498121,199.7,GBP,captured,online_retail,2010-02-16 15:27:00,setl_498121,customer_17351
uci_498123,498123,276.44,GBP,captured,online_retail,2010-02-16 15:35:00,setl_498123,customer_16409
uci_498124,498124,357.39,GBP,captured,online_retail,2010-02-16 15:47:00,setl_498124,customer_17931
uci_498125,498125,190.95,GBP,captured,online_retail,2010-02-16 15:54:00,setl_498125,customer_13842
uci_498126,498126,79.32,GBP,captured,online_retail,2010-02-16 15:55:00,setl_498126,customer_13842
uci_498127,498127,93.87,GBP,captured,online_retail,2010-02-16 15:56:00,setl_498127,customer_13842
uci_498128,498128,139.35,GBP,captured,online_retail,2010-02-16 16:12:00,setl_498128,customer_16911
uci_498130,498130,177.88,GBP,captured,online_retail,2010-02-16 16:47:00,setl_498130,customer_15662
uci_498131,498131,313.55,GBP,captured,online_retail,2010-02-16 16:50:00,setl_498131,customer_17342
uci_498132,498132,354.7,GBP,captured,online_retail,2010-02-16 16:53:00,setl_498132,customer_16774
uci_498135,498135,454.35,GBP,captured,online_retail,2010-02-16 17:47:00,setl_498135,customer_14911
uci_498136,498136,194.74,GBP,captured,online_retail,2010-02-17 08:32:00,setl_498136,customer_13728
uci_498138,498138,470.9,GBP,captured,online_retail,2010-02-17 08:47:00,setl_498138,customer_14944
uci_498137,498137,107.7,GBP,captured,online_retail,2010-02-17 08:47:00,setl_498137,customer_14465
uci_498139,498139,672.1,GBP,captured,online_retail,2010-02-17 08:49:00,setl_498139,customer_14944
uci_498141,498141,421.03,GBP,captured,online_retail,2010-02-17 09:05:00,setl_498141,customer_13659
uci_498142,498142,306.48,GBP,captured,online_retail,2010-02-17 09:43:00,setl_498142,customer_17364
uci_498143,498143,596.48,GBP,captured,online_retail,2010-02-17 09:53:00,setl_498143,customer_13901
uci_498145,498145,543.1,GBP,captured,online_retail,2010-02-17 10:04:00,setl_498145,customer_14156
uci_498149,498149,427.0,GBP,captured,online_retail,2010-02-17 10:24:00,setl_498149,customer_18285
uci_498152,498152,2836.8,GBP,captured,online_retail,2010-02-17 10:51:00,setl_498152,customer_13902
uci_498153,498153,147.64,GBP,captured,online_retail,2010-02-17 11:05:00,setl_498153,customer_14198
uci_498154,498154,334.84,GBP,captured,online_retail,2010-02-17 11:27:00,setl_498154,customer_14732
uci_498155,498155,100.5,GBP,captured,online_retail,2010-02-17 11:29:00,setl_498155,customer_14732
uci_498156,498156,164.35,GBP,captured,online_retail,2010-02-17 11:31:00,setl_498156,customer_17888
uci_498157,498157,366.42,GBP,captured,online_retail,2010-02-17 11:40:00,setl_498157,customer_14244
uci_498158,498158,514.89,GBP,captured,online_retail,2010-02-17 11:44:00,setl_498158,customer_15002
uci_498159,498159,253.6,GBP,captured,online_retail,2010-02-17 11:49:00,setl_498159,customer_17646
uci_498160,498160,146.54,GBP,captured,online_retail,2010-02-17 11:58:00,setl_498160,customer_15911
uci_498161,498161,3157.06,GBP,captured,online_retail,2010-02-17 12:03:00,setl_498161,customer_15251
uci_498162,498162,223.2,GBP,captured,online_retail,2010-02-17 12:11:00,setl_498162,customer_17560
uci_498163,498163,2947.1,GBP,captured,online_retail,2010-02-17 12:12:00,setl_498163,customer_17511
uci_498164,498164,468.0,GBP,captured,online_retail,2010-02-17 12:40:00,setl_498164,customer_13613
uci_498205,498205,307.89,GBP,captured,online_retail,2010-02-17 13:10:00,setl_498205,customer_14276
uci_498213,498213,968.78,GBP,captured,online_retail,2010-02-17 13:16:00,setl_498213,customer_18092
uci_498216,498216,170.2,GBP,captured,online_retail,2010-02-17 13:26:00,setl_498216,customer_17377
uci_498217,498217,521.96,GBP,captured,online_retail,2010-02-17 13:39:00,setl_498217,customer_17426
uci_498221,498221,241.96,GBP,captured,online_retail,2010-02-17 13:53:00,setl_498221,customer_17075
uci_498222,498222,194.63,GBP,captured,online_retail,2010-02-17 14:01:00,setl_498222,customer_14584
uci_498223,498223,206.83,GBP,captured,online_retail,2010-02-17 14:09:00,setl_498223,customer_16447
uci_498224,498224,121.55,GBP,captured,online_retail,2010-02-17 14:24:00,setl_498224,customer_17757
uci_498236,498236,377.8,GBP,captured,online_retail,2010-02-17 14:34:00,setl_498236,customer_15061
uci_498238,498238,425.62,GBP,captured,online_retail,2010-02-17 14:35:00,setl_498238,customer_15768
uci_498240,498240,549.5,GBP,captured,online_retail,2010-02-17 14:35:00,setl_498240,customer_12921
uci_498249,498249,2329.48,GBP,captured,online_retail,2010-02-17 14:39:00,setl_498249,customer_14911
uci_498254,498254,80.96,GBP,captured,online_retail,2010-02-17 14:42:00,setl_498254,customer_14911
uci_498256,498256,366.83,GBP,captured,online_retail,2010-02-17 14:43:00,setl_498256,customer_16553
uci_498261,498261,869.82,GBP,captured,online_retail,2010-02-17 14:47:00,setl_498261,customer_16938
uci_498260,498260,528.05,GBP,captured,online_retail,2010-02-17 14:47:00,setl_498260,customer_13317
uci_498269,498269,15.0,GBP,captured,online_retail,2010-02-17 15:03:00,setl_498269,customer_16928
uci_498270,498270,301.92,GBP,captured,online_retail,2010-02-17 15:11:00,setl_498270,customer_18218
uci_498276,498276,398.1,GBP,captured,online_retail,2010-02-17 15:41:00,setl_498276,customer_16422
uci_498281,498281,408.5,GBP,captured,online_retail,2010-02-17 16:23:00,setl_498281,customer_17739
uci_498283,498283,595.0,GBP,captured,online_retail,2010-02-17 16:40:00,setl_498283,customer_17858
uci_498284,498284,365.9,GBP,captured,online_retail,2010-02-17 16:43:00,setl_498284,customer_13798
uci_498288,498288,201.42,GBP,captured,online_retail,2010-02-17 16:55:00,setl_498288,customer_17576
uci_498290,498290,610.56,GBP,captured,online_retail,2010-02-17 17:02:00,setl_498290,customer_17858
uci_498291,498291,118.2,GBP,captured,online_retail,2010-02-18 08:49:00,setl_498291,customer_14322
uci_498292,498292,51.0,GBP,captured,online_retail,2010-02-18 08:49:00,setl_498292,customer_14495
uci_498294,498294,301.79,GBP,captured,online_retail,2010-02-18 09:00:00,setl_498294,customer_14890
uci_498300,498300,303.98,GBP,captured,online_retail,2010-02-18 09:14:00,setl_498300,customer_17157
uci_498301,498301,673.12,GBP,captured,online_retail,2010-02-18 09:20:00,setl_498301,customer_13767
uci_498303,498303,19.5,GBP,captured,online_retail,2010-02-18 09:31:00,setl_498303,customer_15640
uci_498305,498305,240.75,GBP,captured,online_retail,2010-02-18 09:32:00,setl_498305,customer_15827
uci_498307,498307,59.7,GBP,captured,online_retail,2010-02-18 09:46:00,setl_498307,customer_14560
uci_498325,498325,532.41,GBP,captured,online_retail,2010-02-18 10:26:00,setl_498325,customer_15544
uci_498326,498326,91.4,GBP,captured,online_retail,2010-02-18 10:27:00,setl_498326,customer_13773
uci_498328,498328,275.04,GBP,captured,online_retail,2010-02-18 10:27:00,setl_498328,customer_15586
uci_498336,498336,169.55,GBP,captured,online_retail,2010-02-18 10:35:00,setl_498336,customer_12993
uci_498338,498338,448.01,GBP,captured,online_retail,2010-02-18 10:35:00,setl_498338,customer_13020
uci_498340,498340,443.52,GBP,captured,online_retail,2010-02-18 11:00:00,setl_498340,customer_16143
uci_498341,498341,1.25,GBP,captured,online_retail,2010-02-18 11:12:00,setl_498341,customer_17961
uci_498343,498343,210.07,GBP,captured,online_retail,2010-02-18 11:19:00,setl_498343,customer_12600
uci_498345,498345,293.45,GBP,captured,online_retail,2010-02-18 11:53:00,setl_498345,customer_13431
uci_498346,498346,312.96,GBP,captured,online_retail,2010-02-18 11:56:00,setl_498346,customer_16563
uci_498347,498347,131.42,GBP,captured,online_retail,2010-02-18 12:01:00,setl_498347,customer_16713
uci_498348,498348,371.4,GBP,captured,online_retail,2010-02-18 12:16:00,setl_498348,customer_18172
uci_498349,498349,533.36,GBP,captured,online_retail,2010-02-18 12:22:00,setl_498349,customer_14967
uci_498350,498350,299.52,GBP,captured,online_retail,2010-02-18 12:25:00,setl_498350,customer_14085
uci_498351,498351,164.7,GBP,captured,online_retail,2010-02-18 12:34:00,setl_498351,customer_13206
uci_498352,498352,158.32,GBP,captured,online_retail,2010-02-18 12:36:00,setl_498352,customer_12898
uci_498353,498353,443.06,GBP,captured,online_retail,2010-02-18 12:36:00,setl_498353,customer_12949
uci_498354,498354,230.51,GBP,captured,online_retail,2010-02-18 12:50:00,setl_498354,customer_14527
uci_498355,498355,129.11,GBP,captured,online_retail,2010-02-18 12:57:00,setl_498355,customer_14239
uci_498357,498357,166.13,GBP,captured,online_retail,2010-02-18 13:15:00,setl_498357,customer_17841
uci_498359,498359,454.4,GBP,captured,online_retail,2010-02-18 13:28:00,setl_498359,customer_14040
uci_498360,498360,175.27,GBP,captured,online_retail,2010-02-18 13:29:00,setl_498360,customer_12748
uci_498361,498361,326.55,GBP,captured,online_retail,2010-02-18 13:34:00,setl_498361,customer_13394
uci_498362,498362,1910.96,GBP,captured,online_retail,2010-02-18 13:38:00,setl_498362,customer_14952
uci_498363,498363,304.0,GBP,captured,online_retail,2010-02-18 13:42:00,setl_498363,customer_14952
uci_498364,498364,319.88,GBP,captured,online_retail,2010-02-18 13:50:00,setl_498364,customer_16170
uci_498365,498365,383.55,GBP,captured,online_retail,2010-02-18 13:53:00,setl_498365,customer_13579
uci_498366,498366,301.31,GBP,captured,online_retail,2010-02-18 13:57:00,setl_498366,customer_14152
uci_498378,498378,485.67,GBP,captured,online_retail,2010-02-18 14:25:00,setl_498378,customer_18178
uci_498379,498379,941.57,GBP,captured,online_retail,2010-02-18 14:29:00,setl_498379,customer_13680
uci_498380,498380,21.0,GBP,captured,online_retail,2010-02-18 14:32:00,setl_498380,customer_12891
uci_498381,498381,18.05,GBP,captured,online_retail,2010-02-18 14:32:00,setl_498381,customer_17763
uci_498383,498383,37.5,GBP,captured,online_retail,2010-02-18 14:37:00,setl_498383,customer_15693
uci_498389,498389,354.17,GBP,captured,online_retail,2010-02-18 14:43:00,setl_498389,customer_14606
uci_498395,498395,9695.16,GBP,captured,online_retail,2010-02-18 15:13:00,setl_498395,customer_14646
uci_498396,498396,1474.1,GBP,captured,online_retail,2010-02-18 15:16:00,setl_498396,customer_14646
uci_498397,498397,307.21,GBP,captured,online_retail,2010-02-18 15:18:00,setl_498397,customer_17721
uci_498398,498398,3788.34,GBP,captured,online_retail,2010-02-18 15:19:00,setl_498398,customer_14646
uci_498399,498399,170.68,GBP,captured,online_retail,2010-02-18 15:20:00,setl_498399,customer_12747
uci_498400,498400,136.93,GBP,captured,online_retail,2010-02-18 15:33:00,setl_498400,customer_15005
uci_498401,498401,311.21,GBP,captured,online_retail,2010-02-18 15:44:00,setl_498401,customer_17469
uci_498403,498403,246.22,GBP,captured,online_retail,2010-02-18 15:50:00,setl_498403,customer_18153
uci_498416,498416,307.3,GBP,captured,online_retail,2010-02-18 16:16:00,setl_498416,customer_14783
uci_498418,498418,360.38,GBP,captured,online_retail,2010-02-18 16:20:00,setl_498418,customer_18257
uci_498421,498421,163.55,GBP,captured,online_retail,2010-02-18 16:31:00,setl_498421,customer_18008
uci_498429,498429,387.51,GBP,captured,online_retail,2010-02-18 17:12:00,setl_498429,customer_15306
uci_498430,498430,378.46,GBP,captured,online_retail,2010-02-18 17:17:00,setl_498430,customer_15615
uci_498431,498431,1038.09,GBP,captured,online_retail,2010-02-18 17:29:00,setl_498431,customer_14031
uci_498432,498432,102.2,GBP,captured,online_retail,2010-02-18 17:36:00,setl_498432,customer_16487
uci_498433,498433,838.15,GBP,captured,online_retail,2010-02-18 17:50:00,setl_498433,customer_13001
uci_498434,498434,2160.72,GBP,captured,online_retail,2010-02-18 18:20:00,setl_498434,customer_13952
uci_498435,498435,266.39,GBP,captured,online_retail,2010-02-18 18:29:00,setl_498435,customer_14686
uci_498436,498436,50.58,GBP,captured,online_retail,2010-02-18 18:33:00,setl_498436,customer_14686
uci_498437,498437,408.0,GBP,captured,online_retail,2010-02-18 19:11:00,setl_498437,customer_17941
uci_498438,498438,162.18,GBP,captured,online_retail,2010-02-19 09:26:00,setl_498438,customer_13333
uci_498439,498439,276.65,GBP,captured,online_retail,2010-02-19 09:36:00,setl_498439,customer_14285
uci_498440,498440,6412.0,GBP,captured,online_retail,2010-02-19 09:37:00,setl_498440,customer_18102
uci_498442,498442,266.21,GBP,captured,online_retail,2010-02-19 09:41:00,setl_498442,customer_13004
uci_498445,498445,407.94,GBP,captured,online_retail,2010-02-19 10:01:00,setl_498445,customer_16656
uci_498446,498446,1564.28,GBP,captured,online_retail,2010-02-19 10:16:00,setl_498446,customer_13093
uci_498447,498447,619.86,GBP,captured,online_retail,2010-02-19 10:20:00,setl_498447,customer_16467
uci_498448,498448,102.84,GBP,captured,online_retail,2010-02-19 10:32:00,setl_498448,customer_13957
uci_498457,498457,40.32,GBP,captured,online_retail,2010-02-19 10:39:00,setl_498457,customer_17949
uci_498463,498463,304.61,GBP,captured,online_retail,2010-02-19 10:41:00,setl_498463,customer_13769
uci_498473,498473,210.0,GBP,captured,online_retail,2010-02-19 10:44:00,setl_498473,customer_12931
uci_498504,498504,612.5,GBP,captured,online_retail,2010-02-19 11:29:00,setl_498504,customer_12931
uci_498505,498505,40.32,GBP,captured,online_retail,2010-02-19 11:34:00,setl_498505,customer_17949
uci_498507,498507,546.6,GBP,captured,online_retail,2010-02-19 11:41:00,setl_498507,customer_16029
uci_498508,498508,590.91,GBP,captured,online_retail,2010-02-19 11:46:00,setl_498508,customer_16574
uci_498510,498510,250.92,GBP,captured,online_retail,2010-02-19 11:54:00,setl_498510,customer_13929
uci_498511,498511,717.62,GBP,captured,online_retail,2010-02-19 12:02:00,setl_498511,customer_13604
uci_498513,498513,897.03,GBP,captured,online_retail,2010-02-19 12:07:00,setl_498513,customer_17145
uci_498515,498515,131.95,GBP,captured,online_retail,2010-02-19 12:10:00,setl_498515,customer_15465
uci_498516,498516,331.12,GBP,captured,online_retail,2010-02-19 12:12:00,setl_498516,customer_18231
uci_498517,498517,896.73,GBP,captured,online_retail,2010-02-19 12:34:00,setl_498517,customer_15808
uci_498518,498518,351.32,GBP,captured,online_retail,2010-02-19 12:48:00,setl_498518,customer_15867
uci_498519,498519,159.9,GBP,captured,online_retail,2010-02-19 12:50:00,setl_498519,customer_16393
uci_498521,498521,613.78,GBP,captured,online_retail,2010-02-19 13:15:00,setl_498521,customer_17139
uci_498522,498522,127.34,GBP,captured,online_retail,2010-02-19 13:21:00,setl_498522,customer_13662
uci_498524,498524,173.13,GBP,captured,online_retail,2010-02-19 13:23:00,setl_498524,customer_13662
uci_498525,498525,410.86,GBP,captured,online_retail,2010-02-19 13:28:00,setl_498525,customer_13552
uci_498526,498526,322.1,GBP,captured,online_retail,2010-02-19 13:29:00,setl_498526,customer_13552
uci_498527,498527,34.92,GBP,captured,online_retail,2010-02-19 13:53:00,setl_498527,customer_17816
uci_498528,498528,138.8,GBP,captured,online_retail,2010-02-19 14:11:00,setl_498528,customer_15311
uci_498543,498543,5.05,GBP,captured,online_retail,2010-02-19 14:44:00,setl_498543,customer_17961
uci_498545,498545,164.69,GBP,captured,online_retail,2010-02-19 17:02:00,setl_498545,customer_13191
uci_498547,498547,101.35,GBP,captured,online_retail,2010-02-19 17:16:00,setl_498547,customer_18283
uci_498548,498548,976.01,GBP,captured,online_retail,2010-02-19 17:40:00,setl_498548,customer_17400
uci_498550,498550,202.56,GBP,captured,online_retail,2010-02-21 10:19:00,setl_498550,customer_12416
uci_498552,498552,148.4,GBP,captured,online_retail,2010-02-21 10:25:00,setl_498552,customer_17243
uci_498553,498553,105.31,GBP,captured,online_retail,2010-02-21 11:02:00,setl_498553,customer_15013
uci_498554,498554,311.9,GBP,captured,online_retail,2010-02-21 11:08:00,setl_498554,customer_13761
uci_498555,498555,263.24,GBP,captured,online_retail,2010-02-21 11:14:00,setl_498555,customer_14878
uci_498558,498558,60.6,GBP,captured,online_retail,2010-02-21 11:19:00,setl_498558,customer_14878
uci_498559,498559,127.2,GBP,captured,online_retail,2010-02-21 11:22:00,setl_498559,customer_14878
uci_498560,498560,360.75,GBP,captured,online_retail,2010-02-21 11:29:00,setl_498560,customer_16335
uci_498561,498561,268.8,GBP,captured,online_retail,2010-02-21 11:36:00,setl_498561,customer_15988
uci_498562,498562,564.89,GBP,captured,online_retail,2010-02-21 12:03:00,setl_498562,customer_15182
uci_498564,498564,317.69,GBP,captured,online_retail,2010-02-21 12:25:00,setl_498564,customer_14505
uci_498565,498565,298.5,GBP,captured,online_retail,2010-02-21 12:31:00,setl_498565,customer_16485
uci_498566,498566,342.04,GBP,captured,online_retail,2010-02-21 12:36:00,setl_498566,customer_16912
uci_498567,498567,220.56,GBP,captured,online_retail,2010-02-21 12:42:00,setl_498567,customer_16693
uci_498568,498568,89.28,GBP,captured,online_retail,2010-02-21 12:43:00,setl_498568,customer_14239
uci_498569,498569,986.8,GBP,captured,online_retail,2010-02-21 12:50:00,setl_498569,customer_14911
uci_498570,498570,153.95,GBP,captured,online_retail,2010-02-21 12:52:00,setl_498570,customer_15059
uci_498571,498571,228.28,GBP,captured,online_retail,2010-02-21 12:57:00,setl_498571,customer_15774
uci_498573,498573,192.76,GBP,captured,online_retail,2010-02-21 13:16:00,setl_498573,customer_14606
uci_498574,498574,527.2,GBP,captured,online_retail,2010-02-21 13:18:00,setl_498574,customer_15498
uci_498575,498575,173.88,GBP,captured,online_retail,2010-02-21 13:37:00,setl_498575,customer_14560
uci_498577,498577,110.9,GBP,captured,online_retail,2010-02-21 13:48:00,setl_498577,customer_16948
uci_498578,498578,216.9,GBP,captured,online_retail,2010-02-21 14:18:00,setl_498578,customer_13980
uci_498579,498579,268.86,GBP,captured,online_retail,2010-02-21 14:41:00,setl_498579,customer_17332
uci_498581,498581,160.19,GBP,captured,online_retail,2010-02-21 14:57:00,setl_498581,customer_13571
uci_498584,498584,222.08,GBP,captured,online_retail,2010-02-21 15:06:00,setl_498584,customer_16200
uci_498585,498585,35.4,GBP,captured,online_retail,2010-02-21 15:09:00,setl_498585,customer_16200
uci_498587,498587,293.53,GBP,captured,online_retail,2010-02-21 15:16:00,setl_498587,customer_15928
uci_498588,498588,437.16,GBP,captured,online_retail,2010-02-21 15:18:00,setl_498588,customer_12945
uci_498589,498589,1609.1,GBP,captured,online_retail,2010-02-21 15:19:00,setl_498589,customer_14895
uci_498590,498590,442.65,GBP,captured,online_retail,2010-02-21 15:28:00,setl_498590,customer_13044
uci_498592,498592,408.29,GBP,captured,online_retail,2010-02-21 15:46:00,setl_498592,customer_16450
uci_498593,498593,205.36,GBP,captured,online_retail,2010-02-21 15:47:00,setl_498593,customer_14602
uci_498594,498594,353.25,GBP,captured,online_retail,2010-02-21 15:48:00,setl_498594,customer_16797
uci_498596,498596,330.35,GBP,captured,online_retail,2010-02-21 15:58:00,setl_498596,customer_13152
uci_498597,498597,259.54,GBP,captured,online_retail,2010-02-21 16:02:00,setl_498597,customer_16273
uci_498601,498601,179.76,GBP,captured,online_retail,2010-02-21 16:09:00,setl_498601,customer_13538
uci_498610,498610,498.67,GBP,captured,online_retail,2010-02-22 09:17:00,setl_498610,customer_13393
uci_498611,498611,284.75,GBP,captured,online_retail,2010-02-22 09:22:00,setl_498611,customer_13540
uci_498612,498612,84.5,GBP,captured,online_retail,2010-02-22 09:24:00,setl_498612,customer_13540
uci_498613,498613,118.0,GBP,captured,online_retail,2010-02-22 09:32:00,setl_498613,customer_12360
uci_498614,498614,515.88,GBP,captured,online_retail,2010-02-22 09:48:00,setl_498614,customer_14849
uci_498615,498615,339.18,GBP,captured,online_retail,2010-02-22 09:54:00,setl_498615,customer_13434
uci_498616,498616,38.1,GBP,captured,online_retail,2010-02-22 10:13:00,setl_498616,customer_12391
uci_498617,498617,164.85,GBP,captured,online_retail,2010-02-22 10:15:00,setl_498617,customer_12389
uci_498618,498618,1632.93,GBP,captured,online_retail,2010-02-22 10:24:00,setl_498618,customer_15382
uci_498622,498622,355.25,GBP,captured,online_retail,2010-02-22 10:38:00,setl_498622,customer_16985
uci_498636,498636,273.75,GBP,captured,online_retail,2010-02-22 11:11:00,setl_498636,customer_14159
uci_498642,498642,826.15,GBP,captured,online_retail,2010-02-22 11:13:00,setl_498642,customer_16057
uci_498648,498648,367.6,GBP,captured,online_retail,2010-02-22 11:22:00,setl_498648,customer_17955
uci_498694,498694,237.09,GBP,captured,online_retail,2010-02-22 11:42:00,setl_498694,customer_13787
uci_498696,498696,995.21,GBP,captured,online_retail,2010-02-22 12:05:00,setl_498696,customer_16619
uci_498697,498697,230.4,GBP,captured,online_retail,2010-02-22 12:11:00,setl_498697,customer_14997
uci_498705,498705,743.4,GBP,captured,online_retail,2010-02-22 12:44:00,setl_498705,customer_14680
uci_498704,498704,290.39,GBP,captured,online_retail,2010-02-22 12:44:00,setl_498704,customer_17841
uci_498708,498708,249.12,GBP,captured,online_retail,2010-02-22 12:48:00,setl_498708,customer_13199
uci_498706,498706,325.74,GBP,captured,online_retail,2010-02-22 12:48:00,setl_498706,customer_17439
uci_498709,498709,132.5,GBP,captured,online_retail,2010-02-22 12:49:00,setl_498709,customer_13217
uci_498713,498713,562.98,GBP,captured,online_retail,2010-02-22 13:05:00,setl_498713,customer_17195
uci_498715,498715,112.88,GBP,captured,online_retail,2010-02-22 13:19:00,setl_498715,customer_17081
uci_498716,498716,1420.35,GBP,captured,online_retail,2010-02-22 13:31:00,setl_498716,customer_15754
uci_498717,498717,309.87,GBP,captured,online_retail,2010-02-22 13:38:00,setl_498717,customer_17259
uci_498718,498718,373.48,GBP,captured,online_retail,2010-02-22 13:40:00,setl_498718,customer_17675
uci_498719,498719,278.7,GBP,captured,online_retail,2010-02-22 13:44:00,setl_498719,customer_13854
uci_498720,498720,737.56,GBP,captured,online_retail,2010-02-22 14:28:00,setl_498720,customer_15673
uci_498721,498721,684.8,GBP,captured,online_retail,2010-02-22 14:34:00,setl_498721,customer_13178
uci_498722,498722,264.3,GBP,captured,online_retail,2010-02-22 14:48:00,setl_498722,customer_16071
uci_498723,498723,3360.0,GBP,captured,online_retail,2010-02-22 14:54:00,setl_498723,customer_13340
uci_498724,498724,2685.54,GBP,captured,online_retail,2010-02-22 14:59:00,setl_498724,customer_13340
uci_498725,498725,453.54,GBP,captured,online_retail,2010-02-22 15:12:00,setl_498725,customer_14667
uci_498726,498726,319.32,GBP,captured,online_retail,2010-02-22 15:13:00,setl_498726,customer_13576
uci_498729,498729,1310.3,GBP,captured,online_retail,2010-02-22 15:39:00,setl_498729,customer_17829
uci_498728,498728,950.49,GBP,captured,online_retail,2010-02-22 15:39:00,setl_498728,customer_13408
uci_498734,498734,158.79,GBP,captured,online_retail,2010-02-22 15:52:00,setl_498734,customer_17610
uci_498736,498736,347.2,GBP,captured,online_retail,2010-02-22 16:04:00,setl_498736,customer_12748
uci_498746,498746,299.64,GBP,captured,online_retail,2010-02-22 16:36:00,setl_498746,customer_13513
uci_498756,498756,1110.48,GBP,captured,online_retail,2010-02-22 16:48:00,setl_498756,customer_12980
uci_498757,498757,427.61,GBP,captured,online_retail,2010-02-22 16:49:00,setl_498757,customer_14030
uci_498758,498758,2.5,GBP,captured,online_retail,2010-02-22 16:56:00,setl_498758,customer_12748
uci_498759,498759,881.52,GBP,captured,online_retail,2010-02-22 16:58:00,setl_498759,customer_14156
uci_498762,498762,344.0,GBP,captured,online_retail,2010-02-22 17:10:00,setl_498762,customer_14081
uci_498763,498763,37.9,GBP,captured,online_retail,2010-02-22 17:14:00,setl_498763,customer_14030
uci_498764,498764,204.58,GBP,captured,online_retail,2010-02-22 17:21:00,setl_498764,customer_14081
uci_498765,498765,34.06,GBP,captured,online_retail,2010-02-23 09:37:00,setl_498765,customer_12755
uci_498766,498766,309.32,GBP,captured,online_retail,2010-02-23 09:42:00,setl_498766,customer_18051
uci_498767,498767,139.8,GBP,captured,online_retail,2010-02-23 09:52:00,setl_498767,customer_17848
uci_498769,498769,1036.64,GBP,captured,online_retail,2010-02-23 09:54:00,setl_498769,customer_13093
uci_498768,498768,759.32,GBP,captured,online_retail,2010-02-23 09:54:00,setl_498768,customer_12727
uci_498770,498770,454.7,GBP,captured,online_retail,2010-02-23 09:57:00,setl_498770,customer_17667
uci_498774,498774,638.57,GBP,captured,online_retail,2010-02-23 10:12:00,setl_498774,customer_13330
uci_498776,498776,887.4,GBP,captured,online_retail,2010-02-23 10:25:00,setl_498776,customer_14160
uci_498778,498778,654.12,GBP,captured,online_retail,2010-02-23 10:48:00,setl_498778,customer_14134
uci_498779,498779,405.78,GBP,captured,online_retail,2010-02-23 10:49:00,setl_498779,customer_14134
uci_498797,498797,445.01,GBP,captured,online_retail,2010-02-23 11:14:00,setl_498797,customer_15493
uci_498817,498817,102.03,GBP,captured,online_retail,2010-02-23 11:29:00,setl_498817,customer_15732
uci_498827,498827,778.68,GBP,captured,online_retail,2010-02-23 11:36:00,setl_498827,customer_13798
uci_498832,498832,172.15,GBP,captured,online_retail,2010-02-23 11:43:00,setl_498832,customer_17377
uci_498836,498836,5.1,GBP,captured,online_retail,2010-02-23 11:44:00,setl_498836,customer_12647
uci_498844,498844,80.7,GBP,captured,online_retail,2010-02-23 11:46:00,setl_498844,customer_15611
uci_498849,498849,111.35,GBP,captured,online_retail,2010-02-23 11:49:00,setl_498849,customer_15967
uci_498850,498850,637.44,GBP,captured,online_retail,2010-02-23 12:00:00,setl_498850,customer_16416
uci_498851,498851,359.05,GBP,captured,online_retail,2010-02-23 12:02:00,setl_498851,customer_13319
uci_498852,498852,17.0,GBP,captured,online_retail,2010-02-23 12:03:00,setl_498852,customer_13319
uci_498853,498853,850.0,GBP,captured,online_retail,2010-02-23 12:08:00,setl_498853,customer_16779
uci_498877,498877,560.97,GBP,captured,online_retail,2010-02-23 12:31:00,setl_498877,customer_13052
uci_498878,498878,124.75,GBP,captured,online_retail,2010-02-23 12:35:00,setl_498878,customer_14726
uci_498879,498879,289.6,GBP,captured,online_retail,2010-02-23 12:47:00,setl_498879,customer_17519
uci_498880,498880,267.45,GBP,captured,online_retail,2010-02-23 12:51:00,setl_498880,customer_14558
uci_498884,498884,371.56,GBP,captured,online_retail,2010-02-23 12:55:00,setl_498884,customer_12820
uci_498886,498886,217.24,GBP,captured,online_retail,2010-02-23 13:03:00,setl_498886,customer_15295
uci_498890,498890,611.42,GBP,captured,online_retail,2010-02-23 13:21:00,setl_498890,customer_12682
uci_498893,498893,392.2,GBP,captured,online_retail,2010-02-23 13:22:00,setl_498893,customer_14755
uci_498899,498899,562.6,GBP,captured,online_retail,2010-02-23 13:55:00,setl_498899,customer_13772
uci_498900,498900,295.64,GBP,captured,online_retail,2010-02-23 13:59:00,setl_498900,customer_15241
uci_498901,498901,218.81,GBP,captured,online_retail,2010-02-23 14:12:00,setl_498901,customer_15311
uci_498902,498902,213.0,GBP,captured,online_retail,2010-02-23 14:13:00,setl_498902,customer_16843
uci_498903,498903,1033.55,GBP,captured,online_retail,2010-02-23 14:16:00,setl_498903,customer_14112
uci_498905,498905,605.91,GBP,captured,online_retail,2010-02-23 14:40:00,setl_498905,customer_12854
uci_498906,498906,154.25,GBP,captured,online_retail,2010-02-23 14:48:00,setl_498906,customer_13490
uci_498907,498907,298.55,GBP,captured,online_retail,2010-02-23 14:52:00,setl_498907,customer_12472
uci_498908,498908,222.53,GBP,captured,online_retail,2010-02-23 14:54:00,setl_498908,customer_13287
uci_498909,498909,288.99,GBP,captured,online_retail,2010-02-23 14:56:00,setl_498909,customer_14092
uci_498910,498910,4010.08,GBP,captured,online_retail,2010-02-23 15:17:00,setl_498910,customer_14091
uci_498911,498911,246.55,GBP,captured,online_retail,2010-02-23 15:27:00,setl_498911,customer_16702
uci_498912,498912,91.08,GBP,captured,online_retail,2010-02-23 15:33:00,setl_498912,customer_12748
uci_498913,498913,552.05,GBP,captured,online_retail,2010-02-23 15:47:00,setl_498913,customer_16553
uci_498914,498914,389.28,GBP,captured,online_retail,2010-02-23 16:36:00,setl_498914,customer_15955
uci_498918,498918,238.09,GBP,captured,online_retail,2010-02-24 08:50:00,setl_498918,customer_15607
uci_498919,498919,78.45,GBP,captured,online_retail,2010-02-24 08:54:00,setl_498919,customer_14681
uci_498921,498921,1006.29,GBP,captured,online_retail,2010-02-24 09:24:00,setl_498921,customer_14911
uci_498923,498923,262.18,GBP,captured,online_retail,2010-02-24 09:50:00,setl_498923,customer_17028
uci_498925,498925,369.0,GBP,captured,online_retail,2010-02-24 10:04:00,setl_498925,customer_13694
uci_498926,498926,523.5,GBP,captured,online_retail,2010-02-24 10:10:00,setl_498926,customer_13694
uci_498927,498927,277.12,GBP,captured,online_retail,2010-02-24 10:15:00,setl_498927,customer_15290
uci_498928,498928,4168.98,GBP,captured,online_retail,2010-02-24 10:18:00,setl_498928,customer_13694
uci_498929,498929,186.05,GBP,captured,online_retail,2010-02-24 10:20:00,setl_498929,customer_16388
uci_498931,498931,2087.68,GBP,captured,online_retail,2010-02-24 10:24:00,setl_498931,customer_12482
uci_498935,498935,892.65,GBP,captured,online_retail,2010-02-24 10:42:00,setl_498935,customer_14911
uci_498936,498936,1087.52,GBP,captured,online_retail,2010-02-24 10:43:00,setl_498936,customer_12482
uci_498939,498939,1087.52,GBP,captured,online_retail,2010-02-24 10:55:00,setl_498939,customer_12482
uci_498943,498943,1087.52,GBP,captured,online_retail,2010-02-24 11:03:00,setl_498943,customer_12482
uci_498944,498944,92.49,GBP,captured,online_retail,2010-02-24 11:06:00,setl_498944,customer_17377
uci_498945,498945,1087.52,GBP,captured,online_retail,2010-02-24 11:16:00,setl_498945,customer_12482
uci_498964,498964,393.05,GBP,captured,online_retail,2010-02-24 11:28:00,setl_498964,customer_15984
uci_498999,498999,212.85,GBP,captured,online_retail,2010-02-24 11:51:00,setl_498999,customer_16406
uci_498997,498997,239.9,GBP,captured,online_retail,2010-02-24 11:51:00,setl_498997,customer_12835
uci_499004,499004,300.2,GBP,captured,online_retail,2010-02-24 11:55:00,setl_499004,customer_12998
uci_499009,499009,675.74,GBP,captured,online_retail,2010-02-24 11:59:00,setl_499009,customer_17511
uci_499010,499010,706.35,GBP,captured,online_retail,2010-02-24 12:05:00,setl_499010,customer_15439
uci_499011,499011,704.4,GBP,captured,online_retail,2010-02-24 12:06:00,setl_499011,customer_14284
uci_499012,499012,42.5,GBP,captured,online_retail,2010-02-24 12:09:00,setl_499012,customer_15439
uci_499013,499013,284.11,GBP,captured,online_retail,2010-02-24 12:14:00,setl_499013,customer_12909
uci_499014,499014,317.8,GBP,captured,online_retail,2010-02-24 12:14:00,setl_499014,customer_15291
uci_499020,499020,467.19,GBP,captured,online_retail,2010-02-24 12:19:00,setl_499020,customer_14527
uci_499023,499023,115.4,GBP,captured,online_retail,2010-02-24 12:20:00,setl_499023,customer_15984
uci_499025,499025,40.8,GBP,captured,online_retail,2010-02-24 12:21:00,setl_499025,customer_15984
uci_499029,499029,725.76,GBP,captured,online_retail,2010-02-24 12:39:00,setl_499029,customer_17949
uci_499030,499030,572.75,GBP,captured,online_retail,2010-02-24 12:42:00,setl_499030,customer_15523
uci_499031,499031,247.45,GBP,captured,online_retail,2010-02-24 12:48:00,setl_499031,customer_14541
uci_499032,499032,304.36,GBP,captured,online_retail,2010-02-24 12:51:00,setl_499032,customer_13590
uci_499033,499033,1022.6,GBP,captured,online_retail,2010-02-24 12:51:00,setl_499033,customer_15144
uci_499035,499035,220.19,GBP,captured,online_retail,2010-02-24 13:04:00,setl_499035,customer_13982
uci_499036,499036,664.92,GBP,captured,online_retail,2010-02-24 13:06:00,setl_499036,customer_17850
uci_499038,499038,654.82,GBP,captured,online_retail,2010-02-24 13:15:00,setl_499038,customer_15768
uci_499039,499039,1112.2,GBP,captured,online_retail,2010-02-24 13:16:00,setl_499039,customer_14646
uci_499044,499044,108.44,GBP,captured,online_retail,2010-02-24 13:32:00,setl_499044,customer_15659
uci_499043,499043,35.0,GBP,captured,online_retail,2010-02-24 13:32:00,setl_499043,customer_17763
uci_499045,499045,18.1,GBP,captured,online_retail,2010-02-24 13:34:00,setl_499045,customer_17763
uci_499056,499056,352.82,GBP,captured,online_retail,2010-02-24 13:46:00,setl_499056,customer_13765
uci_499057,499057,365.93,GBP,captured,online_retail,2010-02-24 13:48:00,setl_499057,customer_15898
uci_499058,499058,104.4,GBP,captured,online_retail,2010-02-24 13:54:00,setl_499058,customer_17027
uci_499059,499059,292.5,GBP,captured,online_retail,2010-02-24 13:55:00,setl_499059,customer_12939
uci_499061,499061,303.65,GBP,captured,online_retail,2010-02-24 14:07:00,setl_499061,customer_15058
uci_499062,499062,126.75,GBP,captured,online_retail,2010-02-24 14:10:00,setl_499062,customer_14590
uci_499064,499064,153.72,GBP,captured,online_retail,2010-02-24 14:18:00,setl_499064,customer_13110
uci_499065,499065,323.55,GBP,captured,online_retail,2010-02-24 14:24:00,setl_499065,customer_16208
uci_499066,499066,317.29,GBP,captured,online_retail,2010-02-24 14:30:00,setl_499066,customer_16742
uci_499067,499067,1834.84,GBP,captured,online_retail,2010-02-24 14:30:00,setl_499067,customer_14911
uci_499069,499069,200.43,GBP,captured,online_retail,2010-02-24 15:02:00,setl_499069,customer_13944
uci_499070,499070,82.4,GBP,captured,online_retail,2010-02-24 15:03:00,setl_499070,customer_13469
uci_499071,499071,505.6,GBP,captured,online_retail,2010-02-24 15:03:00,setl_499071,customer_14535
uci_499072,499072,96.66,GBP,captured,online_retail,2010-02-24 15:06:00,setl_499072,customer_13104
uci_499122,499122,192.14,GBP,captured,online_retail,2010-02-24 15:53:00,setl_499122,customer_13756
uci_499123,499123,151.67,GBP,captured,online_retail,2010-02-24 16:15:00,setl_499123,customer_14556
uci_499155,499155,117.22,GBP,captured,online_retail,2010-02-24 16:42:00,setl_499155,customer_17358
uci_499163,499163,172.85,GBP,captured,online_retail,2010-02-24 17:23:00,setl_499163,customer_15514
uci_499164,499164,262.32,GBP,captured,online_retail,2010-02-25 08:56:00,setl_499164,customer_17460
uci_499165,499165,597.76,GBP,captured,online_retail,2010-02-25 09:16:00,setl_499165,customer_15321
uci_499166,499166,162.0,GBP,captured,online_retail,2010-02-25 09:21:00,setl_499166,customer_15321
uci_499167,499167,1132.8,GBP,captured,online_retail,2010-02-25 09:32:00,setl_499167,customer_16029
uci_499168,499168,746.9,GBP,captured,online_retail,2010-02-25 09:33:00,setl_499168,customer_16029
uci_499169,499169,190.8,GBP,captured,online_retail,2010-02-25 09:39:00,setl_499169,customer_17949
uci_499170,499170,4376.25,GBP,captured,online_retail,2010-02-25 09:40:00,setl_499170,customer_16118
uci_499171,499171,330.66,GBP,captured,online_retail,2010-02-25 09:45:00,setl_499171,customer_14006
uci_499172,499172,121.23,GBP,captured,online_retail,2010-02-25 09:55:00,setl_499172,customer_15465
uci_499173,499173,228.23,GBP,captured,online_retail,2010-02-25 10:06:00,setl_499173,customer_18268
uci_499174,499174,323.38,GBP,captured,online_retail,2010-02-25 10:07:00,setl_499174,customer_16471
uci_499175,499175,112.65,GBP,captured,online_retail,2010-02-25 10:17:00,setl_499175,customer_14867
uci_499176,499176,5710.32,GBP,captured,online_retail,2010-02-25 10:20:00,setl_499176,customer_16684
uci_499177,499177,15.55,GBP,captured,online_retail,2010-02-25 10:21:00,setl_499177,customer_12835
uci_499218,499218,309.6,GBP,captured,online_retail,2010-02-25 11:23:00,setl_499218,customer_12647
uci_499219,499219,182.88,GBP,captured,online_retail,2010-02-25 11:28:00,setl_499219,customer_13288
uci_499220,499220,153.5,GBP,captured,online_retail,2010-02-25 11:32:00,setl_499220,customer_14606
uci_499221,499221,115.25,GBP,captured,online_retail,2010-02-25 11:40:00,setl_499221,customer_14740
uci_499222,499222,106.35,GBP,captured,online_retail,2010-02-25 11:41:00,setl_499222,customer_15573
uci_499223,499223,592.05,GBP,captured,online_retail,2010-02-25 11:45:00,setl_499223,customer_12583
uci_499226,499226,313.24,GBP,captured,online_retail,2010-02-25 11:49:00,setl_499226,customer_13148
uci_499225,499225,252.26,GBP,captured,online_retail,2010-02-25 11:49:00,setl_499225,customer_18009
uci_499227,499227,287.51,GBP,captured,online_retail,2010-02-25 11:50:00,setl_499227,customer_15719
uci_499228,499228,335.58,GBP,captured,online_retail,2010-02-25 12:01:00,setl_499228,customer_17863
uci_499229,499229,349.0,GBP,captured,online_retail,2010-02-25 12:14:00,setl_499229,customer_16746
uci_499230,499230,122.59,GBP,captured,online_retail,2010-02-25 12:16:00,setl_499230,customer_12748
uci_499231,499231,801.82,GBP,captured,online_retail,2010-02-25 12:18:00,setl_499231,customer_15674
uci_499232,499232,1191.62,GBP,captured,online_retail,2010-02-25 12:21:00,setl_499232,customer_13334
uci_499234,499234,869.56,GBP,captured,online_retail,2010-02-25 12:37:00,setl_499234,customer_13771
uci_499235,499235,211.3,GBP,captured,online_retail,2010-02-25 12:53:00,setl_499235,customer_17675
uci_499236,499236,143.56,GBP,captured,online_retail,2010-02-25 13:17:00,setl_499236,customer_13240
uci_499237,499237,986.64,GBP,captured,online_retail,2010-02-25 13:19:00,setl_499237,customer_13735
uci_499238,499238,285.6,GBP,captured,online_retail,2010-02-25 13:20:00,setl_499238,customer_14402
uci_499239,499239,160.81,GBP,captured,online_retail,2010-02-25 13:23:00,setl_499239,customer_17200
uci_499240,499240,4.25,GBP,captured,online_retail,2010-02-25 13:24:00,setl_499240,customer_17200
uci_499242,499242,413.08,GBP,captured,online_retail,2010-02-25 13:29:00,setl_499242,customer_17850
uci_499244,499244,11.74,GBP,captured,online_retail,2010-02-25 13:31:00,setl_499244,customer_13240
uci_499245,499245,373.5,GBP,captured,online_retail,2010-02-25 13:39:00,setl_499245,customer_12931
uci_499247,499247,137.64,GBP,captured,online_retail,2010-02-25 13:46:00,setl_499247,customer_17841
uci_499248,499248,1537.43,GBP,captured,online_retail,2010-02-25 14:18:00,setl_499248,customer_14298
uci_499249,499249,296.94,GBP,captured,online_retail,2010-02-25 14:19:00,setl_499249,customer_14298
uci_499250,499250,89.17,GBP,captured,online_retail,2010-02-25 14:21:00,setl_499250,customer_15311
uci_499254,499254,315.6,GBP,captured,online_retail,2010-02-25 14:52:00,setl_499254,customer_13408
uci_499255,499255,125.4,GBP,captured,online_retail,2010-02-25 14:54:00,setl_499255,customer_13408
uci_499261,499261,126.43,GBP,captured,online_retail,2010-02-25 15:07:00,setl_499261,customer_17726
uci_499262,499262,311.52,GBP,captured,online_retail,2010-02-25 15:13:00,setl_499262,customer_13269
uci_499263,499263,100.08,GBP,captured,online_retail,2010-02-25 15:14:00,setl_499263,customer_13269
uci_499264,499264,467.54,GBP,captured,online_retail,2010-02-25 15:39:00,setl_499264,customer_18041
uci_499266,499266,8.25,GBP,captured,online_retail,2010-02-25 15:41:00,setl_499266,customer_17032
uci_499267,499267,2320.03,GBP,captured,online_retail,2010-02-25 16:01:00,setl_499267,customer_13935
uci_499269,499269,263.23,GBP,captured,online_retail,2010-02-25 16:11:00,setl_499269,customer_16677
uci_499270,499270,220.01,GBP,captured,online_retail,2010-02-25 16:21:00,setl_499270,customer_12500
uci_499272,499272,567.5,GBP,captured,online_retail,2010-02-25 16:48:00,setl_499272,customer_17032
uci_499273,499273,502.2,GBP,captured,online_retail,2010-02-25 16:55:00,setl_499273,customer_17534
uci_499274,499274,199.25,GBP,captured,online_retail,2010-02-25 16:58:00,setl_499274,customer_14898
uci_499275,499275,393.96,GBP,captured,online_retail,2010-02-25 17:37:00,setl_499275,customer_13652
uci_499276,499276,295.38,GBP,captured,online_retail,2010-02-25 18:12:00,setl_499276,customer_15456
uci_499279,499279,19.5,GBP,captured,online_retail,2010-02-25 18:44:00,setl_499279,customer_14732
uci_499284,499284,936.28,GBP,captured,online_retail,2010-02-25 18:58:00,setl_499284,customer_14770
uci_499285,499285,303.22,GBP,captured,online_retail,2010-02-25 19:08:00,setl_499285,customer_17207
uci_499294,499294,99.65,GBP,captured,online_retail,2010-02-25 19:39:00,setl_499294,customer_17323
uci_499295,499295,168.48,GBP,captured,online_retail,2010-02-25 20:07:00,setl_499295,customer_17883
uci_499297,499297,5158.4,GBP,captured,online_retail,2010-02-25 20:16:00,setl_499297,customer_18102
uci_499298,499298,4122.0,GBP,captured,online_retail,2010-02-25 20:18:00,setl_499298,customer_18102
uci_499299,499299,2448.0,GBP,captured,online_retail,2010-02-25 20:19:00,setl_499299,customer_18102
uci_499300,499300,214.08,GBP,captured,online_retail,2010-02-25 20:19:00,setl_499300,customer_18102
uci_499302,499302,478.58,GBP,captured,online_retail,2010-02-26 08:35:00,setl_499302,customer_18223
uci_499303,499303,648.0,GBP,captured,online_retail,2010-02-26 08:46:00,setl_499303,customer_13089
uci_499304,499304,30.6,GBP,captured,online_retail,2010-02-26 08:47:00,setl_499304,customer_13089
uci_499306,499306,332.52,GBP,captured,online_retail,2010-02-26 09:47:00,setl_499306,customer_17011
uci_499307,499307,316.59,GBP,captured,online_retail,2010-02-26 10:10:00,setl_499307,customer_15366
uci_499308,499308,359.66,GBP,captured,online_retail,2010-02-26 10:11:00,setl_499308,customer_14329
uci_499312,499312,134.03,GBP,captured,online_retail,2010-02-26 10:49:00,setl_499312,customer_15124
uci_499313,499313,365.33,GBP,captured,online_retail,2010-02-26 10:49:00,setl_499313,customer_16631
uci_499326,499326,244.37,GBP,captured,online_retail,2010-02-26 11:22:00,setl_499326,customer_13598
uci_499327,499327,24.0,GBP,captured,online_retail,2010-02-26 11:26:00,setl_499327,customer_13598
uci_499352,499352,48.1,GBP,captured,online_retail,2010-02-26 11:38:00,setl_499352,customer_12748
uci_499377,499377,231.59,GBP,captured,online_retail,2010-02-26 11:59:00,setl_499377,customer_14177
uci_499378,499378,463.0,GBP,captured,online_retail,2010-02-26 12:00:00,setl_499378,customer_15998
uci_499379,499379,242.15,GBP,captured,online_retail,2010-02-26 12:04:00,setl_499379,customer_14177
uci_499381,499381,62.79,GBP,captured,online_retail,2010-02-26 12:06:00,setl_499381,customer_16913
uci_499382,499382,69.09,GBP,captured,online_retail,2010-02-26 12:08:00,setl_499382,customer_14646
uci_499383,499383,247.68,GBP,captured,online_retail,2010-02-26 12:09:00,setl_499383,customer_16913
uci_499384,499384,335.0,GBP,captured,online_retail,2010-02-26 12:10:00,setl_499384,customer_13753
uci_499386,499386,109.59,GBP,captured,online_retail,2010-02-26 12:13:00,setl_499386,customer_12854
uci_499387,499387,766.59,GBP,captured,online_retail,2010-02-26 12:41:00,setl_499387,customer_14680
uci_499388,499388,705.0,GBP,captured,online_retail,2010-02-26 12:43:00,setl_499388,customer_14646
uci_499398,499398,339.96,GBP,captured,online_retail,2010-02-26 13:01:00,setl_499398,customer_15309
uci_499399,499399,3537.82,GBP,captured,online_retail,2010-02-26 13:26:00,setl_499399,customer_14459
uci_499400,499400,311.3,GBP,captured,online_retail,2010-02-26 13:28:00,setl_499400,customer_13889
uci_499401,499401,145.0,GBP,captured,online_retail,2010-02-26 13:38:00,setl_499401,customer_14646
uci_499402,499402,287.55,GBP,captured,online_retail,2010-02-26 14:16:00,setl_499402,customer_14667
uci_499403,499403,128.55,GBP,captured,online_retail,2010-02-26 14:23:00,setl_499403,customer_13727
uci_499404,499404,432.06,GBP,captured,online_retail,2010-02-26 14:24:00,setl_499404,customer_17850
uci_499405,499405,707.81,GBP,captured,online_retail,2010-02-26 14:35:00,setl_499405,customer_14739
uci_499411,499411,364.1,GBP,captured,online_retail,2010-02-26 15:09:00,setl_499411,customer_13999
uci_499450,499450,177.98,GBP,captured,online_retail,2010-02-26 17:33:00,setl_499450,customer_14522
uci_499451,499451,153.0,GBP,captured,online_retail,2010-02-26 17:37:00,setl_499451,customer_17848
uci_499452,499452,142.15,GBP,captured,online_retail,2010-02-28 10:08:00,setl_499452,customer_17243
uci_499453,499453,255.05,GBP,captured,online_retail,2010-02-28 10:25:00,setl_499453,customer_14466
uci_499454,499454,279.2,GBP,captured,online_retail,2010-02-28 10:31:00,setl_499454,customer_12708
uci_499455,499455,368.4,GBP,captured,online_retail,2010-02-28 10:37:00,setl_499455,customer_15477
uci_499456,499456,131.4,GBP,captured,online_retail,2010-02-28 10:40:00,setl_499456,customer_17819
uci_499457,499457,259.2,GBP,captured,online_retail,2010-02-28 10:55:00,setl_499457,customer_15569
uci_499458,499458,398.16,GBP,captured,online_retail,2010-02-28 10:57:00,setl_499458,customer_13941
uci_499459,499459,159.78,GBP,captured,online_retail,2010-02-28 11:13:00,setl_499459,customer_15149
uci_499460,499460,164.05,GBP,captured,online_retail,2010-02-28 11:14:00,setl_499460,customer_15149
uci_499461,499461,179.41,GBP,captured,online_retail,2010-02-28 11:16:00,setl_499461,customer_15013
uci_499463,499463,464.94,GBP,captured,online_retail,2010-02-28 11:24:00,setl_499463,customer_13564
uci_499464,499464,202.03,GBP,captured,online_retail,2010-02-28 11:25:00,setl_499464,customer_17150
uci_499465,499465,349.64,GBP,captured,online_retail,2010-02-28 11:33:00,setl_499465,customer_14807
uci_499466,499466,208.93,GBP,captured,online_retail,2010-02-28 11:33:00,setl_499466,customer_17050
uci_499467,499467,189.63,GBP,captured,online_retail,2010-02-28 11:36:00,setl_499467,customer_18046
uci_499468,499468,248.0,GBP,captured,online_retail,2010-02-28 11:37:00,setl_499468,customer_13542
uci_499469,499469,679.92,GBP,captured,online_retail,2010-02-28 11:54:00,setl_499469,customer_13762
uci_499470,499470,45.0,GBP,captured,online_retail,2010-02-28 11:55:00,setl_499470,customer_12484
uci_499471,499471,141.54,GBP,captured,online_retail,2010-02-28 12:15:00,setl_499471,customer_17760
uci_499472,499472,236.4,GBP,captured,online_retail,2010-02-28 12:16:00,setl_499472,customer_14507
uci_499473,499473,245.97,GBP,captured,online_retail,2010-02-28 12:21:00,setl_499473,customer_16950
uci_499474,499474,693.16,GBP,captured,online_retail,2010-02-28 12:29:00,setl_499474,customer_15421
uci_499475,499475,198.6,GBP,captured,online_retail,2010-02-28 12:30:00,setl_499475,customer_15990
uci_499476,499476,101.4,GBP,captured,online_retail,2010-02-28 12:45:00,setl_499476,customer_17969
uci_499477,499477,145.59,GBP,captured,online_retail,2010-02-28 12:49:00,setl_499477,customer_15943
uci_499478,499478,410.48,GBP,captured,online_retail,2010-02-28 12:50:00,setl_499478,customer_15664
uci_499479,499479,421.35,GBP,captured,online_retail,2010-02-28 12:53:00,setl_499479,customer_13883
uci_499480,499480,132.95,GBP,captured,online_retail,2010-02-28 13:00:00,setl_499480,customer_15953
uci_499481,499481,658.5,GBP,captured,online_retail,2010-02-28 13:07:00,setl_499481,customer_16843
uci_499482,499482,523.05,GBP,captured,online_retail,2010-02-28 13:25:00,setl_499482,customer_12471
uci_499483,499483,175.24,GBP,captured,online_retail,2010-02-28 13:27:00,setl_499483,customer_13413
uci_499484,499484,196.2,GBP,captured,online_retail,2010-02-28 13:28:00,setl_499484,customer_17929
uci_499485,499485,170.35,GBP,captured,online_retail,2010-02-28 13:33:00,setl_499485,customer_16939
uci_499487,499487,199.5,GBP,captured,online_retail,2010-02-28 13:42:00,setl_499487,customer_13561
uci_499486,499486,1422.78,GBP,captured,online_retail,2010-02-28 13:42:00,setl_499486,customer_15061
uci_499488,499488,633.45,GBP,captured,online_retail,2010-02-28 13:49:00,setl_499488,customer_17858
uci_499490,499490,304.72,GBP,captured,online_retail,2010-02-28 13:55:00,setl_499490,customer_18106
uci_499491,499491,299.76,GBP,captured,online_retail,2010-02-28 14:03:00,setl_499491,customer_14064
uci_499494,499494,873.12,GBP,captured,online_retail,2010-02-28 14:12:00,setl_499494,customer_16283
uci_499495,499495,211.9,GBP,captured,online_retail,2010-02-28 14:17:00,setl_499495,customer_17372
uci_499496,499496,163.7,GBP,captured,online_retail,2010-02-28 14:17:00,setl_499496,customer_17373
uci_499497,499497,302.91,GBP,captured,online_retail,2010-02-28 14:24:00,setl_499497,customer_14396
uci_499498,499498,102.22,GBP,captured,online_retail,2010-02-28 14:34:00,setl_499498,customer_14396
uci_499499,499499,315.74,GBP,captured,online_retail,2010-02-28 14:41:00,setl_499499,customer_17211
uci_499500,499500,669.01,GBP,captured,online_retail,2010-02-28 14:43:00,setl_499500,customer_13044
uci_499502,499502,255.79,GBP,captured,online_retail,2010-02-28 15:01:00,setl_499502,customer_14044
uci_499503,499503,248.61,GBP,captured,online_retail,2010-02-28 15:05:00,setl_499503,customer_14068
uci_499504,499504,420.75,GBP,captured,online_retail,2010-02-28 15:21:00,setl_499504,customer_17848
uci_499505,499505,212.06,GBP,captured,online_retail,2010-02-28 15:58:00,setl_499505,customer_14606
uci_499506,499506,471.2,GBP,captured,online_retail,2010-02-28 16:00:00,setl_499506,customer_15031
uci_499507,499507,238.4,GBP,captured,online_retail,2010-02-28 16:01:00,setl_499507,customer_17209
uci_499508,499508,361.73,GBP,captured,online_retail,2010-02-28 16:14:00,setl_499508,customer_18069
uci_499509,499509,34.0,GBP,captured,online_retail,2010-02-28 16:16:00,setl_499509,customer_18069
uci_499510,499510,187.37,GBP,captured,online_retail,2010-03-01 08:38:00,setl_499510,customer_14798
uci_499511,499511,347.5,GBP,captured,online_retail,2010-03-01 08:55:00,setl_499511,customer_16717
uci_499512,499512,499.88,GBP,captured,online_retail,2010-03-01 09:13:00,setl_499512,customer_16202
uci_499513,499513,118.68,GBP,captured,online_retail,2010-03-01 09:24:00,setl_499513,customer_14949
uci_499515,499515,30.0,GBP,captured,online_retail,2010-03-01 09:30:00,setl_499515,customer_16202
uci_499516,499516,318.86,GBP,captured,online_retail,2010-03-01 09:56:00,setl_499516,customer_12779
uci_499517,499517,629.39,GBP,captured,online_retail,2010-03-01 09:58:00,setl_499517,customer_12598
uci_499519,499519,61.2,GBP,captured,online_retail,2010-03-01 10:06:00,setl_499519,customer_13694
uci_499520,499520,796.4,GBP,captured,online_retail,2010-03-01 10:07:00,setl_499520,customer_13694
uci_499521,499521,2377.38,GBP,captured,online_retail,2010-03-01 10:14:00,setl_499521,customer_13694
uci_499523,499523,1945.8,GBP,captured,online_retail,2010-03-01 10:17:00,setl_499523,customer_13694
uci_499524,499524,1943.52,GBP,captured,online_retail,2010-03-01 10:19:00,setl_499524,customer_13694
uci_499525,499525,132.0,GBP,captured,online_retail,2010-03-01 10:21:00,setl_499525,customer_13694
uci_499526,499526,124.85,GBP,captured,online_retail,2010-03-01 10:36:00,setl_499526,customer_17241
uci_499527,499527,399.55,GBP,captured,online_retail,2010-03-01 11:04:00,setl_499527,customer_14870
uci_499528,499528,240.9,GBP,captured,online_retail,2010-03-01 11:18:00,setl_499528,customer_17865
uci_499529,499529,177.12,GBP,captured,online_retail,2010-03-01 11:28:00,setl_499529,customer_13010
uci_499532,499532,379.7,GBP,captured,online_retail,2010-03-01 11:33:00,setl_499532,customer_15219
uci_499533,499533,136.08,GBP,captured,online_retail,2010-03-01 11:34:00,setl_499533,customer_17362
uci_499534,499534,255.0,GBP,captured,online_retail,2010-03-01 11:36:00,setl_499534,customer_16013
uci_499535,499535,364.35,GBP,captured,online_retail,2010-03-01 11:45:00,setl_499535,customer_14527
uci_499542,499542,187.87,GBP,captured,online_retail,2010-03-01 11:59:00,setl_499542,customer_14131
uci_499549,499549,214.48,GBP,captured,online_retail,2010-03-01 12:04:00,setl_499549,customer_18231
uci_499576,499576,106.66,GBP,captured,online_retail,2010-03-01 12:16:00,setl_499576,customer_13948
uci_499596,499596,300.15,GBP,captured,online_retail,2010-03-01 12:21:00,setl_499596,customer_16511
uci_499597,499597,353.72,GBP,captured,online_retail,2010-03-01 12:31:00,setl_499597,customer_16037
uci_499601,499601,605.4,GBP,captured,online_retail,2010-03-01 12:34:00,setl_499601,customer_13018
uci_499604,499604,213.3,GBP,captured,online_retail,2010-03-01 12:35:00,setl_499604,customer_13018
uci_499619,499619,2135.46,GBP,captured,online_retail,2010-03-01 12:47:00,setl_499619,customer_17305
uci_499623,499623,200.43,GBP,captured,online_retail,2010-03-01 13:06:00,setl_499623,customer_17377
uci_499624,499624,669.71,GBP,captured,online_retail,2010-03-01 13:10:00,setl_499624,customer_17593
uci_499625,499625,607.52,GBP,captured,online_retail,2010-03-01 13:14:00,setl_499625,customer_17965
uci_499628,499628,95.12,GBP,captured,online_retail,2010-03-01 13:22:00,setl_499628,customer_16521
uci_499629,499629,40.32,GBP,captured,online_retail,2010-03-01 13:22:00,setl_499629,customer_17324
uci_499630,499630,76.5,GBP,captured,online_retail,2010-03-01 13:24:00,setl_499630,customer_16273
uci_499633,499633,319.08,GBP,captured,online_retail,2010-03-01 13:29:00,setl_499633,customer_15311
uci_499632,499632,312.2,GBP,captured,online_retail,2010-03-01 13:29:00,setl_499632,customer_14401
uci_499631,499631,438.8,GBP,captured,online_retail,2010-03-01 13:29:00,setl_499631,customer_12540
uci_499635,499635,384.0,GBP,captured,online_retail,2010-03-01 13:40:00,setl_499635,customer_13027
uci_499636,499636,302.9,GBP,captured,online_retail,2010-03-01 13:41:00,setl_499636,customer_13050
uci_499637,499637,313.1,GBP,captured,online_retail,2010-03-01 13:45:00,setl_499637,customer_12989
uci_499639,499639,177.63,GBP,captured,online_retail,2010-03-01 13:51:00,setl_499639,customer_16519
uci_499640,499640,335.68,GBP,captured,online_retail,2010-03-01 13:57:00,setl_499640,customer_15291
uci_499641,499641,153.06,GBP,captured,online_retail,2010-03-01 14:01:00,setl_499641,customer_17841
uci_499650,499650,217.86,GBP,captured,online_retail,2010-03-01 14:31:00,setl_499650,customer_13993
uci_499656,499656,156.6,GBP,captured,online_retail,2010-03-01 14:48:00,setl_499656,customer_17359
uci_499657,499657,78.99,GBP,captured,online_retail,2010-03-01 14:54:00,setl_499657,customer_14896
uci_499659,499659,174.05,GBP,captured,online_retail,2010-03-01 15:05:00,setl_499659,customer_16731
uci_499660,499660,305.04,GBP,captured,online_retail,2010-03-01 15:10:00,setl_499660,customer_13798
uci_499663,499663,272.45,GBP,captured,online_retail,2010-03-01 15:21:00,setl_499663,customer_14755
uci_499664,499664,1189.34,GBP,captured,online_retail,2010-03-01 15:36:00,setl_499664,customer_14257
uci_499665,499665,474.71,GBP,captured,online_retail,2010-03-01 15:47:00,setl_499665,customer_13979
uci_499674,499674,40.0,GBP,captured,online_retail,2010-03-01 16:02:00,setl_499674,customer_15603
uci_499675,499675,397.84,GBP,captured,online_retail,2010-03-01 16:14:00,setl_499675,customer_17241
uci_499676,499676,389.78,GBP,captured,online_retail,2010-03-01 16:29:00,setl_499676,customer_17116
uci_499677,499677,141.24,GBP,captured,online_retail,2010-03-01 16:31:00,setl_499677,customer_13911
uci_499678,499678,136.15,GBP,captured,online_retail,2010-03-01 16:35:00,setl_499678,customer_17222
uci_499679,499679,257.2,GBP,captured,online_retail,2010-03-02 09:11:00,setl_499679,customer_13995
uci_499680,499680,49.95,GBP,captured,online_retail,2010-03-02 09:20:00,setl_499680,customer_17330
uci_499681,499681,1626.4,GBP,captured,online_retail,2010-03-02 09:23:00,setl_499681,customer_12731
uci_499682,499682,344.1,GBP,captured,online_retail,2010-03-02 09:25:00,setl_499682,customer_12623
uci_499683,499683,1464.28,GBP,captured,online_retail,2010-03-02 09:42:00,setl_499683,customer_16705
uci_499684,499684,122.04,GBP,captured,online_retail,2010-03-02 09:44:00,setl_499684,customer_16705
uci_499685,499685,1562.94,GBP,captured,online_retail,2010-03-02 10:04:00,setl_499685,customer_14646
uci_499686,499686,174.1,GBP,captured,online_retail,2010-03-02 10:08:00,setl_499686,customer_13202
uci_499687,499687,121.35,GBP,captured,online_retail,2010-03-02 10:16:00,setl_499687,customer_13468
uci_499689,499689,134.7,GBP,captured,online_retail,2010-03-02 10:37:00,setl_499689,customer_17905
uci_499691,499691,313.41,GBP,captured,online_retail,2010-03-02 10:46:00,setl_499691,customer_16296
uci_499692,499692,659.34,GBP,captured,online_retail,2010-03-02 10:49:00,setl_499692,customer_16946
uci_499752,499752,731.72,GBP,captured,online_retail,2010-03-02 11:53:00,setl_499752,customer_17477
uci_499754,499754,345.96,GBP,captured,online_retail,2010-03-02 12:01:00,setl_499754,customer_17850
uci_499756,499756,354.49,GBP,captured,online_retail,2010-03-02 12:17:00,setl_499756,customer_13797
uci_499757,499757,191.1,GBP,captured,online_retail,2010-03-02 12:18:00,setl_499757,customer_17377
uci_499758,499758,167.76,GBP,captured,online_retail,2010-03-02 12:20:00,setl_499758,customer_15003
uci_499759,499759,464.85,GBP,captured,online_retail,2010-03-02 12:24:00,setl_499759,customer_13126
uci_499760,499760,309.6,GBP,captured,online_retail,2010-03-02 12:29:00,setl_499760,customer_13777
uci_499761,499761,164.1,GBP,captured,online_retail,2010-03-02 12:30:00,setl_499761,customer_12972
uci_499762,499762,108.5,GBP,captured,online_retail,2010-03-02 12:48:00,setl_499762,customer_14818
uci_499763,499763,27.05,GBP,captured,online_retail,2010-03-02 13:08:00,setl_499763,customer_12346
uci_499764,499764,32.53,GBP,captured,online_retail,2010-03-02 13:09:00,setl_499764,customer_17372
uci_499768,499768,253.76,GBP,captured,online_retail,2010-03-02 13:20:00,setl_499768,customer_13173
uci_499770,499770,123.39,GBP,captured,online_retail,2010-03-02 13:25:00,setl_499770,customer_15927
uci_499769,499769,1518.8,GBP,captured,online_retail,2010-03-02 13:25:00,setl_499769,customer_13694
uci_499771,499771,108.72,GBP,captured,online_retail,2010-03-02 13:28:00,setl_499771,customer_18283
uci_499772,499772,443.98,GBP,captured,online_retail,2010-03-02 13:36:00,setl_499772,customer_16960
uci_499773,499773,312.0,GBP,captured,online_retail,2010-03-02 13:39:00,setl_499773,customer_16954
uci_499775,499775,68.28,GBP,captured,online_retail,2010-03-02 13:50:00,setl_499775,customer_17011
uci_499777,499777,566.43,GBP,captured,online_retail,2010-03-02 14:01:00,setl_499777,customer_12525
uci_499778,499778,341.73,GBP,captured,online_retail,2010-03-02 14:03:00,setl_499778,customer_16177
uci_499779,499779,311.7,GBP,captured,online_retail,2010-03-02 14:12:00,setl_499779,customer_16103
uci_499780,499780,633.68,GBP,captured,online_retail,2010-03-02 14:19:00,setl_499780,customer_12809
uci_499781,499781,644.25,GBP,captured,online_retail,2010-03-02 14:23:00,setl_499781,customer_13327
uci_499782,499782,234.0,GBP,captured,online_retail,2010-03-02 14:32:00,setl_499782,customer_17638
uci_499784,499784,426.0,GBP,captured,online_retail,2010-03-02 14:36:00,setl_499784,customer_15367
uci_499785,499785,301.9,GBP,captured,online_retail,2010-03-02 14:48:00,setl_499785,customer_15606
uci_499788,499788,339.46,GBP,captured,online_retail,2010-03-02 14:57:00,setl_499788,customer_16159
uci_499789,499789,2544.2,GBP,captured,online_retail,2010-03-02 14:59:00,setl_499789,customer_15311
uci_499795,499795,111.45,GBP,captured,online_retail,2010-03-02 15:23:00,setl_499795,customer_14895
uci_499797,499797,599.3,GBP,captured,online_retail,2010-03-02 15:28:00,setl_499797,customer_13473
uci_499798,499798,325.2,GBP,captured,online_retail,2010-03-02 15:37:00,setl_499798,customer_16523
uci_499799,499799,53.2,GBP,captured,online_retail,2010-03-02 15:44:00,setl_499799,customer_14867
uci_499801,499801,392.7,GBP,captured,online_retail,2010-03-02 15:45:00,setl_499801,customer_17850
uci_499800,499800,105.6,GBP,captured,online_retail,2010-03-02 15:45:00,setl_499800,customer_14867
uci_499849,499849,221.74,GBP,captured,online_retail,2010-03-02 16:33:00,setl_499849,customer_12926
uci_499850,499850,456.95,GBP,captured,online_retail,2010-03-02 16:36:00,setl_499850,customer_13593
uci_499853,499853,281.86,GBP,captured,online_retail,2010-03-02 16:50:00,setl_499853,customer_16520
uci_499859,499859,7.15,GBP,captured,online_retail,2010-03-02 17:05:00,setl_499859,customer_17961
uci_499864,499864,23.8,GBP,captured,online_retail,2010-03-02 17:10:00,setl_499864,customer_13593
uci_499866,499866,228.83,GBP,captured,online_retail,2010-03-02 17:13:00,setl_499866,customer_17576
uci_499873,499873,96.0,GBP,captured,online_retail,2010-03-03 08:25:00,setl_499873,customer_13793
uci_499874,499874,737.43,GBP,captured,online_retail,2010-03-03 08:42:00,setl_499874,customer_16556
uci_499875,499875,363.48,GBP,captured,online_retail,2010-03-03 09:06:00,setl_499875,customer_17850
uci_499876,499876,541.9,GBP,captured,online_retail,2010-03-03 09:10:00,setl_499876,customer_17850
uci_499877,499877,303.0,GBP,captured,online_retail,2010-03-03 09:16:00,setl_499877,customer_18087
uci_499878,499878,7720.6,GBP,captured,online_retail,2010-03-03 09:59:00,setl_499878,customer_14156
uci_499880,499880,545.45,GBP,captured,online_retail,2010-03-03 10:11:00,setl_499880,customer_13663
uci_499879,499879,305.8,GBP,captured,online_retail,2010-03-03 10:11:00,setl_499879,customer_15224
uci_499881,499881,473.09,GBP,captured,online_retail,2010-03-03 10:19:00,setl_499881,customer_12645
uci_499882,499882,392.7,GBP,captured,online_retail,2010-03-03 10:43:00,setl_499882,customer_17850
uci_499883,499883,508.33,GBP,captured,online_retail,2010-03-03 10:54:00,setl_499883,customer_16947
uci_499884,499884,326.7,GBP,captured,online_retail,2010-03-03 11:08:00,setl_499884,customer_14440
uci_499886,499886,136.5,GBP,captured,online_retail,2010-03-03 11:13:00,setl_499886,customer_16099
uci_499887,499887,124.05,GBP,captured,online_retail,2010-03-03 11:14:00,setl_499887,customer_15039
uci_499890,499890,258.42,GBP,captured,online_retail,2010-03-03 11:34:00,setl_499890,customer_14606
uci_499891,499891,604.0,GBP,captured,online_retail,2010-03-03 11:36:00,setl_499891,customer_14051
uci_499894,499894,274.77,GBP,captured,online_retail,2010-03-03 11:40:00,setl_499894,customer_14593
uci_499893,499893,114.1,GBP,captured,online_retail,2010-03-03 11:40:00,setl_499893,customer_18148
uci_499895,499895,133.48,GBP,captured,online_retail,2010-03-03 11:51:00,setl_499895,customer_14593
uci_499897,499897,1730.74,GBP,captured,online_retail,2010-03-03 11:53:00,setl_499897,customer_14298
uci_499899,499899,159.3,GBP,captured,online_retail,2010-03-03 11:57:00,setl_499899,customer_13820
uci_499900,499900,344.57,GBP,captured,online_retail,2010-03-03 12:02:00,setl_499900,customer_14194
uci_499914,499914,341.0,GBP,captured,online_retail,2010-03-03 12:10:00,setl_499914,customer_13097
uci_499912,499912,599.57,GBP,captured,online_retail,2010-03-03 12:10:00,setl_499912,customer_15179
uci_499918,499918,564.49,GBP,captured,online_retail,2010-03-03 12:16:00,setl_499918,customer_13097
uci_499919,499919,537.01,GBP,captured,online_retail,2010-03-03 12:20:00,setl_499919,customer_14911
uci_499922,499922,129.11,GBP,captured,online_retail,2010-03-03 12:21:00,setl_499922,customer_14911
uci_499921,499921,991.62,GBP,captured,online_retail,2010-03-03 12:21:00,setl_499921,customer_14911
uci_499939,499939,316.86,GBP,captured,online_retail,2010-03-03 12:27:00,setl_499939,customer_17020
uci_499942,499942,149.55,GBP,captured,online_retail,2010-03-03 12:31:00,setl_499942,customer_13873
uci_499944,499944,222.57,GBP,captured,online_retail,2010-03-03 12:34:00,setl_499944,customer_14530
uci_499956,499956,155.65,GBP,captured,online_retail,2010-03-03 12:42:00,setl_499956,customer_15015
uci_499958,499958,165.2,GBP,captured,online_retail,2010-03-03 12:45:00,setl_499958,customer_14915
uci_499959,499959,200.0,GBP,captured,online_retail,2010-03-03 12:53:00,setl_499959,customer_12380
uci_499960,499960,815.79,GBP,captured,online_retail,2010-03-03 12:54:00,setl_499960,customer_13294
uci_499961,499961,1085.01,GBP,captured,online_retail,2010-03-03 12:57:00,setl_499961,customer_16019
uci_499962,499962,208.92,GBP,captured,online_retail,2010-03-03 13:04:00,setl_499962,customer_12835
uci_499964,499964,154.14,GBP,captured,online_retail,2010-03-03 13:51:00,setl_499964,customer_12594
uci_499965,499965,776.65,GBP,captured,online_retail,2010-03-03 13:57:00,setl_499965,customer_16461
uci_499966,499966,193.66,GBP,captured,online_retail,2010-03-03 14:02:00,setl_499966,customer_17742
uci_499967,499967,1115.33,GBP,captured,online_retail,2010-03-03 14:06:00,setl_499967,customer_16636
uci_499967,499967,196.12,GBP,captured,online_retail,2010-03-03 14:07:00,setl_499967,customer_16636
uci_499968,499968,1647.63,GBP,captured,online_retail,2010-03-03 14:10:00,setl_499968,customer_13214
uci_499969,499969,664.54,GBP,captured,online_retail,2010-03-03 14:13:00,setl_499969,customer_13722
uci_499971,499971,268.68,GBP,captured,online_retail,2010-03-03 14:20:00,setl_499971,customer_17188
uci_499972,499972,773.79,GBP,captured,online_retail,2010-03-03 14:31:00,setl_499972,customer_13680
uci_499973,499973,547.69,GBP,captured,online_retail,2010-03-03 14:42:00,setl_499973,customer_13595
uci_499974,499974,113.8,GBP,captured,online_retail,2010-03-03 14:43:00,setl_499974,customer_14905
uci_499975,499975,159.07,GBP,captured,online_retail,2010-03-03 14:44:00,setl_499975,customer_16125
uci_499977,499977,359.53,GBP,captured,online_retail,2010-03-03 15:13:00,setl_499977,customer_14142
uci_499979,499979,426.69,GBP,captured,online_retail,2010-03-03 15:26:00,setl_499979,customer_18152
uci_499981,499981,128.19,GBP,captured,online_retail,2010-03-03 15:52:00,setl_499981,customer_15605
uci_499982,499982,299.28,GBP,captured,online_retail,2010-03-03 15:56:00,setl_499982,customer_12681
uci_499985,499985,20.32,GBP,captured,online_retail,2010-03-03 16:03:00,setl_499985,customer_12598
uci_499986,499986,176.9,GBP,captured,online_retail,2010-03-03 16:03:00,setl_499986,customer_16285
uci_499988,499988,98.7,GBP,captured,online_retail,2010-03-03 16:21:00,setl_499988,customer_13654
uci_499990,499990,306.54,GBP,captured,online_retail,2010-03-03 16:33:00,setl_499990,customer_13890
uci_499991,499991,171.15,GBP,captured,online_retail,2010-03-03 16:37:00,setl_499991,customer_14156
uci_499993,499993,152.85,GBP,captured,online_retail,2010-03-03 16:49:00,setl_499993,customer_14157
uci_499994,499994,111.72,GBP,captured,online_retail,2010-03-03 16:51:00,setl_499994,customer_15875
uci_499995,499995,366.51,GBP,captured,online_retail,2010-03-03 17:18:00,setl_499995,customer_15544
uci_499996,499996,124.45,GBP,captured,online_retail,2010-03-04 08:26:00,setl_499996,customer_13835
uci_499997,499997,758.38,GBP,captured,online_retail,2010-03-04 09:08:00,setl_499997,customer_15798
uci_499998,499998,381.54,GBP,captured,online_retail,2010-03-04 09:32:00,setl_499998,customer_14156
uci_499999,499999,39.95,GBP,captured,online_retail,2010-03-04 09:37:00,setl_499999,customer_15754
uci_500001,500001,286.6,GBP,captured,online_retail,2010-03-04 09:38:00,setl_500001,customer_15222
uci_500008,500008,394.59,GBP,captured,online_retail,2010-03-04 09:51:00,setl_500008,customer_12431
uci_500009,500009,99.6,GBP,captured,online_retail,2010-03-04 09:53:00,setl_500009,customer_13249
uci_500010,500010,815.32,GBP,captured,online_retail,2010-03-04 10:06:00,setl_500010,customer_13377
uci_500012,500012,620.54,GBP,captured,online_retail,2010-03-04 10:23:00,setl_500012,customer_17049
uci_500014,500014,1449.74,GBP,captured,online_retail,2010-03-04 10:29:00,setl_500014,customer_15622
uci_500015,500015,327.4,GBP,captured,online_retail,2010-03-04 10:31:00,setl_500015,customer_17861
uci_500017,500017,196.2,GBP,captured,online_retail,2010-03-04 10:40:00,setl_500017,customer_14298
uci_500018,500018,243.36,GBP,captured,online_retail,2010-03-04 10:41:00,setl_500018,customer_17930
uci_500019,500019,90.0,GBP,captured,online_retail,2010-03-04 10:41:00,setl_500019,customer_13770
uci_500020,500020,349.4,GBP,captured,online_retail,2010-03-04 10:45:00,setl_500020,customer_15084
uci_500022,500022,132.0,GBP,captured,online_retail,2010-03-04 10:46:00,setl_500022,customer_14097
uci_500021,500021,276.49,GBP,captured,online_retail,2010-03-04 10:46:00,setl_500021,customer_13044
uci_500023,500023,564.2,GBP,captured,online_retail,2010-03-04 10:47:00,setl_500023,customer_18151
uci_500024,500024,395.5,GBP,captured,online_retail,2010-03-04 10:49:00,setl_500024,customer_13879
uci_500025,500025,751.8,GBP,captured,online_retail,2010-03-04 11:11:00,setl_500025,customer_15950
uci_500029,500029,301.33,GBP,captured,online_retail,2010-03-04 11:28:00,setl_500029,customer_13266
uci_500030,500030,288.5,GBP,captured,online_retail,2010-03-04 11:29:00,setl_500030,customer_14527
uci_500045,500045,97.5,GBP,captured,online_retail,2010-03-04 11:36:00,setl_500045,customer_16748
uci_500064,500064,547.2,GBP,captured,online_retail,2010-03-04 11:42:00,setl_500064,customer_17663
uci_500072,500072,579.75,GBP,captured,online_retail,2010-03-04 11:44:00,setl_500072,customer_15538
uci_500073,500073,356.24,GBP,captured,online_retail,2010-03-04 11:44:00,setl_500073,customer_13047
uci_500083,500083,392.7,GBP,captured,online_retail,2010-03-04 11:53:00,setl_500083,customer_17850
uci_500092,500092,498.63,GBP,captured,online_retail,2010-03-04 12:11:00,setl_500092,customer_12978
uci_500093,500093,183.64,GBP,captured,online_retail,2010-03-04 12:13:00,setl_500093,customer_15910
uci_500094,500094,331.58,GBP,captured,online_retail,2010-03-04 12:24:00,setl_500094,customer_15005
uci_500096,500096,269.2,GBP,captured,online_retail,2010-03-04 12:31:00,setl_500096,customer_14560
uci_500098,500098,718.21,GBP,captured,online_retail,2010-03-04 12:32:00,setl_500098,customer_16771
uci_500097,500097,399.9,GBP,captured,online_retail,2010-03-04 12:32:00,setl_500097,customer_15633
uci_500100,500100,257.77,GBP,captured,online_retail,2010-03-04 12:37:00,setl_500100,customer_16859
uci_500099,500099,213.29,GBP,captured,online_retail,2010-03-04 12:37:00,setl_500099,customer_15358
uci_500105,500105,233.8,GBP,captured,online_retail,2010-03-04 12:39:00,setl_500105,customer_17287
uci_500108,500108,440.2,GBP,captured,online_retail,2010-03-04 12:41:00,setl_500108,customer_15358
uci_500113,500113,308.74,GBP,captured,online_retail,2010-03-04 12:50:00,setl_500113,customer_13097
uci_500114,500114,635.0,GBP,captured,online_retail,2010-03-04 12:53:00,setl_500114,customer_18272
uci_500115,500115,40.65,GBP,captured,online_retail,2010-03-04 12:57:00,setl_500115,customer_17847
uci_500116,500116,236.35,GBP,captured,online_retail,2010-03-04 13:01:00,setl_500116,customer_17577
uci_500117,500117,663.96,GBP,captured,online_retail,2010-03-04 13:24:00,setl_500117,customer_18064
uci_500118,500118,955.5,GBP,captured,online_retail,2010-03-04 13:39:00,setl_500118,customer_14680
uci_500119,500119,236.66,GBP,captured,online_retail,2010-03-04 13:47:00,setl_500119,customer_17905
uci_500120,500120,453.08,GBP,captured,online_retail,2010-03-04 13:53:00,setl_500120,customer_14135
uci_500121,500121,202.35,GBP,captured,online_retail,2010-03-04 14:05:00,setl_500121,customer_12490
uci_500122,500122,367.15,GBP,captured,online_retail,2010-03-04 14:23:00,setl_500122,customer_14018
uci_500123,500123,743.62,GBP,captured,online_retail,2010-03-04 14:24:00,setl_500123,customer_14911
uci_500124,500124,434.55,GBP,captured,online_retail,2010-03-04 14:27:00,setl_500124,customer_14388
uci_500125,500125,437.24,GBP,captured,online_retail,2010-03-04 14:36:00,setl_500125,customer_14426
uci_500126,500126,2985.5,GBP,captured,online_retail,2010-03-04 14:41:00,setl_500126,customer_13881
uci_500128,500128,128.55,GBP,captured,online_retail,2010-03-04 14:45:00,setl_500128,customer_13610
uci_500129,500129,610.54,GBP,captured,online_retail,2010-03-04 14:50:00,setl_500129,customer_15768
uci_500130,500130,261.3,GBP,captured,online_retail,2010-03-04 14:53:00,setl_500130,customer_17159
uci_500132,500132,513.05,GBP,captured,online_retail,2010-03-04 15:05:00,setl_500132,customer_15311
uci_500133,500133,402.79,GBP,captured,online_retail,2010-03-04 15:07:00,setl_500133,customer_16329
uci_500134,500134,314.57,GBP,captured,online_retail,2010-03-04 15:39:00,setl_500134,customer_14740
uci_500135,500135,576.9,GBP,captured,online_retail,2010-03-04 15:44:00,setl_500135,customer_16096
uci_500141,500141,281.76,GBP,captured,online_retail,2010-03-04 16:06:00,setl_500141,customer_15601
uci_500144,500144,604.33,GBP,captured,online_retail,2010-03-04 16:38:00,setl_500144,customer_15601
uci_500145,500145,363.56,GBP,captured,online_retail,2010-03-04 17:08:00,setl_500145,customer_14748
uci_500146,500146,392.67,GBP,captured,online_retail,2010-03-04 17:10:00,setl_500146,customer_15030
uci_500147,500147,270.05,GBP,captured,online_retail,2010-03-04 17:22:00,setl_500147,customer_15812
uci_500148,500148,431.59,GBP,captured,online_retail,2010-03-04 17:29:00,setl_500148,customer_17448
uci_500149,500149,184.72,GBP,captured,online_retail,2010-03-04 17:40:00,setl_500149,customer_17931
uci_500150,500150,290.05,GBP,captured,online_retail,2010-03-04 17:42:00,setl_500150,customer_14769
uci_500151,500151,53.12,GBP,captured,online_retail,2010-03-04 17:45:00,setl_500151,customer_17931
uci_500153,500153,3.95,GBP,captured,online_retail,2010-03-04 17:54:00,setl_500153,customer_17931
uci_500155,500155,7.5,GBP,captured,online_retail,2010-03-04 18:02:00,setl_500155,customer_17931
uci_500157,500157,320.88,GBP,captured,online_retail,2010-03-04 18:23:00,setl_500157,customer_12371
uci_500158,500158,286.8,GBP,captured,online_retail,2010-03-04 18:25:00,setl_500158,customer_12371
uci_500159,500159,219.83,GBP,captured,online_retail,2010-03-04 18:27:00,setl_500159,customer_14159
uci_500160,500160,411.79,GBP,captured,online_retail,2010-03-04 18:46:00,setl_500160,customer_14841
uci_500161,500161,394.35,GBP,captured,online_retail,2010-03-05 07:15:00,setl_500161,customer_12647
uci_500162,500162,299.83,GBP,captured,online_retail,2010-03-05 08:01:00,setl_500162,customer_17718
uci_500163,500163,205.98,GBP,captured,online_retail,2010-03-05 08:45:00,setl_500163,customer_12399
uci_500165,500165,478.5,GBP,captured,online_retail,2010-03-05 09:07:00,setl_500165,customer_13280
uci_500166,500166,328.72,GBP,captured,online_retail,2010-03-05 09:09:00,setl_500166,customer_15203
uci_500167,500167,70.0,GBP,captured,online_retail,2010-03-05 09:15:00,setl_500167,customer_12568
uci_500169,500169,1211.76,GBP,captured,online_retail,2010-03-05 09:39:00,setl_500169,customer_12497
uci_500168,500168,240.8,GBP,captured,online_retail,2010-03-05 09:39:00,setl_500168,customer_13476
uci_500170,500170,421.45,GBP,captured,online_retail,2010-03-05 10:05:00,setl_500170,customer_18226
uci_500171,500171,73.6,GBP,captured,online_retail,2010-03-05 10:11:00,setl_500171,customer_14037
uci_500172,500172,807.12,GBP,captured,online_retail,2010-03-05 10:12:00,setl_500172,customer_18102
uci_500173,500173,5525.28,GBP,captured,online_retail,2010-03-05 10:13:00,setl_500173,customer_18102
uci_500174,500174,302.52,GBP,captured,online_retail,2010-03-05 10:14:00,setl_500174,customer_12839
uci_500175,500175,750.28,GBP,captured,online_retail,2010-03-05 10:20:00,setl_500175,customer_14156
uci_500176,500176,334.06,GBP,captured,online_retail,2010-03-05 10:35:00,setl_500176,customer_12437
uci_500177,500177,224.8,GBP,captured,online_retail,2010-03-05 10:37:00,setl_500177,customer_16742
uci_500181,500181,274.8,GBP,captured,online_retail,2010-03-05 10:50:00,setl_500181,customer_14957
uci_500183,500183,522.73,GBP,captured,online_retail,2010-03-05 10:51:00,setl_500183,customer_17508
uci_500198,500198,721.46,GBP,captured,online_retail,2010-03-05 10:55:00,setl_500198,customer_13037
uci_500205,500205,23.4,GBP,captured,online_retail,2010-03-05 10:58:00,setl_500205,customer_13037
uci_500220,500220,237.95,GBP,captured,online_retail,2010-03-05 11:16:00,setl_500220,customer_14896
uci_500223,500223,204.34,GBP,captured,online_retail,2010-03-05 11:17:00,setl_500223,customer_14186
uci_500232,500232,2640.0,GBP,captured,online_retail,2010-03-05 11:22:00,setl_500232,customer_15769
uci_500233,500233,194.32,GBP,captured,online_retail,2010-03-05 11:31:00,setl_500233,customer_13544
uci_500234,500234,407.36,GBP,captured,online_retail,2010-03-05 11:50:00,setl_500234,customer_17841
uci_500235,500235,317.5,GBP,captured,online_retail,2010-03-05 11:55:00,setl_500235,customer_12823
uci_500236,500236,332.8,GBP,captured,online_retail,2010-03-05 11:56:00,setl_500236,customer_16746
uci_500237,500237,498.04,GBP,captured,online_retail,2010-03-05 11:56:00,setl_500237,customer_12417
uci_500238,500238,116.5,GBP,captured,online_retail,2010-03-05 11:57:00,setl_500238,customer_15827
uci_500239,500239,188.1,GBP,captured,online_retail,2010-03-05 11:58:00,setl_500239,customer_13515
uci_500240,500240,192.6,GBP,captured,online_retail,2010-03-05 12:01:00,setl_500240,customer_18061
uci_500241,500241,310.8,GBP,captured,online_retail,2010-03-05 12:09:00,setl_500241,customer_16156
uci_500246,500246,53.4,GBP,captured,online_retail,2010-03-05 12:39:00,setl_500246,customer_17707
uci_500247,500247,300.05,GBP,captured,online_retail,2010-03-05 12:42:00,setl_500247,customer_14136
uci_500249,500249,27.36,GBP,captured,online_retail,2010-03-05 12:44:00,setl_500249,customer_14156
uci_500250,500250,50.0,GBP,captured,online_retail,2010-03-05 12:56:00,setl_500250,customer_15094
uci_500251,500251,89.55,GBP,captured,online_retail,2010-03-05 12:57:00,setl_500251,customer_14681
uci_500252,500252,80.3,GBP,captured,online_retail,2010-03-05 13:06:00,setl_500252,customer_15607
uci_500254,500254,315.17,GBP,captured,online_retail,2010-03-05 13:19:00,setl_500254,customer_13446
uci_500255,500255,405.42,GBP,captured,online_retail,2010-03-05 13:21:00,setl_500255,customer_17190
uci_500256,500256,400.13,GBP,captured,online_retail,2010-03-05 13:24:00,setl_500256,customer_14649
uci_500257,500257,180.81,GBP,captured,online_retail,2010-03-05 13:33:00,setl_500257,customer_17006
uci_500259,500259,269.0,GBP,captured,online_retail,2010-03-05 13:52:00,setl_500259,customer_17716
uci_500260,500260,156.9,GBP,captured,online_retail,2010-03-05 13:57:00,setl_500260,customer_15795
uci_500261,500261,15.25,GBP,captured,online_retail,2010-03-05 14:21:00,setl_500261,customer_18037
uci_500262,500262,295.05,GBP,captured,online_retail,2010-03-05 14:30:00,setl_500262,customer_15630
uci_500267,500267,599.12,GBP,captured,online_retail,2010-03-05 14:39:00,setl_500267,customer_15978
uci_500271,500271,104.25,GBP,captured,online_retail,2010-03-05 14:41:00,setl_500271,customer_15732
uci_500278,500278,284.05,GBP,captured,online_retail,2010-03-05 14:51:00,setl_500278,customer_14852
uci_500282,500282,594.0,GBP,captured,online_retail,2010-03-05 14:56:00,setl_500282,customer_15929
uci_500285,500285,40.1,GBP,captured,online_retail,2010-03-05 15:07:00,setl_500285,customer_17961
uci_500287,500287,157.74,GBP,captured,online_retail,2010-03-05 15:21:00,setl_500287,customer_14852
uci_500289,500289,330.0,GBP,captured,online_retail,2010-03-05 15:36:00,setl_500289,customer_14045
uci_500292,500292,187.44,GBP,captured,online_retail,2010-03-05 15:48:00,setl_500292,customer_16620
uci_500293,500293,638.56,GBP,captured,online_retail,2010-03-05 16:02:00,setl_500293,customer_13174
uci_500294,500294,425.3,GBP,captured,online_retail,2010-03-05 16:35:00,setl_500294,customer_14233
uci_500296,500296,12.12,GBP,captured,online_retail,2010-03-05 16:37:00,setl_500296,customer_12748
uci_500297,500297,378.3,GBP,captured,online_retail,2010-03-05 16:39:00,setl_500297,customer_13799
uci_500299,500299,268.52,GBP,captured,online_retail,2010-03-05 16:52:00,setl_500299,customer_14085
uci_500300,500300,621.15,GBP,captured,online_retail,2010-03-07 10:19:00,setl_500300,customer_15482
uci_500301,500301,164.05,GBP,captured,online_retail,2010-03-07 10:27:00,setl_500301,customer_17365
uci_500302,500302,337.74,GBP,captured,online_retail,2010-03-07 10:49:00,setl_500302,customer_14110
uci_500303,500303,477.1,GBP,captured,online_retail,2010-03-07 10:55:00,setl_500303,customer_16331
uci_500304,500304,130.3,GBP,captured,online_retail,2010-03-07 10:58:00,setl_500304,customer_14172
uci_500306,500306,316.75,GBP,captured,online_retail,2010-03-07 11:01:00,setl_500306,customer_13201
uci_500310,500310,309.3,GBP,captured,online_retail,2010-03-07 11:24:00,setl_500310,customer_15270
uci_500311,500311,451.88,GBP,captured,online_retail,2010-03-07 11:27:00,setl_500311,customer_16923
uci_500313,500313,94.5,GBP,captured,online_retail,2010-03-07 11:31:00,setl_500313,customer_17769
uci_500312,500312,296.21,GBP,captured,online_retail,2010-03-07 11:31:00,setl_500312,customer_17448
uci_500316,500316,176.08,GBP,captured,online_retail,2010-03-07 11:58:00,setl_500316,customer_13508
uci_500318,500318,388.35,GBP,captured,online_retail,2010-03-07 12:01:00,setl_500318,customer_17675
uci_500320,500320,679.04,GBP,captured,online_retail,2010-03-07 12:03:00,setl_500320,customer_16271
uci_500322,500322,375.61,GBP,captured,online_retail,2010-03-07 12:06:00,setl_500322,customer_16798
uci_500323,500323,487.75,GBP,captured,online_retail,2010-03-07 12:09:00,setl_500323,customer_13958
uci_500324,500324,406.27,GBP,captured,online_retail,2010-03-07 12:10:00,setl_500324,customer_15443
uci_500325,500325,232.65,GBP,captured,online_retail,2010-03-07 12:20:00,setl_500325,customer_14205
uci_500326,500326,206.7,GBP,captured,online_retail,2010-03-07 12:25:00,setl_500326,customer_14877
uci_500327,500327,203.37,GBP,captured,online_retail,2010-03-07 12:35:00,setl_500327,customer_17913
uci_500328,500328,317.88,GBP,captured,online_retail,2010-03-07 12:38:00,setl_500328,customer_18253
uci_500329,500329,583.25,GBP,captured,online_retail,2010-03-07 12:56:00,setl_500329,customer_13764
uci_500330,500330,231.79,GBP,captured,online_retail,2010-03-07 13:00:00,setl_500330,customer_17236
uci_500331,500331,369.99,GBP,captured,online_retail,2010-03-07 13:08:00,setl_500331,customer_13764
uci_500332,500332,259.36,GBP,captured,online_retail,2010-03-07 13:08:00,setl_500332,customer_17085
uci_500333,500333,442.59,GBP,captured,online_retail,2010-03-07 13:28:00,setl_500333,customer_16735
uci_500334,500334,315.28,GBP,captured,online_retail,2010-03-07 13:37:00,setl_500334,customer_12872
uci_500335,500335,242.72,GBP,captured,online_retail,2010-03-07 13:44:00,setl_500335,customer_14606
uci_500336,500336,619.04,GBP,captured,online_retail,2010-03-07 13:48:00,setl_500336,customer_17589
uci_500337,500337,321.7,GBP,captured,online_retail,2010-03-07 13:55:00,setl_500337,customer_17734
uci_500338,500338,396.83,GBP,captured,online_retail,2010-03-07 14:05:00,setl_500338,customer_13276
uci_500339,500339,337.56,GBP,captured,online_retail,2010-03-07 14:23:00,setl_500339,customer_13557
uci_500340,500340,152.75,GBP,captured,online_retail,2010-03-07 14:25:00,setl_500340,customer_13561
uci_500341,500341,479.91,GBP,captured,online_retail,2010-03-07 14:31:00,setl_500341,customer_16466
uci_500342,500342,9.3,GBP,captured,online_retail,2010-03-07 14:32:00,setl_500342,customer_13561
uci_500343,500343,357.0,GBP,captured,online_retail,2010-03-07 14:37:00,setl_500343,customer_12530
uci_500344,500344,353.14,GBP,captured,online_retail,2010-03-07 14:39:00,setl_500344,customer_17448
uci_500346,500346,114.6,GBP,captured,online_retail,2010-03-07 14:50:00,setl_500346,customer_17969
uci_500347,500347,596.67,GBP,captured,online_retail,2010-03-07 14:52:00,setl_500347,customer_15631
uci_500349,500349,102.13,GBP,captured,online_retail,2010-03-07 14:56:00,setl_500349,customer_15751
uci_500350,500350,7.5,GBP,captured,online_retail,2010-03-07 15:01:00,setl_500350,customer_15751
uci_500353,500353,439.55,GBP,captured,online_retail,2010-03-07 15:24:00,setl_500353,customer_12668
uci_500353,500353,1527.29,GBP,captured,online_retail,2010-03-07 15:25:00,setl_500353,customer_12668
uci_500354,500354,250.02,GBP,captured,online_retail,2010-03-07 15:27:00,setl_500354,customer_13026
uci_500355,500355,433.77,GBP,captured,online_retail,2010-03-07 15:30:00,setl_500355,customer_18029
uci_500356,500356,1816.98,GBP,captured,online_retail,2010-03-07 15:34:00,setl_500356,customer_16984
uci_500357,500357,190.38,GBP,captured,online_retail,2010-03-07 15:41:00,setl_500357,customer_16310
uci_500359,500359,299.44,GBP,captured,online_retail,2010-03-07 15:47:00,setl_500359,customer_14369
uci_500358,500358,635.9,GBP,captured,online_retail,2010-03-07 15:47:00,setl_500358,customer_16534
uci_500360,500360,298.5,GBP,captured,online_retail,2010-03-07 15:50:00,setl_500360,customer_17158
uci_500361,500361,7.5,GBP,captured,online_retail,2010-03-07 15:56:00,setl_500361,customer_17961
uci_500362,500362,365.15,GBP,captured,online_retail,2010-03-07 16:12:00,setl_500362,customer_17449
uci_500367,500367,348.32,GBP,captured,online_retail,2010-03-08 08:09:00,setl_500367,customer_12369
uci_500368,500368,553.7,GBP,captured,online_retail,2010-03-08 08:33:00,setl_500368,customer_14493
uci_500369,500369,314.6,GBP,captured,online_retail,2010-03-08 08:42:00,setl_500369,customer_14628
uci_500370,500370,296.25,GBP,captured,online_retail,2010-03-08 08:45:00,setl_500370,customer_17063
uci_500371,500371,80.62,GBP,captured,online_retail,2010-03-08 08:47:00,setl_500371,customer_15847
uci_500372,500372,122.02,GBP,captured,online_retail,2010-03-08 08:56:00,setl_500372,customer_17298
uci_500373,500373,307.33,GBP,captured,online_retail,2010-03-08 09:41:00,setl_500373,customer_15791
uci_500374,500374,147.0,GBP,captured,online_retail,2010-03-08 09:43:00,setl_500374,customer_12765
uci_500375,500375,373.5,GBP,captured,online_retail,2010-03-08 09:49:00,setl_500375,customer_17682
uci_500376,500376,703.2,GBP,captured,online_retail,2010-03-08 09:57:00,setl_500376,customer_12524
uci_500377,500377,204.05,GBP,captured,online_retail,2010-03-08 10:05:00,setl_500377,customer_17454
uci_500379,500379,337.74,GBP,captured,online_retail,2010-03-08 10:15:00,setl_500379,customer_12359
uci_500378,500378,304.32,GBP,captured,online_retail,2010-03-08 10:15:00,setl_500378,customer_14404
uci_500380,500380,214.83,GBP,captured,online_retail,2010-03-08 10:17:00,setl_500380,customer_12825
uci_500381,500381,387.24,GBP,captured,online_retail,2010-03-08 10:19:00,setl_500381,customer_13148
uci_500382,500382,224.94,GBP,captured,online_retail,2010-03-08 10:32:00,setl_500382,customer_16351
uci_500383,500383,456.85,GBP,captured,online_retail,2010-03-08 10:41:00,setl_500383,customer_12986
uci_500384,500384,50.4,GBP,captured,online_retail,2010-03-08 10:45:00,setl_500384,customer_17740
uci_500385,500385,514.48,GBP,captured,online_retail,2010-03-08 10:49:00,setl_500385,customer_14290
uci_500386,500386,308.4,GBP,captured,online_retail,2010-03-08 10:58:00,setl_500386,customer_14160
uci_500389,500389,2133.16,GBP,captured,online_retail,2010-03-08 11:26:00,setl_500389,customer_16029
uci_500399,500399,101.9,GBP,captured,online_retail,2010-03-08 11:31:00,setl_500399,customer_17325
uci_500400,500400,2394.0,GBP,captured,online_retail,2010-03-08 11:32:00,setl_500400,customer_16754
uci_500425,500425,343.35,GBP,captured,online_retail,2010-03-08 11:58:00,setl_500425,customer_13798
uci_500428,500428,193.2,GBP,captured,online_retail,2010-03-08 11:59:00,setl_500428,customer_13157
uci_500449,500449,159.15,GBP,captured,online_retail,2010-03-08 12:08:00,setl_500449,customer_17542
uci_500448,500448,468.0,GBP,captured,online_retail,2010-03-08 12:09:00,setl_500448,customer_17857
uci_500450,500450,651.18,GBP,captured,online_retail,2010-03-08 12:10:00,setl_500450,customer_16013
uci_500451,500451,127.5,GBP,captured,online_retail,2010-03-08 12:13:00,setl_500451,customer_16013
uci_500452,500452,339.36,GBP,captured,online_retail,2010-03-08 12:15:00,setl_500452,customer_16422
uci_500453,500453,11.8,GBP,captured,online_retail,2010-03-08 12:17:00,setl_500453,customer_17542
uci_500455,500455,580.08,GBP,captured,online_retail,2010-03-08 12:18:00,setl_500455,customer_12514
uci_500454,500454,1095.0,GBP,captured,online_retail,2010-03-08 12:18:00,setl_500454,customer_15538
uci_500456,500456,232.64,GBP,captured,online_retail,2010-03-08 12:19:00,setl_500456,customer_13497
uci_500457,500457,10.9,GBP,captured,online_retail,2010-03-08 12:22:00,setl_500457,customer_17960
uci_500458,500458,78.0,GBP,captured,online_retail,2010-03-08 12:24:00,setl_500458,customer_16628
uci_500459,500459,309.26,GBP,captured,online_retail,2010-03-08 12:25:00,setl_500459,customer_13004
uci_500460,500460,313.2,GBP,captured,online_retail,2010-03-08 12:33:00,setl_500460,customer_18170
uci_500476,500476,323.02,GBP,captured,online_retail,2010-03-08 12:45:00,setl_500476,customer_15719
uci_500493,500493,47.79,GBP,captured,online_retail,2010-03-08 12:52:00,setl_500493,customer_17289
uci_500495,500495,10.0,GBP,captured,online_retail,2010-03-08 13:04:00,setl_500495,customer_15078
uci_500498,500498,1334.27,GBP,captured,online_retail,2010-03-08 13:17:00,setl_500498,customer_17672
uci_500500,500500,111.56,GBP,captured,online_retail,2010-03-08 13:24:00,setl_500500,customer_14173
uci_500501,500501,210.0,GBP,captured,online_retail,2010-03-08 13:24:00,setl_500501,customer_18219
uci_500502,500502,848.7,GBP,captured,online_retail,2010-03-08 13:37:00,setl_500502,customer_17025
uci_500503,500503,332.83,GBP,captured,online_retail,2010-03-08 13:38:00,setl_500503,customer_15916
uci_500504,500504,23.35,GBP,captured,online_retail,2010-03-08 13:41:00,setl_500504,customer_16537
uci_500505,500505,445.44,GBP,captured,online_retail,2010-03-08 13:44:00,setl_500505,customer_13001
uci_500506,500506,340.03,GBP,captured,online_retail,2010-03-08 13:48:00,setl_500506,customer_14562
uci_500508,500508,111.3,GBP,captured,online_retail,2010-03-08 13:52:00,setl_500508,customer_12932
uci_500509,500509,229.53,GBP,captured,online_retail,2010-03-08 14:04:00,setl_500509,customer_16400
uci_500510,500510,336.5,GBP,captured,online_retail,2010-03-08 14:07:00,setl_500510,customer_17488
uci_500511,500511,151.5,GBP,captured,online_retail,2010-03-08 14:10:00,setl_500511,customer_16681
uci_500523,500523,137.7,GBP,captured,online_retail,2010-03-08 14:15:00,setl_500523,customer_16287
uci_500533,500533,484.4,GBP,captured,online_retail,2010-03-08 14:23:00,setl_500533,customer_13473
uci_500536,500536,2.55,GBP,captured,online_retail,2010-03-08 14:27:00,setl_500536,customer_17961
uci_500535,500535,397.07,GBP,captured,online_retail,2010-03-08 14:27:00,setl_500535,customer_12472
uci_500537,500537,219.87,GBP,captured,online_retail,2010-03-08 14:40:00,setl_500537,customer_13454
uci_500538,500538,695.84,GBP,captured,online_retail,2010-03-08 14:41:00,setl_500538,customer_16275
uci_500539,500539,477.3,GBP,captured,online_retail,2010-03-08 14:51:00,setl_500539,customer_16568
uci_500540,500540,106.26,GBP,captured,online_retail,2010-03-08 15:15:00,setl_500540,customer_13911
uci_500541,500541,310.77,GBP,captured,online_retail,2010-03-08 15:26:00,setl_500541,customer_18245
uci_500564,500564,85.2,GBP,captured,online_retail,2010-03-08 15:46:00,setl_500564,customer_17002
uci_500566,500566,131.16,GBP,captured,online_retail,2010-03-08 15:48:00,setl_500566,customer_17002
uci_500567,500567,1509.6,GBP,captured,online_retail,2010-03-08 15:49:00,setl_500567,customer_13694
uci_500568,500568,278.8,GBP,captured,online_retail,2010-03-08 15:50:00,setl_500568,customer_13831
uci_500574,500574,693.26,GBP,captured,online_retail,2010-03-08 16:30:00,setl_500574,customer_17663
uci_500576,500576,263.73,GBP,captured,online_retail,2010-03-08 16:53:00,setl_500576,customer_17438
uci_500577,500577,166.48,GBP,captured,online_retail,2010-03-08 17:27:00,setl_500577,customer_17222
uci_500578,500578,60.0,GBP,captured,online_retail,2010-03-09 07:35:00,setl_500578,customer_15250
uci_500579,500579,234.61,GBP,captured,online_retail,2010-03-09 07:37:00,setl_500579,customer_13641
uci_500580,500580,143.45,GBP,captured,online_retail,2010-03-09 09:15:00,setl_500580,customer_13643
uci_500581,500581,495.0,GBP,captured,online_retail,2010-03-09 09:34:00,setl_500581,customer_16182
uci_500582,500582,400.2,GBP,captured,online_retail,2010-03-09 09:46:00,setl_500582,customer_12490
uci_500583,500583,858.08,GBP,captured,online_retail,2010-03-09 09:49:00,setl_500583,customer_13178
uci_500584,500584,106.05,GBP,captured,online_retail,2010-03-09 09:55:00,setl_500584,customer_12648
uci_500585,500585,124.1,GBP,captured,online_retail,2010-03-09 10:02:00,setl_500585,customer_15637
uci_500587,500587,766.94,GBP,captured,online_retail,2010-03-09 10:18:00,setl_500587,customer_17138
uci_500588,500588,61.2,GBP,captured,online_retail,2010-03-09 10:21:00,setl_500588,customer_15591
uci_500589,500589,79.2,GBP,captured,online_retail,2010-03-09 10:25:00,setl_500589,customer_16027
uci_500590,500590,212.0,GBP,captured,online_retail,2010-03-09 10:26:00,setl_500590,customer_13013
uci_500611,500611,116.68,GBP,captured,online_retail,2010-03-09 10:42:00,setl_500611,customer_17266
uci_500615,500615,166.86,GBP,captured,online_retail,2010-03-09 10:45:00,setl_500615,customer_17157
uci_500616,500616,193.29,GBP,captured,online_retail,2010-03-09 10:45:00,setl_500616,customer_15437
uci_500639,500639,357.4,GBP,captured,online_retail,2010-03-09 10:53:00,setl_500639,customer_12495
uci_500638,500638,312.39,GBP,captured,online_retail,2010-03-09 10:53:00,setl_500638,customer_13854
uci_500652,500652,100.18,GBP,captured,online_retail,2010-03-09 11:03:00,setl_500652,customer_15921
uci_500653,500653,689.45,GBP,captured,online_retail,2010-03-09 11:10:00,setl_500653,customer_12682
uci_500654,500654,145.0,GBP,captured,online_retail,2010-03-09 11:10:00,setl_500654,customer_12668
uci_500655,500655,1691.16,GBP,captured,online_retail,2010-03-09 11:13:00,setl_500655,customer_16525
uci_500656,500656,120.97,GBP,captured,online_retail,2010-03-09 11:19:00,setl_500656,customer_18039
uci_500658,500658,42.61,GBP,captured,online_retail,2010-03-09 11:22:00,setl_500658,customer_12748
uci_500659,500659,400.61,GBP,captured,online_retail,2010-03-09 11:23:00,setl_500659,customer_16558
uci_500661,500661,16.0,GBP,captured,online_retail,2010-03-09 11:50:00,setl_500661,customer_17961
uci_500662,500662,769.56,GBP,captured,online_retail,2010-03-09 11:57:00,setl_500662,customer_15838
uci_500663,500663,534.6,GBP,captured,online_retail,2010-03-09 12:10:00,setl_500663,customer_17700
uci_500664,500664,215.38,GBP,captured,online_retail,2010-03-09 12:12:00,setl_500664,customer_17841
uci_500672,500672,221.98,GBP,captured,online_retail,2010-03-09 12:23:00,setl_500672,customer_14527
uci_500673,500673,285.68,GBP,captured,online_retail,2010-03-09 12:25:00,setl_500673,customer_13874
uci_500685,500685,291.76,GBP,captured,online_retail,2010-03-09 12:33:00,setl_500685,customer_17907
uci_500696,500696,273.6,GBP,captured,online_retail,2010-03-09 12:53:00,setl_500696,customer_16208
uci_500699,500699,745.94,GBP,captured,online_retail,2010-03-09 13:07:00,setl_500699,customer_16210
uci_500701,500701,178.36,GBP,captured,online_retail,2010-03-09 13:26:00,setl_500701,customer_16791
uci_500702,500702,343.5,GBP,captured,online_retail,2010-03-09 13:29:00,setl_500702,customer_16210
uci_500703,500703,248.2,GBP,captured,online_retail,2010-03-09 13:43:00,setl_500703,customer_14147
uci_500706,500706,299.41,GBP,captured,online_retail,2010-03-09 13:48:00,setl_500706,customer_16701
uci_500711,500711,304.4,GBP,captured,online_retail,2010-03-09 14:03:00,setl_500711,customer_13627
uci_500712,500712,1119.48,GBP,captured,online_retail,2010-03-09 14:14:00,setl_500712,customer_13089
uci_500713,500713,283.47,GBP,captured,online_retail,2010-03-09 14:16:00,setl_500713,customer_17213
uci_500715,500715,1290.81,GBP,captured,online_retail,2010-03-09 14:32:00,setl_500715,customer_16854
uci_500716,500716,127.8,GBP,captured,online_retail,2010-03-09 14:36:00,setl_500716,customer_13283
uci_500718,500718,488.1,GBP,captured,online_retail,2010-03-09 15:05:00,setl_500718,customer_15722
uci_500719,500719,185.99,GBP,captured,online_retail,2010-03-09 15:16:00,setl_500719,customer_16707
uci_500720,500720,210.89,GBP,captured,online_retail,2010-03-09 15:16:00,setl_500720,customer_12747
uci_500721,500721,505.73,GBP,captured,online_retail,2010-03-09 15:22:00,setl_500721,customer_17059
uci_500728,500728,273.54,GBP,captured,online_retail,2010-03-09 15:56:00,setl_500728,customer_16756
uci_500730,500730,551.2,GBP,captured,online_retail,2010-03-09 16:02:00,setl_500730,customer_15078
uci_500734,500734,364.79,GBP,captured,online_retail,2010-03-09 16:26:00,setl_500734,customer_12542
uci_500737,500737,401.31,GBP,captured,online_retail,2010-03-09 16:32:00,setl_500737,customer_13491
uci_500736,500736,107.76,GBP,captured,online_retail,2010-03-09 16:32:00,setl_500736,customer_13089
uci_500739,500739,76.32,GBP,captured,online_retail,2010-03-09 16:40:00,setl_500739,customer_13413
uci_500741,500741,1108.85,GBP,captured,online_retail,2010-03-09 17:12:00,setl_500741,customer_15856
uci_500744,500744,602.76,GBP,captured,online_retail,2010-03-10 08:31:00,setl_500744,customer_13078
uci_500745,500745,452.96,GBP,captured,online_retail,2010-03-10 09:16:00,setl_500745,customer_13426
uci_500746,500746,352.14,GBP,captured,online_retail,2010-03-10 09:17:00,setl_500746,customer_13319
uci_500747,500747,655.92,GBP,captured,online_retail,2010-03-10 09:30:00,setl_500747,customer_14676
uci_500749,500749,2017.36,GBP,captured,online_retail,2010-03-10 10:01:00,setl_500749,customer_13316
uci_500751,500751,3176.34,GBP,captured,online_retail,2010-03-10 10:25:00,setl_500751,customer_13081
uci_500754,500754,249.8,GBP,captured,online_retail,2010-03-10 10:30:00,setl_500754,customer_12638
uci_500773,500773,17.7,GBP,captured,online_retail,2010-03-10 10:42:00,setl_500773,customer_16946
uci_500778,500778,17.0,GBP,captured,online_retail,2010-03-10 10:48:00,setl_500778,customer_15309
uci_500782,500782,572.91,GBP,captured,online_retail,2010-03-10 10:50:00,setl_500782,customer_13941
uci_500781,500781,649.22,GBP,captured,online_retail,2010-03-10 10:50:00,setl_500781,customer_14286
uci_500784,500784,353.28,GBP,captured,online_retail,2010-03-10 10:51:00,setl_500784,customer_14286
uci_500788,500788,665.38,GBP,captured,online_retail,2010-03-10 10:53:00,setl_500788,customer_17044
uci_500794,500794,321.48,GBP,captured,online_retail,2010-03-10 10:54:00,setl_500794,customer_14828
uci_500828,500828,496.56,GBP,captured,online_retail,2010-03-10 11:21:00,setl_500828,customer_13783
uci_500829,500829,126.5,GBP,captured,online_retail,2010-03-10 11:28:00,setl_500829,customer_17377
uci_500830,500830,84.2,GBP,captured,online_retail,2010-03-10 11:31:00,setl_500830,customer_17377
uci_500832,500832,1.65,GBP,captured,online_retail,2010-03-10 11:35:00,setl_500832,customer_17377
uci_500834,500834,165.78,GBP,captured,online_retail,2010-03-10 11:46:00,setl_500834,customer_13484
uci_500836,500836,355.86,GBP,captured,online_retail,2010-03-10 12:03:00,setl_500836,customer_16846
uci_500838,500838,249.21,GBP,captured,online_retail,2010-03-10 12:04:00,setl_500838,customer_15898
uci_500837,500837,113.53,GBP,captured,online_retail,2010-03-10 12:04:00,setl_500837,customer_14590
uci_500839,500839,386.0,GBP,captured,online_retail,2010-03-10 12:05:00,setl_500839,customer_13798
uci_500840,500840,70.89,GBP,captured,online_retail,2010-03-10 12:10:00,setl_500840,customer_13413
uci_500843,500843,429.81,GBP,captured,online_retail,2010-03-10 12:13:00,setl_500843,customer_17348
uci_500844,500844,47.75,GBP,captured,online_retail,2010-03-10 12:16:00,setl_500844,customer_13413
uci_500845,500845,41.75,GBP,captured,online_retail,2010-03-10 12:17:00,setl_500845,customer_13413
uci_500853,500853,291.12,GBP,captured,online_retail,2010-03-10 12:22:00,setl_500853,customer_13566
uci_500857,500857,215.46,GBP,captured,online_retail,2010-03-10 12:23:00,setl_500857,customer_15911
uci_500860,500860,194.4,GBP,captured,online_retail,2010-03-10 12:39:00,setl_500860,customer_17880
uci_500861,500861,1012.4,GBP,captured,online_retail,2010-03-10 12:45:00,setl_500861,customer_14680
uci_500862,500862,227.7,GBP,captured,online_retail,2010-03-10 12:50:00,setl_500862,customer_13408
uci_500863,500863,720.72,GBP,captured,online_retail,2010-03-10 12:51:00,setl_500863,customer_13408
uci_500864,500864,310.14,GBP,captured,online_retail,2010-03-10 12:51:00,setl_500864,customer_14924
uci_500866,500866,260.4,GBP,captured,online_retail,2010-03-10 13:01:00,setl_500866,customer_16700
uci_500867,500867,50.4,GBP,captured,online_retail,2010-03-10 13:01:00,setl_500867,customer_14680
uci_500868,500868,551.95,GBP,captured,online_retail,2010-03-10 13:08:00,setl_500868,customer_14156
uci_500869,500869,137.75,GBP,captured,online_retail,2010-03-10 13:21:00,setl_500869,customer_17220
uci_500871,500871,152.09,GBP,captured,online_retail,2010-03-10 13:26:00,setl_500871,customer_17220
uci_500872,500872,441.65,GBP,captured,online_retail,2010-03-10 13:34:00,setl_500872,customer_13668
uci_500873,500873,330.0,GBP,captured,online_retail,2010-03-10 13:34:00,setl_500873,customer_17029
uci_500874,500874,286.35,GBP,captured,online_retail,2010-03-10 13:43:00,setl_500874,customer_16719
uci_500875,500875,176.4,GBP,captured,online_retail,2010-03-10 14:00:00,setl_500875,customer_14403
uci_500876,500876,474.55,GBP,captured,online_retail,2010-03-10 14:02:00,setl_500876,customer_15218
uci_500878,500878,754.95,GBP,captured,online_retail,2010-03-10 14:19:00,setl_500878,customer_16258
uci_500879,500879,612.7,GBP,captured,online_retail,2010-03-10 14:24:00,setl_500879,customer_15093
uci_500881,500881,415.78,GBP,captured,online_retail,2010-03-10 14:49:00,setl_500881,customer_13305
uci_500880,500880,359.83,GBP,captured,online_retail,2010-03-10 14:49:00,setl_500880,customer_15544
uci_500882,500882,109.6,GBP,captured,online_retail,2010-03-10 14:50:00,setl_500882,customer_12471
uci_500883,500883,274.9,GBP,captured,online_retail,2010-03-10 14:52:00,setl_500883,customer_12471
uci_500884,500884,430.0,GBP,captured,online_retail,2010-03-10 15:03:00,setl_500884,customer_12483
uci_500885,500885,412.2,GBP,captured,online_retail,2010-03-10 15:22:00,setl_500885,customer_15633
uci_500886,500886,214.13,GBP,captured,online_retail,2010-03-10 15:25:00,setl_500886,customer_15558
uci_500889,500889,287.04,GBP,captured,online_retail,2010-03-10 16:07:00,setl_500889,customer_16611
uci_500890,500890,272.16,GBP,captured,online_retail,2010-03-10 16:09:00,setl_500890,customer_17338
uci_500896,500896,349.68,GBP,captured,online_retail,2010-03-10 16:50:00,setl_500896,customer_15291
uci_500899,500899,306.6,GBP,captured,online_retail,2010-03-11 09:26:00,setl_500899,customer_12976
uci_500900,500900,167.75,GBP,captured,online_retail,2010-03-11 09:47:00,setl_500900,customer_14060
uci_500901,500901,365.7,GBP,captured,online_retail,2010-03-11 10:05:00,setl_500901,customer_13093
uci_500902,500902,715.42,GBP,captured,online_retail,2010-03-11 10:07:00,setl_500902,customer_13093
uci_500903,500903,2655.96,GBP,captured,online_retail,2010-03-11 10:13:00,setl_500903,customer_18251
uci_500904,500904,162.45,GBP,captured,online_retail,2010-03-11 10:16:00,setl_500904,customer_12954
uci_500917,500917,451.68,GBP,captured,online_retail,2010-03-11 10:26:00,setl_500917,customer_13599
uci_500919,500919,353.72,GBP,captured,online_retail,2010-03-11 10:48:00,setl_500919,customer_15311
uci_500920,500920,105.08,GBP,captured,online_retail,2010-03-11 10:50:00,setl_500920,customer_13468
uci_500921,500921,611.84,GBP,captured,online_retail,2010-03-11 10:52:00,setl_500921,customer_13659
uci_500922,500922,37.75,GBP,captured,online_retail,2010-03-11 10:56:00,setl_500922,customer_16161
uci_500933,500933,216.89,GBP,captured,online_retail,2010-03-11 11:45:00,setl_500933,customer_14606
uci_500940,500940,219.46,GBP,captured,online_retail,2010-03-11 11:51:00,setl_500940,customer_14527
uci_500941,500941,306.26,GBP,captured,online_retail,2010-03-11 11:54:00,setl_500941,customer_13823
uci_500943,500943,760.38,GBP,captured,online_retail,2010-03-11 12:04:00,setl_500943,customer_17409
uci_500963,500963,304.05,GBP,captured,online_retail,2010-03-11 12:17:00,setl_500963,customer_15696
uci_500964,500964,140.19,GBP,captured,online_retail,2010-03-11 12:22:00,setl_500964,customer_16387
uci_500968,500968,119.76,GBP,captured,online_retail,2010-03-11 12:31:00,setl_500968,customer_14942
uci_500971,500971,588.0,GBP,captured,online_retail,2010-03-11 12:55:00,setl_500971,customer_12931
uci_500970,500970,203.7,GBP,captured,online_retail,2010-03-11 12:55:00,setl_500970,customer_12931
uci_500973,500973,597.48,GBP,captured,online_retail,2010-03-11 13:13:00,setl_500973,customer_13418
uci_500979,500979,11.9,GBP,captured,online_retail,2010-03-11 13:16:00,setl_500979,customer_14172
uci_500986,500986,124.07,GBP,captured,online_retail,2010-03-11 13:19:00,setl_500986,customer_17076
uci_500995,500995,138.89,GBP,captured,online_retail,2010-03-11 13:21:00,setl_500995,customer_12924
uci_500996,500996,257.55,GBP,captured,online_retail,2010-03-11 13:30:00,setl_500996,customer_14422
uci_500997,500997,335.9,GBP,captured,online_retail,2010-03-11 13:34:00,setl_500997,customer_15955
uci_500998,500998,1609.01,GBP,captured,online_retail,2010-03-11 13:43:00,setl_500998,customer_12957
uci_501000,501000,120.4,GBP,captured,online_retail,2010-03-11 13:46:00,setl_501000,customer_17757
uci_500999,500999,518.91,GBP,captured,online_retail,2010-03-11 13:46:00,setl_500999,customer_16933
uci_501001,501001,129.33,GBP,captured,online_retail,2010-03-11 13:52:00,setl_501001,customer_14878
uci_501002,501002,24.5,GBP,captured,online_retail,2010-03-11 14:03:00,setl_501002,customer_14878
uci_501004,501004,366.69,GBP,captured,online_retail,2010-03-11 14:15:00,setl_501004,customer_17841
uci_501005,501005,296.34,GBP,captured,online_retail,2010-03-11 14:23:00,setl_501005,customer_17448
uci_501006,501006,3425.26,GBP,captured,online_retail,2010-03-11 14:33:00,setl_501006,customer_14646
uci_501007,501007,865.45,GBP,captured,online_retail,2010-03-11 14:51:00,setl_501007,customer_16126
uci_501008,501008,281.89,GBP,captured,online_retail,2010-03-11 15:26:00,setl_501008,customer_17448
uci_501009,501009,316.77,GBP,captured,online_retail,2010-03-11 15:27:00,setl_501009,customer_17448
uci_501010,501010,848.03,GBP,captured,online_retail,2010-03-11 15:33:00,setl_501010,customer_13715
uci_501011,501011,477.74,GBP,captured,online_retail,2010-03-11 15:36:00,setl_501011,customer_15768
uci_501028,501028,246.1,GBP,captured,online_retail,2010-03-11 17:05:00,setl_501028,customer_15311
uci_501029,501029,122.7,GBP,captured,online_retail,2010-03-11 17:21:00,setl_501029,customer_16011
uci_501030,501030,371.72,GBP,captured,online_retail,2010-03-11 17:37:00,setl_501030,customer_17448
uci_501031,501031,574.11,GBP,captured,online_retail,2010-03-11 17:41:00,setl_501031,customer_16718
uci_501033,501033,215.15,GBP,captured,online_retail,2010-03-11 18:18:00,setl_501033,customer_16918
uci_501034,501034,335.4,GBP,captured,online_retail,2010-03-11 18:46:00,setl_501034,customer_14209
uci_501035,501035,229.71,GBP,captured,online_retail,2010-03-11 19:24:00,setl_501035,customer_14713
uci_501037,501037,35.4,GBP,captured,online_retail,2010-03-12 09:15:00,setl_501037,customer_14322
uci_501038,501038,384.46,GBP,captured,online_retail,2010-03-12 09:21:00,setl_501038,customer_17448
uci_501039,501039,1019.31,GBP,captured,online_retail,2010-03-12 09:26:00,setl_501039,customer_13162
uci_501042,501042,255.1,GBP,captured,online_retail,2010-03-12 09:57:00,setl_501042,customer_12523
uci_501043,501043,917.56,GBP,captured,online_retail,2010-03-12 10:09:00,setl_501043,customer_14911
uci_501044,501044,93.23,GBP,captured,online_retail,2010-03-12 10:30:00,setl_501044,customer_14484
uci_501045,501045,415.3,GBP,captured,online_retail,2010-03-12 10:33:00,setl_501045,customer_14745
uci_501046,501046,612.0,GBP,captured,online_retail,2010-03-12 10:36:00,setl_501046,customer_14646
uci_501047,501047,1780.9,GBP,captured,online_retail,2010-03-12 10:37:00,setl_501047,customer_14646
uci_501048,501048,323.35,GBP,captured,online_retail,2010-03-12 10:40:00,setl_501048,customer_15221
uci_501049,501049,5089.72,GBP,captured,online_retail,2010-03-12 10:41:00,setl_501049,customer_14646
uci_501079,501079,120.0,GBP,captured,online_retail,2010-03-12 11:13:00,setl_501079,customer_15008
uci_501082,501082,97.35,GBP,captured,online_retail,2010-03-12 11:40:00,setl_501082,customer_17065
uci_501083,501083,97.35,GBP,captured,online_retail,2010-03-12 11:41:00,setl_501083,customer_17065
uci_501084,501084,148.94,GBP,captured,online_retail,2010-03-12 11:44:00,setl_501084,customer_13462
uci_501085,501085,302.0,GBP,captured,online_retail,2010-03-12 11:48:00,setl_501085,customer_17289
uci_501086,501086,128.06,GBP,captured,online_retail,2010-03-12 11:54:00,setl_501086,customer_17228
uci_501093,501093,402.5,GBP,captured,online_retail,2010-03-12 12:34:00,setl_501093,customer_17588
uci_501098,501098,221.74,GBP,captured,online_retail,2010-03-12 12:41:00,setl_501098,customer_16347
uci_501101,501101,222.5,GBP,captured,online_retail,2010-03-12 12:44:00,setl_501101,customer_13795
uci_501102,501102,615.61,GBP,captured,online_retail,2010-03-12 13:06:00,setl_501102,customer_15874
uci_501103,501103,795.5,GBP,captured,online_retail,2010-03-12 13:07:00,setl_501103,customer_14824
uci_501104,501104,146.4,GBP,captured,online_retail,2010-03-12 13:08:00,setl_501104,customer_15874
uci_501114,501114,110.95,GBP,captured,online_retail,2010-03-12 14:02:00,setl_501114,customer_12692
uci_501117,501117,322.53,GBP,captured,online_retail,2010-03-12 14:31:00,setl_501117,customer_17448
uci_501118,501118,405.0,GBP,captured,online_retail,2010-03-12 14:45:00,setl_501118,customer_15941
uci_501119,501119,728.88,GBP,captured,online_retail,2010-03-12 14:50:00,setl_501119,customer_12435
uci_501121,501121,197.28,GBP,captured,online_retail,2010-03-12 15:13:00,setl_501121,customer_15428
uci_501123,501123,604.74,GBP,captured,online_retail,2010-03-12 15:17:00,setl_501123,customer_15808
uci_501124,501124,96.96,GBP,captured,online_retail,2010-03-12 15:17:00,setl_501124,customer_13824
uci_501126,501126,213.01,GBP,captured,online_retail,2010-03-12 15:28:00,setl_501126,customer_13724
uci_501127,501127,638.75,GBP,captured,online_retail,2010-03-12 15:47:00,setl_501127,customer_18178
uci_501128,501128,81.85,GBP,captured,online_retail,2010-03-12 16:06:00,setl_501128,customer_13573
uci_501129,501129,535.27,GBP,captured,online_retail,2010-03-12 16:18:00,setl_501129,customer_17754
uci_501132,501132,986.75,GBP,captured,online_retail,2010-03-12 17:07:00,setl_501132,customer_14031
uci_501133,501133,807.22,GBP,captured,online_retail,2010-03-14 10:10:00,setl_501133,customer_17920
uci_501134,501134,254.6,GBP,captured,online_retail,2010-03-14 10:33:00,setl_501134,customer_13571
uci_501135,501135,328.05,GBP,captured,online_retail,2010-03-14 11:24:00,setl_501135,customer_16586
uci_501136,501136,404.16,GBP,captured,online_retail,2010-03-14 11:55:00,setl_501136,customer_15994
uci_501137,501137,324.8,GBP,captured,online_retail,2010-03-14 12:01:00,setl_501137,customer_13802
uci_501138,501138,418.06,GBP,captured,online_retail,2010-03-14 12:05:00,setl_501138,customer_14532
uci_501140,501140,115.9,GBP,captured,online_retail,2010-03-14 12:18:00,setl_501140,customer_16911
uci_501141,501141,318.54,GBP,captured,online_retail,2010-03-14 12:18:00,setl_501141,customer_16255
uci_501142,501142,116.85,GBP,captured,online_retail,2010-03-14 12:24:00,setl_501142,customer_17332
uci_501143,501143,493.44,GBP,captured,online_retail,2010-03-14 12:32:00,setl_501143,customer_13183
uci_501144,501144,451.97,GBP,captured,online_retail,2010-03-14 12:37:00,setl_501144,customer_14161
uci_501145,501145,367.29,GBP,captured,online_retail,2010-03-14 12:41:00,setl_501145,customer_18149
uci_501146,501146,256.77,GBP,captured,online_retail,2010-03-14 13:08:00,setl_501146,customer_13634
uci_501147,501147,167.73,GBP,captured,online_retail,2010-03-14 13:28:00,setl_501147,customer_17905
uci_501148,501148,1968.98,GBP,captured,online_retail,2010-03-14 13:40:00,setl_501148,customer_14646
uci_501149,501149,180.4,GBP,captured,online_retail,2010-03-14 13:43:00,setl_501149,customer_13211
uci_501150,501150,116.86,GBP,captured,online_retail,2010-03-14 13:46:00,setl_501150,customer_13211
uci_501151,501151,375.5,GBP,captured,online_retail,2010-03-14 14:11:00,setl_501151,customer_13688
uci_501152,501152,311.7,GBP,captured,online_retail,2010-03-14 14:21:00,setl_501152,customer_18231
uci_501153,501153,591.43,GBP,captured,online_retail,2010-03-14 15:07:00,setl_501153,customer_15665
uci_501154,501154,111.18,GBP,captured,online_retail,2010-03-14 15:17:00,setl_501154,customer_17849
uci_501155,501155,79.9,GBP,captured,online_retail,2010-03-14 15:19:00,setl_501155,customer_17849
uci_501156,501156,39.29,GBP,captured,online_retail,2010-03-14 16:09:00,setl_501156,customer_12748
uci_501157,501157,432.08,GBP,captured,online_retail,2010-03-14 16:18:00,setl_501157,customer_16686
uci_501158,501158,717.23,GBP,captured,online_retail,2010-03-15 08:48:00,setl_501158,customer_17809
uci_501159,501159,221.0,GBP,captured,online_retail,2010-03-15 09:11:00,setl_501159,customer_13382
uci_501160,501160,92.0,GBP,captured,online_retail,2010-03-15 09:20:00,setl_501160,customer_12703
uci_501167,501167,267.98,GBP,captured,online_retail,2010-03-15 09:46:00,setl_501167,customer_17448
uci_501166,501166,427.98,GBP,captured,online_retail,2010-03-15 09:46:00,setl_501166,customer_13481
uci_501168,501168,321.6,GBP,captured,online_retail,2010-03-15 10:03:00,setl_501168,customer_13883
uci_501172,501172,110.4,GBP,captured,online_retail,2010-03-15 10:47:00,setl_501172,customer_12755
uci_501176,501176,830.87,GBP,captured,online_retail,2010-03-15 11:00:00,setl_501176,customer_14857
uci_501175,501175,480.75,GBP,captured,online_retail,2010-03-15 11:00:00,setl_501175,customer_13946
uci_501177,501177,12.6,GBP,captured,online_retail,2010-03-15 11:04:00,setl_501177,customer_14857
uci_501178,501178,165.0,GBP,captured,online_retail,2010-03-15 11:17:00,setl_501178,customer_14646
uci_501181,501181,279.8,GBP,captured,online_retail,2010-03-15 11:33:00,setl_501181,customer_14645
uci_501182,501182,484.65,GBP,captured,online_retail,2010-03-15 11:39:00,setl_501182,customer_16186
uci_501186,501186,332.05,GBP,captured,online_retail,2010-03-15 12:07:00,setl_501186,customer_14527
uci_501201,501201,718.68,GBP,captured,online_retail,2010-03-15 12:14:00,setl_501201,customer_14911
uci_501251,501251,216.0,GBP,captured,online_retail,2010-03-15 12:44:00,setl_501251,customer_17949
uci_501256,501256,879.6,GBP,captured,online_retail,2010-03-15 12:45:00,setl_501256,customer_17949
uci_501257,501257,972.0,GBP,captured,online_retail,2010-03-15 12:46:00,setl_501257,customer_17949
uci_501261,501261,153.0,GBP,captured,online_retail,2010-03-15 12:47:00,setl_501261,customer_17949
uci_501263,501263,126.48,GBP,captured,online_retail,2010-03-15 12:48:00,setl_501263,customer_17949
uci_501264,501264,365.43,GBP,captured,online_retail,2010-03-15 12:49:00,setl_501264,customer_14315
uci_501265,501265,178.2,GBP,captured,online_retail,2010-03-15 12:49:00,setl_501265,customer_17949
uci_501266,501266,362.88,GBP,captured,online_retail,2010-03-15 12:52:00,setl_501266,customer_16754
uci_501267,501267,391.15,GBP,captured,online_retail,2010-03-15 12:54:00,setl_501267,customer_17085
uci_501268,501268,607.35,GBP,captured,online_retail,2010-03-15 13:06:00,setl_501268,customer_15251
uci_501272,501272,851.16,GBP,captured,online_retail,2010-03-15 13:34:00,setl_501272,customer_13543
uci_501273,501273,274.09,GBP,captured,online_retail,2010-03-15 13:39:00,setl_501273,customer_15117
uci_501274,501274,85.6,GBP,captured,online_retail,2010-03-15 13:40:00,setl_501274,customer_15117
uci_501275,501275,242.44,GBP,captured,online_retail,2010-03-15 13:45:00,setl_501275,customer_14667
uci_501276,501276,190.9,GBP,captured,online_retail,2010-03-15 13:55:00,setl_501276,customer_18135
uci_501277,501277,306.98,GBP,captured,online_retail,2010-03-15 13:58:00,setl_501277,customer_18051
uci_501278,501278,189.29,GBP,captured,online_retail,2010-03-15 14:01:00,setl_501278,customer_17180
uci_501279,501279,402.98,GBP,captured,online_retail,2010-03-15 14:10:00,setl_501279,customer_13530
uci_501280,501280,238.07,GBP,captured,online_retail,2010-03-15 14:13:00,setl_501280,customer_17841
uci_501281,501281,819.24,GBP,captured,online_retail,2010-03-15 14:15:00,setl_501281,customer_14911
uci_501282,501282,371.7,GBP,captured,online_retail,2010-03-15 14:16:00,setl_501282,customer_14534
uci_501284,501284,1182.35,GBP,captured,online_retail,2010-03-15 14:19:00,setl_501284,customer_12714
uci_501291,501291,475.54,GBP,captured,online_retail,2010-03-15 15:33:00,setl_501291,customer_14343
uci_501295,501295,169.65,GBP,captured,online_retail,2010-03-15 15:58:00,setl_501295,customer_18251
uci_501296,501296,527.48,GBP,captured,online_retail,2010-03-15 16:02:00,setl_501296,customer_16242
uci_501297,501297,115.16,GBP,captured,online_retail,2010-03-15 16:05:00,setl_501297,customer_14606
uci_501298,501298,180.85,GBP,captured,online_retail,2010-03-15 16:13:00,setl_501298,customer_17218
uci_501299,501299,112.9,GBP,captured,online_retail,2010-03-15 16:19:00,setl_501299,customer_18008
uci_501300,501300,1881.27,GBP,captured,online_retail,2010-03-15 16:35:00,setl_501300,customer_14062
uci_501301,501301,661.04,GBP,captured,online_retail,2010-03-15 16:36:00,setl_501301,customer_13786
uci_501302,501302,241.04,GBP,captured,online_retail,2010-03-15 17:01:00,setl_501302,customer_17848
uci_501303,501303,807.2,GBP,captured,online_retail,2010-03-15 17:12:00,setl_501303,customer_14195
uci_501304,501304,270.92,GBP,captured,online_retail,2010-03-15 17:14:00,setl_501304,customer_17231
uci_501305,501305,298.9,GBP,captured,online_retail,2010-03-15 17:16:00,setl_501305,customer_13600
uci_501308,501308,334.08,GBP,captured,online_retail,2010-03-16 08:23:00,setl_501308,customer_15227
uci_501316,501316,508.01,GBP,captured,online_retail,2010-03-16 09:39:00,setl_501316,customer_14669
uci_501318,501318,329.5,GBP,captured,online_retail,2010-03-16 09:42:00,setl_501318,customer_13777
uci_501320,501320,456.66,GBP,captured,online_retail,2010-03-16 09:49:00,setl_501320,customer_15123
uci_501333,501333,500.24,GBP,captured,online_retail,2010-03-16 10:28:00,setl_501333,customer_12366
uci_501335,501335,3.3,GBP,captured,online_retail,2010-03-16 10:29:00,setl_501335,customer_15719
uci_501345,501345,1155.02,GBP,captured,online_retail,2010-03-16 10:49:00,setl_501345,customer_15946
uci_501347,501347,334.45,GBP,captured,online_retail,2010-03-16 10:51:00,setl_501347,customer_14873
uci_501369,501369,299.03,GBP,captured,online_retail,2010-03-16 10:58:00,setl_501369,customer_17243
uci_501385,501385,355.21,GBP,captured,online_retail,2010-03-16 11:08:00,setl_501385,customer_17238
uci_501386,501386,985.44,GBP,captured,online_retail,2010-03-16 11:14:00,setl_501386,customer_16779
uci_501387,501387,235.6,GBP,captured,online_retail,2010-03-16 11:16:00,setl_501387,customer_17241
uci_501403,501403,46.8,GBP,captured,online_retail,2010-03-16 11:29:00,setl_501403,customer_12483
uci_501420,501420,83.52,GBP,captured,online_retail,2010-03-16 11:46:00,setl_501420,customer_16467
uci_501422,501422,152.55,GBP,captured,online_retail,2010-03-16 11:53:00,setl_501422,customer_14146
uci_501423,501423,146.95,GBP,captured,online_retail,2010-03-16 11:54:00,setl_501423,customer_14146
uci_501425,501425,277.13,GBP,captured,online_retail,2010-03-16 12:00:00,setl_501425,customer_17774
uci_501426,501426,424.74,GBP,captured,online_retail,2010-03-16 12:13:00,setl_501426,customer_13983
uci_501427,501427,153.1,GBP,captured,online_retail,2010-03-16 12:34:00,setl_501427,customer_14467
uci_501430,501430,389.4,GBP,captured,online_retail,2010-03-16 12:53:00,setl_501430,customer_17679
uci_501431,501431,143.86,GBP,captured,online_retail,2010-03-16 13:00:00,setl_501431,customer_14604
uci_501432,501432,102.0,GBP,captured,online_retail,2010-03-16 13:05:00,setl_501432,customer_18063
uci_501434,501434,754.26,GBP,captured,online_retail,2010-03-16 13:15:00,setl_501434,customer_14496
uci_501437,501437,73.45,GBP,captured,online_retail,2010-03-16 13:22:00,setl_501437,customer_12703
uci_501438,501438,547.32,GBP,captured,online_retail,2010-03-16 13:23:00,setl_501438,customer_12701
uci_501439,501439,112.8,GBP,captured,online_retail,2010-03-16 13:25:00,setl_501439,customer_17268
uci_501440,501440,1442.57,GBP,captured,online_retail,2010-03-16 13:28:00,setl_501440,customer_15311
uci_501442,501442,517.95,GBP,captured,online_retail,2010-03-16 13:47:00,setl_501442,customer_12835
uci_501443,501443,165.63,GBP,captured,online_retail,2010-03-16 14:01:00,setl_501443,customer_15005
uci_501444,501444,1842.88,GBP,captured,online_retail,2010-03-16 14:08:00,setl_501444,customer_17716
uci_501445,501445,706.2,GBP,captured,online_retail,2010-03-16 14:19:00,setl_501445,customer_17478
uci_501446,501446,344.78,GBP,captured,online_retail,2010-03-16 14:24:00,setl_501446,customer_16150
uci_501447,501447,303.98,GBP,captured,online_retail,2010-03-16 14:41:00,setl_501447,customer_14872
uci_501449,501449,454.73,GBP,captured,online_retail,2010-03-16 15:02:00,setl_501449,customer_14210
uci_501461,501461,115.03,GBP,captured,online_retail,2010-03-16 15:18:00,setl_501461,customer_15885
uci_501463,501463,123.6,GBP,captured,online_retail,2010-03-16 15:19:00,setl_501463,customer_12500
uci_501464,501464,205.56,GBP,captured,online_retail,2010-03-16 15:52:00,setl_501464,customer_12931
uci_501469,501469,224.1,GBP,captured,online_retail,2010-03-16 16:01:00,setl_501469,customer_14399
uci_501470,501470,234.59,GBP,captured,online_retail,2010-03-16 16:18:00,setl_501470,customer_17596
uci_501471,501471,305.41,GBP,captured,online_retail,2010-03-16 16:22:00,setl_501471,customer_15312
uci_501472,501472,271.32,GBP,captured,online_retail,2010-03-16 16:24:00,setl_501472,customer_14465
uci_501473,501473,4607.3,GBP,captured,online_retail,2010-03-16 16:31:00,setl_501473,customer_17511
uci_501474,501474,382.79,GBP,captured,online_retail,2010-03-16 16:45:00,setl_501474,customer_17568
uci_501476,501476,266.73,GBP,captured,online_retail,2010-03-17 08:59:00,setl_501476,customer_15990
uci_501477,501477,389.26,GBP,captured,online_retail,2010-03-17 09:26:00,setl_501477,customer_17479
uci_501478,501478,278.45,GBP,captured,online_retail,2010-03-17 09:42:00,setl_501478,customer_16945
uci_501479,501479,300.6,GBP,captured,online_retail,2010-03-17 09:43:00,setl_501479,customer_16945
uci_501480,501480,864.0,GBP,captured,online_retail,2010-03-17 10:10:00,setl_501480,customer_13027
uci_501482,501482,422.09,GBP,captured,online_retail,2010-03-17 10:16:00,setl_501482,customer_13935
uci_501483,501483,1448.64,GBP,captured,online_retail,2010-03-17 10:22:00,setl_501483,customer_16652
uci_501484,501484,331.32,GBP,captured,online_retail,2010-03-17 10:33:00,setl_501484,customer_14911
uci_501485,501485,975.0,GBP,captured,online_retail,2010-03-17 10:34:00,setl_501485,customer_16331
uci_501505,501505,304.09,GBP,captured,online_retail,2010-03-17 10:51:00,setl_501505,customer_17448
uci_501507,501507,110.95,GBP,captured,online_retail,2010-03-17 11:21:00,setl_501507,customer_14662
uci_501508,501508,431.39,GBP,captured,online_retail,2010-03-17 11:33:00,setl_501508,customer_17448
uci_501509,501509,155.64,GBP,captured,online_retail,2010-03-17 11:37:00,setl_501509,customer_16891
uci_501515,501515,298.44,GBP,captured,online_retail,2010-03-17 11:53:00,setl_501515,customer_15867
uci_501523,501523,818.29,GBP,captured,online_retail,2010-03-17 12:14:00,setl_501523,customer_13612
uci_501524,501524,470.72,GBP,captured,online_retail,2010-03-17 12:17:00,setl_501524,customer_17690
uci_501525,501525,427.2,GBP,captured,online_retail,2010-03-17 12:19:00,setl_501525,customer_16553
uci_501526,501526,537.92,GBP,captured,online_retail,2010-03-17 12:25:00,setl_501526,customer_16875
uci_501528,501528,746.94,GBP,captured,online_retail,2010-03-17 12:32:00,setl_501528,customer_14680
uci_501529,501529,209.88,GBP,captured,online_retail,2010-03-17 12:42:00,setl_501529,customer_16777
uci_501530,501530,1607.04,GBP,captured,online_retail,2010-03-17 12:47:00,setl_501530,customer_13089
uci_501531,501531,152.16,GBP,captured,online_retail,2010-03-17 12:50:00,setl_501531,customer_13089
uci_501532,501532,137.11,GBP,captured,online_retail,2010-03-17 12:54:00,setl_501532,customer_14606
uci_501533,501533,320.12,GBP,captured,online_retail,2010-03-17 13:03:00,setl_501533,customer_13798
uci_501534,501534,6866.3,GBP,captured,online_retail,2010-03-17 13:09:00,setl_501534,customer_13902
uci_501535,501535,162.15,GBP,captured,online_retail,2010-03-17 13:12:00,setl_501535,customer_18231
uci_501537,501537,328.35,GBP,captured,online_retail,2010-03-17 13:28:00,setl_501537,customer_15194
uci_501539,501539,180.16,GBP,captured,online_retail,2010-03-17 14:05:00,setl_501539,customer_13275
uci_501540,501540,236.02,GBP,captured,online_retail,2010-03-17 14:12:00,setl_501540,customer_16085
uci_501541,501541,1225.2,GBP,captured,online_retail,2010-03-17 14:23:00,setl_501541,customer_13478
uci_501542,501542,308.0,GBP,captured,online_retail,2010-03-17 14:27:00,setl_501542,customer_16004
uci_501543,501543,39.12,GBP,captured,online_retail,2010-03-17 14:28:00,setl_501543,customer_13478
uci_501544,501544,292.93,GBP,captured,online_retail,2010-03-17 14:55:00,setl_501544,customer_18196
uci_501545,501545,2917.76,GBP,captured,online_retail,2010-03-17 14:59:00,setl_501545,customer_12709
uci_501546,501546,114.69,GBP,captured,online_retail,2010-03-17 15:11:00,setl_501546,customer_17933
uci_501547,501547,169.45,GBP,captured,online_retail,2010-03-17 15:20:00,setl_501547,customer_17227
uci_501548,501548,1466.31,GBP,captured,online_retail,2010-03-17 15:24:00,setl_501548,customer_16917
uci_501550,501550,1189.01,GBP,captured,online_retail,2010-03-17 15:29:00,setl_501550,customer_13371
uci_501552,501552,381.95,GBP,captured,online_retail,2010-03-17 15:37:00,setl_501552,customer_14249
uci_501553,501553,177.44,GBP,captured,online_retail,2010-03-17 15:43:00,setl_501553,customer_16254
uci_501556,501556,1050.56,GBP,captured,online_retail,2010-03-17 16:14:00,setl_501556,customer_12921
uci_501557,501557,156.52,GBP,captured,online_retail,2010-03-17 16:33:00,setl_501557,customer_17075
uci_501563,501563,156.2,GBP,captured,online_retail,2010-03-17 17:11:00,setl_501563,customer_16510
uci_501564,501564,197.38,GBP,captured,online_retail,2010-03-17 17:27:00,setl_501564,customer_12748
uci_501565,501565,140.16,GBP,captured,online_retail,2010-03-18 07:29:00,setl_501565,customer_13406
uci_501566,501566,204.2,GBP,captured,online_retail,2010-03-18 07:31:00,setl_501566,customer_14821
uci_501567,501567,45.6,GBP,captured,online_retail,2010-03-18 07:32:00,setl_501567,customer_15775
uci_501568,501568,425.64,GBP,captured,online_retail,2010-03-18 08:03:00,setl_501568,customer_16525
uci_501569,501569,1328.04,GBP,captured,online_retail,2010-03-18 08:05:00,setl_501569,customer_16336
uci_501570,501570,459.86,GBP,captured,online_retail,2010-03-18 08:06:00,setl_501570,customer_16336
uci_501571,501571,222.96,GBP,captured,online_retail,2010-03-18 08:48:00,setl_501571,customer_18131
uci_501572,501572,407.91,GBP,captured,online_retail,2010-03-18 09:12:00,setl_501572,customer_16571
uci_501574,501574,724.89,GBP,captured,online_retail,2010-03-18 09:49:00,setl_501574,customer_18187
uci_501573,501573,595.1,GBP,captured,online_retail,2010-03-18 09:49:00,setl_501573,customer_14427
uci_501575,501575,1321.55,GBP,captured,online_retail,2010-03-18 10:08:00,setl_501575,customer_17677
uci_501576,501576,153.94,GBP,captured,online_retail,2010-03-18 10:09:00,setl_501576,customer_16742
uci_501578,501578,1922.1,GBP,captured,online_retail,2010-03-18 10:22:00,setl_501578,customer_14258
uci_501611,501611,1835.0,GBP,captured,online_retail,2010-03-18 10:51:00,setl_501611,customer_13694
uci_501612,501612,120.65,GBP,captured,online_retail,2010-03-18 10:52:00,setl_501612,customer_17356
uci_501613,501613,219.8,GBP,captured,online_retail,2010-03-18 10:56:00,setl_501613,customer_15311
uci_501614,501614,3137.85,GBP,captured,online_retail,2010-03-18 10:58:00,setl_501614,customer_13694
uci_501616,501616,140.2,GBP,captured,online_retail,2010-03-18 11:06:00,setl_501616,customer_16977
uci_501617,501617,228.9,GBP,captured,online_retail,2010-03-18 11:08:00,setl_501617,customer_15819
uci_501618,501618,197.4,GBP,captured,online_retail,2010-03-18 11:09:00,setl_501618,customer_15819
uci_501618,501618,99.02,GBP,captured,online_retail,2010-03-18 11:10:00,setl_501618,customer_15819
uci_501619,501619,525.9,GBP,captured,online_retail,2010-03-18 11:28:00,setl_501619,customer_14299
uci_501620,501620,241.05,GBP,captured,online_retail,2010-03-18 11:31:00,setl_501620,customer_14527
uci_501621,501621,571.62,GBP,captured,online_retail,2010-03-18 11:37:00,setl_501621,customer_16422
uci_501622,501622,99.0,GBP,captured,online_retail,2010-03-18 11:38:00,setl_501622,customer_16017
uci_501623,501623,452.82,GBP,captured,online_retail,2010-03-18 11:39:00,setl_501623,customer_16422
uci_501624,501624,319.03,GBP,captured,online_retail,2010-03-18 11:39:00,setl_501624,customer_14651
uci_501625,501625,248.65,GBP,captured,online_retail,2010-03-18 11:40:00,setl_501625,customer_15918
uci_501626,501626,57.82,GBP,captured,online_retail,2010-03-18 11:42:00,setl_501626,customer_14651
uci_501627,501627,91.8,GBP,captured,online_retail,2010-03-18 11:46:00,setl_501627,customer_14911
uci_501628,501628,782.56,GBP,captured,online_retail,2010-03-18 11:48:00,setl_501628,customer_14911
uci_501629,501629,96.23,GBP,captured,online_retail,2010-03-18 11:51:00,setl_501629,customer_15039
uci_501638,501638,1048.08,GBP,captured,online_retail,2010-03-18 12:08:00,setl_501638,customer_12621
uci_501637,501637,102.0,GBP,captured,online_retail,2010-03-18 12:08:00,setl_501637,customer_13199
uci_501639,501639,120.6,GBP,captured,online_retail,2010-03-18 12:09:00,setl_501639,customer_13199
uci_501640,501640,656.25,GBP,captured,online_retail,2010-03-18 12:11:00,setl_501640,customer_14400
uci_501641,501641,353.49,GBP,captured,online_retail,2010-03-18 12:14:00,setl_501641,customer_13057
uci_501645,501645,627.74,GBP,captured,online_retail,2010-03-18 12:35:00,setl_501645,customer_14249
uci_501647,501647,210.0,GBP,captured,online_retail,2010-03-18 12:40:00,setl_501647,customer_15461
uci_501646,501646,199.12,GBP,captured,online_retail,2010-03-18 12:40:00,setl_501646,customer_17377
uci_501648,501648,76.32,GBP,captured,online_retail,2010-03-18 12:41:00,setl_501648,customer_17307
uci_501649,501649,24.05,GBP,captured,online_retail,2010-03-18 12:42:00,setl_501649,customer_17377
uci_501650,501650,360.26,GBP,captured,online_retail,2010-03-18 12:44:00,setl_501650,customer_15858
uci_501651,501651,110.26,GBP,captured,online_retail,2010-03-18 12:45:00,setl_501651,customer_16385
uci_501652,501652,281.03,GBP,captured,online_retail,2010-03-18 12:47:00,setl_501652,customer_17841
uci_501653,501653,347.15,GBP,captured,online_retail,2010-03-18 12:47:00,setl_501653,customer_16365
uci_501654,501654,47.93,GBP,captured,online_retail,2010-03-18 13:00:00,setl_501654,customer_14648
uci_501656,501656,185.23,GBP,captured,online_retail,2010-03-18 13:08:00,setl_501656,customer_14648
uci_501657,501657,292.66,GBP,captured,online_retail,2010-03-18 13:10:00,setl_501657,customer_13243
uci_501658,501658,146.14,GBP,captured,online_retail,2010-03-18 13:16:00,setl_501658,customer_15496
uci_501660,501660,328.03,GBP,captured,online_retail,2010-03-18 13:28:00,setl_501660,customer_17095
uci_501661,501661,312.97,GBP,captured,online_retail,2010-03-18 13:37:00,setl_501661,customer_16125
uci_501662,501662,250.47,GBP,captured,online_retail,2010-03-18 14:04:00,setl_501662,customer_16497
uci_501663,501663,1155.48,GBP,captured,online_retail,2010-03-18 14:09:00,setl_501663,customer_12615
uci_501664,501664,618.36,GBP,captured,online_retail,2010-03-18 14:12:00,setl_501664,customer_16303
uci_501665,501665,327.19,GBP,captured,online_retail,2010-03-18 14:14:00,setl_501665,customer_16108
uci_501666,501666,136.1,GBP,captured,online_retail,2010-03-18 14:26:00,setl_501666,customer_17349
uci_501667,501667,906.82,GBP,captured,online_retail,2010-03-18 14:26:00,setl_501667,customer_13694
uci_501669,501669,406.7,GBP,captured,online_retail,2010-03-18 14:40:00,setl_501669,customer_17512
uci_501670,501670,263.5,GBP,captured,online_retail,2010-03-18 15:08:00,setl_501670,customer_13128
uci_501671,501671,305.55,GBP,captured,online_retail,2010-03-18 15:11:00,setl_501671,customer_18171
uci_501672,501672,323.93,GBP,captured,online_retail,2010-03-18 15:12:00,setl_501672,customer_17364
uci_501673,501673,187.64,GBP,captured,online_retail,2010-03-18 15:19:00,setl_501673,customer_16569
uci_501674,501674,155.05,GBP,captured,online_retail,2010-03-18 15:23:00,setl_501674,customer_12951
uci_501675,501675,186.0,GBP,captured,online_retail,2010-03-18 15:52:00,setl_501675,customer_18247
uci_501676,501676,325.35,GBP,captured,online_retail,2010-03-18 15:53:00,setl_501676,customer_16722
uci_501677,501677,560.98,GBP,captured,online_retail,2010-03-18 16:16:00,setl_501677,customer_12647
uci_501679,501679,120.32,GBP,captured,online_retail,2010-03-18 16:20:00,setl_501679,customer_13203
uci_501681,501681,266.9,GBP,captured,online_retail,2010-03-18 16:28:00,setl_501681,customer_12993
uci_501682,501682,330.29,GBP,captured,online_retail,2010-03-18 16:30:00,setl_501682,customer_17519
uci_501685,501685,4580.0,GBP,captured,online_retail,2010-03-18 16:35:00,setl_501685,customer_18102
uci_501687,501687,583.1,GBP,captured,online_retail,2010-03-18 16:37:00,setl_501687,customer_14543
uci_501688,501688,286.22,GBP,captured,online_retail,2010-03-18 17:04:00,setl_501688,customer_15738
uci_501689,501689,190.67,GBP,captured,online_retail,2010-03-18 17:05:00,setl_501689,customer_15738
uci_501691,501691,663.6,GBP,captured,online_retail,2010-03-18 17:26:00,setl_501691,customer_18223
uci_501693,501693,222.93,GBP,captured,online_retail,2010-03-18 17:34:00,setl_501693,customer_15030
uci_501694,501694,138.54,GBP,captured,online_retail,2010-03-18 18:25:00,setl_501694,customer_16668
uci_501695,501695,285.0,GBP,captured,online_retail,2010-03-18 18:37:00,setl_501695,customer_12989
uci_501696,501696,66.0,GBP,captured,online_retail,2010-03-18 18:47:00,setl_501696,customer_16199
uci_501697,501697,94.9,GBP,captured,online_retail,2010-03-18 18:57:00,setl_501697,customer_17848
uci_501699,501699,162.14,GBP,captured,online_retail,2010-03-18 19:29:00,setl_501699,customer_14702
uci_501700,501700,283.0,GBP,captured,online_retail,2010-03-18 20:02:00,setl_501700,customer_13230
uci_501701,501701,176.52,GBP,captured,online_retail,2010-03-19 09:03:00,setl_501701,customer_13150
uci_501706,501706,174.6,GBP,captured,online_retail,2010-03-19 09:53:00,setl_501706,customer_13089
uci_501705,501705,448.42,GBP,captured,online_retail,2010-03-19 09:53:00,setl_501705,customer_17838
uci_501707,501707,8.5,GBP,captured,online_retail,2010-03-19 09:54:00,setl_501707,customer_17838
uci_501708,501708,116.85,GBP,captured,online_retail,2010-03-19 09:54:00,setl_501708,customer_13089
uci_501709,501709,497.9,GBP,captured,online_retail,2010-03-19 10:02:00,setl_501709,customer_15615
uci_501710,501710,453.17,GBP,captured,online_retail,2010-03-19 10:07:00,setl_501710,customer_17738
uci_501711,501711,327.44,GBP,captured,online_retail,2010-03-19 10:11:00,setl_501711,customer_17930
uci_501712,501712,161.6,GBP,captured,online_retail,2010-03-19 10:18:00,setl_501712,customer_17581
uci_501713,501713,1048.76,GBP,captured,online_retail,2010-03-19 10:21:00,setl_501713,customer_18225
uci_501714,501714,698.45,GBP,captured,online_retail,2010-03-19 10:22:00,setl_501714,customer_17581
uci_501715,501715,959.7,GBP,captured,online_retail,2010-03-19 10:23:00,setl_501715,customer_16636
uci_501716,501716,419.55,GBP,captured,online_retail,2010-03-19 10:27:00,setl_501716,customer_13021
uci_501717,501717,405.53,GBP,captured,online_retail,2010-03-19 10:35:00,setl_501717,customer_13267
uci_501718,501718,177.3,GBP,captured,online_retail,2010-03-19 10:40:00,setl_501718,customer_15325
uci_501719,501719,355.8,GBP,captured,online_retail,2010-03-19 10:44:00,setl_501719,customer_13881
uci_501730,501730,275.35,GBP,captured,online_retail,2010-03-19 11:05:00,setl_501730,customer_14159
uci_501729,501729,1248.48,GBP,captured,online_retail,2010-03-19 11:05:00,setl_501729,customer_16716
uci_501731,501731,291.45,GBP,captured,online_retail,2010-03-19 11:07:00,setl_501731,customer_16008
uci_501732,501732,704.58,GBP,captured,online_retail,2010-03-19 11:10:00,setl_501732,customer_14292
uci_501766,501766,6958.17,GBP,captured,online_retail,2010-03-19 11:35:00,setl_501766,customer_15760
uci_501767,501767,728.37,GBP,captured,online_retail,2010-03-19 11:39:00,setl_501767,customer_16335
uci_501768,501768,6958.17,GBP,captured,online_retail,2010-03-19 11:45:00,setl_501768,customer_15760
uci_501770,501770,318.06,GBP,captured,online_retail,2010-03-19 11:52:00,setl_501770,customer_14851
uci_501776,501776,306.97,GBP,captured,online_retail,2010-03-19 12:31:00,setl_501776,customer_17612
uci_501785,501785,138.49,GBP,captured,online_retail,2010-03-19 12:39:00,setl_501785,customer_16452
uci_501789,501789,653.01,GBP,captured,online_retail,2010-03-19 13:01:00,setl_501789,customer_15768
uci_501790,501790,1263.36,GBP,captured,online_retail,2010-03-19 13:17:00,setl_501790,customer_14607
uci_501791,501791,414.5,GBP,captured,online_retail,2010-03-19 13:19:00,setl_501791,customer_17230
uci_501792,501792,313.4,GBP,captured,online_retail,2010-03-19 13:22:00,setl_501792,customer_15279
uci_501793,501793,421.31,GBP,captured,online_retail,2010-03-19 13:32:00,setl_501793,customer_15329
uci_501795,501795,248.8,GBP,captured,online_retail,2010-03-19 13:41:00,setl_501795,customer_16508
uci_501800,501800,595.8,GBP,captured,online_retail,2010-03-19 13:51:00,setl_501800,customer_13694
uci_501805,501805,376.44,GBP,captured,online_retail,2010-03-19 14:01:00,setl_501805,customer_13542
uci_501806,501806,593.84,GBP,captured,online_retail,2010-03-19 14:02:00,setl_501806,customer_17673
uci_501807,501807,494.99,GBP,captured,online_retail,2010-03-19 14:05:00,setl_501807,customer_17799
uci_501808,501808,149.56,GBP,captured,online_retail,2010-03-19 14:16:00,setl_501808,customer_14796
uci_501810,501810,1055.51,GBP,captured,online_retail,2010-03-19 14:41:00,setl_501810,customer_14911
uci_501811,501811,169.8,GBP,captured,online_retail,2010-03-19 14:44:00,setl_501811,customer_15465
uci_501813,501813,343.94,GBP,captured,online_retail,2010-03-19 14:47:00,setl_501813,customer_12418
uci_501812,501812,308.96,GBP,captured,online_retail,2010-03-19 14:47:00,setl_501812,customer_14327
uci_501815,501815,149.15,GBP,captured,online_retail,2010-03-19 14:56:00,setl_501815,customer_13415
uci_501816,501816,154.21,GBP,captured,online_retail,2010-03-19 14:59:00,setl_501816,customer_16905
uci_501818,501818,117.1,GBP,captured,online_retail,2010-03-19 15:09:00,setl_501818,customer_13415
uci_501819,501819,322.69,GBP,captured,online_retail,2010-03-19 15:14:00,setl_501819,customer_14832
uci_501822,501822,385.38,GBP,captured,online_retail,2010-03-19 15:18:00,setl_501822,customer_14316
uci_501824,501824,150.34,GBP,captured,online_retail,2010-03-19 15:27:00,setl_501824,customer_18077
uci_501825,501825,409.44,GBP,captured,online_retail,2010-03-19 15:40:00,setl_501825,customer_14408
uci_501828,501828,606.45,GBP,captured,online_retail,2010-03-19 15:45:00,setl_501828,customer_15218
uci_501830,501830,318.0,GBP,captured,online_retail,2010-03-19 15:59:00,setl_501830,customer_12908
uci_501831,501831,198.58,GBP,captured,online_retail,2010-03-19 16:24:00,setl_501831,customer_14584
uci_501836,501836,824.4,GBP,captured,online_retail,2010-03-19 17:03:00,setl_501836,customer_15808
uci_501845,501845,604.65,GBP,captured,online_retail,2010-03-21 10:25:00,setl_501845,customer_17920
uci_501846,501846,17.6,GBP,captured,online_retail,2010-03-21 10:28:00,setl_501846,customer_17920
uci_501847,501847,361.04,GBP,captured,online_retail,2010-03-21 10:30:00,setl_501847,customer_17243
uci_501848,501848,377.87,GBP,captured,online_retail,2010-03-21 10:34:00,setl_501848,customer_13555
uci_501849,501849,215.55,GBP,captured,online_retail,2010-03-21 10:49:00,setl_501849,customer_14451
uci_501850,501850,144.35,GBP,captured,online_retail,2010-03-21 10:50:00,setl_501850,customer_13214
uci_501852,501852,324.89,GBP,captured,online_retail,2010-03-21 10:51:00,setl_501852,customer_17465
uci_501853,501853,219.8,GBP,captured,online_retail,2010-03-21 11:07:00,setl_501853,customer_16782
uci_501854,501854,107.34,GBP,captured,online_retail,2010-03-21 11:15:00,setl_501854,customer_15446
uci_501855,501855,329.38,GBP,captured,online_retail,2010-03-21 11:16:00,setl_501855,customer_17526
uci_501856,501856,17.0,GBP,captured,online_retail,2010-03-21 11:17:00,setl_501856,customer_17526
uci_501858,501858,418.15,GBP,captured,online_retail,2010-03-21 11:21:00,setl_501858,customer_13593
uci_501859,501859,280.0,GBP,captured,online_retail,2010-03-21 11:32:00,setl_501859,customer_14080
uci_501860,501860,746.98,GBP,captured,online_retail,2010-03-21 11:32:00,setl_501860,customer_15425
uci_501862,501862,268.83,GBP,captured,online_retail,2010-03-21 11:41:00,setl_501862,customer_16326
uci_501863,501863,359.08,GBP,captured,online_retail,2010-03-21 11:46:00,setl_501863,customer_15650
uci_501864,501864,161.4,GBP,captured,online_retail,2010-03-21 11:47:00,setl_501864,customer_17681
uci_501866,501866,280.2,GBP,captured,online_retail,2010-03-21 11:51:00,setl_501866,customer_13668
uci_501867,501867,258.75,GBP,captured,online_retail,2010-03-21 11:57:00,setl_501867,customer_18085
uci_501868,501868,496.85,GBP,captured,online_retail,2010-03-21 12:00:00,setl_501868,customer_16746
uci_501869,501869,320.0,GBP,captured,online_retail,2010-03-21 12:01:00,setl_501869,customer_13848
uci_501870,501870,411.42,GBP,captured,online_retail,2010-03-21 12:20:00,setl_501870,customer_17448
uci_501871,501871,51.6,GBP,captured,online_retail,2010-03-21 12:23:00,setl_501871,customer_14970
uci_501871,501871,606.4,GBP,captured,online_retail,2010-03-21 12:24:00,setl_501871,customer_14970
uci_501872,501872,18.41,GBP,captured,online_retail,2010-03-21 12:26:00,setl_501872,customer_17916
uci_501874,501874,2613.62,GBP,captured,online_retail,2010-03-21 12:31:00,setl_501874,customer_17133
uci_501875,501875,226.6,GBP,captured,online_retail,2010-03-21 12:39:00,setl_501875,customer_16168
uci_501876,501876,150.64,GBP,captured,online_retail,2010-03-21 12:56:00,setl_501876,customer_17236
uci_501877,501877,549.99,GBP,captured,online_retail,2010-03-21 13:14:00,setl_501877,customer_17611
uci_501879,501879,224.81,GBP,captured,online_retail,2010-03-21 13:27:00,setl_501879,customer_17472
uci_501880,501880,215.44,GBP,captured,online_retail,2010-03-21 13:38:00,setl_501880,customer_17285
uci_501881,501881,294.6,GBP,captured,online_retail,2010-03-21 13:42:00,setl_501881,customer_15482
uci_501882,501882,101.75,GBP,captured,online_retail,2010-03-21 13:42:00,setl_501882,customer_17372
uci_501883,501883,262.31,GBP,captured,online_retail,2010-03-21 13:50:00,setl_501883,customer_13466
uci_501884,501884,111.35,GBP,captured,online_retail,2010-03-21 14:04:00,setl_501884,customer_17611
uci_501885,501885,86.25,GBP,captured,online_retail,2010-03-21 14:06:00,setl_501885,customer_13092
uci_501886,501886,194.22,GBP,captured,online_retail,2010-03-21 14:07:00,setl_501886,customer_17448
uci_501887,501887,181.66,GBP,captured,online_retail,2010-03-21 14:16:00,setl_501887,customer_17587
uci_501888,501888,321.34,GBP,captured,online_retail,2010-03-21 14:18:00,setl_501888,customer_15633
uci_501889,501889,552.38,GBP,captured,online_retail,2010-03-21 14:24:00,setl_501889,customer_13093
uci_501890,501890,198.85,GBP,captured,online_retail,2010-03-21 14:44:00,setl_501890,customer_14606
uci_501891,501891,113.25,GBP,captured,online_retail,2010-03-21 14:49:00,setl_501891,customer_17969
uci_501892,501892,167.65,GBP,captured,online_retail,2010-03-21 14:55:00,setl_501892,customer_17051
uci_501893,501893,254.64,GBP,captured,online_retail,2010-03-21 15:03:00,setl_501893,customer_15005
uci_501894,501894,181.8,GBP,captured,online_retail,2010-03-21 15:16:00,setl_501894,customer_16858
uci_501895,501895,143.48,GBP,captured,online_retail,2010-03-21 15:17:00,setl_501895,customer_16039
uci_501896,501896,477.28,GBP,captured,online_retail,2010-03-21 15:22:00,setl_501896,customer_15623
uci_501897,501897,758.74,GBP,captured,online_retail,2010-03-21 15:23:00,setl_501897,customer_17539
uci_501898,501898,220.0,GBP,captured,online_retail,2010-03-21 15:25:00,setl_501898,customer_18177
uci_501899,501899,1089.98,GBP,captured,online_retail,2010-03-21 15:33:00,setl_501899,customer_13798
uci_501900,501900,127.88,GBP,captured,online_retail,2010-03-21 15:36:00,setl_501900,customer_16397
uci_501902,501902,381.0,GBP,captured,online_retail,2010-03-21 15:49:00,setl_501902,customer_12796
uci_501903,501903,372.74,GBP,captured,online_retail,2010-03-21 15:50:00,setl_501903,customer_18078
uci_501904,501904,917.7,GBP,captured,online_retail,2010-03-21 15:56:00,setl_501904,customer_12368
uci_501906,501906,1073.75,GBP,captured,online_retail,2010-03-21 16:02:00,setl_501906,customer_17340
uci_501907,501907,872.94,GBP,captured,online_retail,2010-03-21 16:13:00,setl_501907,customer_13451
uci_501908,501908,17.4,GBP,captured,online_retail,2010-03-22 08:07:00,setl_501908,customer_14541
uci_501909,501909,314.1,GBP,captured,online_retail,2010-03-22 08:41:00,setl_501909,customer_14051
uci_501910,501910,253.58,GBP,captured,online_retail,2010-03-22 09:05:00,setl_501910,customer_12639
uci_501911,501911,223.91,GBP,captured,online_retail,2010-03-22 09:14:00,setl_501911,customer_14928
uci_501912,501912,415.92,GBP,captured,online_retail,2010-03-22 09:19:00,setl_501912,customer_17552
uci_501913,501913,343.12,GBP,captured,online_retail,2010-03-22 09:23:00,setl_501913,customer_15222
uci_501916,501916,142.95,GBP,captured,online_retail,2010-03-22 10:04:00,setl_501916,customer_15611
uci_501917,501917,535.53,GBP,captured,online_retail,2010-03-22 10:08:00,setl_501917,customer_15810
uci_501918,501918,2545.44,GBP,captured,online_retail,2010-03-22 10:14:00,setl_501918,customer_17949
uci_501919,501919,391.5,GBP,captured,online_retail,2010-03-22 10:21:00,setl_501919,customer_13148
uci_501920,501920,371.5,GBP,captured,online_retail,2010-03-22 10:23:00,setl_501920,customer_14040
uci_501921,501921,353.4,GBP,captured,online_retail,2010-03-22 10:25:00,setl_501921,customer_16132
uci_501922,501922,1021.37,GBP,captured,online_retail,2010-03-22 10:26:00,setl_501922,customer_13151
uci_501923,501923,151.45,GBP,captured,online_retail,2010-03-22 10:31:00,setl_501923,customer_13482
uci_501925,501925,988.04,GBP,captured,online_retail,2010-03-22 10:33:00,setl_501925,customer_15311
uci_501926,501926,851.96,GBP,captured,online_retail,2010-03-22 10:43:00,setl_501926,customer_14175
uci_501927,501927,437.97,GBP,captured,online_retail,2010-03-22 10:56:00,setl_501927,customer_12533
uci_501928,501928,186.9,GBP,captured,online_retail,2010-03-22 11:01:00,setl_501928,customer_16895
uci_501930,501930,782.45,GBP,captured,online_retail,2010-03-22 11:21:00,setl_501930,customer_14016
uci_501929,501929,95.4,GBP,captured,online_retail,2010-03-22 11:21:00,setl_501929,customer_17760
uci_501931,501931,0.95,GBP,captured,online_retail,2010-03-22 11:24:00,setl_501931,customer_17760
uci_501938,501938,1183.8,GBP,captured,online_retail,2010-03-22 11:49:00,setl_501938,customer_15523
uci_501944,501944,218.34,GBP,captured,online_retail,2010-03-22 11:53:00,setl_501944,customer_15732
uci_501945,501945,120.9,GBP,captured,online_retail,2010-03-22 11:53:00,setl_501945,customer_15860
uci_501947,501947,107.7,GBP,captured,online_retail,2010-03-22 11:55:00,setl_501947,customer_15607
uci_501959,501959,133.6,GBP,captured,online_retail,2010-03-22 12:06:00,setl_501959,customer_16225
uci_501960,501960,546.03,GBP,captured,online_retail,2010-03-22 12:10:00,setl_501960,customer_14817
uci_501996,501996,139.2,GBP,captured,online_retail,2010-03-22 12:31:00,setl_501996,customer_13089
uci_502028,502028,310.98,GBP,captured,online_retail,2010-03-22 13:07:00,setl_502028,customer_13313
uci_502035,502035,318.8,GBP,captured,online_retail,2010-03-22 13:23:00,setl_502035,customer_15298
uci_502036,502036,301.5,GBP,captured,online_retail,2010-03-22 13:30:00,setl_502036,customer_14709
uci_502037,502037,298.4,GBP,captured,online_retail,2010-03-22 13:44:00,setl_502037,customer_12472
uci_502038,502038,623.69,GBP,captured,online_retail,2010-03-22 13:49:00,setl_502038,customer_13206
uci_502039,502039,34.8,GBP,captured,online_retail,2010-03-22 13:50:00,setl_502039,customer_13206
uci_502053,502053,388.6,GBP,captured,online_retail,2010-03-22 14:23:00,setl_502053,customer_17841
uci_502055,502055,1523.77,GBP,captured,online_retail,2010-03-22 14:30:00,setl_502055,customer_13357
uci_502056,502056,471.16,GBP,captured,online_retail,2010-03-22 14:34:00,setl_502056,customer_17138
uci_502057,502057,49.3,GBP,captured,online_retail,2010-03-22 14:38:00,setl_502057,customer_13357
uci_502058,502058,233.55,GBP,captured,online_retail,2010-03-22 14:43:00,setl_502058,customer_18061
uci_502059,502059,370.75,GBP,captured,online_retail,2010-03-22 14:44:00,setl_502059,customer_16560
uci_502060,502060,630.72,GBP,captured,online_retail,2010-03-22 14:50:00,setl_502060,customer_17696
uci_502063,502063,301.14,GBP,captured,online_retail,2010-03-22 15:08:00,setl_502063,customer_14355
uci_502064,502064,60.0,GBP,captured,online_retail,2010-03-22 15:20:00,setl_502064,customer_14464
uci_502069,502069,222.06,GBP,captured,online_retail,2010-03-22 15:30:00,setl_502069,customer_13141
uci_502080,502080,195.35,GBP,captured,online_retail,2010-03-22 15:47:00,setl_502080,customer_14530
uci_502082,502082,310.8,GBP,captured,online_retail,2010-03-22 15:49:00,setl_502082,customer_14643
uci_502087,502087,388.48,GBP,captured,online_retail,2010-03-22 15:59:00,setl_502087,customer_17496
uci_502089,502089,511.23,GBP,captured,online_retail,2010-03-22 16:04:00,setl_502089,customer_14307
uci_502091,502091,114.5,GBP,captured,online_retail,2010-03-22 16:44:00,setl_502091,customer_17432
uci_502093,502093,266.08,GBP,captured,online_retail,2010-03-22 17:32:00,setl_502093,customer_16823
uci_502094,502094,628.08,GBP,captured,online_retail,2010-03-22 17:34:00,setl_502094,customer_12748
uci_502096,502096,225.74,GBP,captured,online_retail,2010-03-22 18:00:00,setl_502096,customer_16441
uci_502097,502097,313.38,GBP,captured,online_retail,2010-03-23 08:40:00,setl_502097,customer_15793
uci_502098,502098,345.6,GBP,captured,online_retail,2010-03-23 08:55:00,setl_502098,customer_12359
uci_502099,502099,473.98,GBP,captured,online_retail,2010-03-23 09:15:00,setl_502099,customer_17640
uci_502100,502100,300.38,GBP,captured,online_retail,2010-03-23 09:18:00,setl_502100,customer_13706
uci_502101,502101,372.94,GBP,captured,online_retail,2010-03-23 09:43:00,setl_502101,customer_14769
uci_502102,502102,284.04,GBP,captured,online_retail,2010-03-23 09:50:00,setl_502102,customer_16656
uci_502104,502104,198.9,GBP,captured,online_retail,2010-03-23 09:57:00,setl_502104,customer_15984
uci_502106,502106,490.84,GBP,captured,online_retail,2010-03-23 10:06:00,setl_502106,customer_12843
uci_502105,502105,163.41,GBP,captured,online_retail,2010-03-23 10:06:00,setl_502105,customer_13711
uci_502107,502107,227.02,GBP,captured,online_retail,2010-03-23 10:11:00,setl_502107,customer_12843
uci_502109,502109,105.66,GBP,captured,online_retail,2010-03-23 10:23:00,setl_502109,customer_15732
uci_502108,502108,238.5,GBP,captured,online_retail,2010-03-23 10:23:00,setl_502108,customer_18172
uci_502110,502110,301.86,GBP,captured,online_retail,2010-03-23 10:28:00,setl_502110,customer_16071
uci_502111,502111,777.91,GBP,captured,online_retail,2010-03-23 10:30:00,setl_502111,customer_12455
uci_502112,502112,9.9,GBP,captured,online_retail,2010-03-23 10:32:00,setl_502112,customer_15732
uci_502113,502113,512.48,GBP,captured,online_retail,2010-03-23 11:01:00,setl_502113,customer_15998
uci_502118,502118,1327.98,GBP,captured,online_retail,2010-03-23 11:13:00,setl_502118,customer_15614
uci_502138,502138,10.14,GBP,captured,online_retail,2010-03-23 11:20:00,setl_502138,customer_15998
uci_502169,502169,487.8,GBP,captured,online_retail,2010-03-23 11:29:00,setl_502169,customer_15270
uci_502189,502189,129.83,GBP,captured,online_retail,2010-03-23 11:41:00,setl_502189,customer_15003
uci_502192,502192,869.27,GBP,captured,online_retail,2010-03-23 11:48:00,setl_502192,customer_14680
uci_502219,502219,81.6,GBP,captured,online_retail,2010-03-23 12:07:00,setl_502219,customer_14680
uci_502228,502228,190.78,GBP,captured,online_retail,2010-03-23 12:11:00,setl_502228,customer_15716
uci_502229,502229,531.42,GBP,captured,online_retail,2010-03-23 12:12:00,setl_502229,customer_12921
uci_502230,502230,229.47,GBP,captured,online_retail,2010-03-23 12:13:00,setl_502230,customer_14596
uci_502232,502232,330.38,GBP,captured,online_retail,2010-03-23 12:18:00,setl_502232,customer_15105
uci_502233,502233,255.02,GBP,captured,online_retail,2010-03-23 12:20:00,setl_502233,customer_14739
uci_502234,502234,677.38,GBP,captured,online_retail,2010-03-23 12:24:00,setl_502234,customer_16327
uci_502235,502235,260.75,GBP,captured,online_retail,2010-03-23 12:41:00,setl_502235,customer_15571
uci_502236,502236,312.45,GBP,captured,online_retail,2010-03-23 12:44:00,setl_502236,customer_14160
uci_502237,502237,257.34,GBP,captured,online_retail,2010-03-23 13:05:00,setl_502237,customer_18009
uci_502238,502238,309.8,GBP,captured,online_retail,2010-03-23 13:11:00,setl_502238,customer_16296
uci_502239,502239,190.5,GBP,captured,online_retail,2010-03-23 13:11:00,setl_502239,customer_12823
uci_502240,502240,426.27,GBP,captured,online_retail,2010-03-23 13:12:00,setl_502240,customer_13293
uci_502241,502241,122.18,GBP,captured,online_retail,2010-03-23 13:21:00,setl_502241,customer_17389
uci_502242,502242,149.3,GBP,captured,online_retail,2010-03-23 13:26:00,setl_502242,customer_14958
uci_502244,502244,364.31,GBP,captured,online_retail,2010-03-23 13:34:00,setl_502244,customer_13872
uci_502245,502245,1017.43,GBP,captured,online_retail,2010-03-23 13:40:00,setl_502245,customer_15079
uci_502246,502246,71.4,GBP,captured,online_retail,2010-03-23 13:50:00,setl_502246,customer_16970
uci_502247,502247,359.27,GBP,captured,online_retail,2010-03-23 13:52:00,setl_502247,customer_17147
uci_502249,502249,298.74,GBP,captured,online_retail,2010-03-23 14:09:00,setl_502249,customer_17797
uci_502251,502251,496.66,GBP,captured,online_retail,2010-03-23 14:22:00,setl_502251,customer_13869
uci_502252,502252,156.9,GBP,captured,online_retail,2010-03-23 14:29:00,setl_502252,customer_14590
uci_502255,502255,390.6,GBP,captured,online_retail,2010-03-23 15:01:00,setl_502255,customer_13495
uci_502256,502256,377.4,GBP,captured,online_retail,2010-03-23 15:06:00,setl_502256,customer_14543
uci_502257,502257,597.3,GBP,captured,online_retail,2010-03-23 15:08:00,setl_502257,customer_17675
uci_502258,502258,111.95,GBP,captured,online_retail,2010-03-23 15:10:00,setl_502258,customer_14166
uci_502259,502259,156.6,GBP,captured,online_retail,2010-03-23 15:11:00,setl_502259,customer_16578
uci_502260,502260,291.5,GBP,captured,online_retail,2010-03-23 15:13:00,setl_502260,customer_16615
uci_502261,502261,63.0,GBP,captured,online_retail,2010-03-23 15:15:00,setl_502261,customer_12891
uci_502263,502263,10953.5,GBP,captured,online_retail,2010-03-23 15:22:00,setl_502263,customer_12918
uci_502266,502266,241.9,GBP,captured,online_retail,2010-03-23 15:34:00,setl_502266,customer_13445
uci_502267,502267,1900.0,GBP,captured,online_retail,2010-03-23 15:35:00,setl_502267,customer_17940
uci_502269,502269,10000.0,GBP,captured,online_retail,2010-03-23 15:36:00,setl_502269,customer_17940
uci_502268,502268,117.05,GBP,captured,online_retail,2010-03-23 15:36:00,setl_502268,customer_14762
uci_502272,502272,355.62,GBP,captured,online_retail,2010-03-23 15:47:00,setl_502272,customer_14344
uci_502273,502273,159.5,GBP,captured,online_retail,2010-03-23 15:52:00,setl_502273,customer_13613
uci_502274,502274,10.05,GBP,captured,online_retail,2010-03-23 15:56:00,setl_502274,customer_17961
uci_502275,502275,34.8,GBP,captured,online_retail,2010-03-23 16:01:00,setl_502275,customer_16321
uci_502278,502278,395.23,GBP,captured,online_retail,2010-03-23 16:37:00,setl_502278,customer_15785
uci_502279,502279,27.4,GBP,captured,online_retail,2010-03-23 16:39:00,setl_502279,customer_15785
uci_502280,502280,289.45,GBP,captured,online_retail,2010-03-23 16:45:00,setl_502280,customer_14156
uci_502281,502281,174.02,GBP,captured,online_retail,2010-03-23 16:50:00,setl_502281,customer_15869
uci_502286,502286,220.6,GBP,captured,online_retail,2010-03-23 17:11:00,setl_502286,customer_17576
uci_502287,502287,15.9,GBP,captured,online_retail,2010-03-23 17:15:00,setl_502287,customer_17576
uci_502288,502288,412.88,GBP,captured,online_retail,2010-03-24 08:31:00,setl_502288,customer_12681
uci_502293,502293,388.55,GBP,captured,online_retail,2010-03-24 08:55:00,setl_502293,customer_13896
uci_502300,502300,2509.9,GBP,captured,online_retail,2010-03-24 09:07:00,setl_502300,customer_16029
uci_502301,502301,877.18,GBP,captured,online_retail,2010-03-24 09:26:00,setl_502301,customer_17082
uci_502303,502303,301.5,GBP,captured,online_retail,2010-03-24 09:31:00,setl_502303,customer_13151
uci_502313,502313,446.21,GBP,captured,online_retail,2010-03-24 09:46:00,setl_502313,customer_17113
uci_502314,502314,762.68,GBP,captured,online_retail,2010-03-24 09:52:00,setl_502314,customer_13078
uci_502315,502315,30.6,GBP,captured,online_retail,2010-03-24 09:52:00,setl_502315,customer_17512
uci_502316,502316,79.2,GBP,captured,online_retail,2010-03-24 09:54:00,setl_502316,customer_17512
uci_502318,502318,313.49,GBP,captured,online_retail,2010-03-24 09:57:00,setl_502318,customer_18189
uci_502317,502317,571.05,GBP,captured,online_retail,2010-03-24 09:57:00,setl_502317,customer_16003
uci_502319,502319,309.35,GBP,captured,online_retail,2010-03-24 10:00:00,setl_502319,customer_14370
uci_502320,502320,334.08,GBP,captured,online_retail,2010-03-24 10:03:00,setl_502320,customer_14341
uci_502322,502322,38.35,GBP,captured,online_retail,2010-03-24 10:09:00,setl_502322,customer_16003
uci_502323,502323,349.75,GBP,captured,online_retail,2010-03-24 10:15:00,setl_502323,customer_17838
uci_502326,502326,1885.37,GBP,captured,online_retail,2010-03-24 10:28:00,setl_502326,customer_12758
uci_502328,502328,230.01,GBP,captured,online_retail,2010-03-24 10:30:00,setl_502328,customer_16711
uci_502327,502327,346.9,GBP,captured,online_retail,2010-03-24 10:30:00,setl_502327,customer_13252
uci_502331,502331,40.0,GBP,captured,online_retail,2010-03-24 10:39:00,setl_502331,customer_12360
uci_502334,502334,36.8,GBP,captured,online_retail,2010-03-24 10:42:00,setl_502334,customer_14911
uci_502333,502333,2300.4,GBP,captured,online_retail,2010-03-24 10:42:00,setl_502333,customer_16077
uci_502337,502337,300.8,GBP,captured,online_retail,2010-03-24 10:45:00,setl_502337,customer_17377
uci_502336,502336,187.95,GBP,captured,online_retail,2010-03-24 10:45:00,setl_502336,customer_13468
uci_502347,502347,310.2,GBP,captured,online_retail,2010-03-24 11:05:00,setl_502347,customer_13988
uci_502363,502363,120.29,GBP,captured,online_retail,2010-03-24 11:19:00,setl_502363,customer_14606
uci_502375,502375,243.29,GBP,captured,online_retail,2010-03-24 11:38:00,setl_502375,customer_17165
uci_502393,502393,1020.48,GBP,captured,online_retail,2010-03-24 11:49:00,setl_502393,customer_12524
uci_502396,502396,560.94,GBP,captured,online_retail,2010-03-24 11:51:00,setl_502396,customer_15057
uci_502399,502399,302.86,GBP,captured,online_retail,2010-03-24 11:52:00,setl_502399,customer_13611
uci_502404,502404,306.96,GBP,captured,online_retail,2010-03-24 11:56:00,setl_502404,customer_15607
uci_502418,502418,119.0,GBP,captured,online_retail,2010-03-24 12:07:00,setl_502418,customer_17935
uci_502419,502419,443.21,GBP,captured,online_retail,2010-03-24 12:15:00,setl_502419,customer_16300
uci_502420,502420,293.5,GBP,captured,online_retail,2010-03-24 12:17:00,setl_502420,customer_15015
uci_502421,502421,34.5,GBP,captured,online_retail,2010-03-24 12:18:00,setl_502421,customer_15329
uci_502422,502422,519.3,GBP,captured,online_retail,2010-03-24 12:20:00,setl_502422,customer_14911
uci_502423,502423,1083.05,GBP,captured,online_retail,2010-03-24 12:23:00,setl_502423,customer_15601
uci_502424,502424,330.15,GBP,captured,online_retail,2010-03-24 12:30:00,setl_502424,customer_14527
uci_502425,502425,59.5,GBP,captured,online_retail,2010-03-24 12:32:00,setl_502425,customer_13835
uci_502427,502427,363.51,GBP,captured,online_retail,2010-03-24 12:33:00,setl_502427,customer_17019
uci_502426,502426,568.94,GBP,captured,online_retail,2010-03-24 12:33:00,setl_502426,customer_13199
uci_502429,502429,1201.52,GBP,captured,online_retail,2010-03-24 12:43:00,setl_502429,customer_12742
uci_502430,502430,327.93,GBP,captured,online_retail,2010-03-24 12:47:00,setl_502430,customer_16735
uci_502432,502432,102.0,GBP,captured,online_retail,2010-03-24 12:54:00,setl_502432,customer_17716
uci_502433,502433,132.64,GBP,captured,online_retail,2010-03-24 12:56:00,setl_502433,customer_13497
uci_502436,502436,169.21,GBP,captured,online_retail,2010-03-24 13:08:00,setl_502436,customer_16002
uci_502439,502439,42.9,GBP,captured,online_retail,2010-03-24 13:14:00,setl_502439,customer_15920
uci_502440,502440,45.0,GBP,captured,online_retail,2010-03-24 13:15:00,setl_502440,customer_15015
uci_502441,502441,379.04,GBP,captured,online_retail,2010-03-24 13:20:00,setl_502441,customer_17640
uci_502443,502443,8.5,GBP,captured,online_retail,2010-03-24 13:28:00,setl_502443,customer_18037
uci_502444,502444,275.35,GBP,captured,online_retail,2010-03-24 13:30:00,setl_502444,customer_14729
uci_502445,502445,5.05,GBP,captured,online_retail,2010-03-24 13:35:00,setl_502445,customer_14729
uci_502446,502446,110.03,GBP,captured,online_retail,2010-03-24 13:56:00,setl_502446,customer_15086
uci_502448,502448,193.22,GBP,captured,online_retail,2010-03-24 14:05:00,setl_502448,customer_15311
uci_502449,502449,354.79,GBP,captured,online_retail,2010-03-24 14:06:00,setl_502449,customer_16444
uci_502450,502450,386.53,GBP,captured,online_retail,2010-03-24 14:10:00,setl_502450,customer_14026
uci_502455,502455,782.56,GBP,captured,online_retail,2010-03-24 14:17:00,setl_502455,customer_14911
uci_502456,502456,91.8,GBP,captured,online_retail,2010-03-24 14:19:00,setl_502456,customer_14911
uci_502462,502462,101.3,GBP,captured,online_retail,2010-03-24 14:40:00,setl_502462,customer_15447
uci_502463,502463,169.33,GBP,captured,online_retail,2010-03-24 14:49:00,setl_502463,customer_15605
uci_502464,502464,26.55,GBP,captured,online_retail,2010-03-24 15:00:00,setl_502464,customer_12748
uci_502465,502465,81.0,GBP,captured,online_retail,2010-03-24 15:08:00,setl_502465,customer_17402
uci_502466,502466,173.06,GBP,captured,online_retail,2010-03-24 15:15:00,setl_502466,customer_16741
uci_502467,502467,391.59,GBP,captured,online_retail,2010-03-24 15:24:00,setl_502467,customer_12437
uci_502468,502468,342.36,GBP,captured,online_retail,2010-03-24 15:36:00,setl_502468,customer_16984
uci_502484,502484,123.37,GBP,captured,online_retail,2010-03-24 16:22:00,setl_502484,customer_13571
uci_502485,502485,282.05,GBP,captured,online_retail,2010-03-24 16:33:00,setl_502485,customer_17072
uci_502487,502487,85.65,GBP,captured,online_retail,2010-03-25 09:40:00,setl_502487,customer_12663
uci_502488,502488,392.94,GBP,captured,online_retail,2010-03-25 09:44:00,setl_502488,customer_12540
uci_502489,502489,59.8,GBP,captured,online_retail,2010-03-25 10:04:00,setl_502489,customer_15527
uci_502490,502490,520.92,GBP,captured,online_retail,2010-03-25 10:04:00,setl_502490,customer_14640
uci_502491,502491,828.8,GBP,captured,online_retail,2010-03-25 10:20:00,setl_502491,customer_12471
uci_502492,502492,529.62,GBP,captured,online_retail,2010-03-25 10:24:00,setl_502492,customer_13459
uci_502493,502493,141.06,GBP,captured,online_retail,2010-03-25 10:28:00,setl_502493,customer_12370
uci_502494,502494,463.35,GBP,captured,online_retail,2010-03-25 10:33:00,setl_502494,customer_13564
uci_502496,502496,241.2,GBP,captured,online_retail,2010-03-25 10:36:00,setl_502496,customer_14202
uci_502495,502495,161.5,GBP,captured,online_retail,2010-03-25 10:36:00,setl_502495,customer_13557
uci_502498,502498,134.2,GBP,captured,online_retail,2010-03-25 10:55:00,setl_502498,customer_15602
uci_502499,502499,1009.67,GBP,captured,online_retail,2010-03-25 11:07:00,setl_502499,customer_15513
uci_502500,502500,213.75,GBP,captured,online_retail,2010-03-25 11:09:00,setl_502500,customer_15513
uci_502501,502501,316.58,GBP,captured,online_retail,2010-03-25 11:20:00,setl_502501,customer_13004
uci_502509,502509,328.3,GBP,captured,online_retail,2010-03-25 11:23:00,setl_502509,customer_16554
uci_502523,502523,205.23,GBP,captured,online_retail,2010-03-25 11:28:00,setl_502523,customer_15443
uci_502525,502525,2779.34,GBP,captured,online_retail,2010-03-25 11:28:00,setl_502525,customer_13694
uci_502528,502528,322.6,GBP,captured,online_retail,2010-03-25 11:29:00,setl_502528,customer_14947
uci_502532,502532,2640.0,GBP,captured,online_retail,2010-03-25 11:31:00,setl_502532,customer_13694
uci_502535,502535,937.54,GBP,captured,online_retail,2010-03-25 11:32:00,setl_502535,customer_13694
uci_502534,502534,578.63,GBP,captured,online_retail,2010-03-25 11:32:00,setl_502534,customer_15547
uci_502567,502567,139.32,GBP,captured,online_retail,2010-03-25 12:03:00,setl_502567,customer_15374
uci_502565,502565,509.65,GBP,captured,online_retail,2010-03-25 12:03:00,setl_502565,customer_13849
uci_502568,502568,70.6,GBP,captured,online_retail,2010-03-25 12:10:00,setl_502568,customer_12370
uci_502569,502569,283.36,GBP,captured,online_retail,2010-03-25 12:12:00,setl_502569,customer_14522
uci_502570,502570,220.32,GBP,captured,online_retail,2010-03-25 12:20:00,setl_502570,customer_15380
uci_502583,502583,331.5,GBP,captured,online_retail,2010-03-25 12:39:00,setl_502583,customer_13875
uci_502584,502584,309.3,GBP,captured,online_retail,2010-03-25 12:40:00,setl_502584,customer_13875
uci_502586,502586,577.24,GBP,captured,online_retail,2010-03-25 12:41:00,setl_502586,customer_17001
uci_502588,502588,867.04,GBP,captured,online_retail,2010-03-25 12:43:00,setl_502588,customer_16550
uci_502590,502590,342.0,GBP,captured,online_retail,2010-03-25 12:52:00,setl_502590,customer_17353
uci_502591,502591,201.85,GBP,captured,online_retail,2010-03-25 12:54:00,setl_502591,customer_17841
uci_502592,502592,62.95,GBP,captured,online_retail,2010-03-25 13:02:00,setl_502592,customer_13995
uci_502594,502594,205.91,GBP,captured,online_retail,2010-03-25 13:05:00,setl_502594,customer_16090
uci_502595,502595,736.1,GBP,captured,online_retail,2010-03-25 13:13:00,setl_502595,customer_14911
uci_502596,502596,336.04,GBP,captured,online_retail,2010-03-25 13:15:00,setl_502596,customer_16553
uci_502597,502597,360.95,GBP,captured,online_retail,2010-03-25 13:15:00,setl_502597,customer_13969
uci_502598,502598,766.52,GBP,captured,online_retail,2010-03-25 13:15:00,setl_502598,customer_14156
uci_502599,502599,132.8,GBP,captured,online_retail,2010-03-25 13:16:00,setl_502599,customer_17301
uci_502602,502602,241.38,GBP,captured,online_retail,2010-03-25 13:34:00,setl_502602,customer_16943
uci_502604,502604,141.3,GBP,captured,online_retail,2010-03-25 13:41:00,setl_502604,customer_16699
uci_502605,502605,726.32,GBP,captured,online_retail,2010-03-25 13:43:00,setl_502605,customer_14685
uci_502606,502606,260.5,GBP,captured,online_retail,2010-03-25 13:46:00,setl_502606,customer_13900
uci_502607,502607,325.15,GBP,captured,online_retail,2010-03-25 13:49:00,setl_502607,customer_12373
uci_502608,502608,503.97,GBP,captured,online_retail,2010-03-25 13:53:00,setl_502608,customer_13001
uci_502609,502609,344.3,GBP,captured,online_retail,2010-03-25 13:55:00,setl_502609,customer_17873
uci_502610,502610,1103.85,GBP,captured,online_retail,2010-03-25 14:06:00,setl_502610,customer_13408
uci_502611,502611,251.78,GBP,captured,online_retail,2010-03-25 14:12:00,setl_502611,customer_13668
uci_502613,502613,885.14,GBP,captured,online_retail,2010-03-25 14:22:00,setl_502613,customer_14535
uci_502614,502614,69.6,GBP,captured,online_retail,2010-03-25 14:23:00,setl_502614,customer_12471
uci_502615,502615,340.3,GBP,captured,online_retail,2010-03-25 14:26:00,setl_502615,customer_13285
uci_502616,502616,209.3,GBP,captured,online_retail,2010-03-25 14:32:00,setl_502616,customer_12870
uci_502617,502617,525.34,GBP,captured,online_retail,2010-03-25 14:39:00,setl_502617,customer_15027
uci_502618,502618,227.52,GBP,captured,online_retail,2010-03-25 14:43:00,setl_502618,customer_14085
uci_502620,502620,172.35,GBP,captured,online_retail,2010-03-25 15:00:00,setl_502620,customer_14167
uci_502623,502623,86.22,GBP,captured,online_retail,2010-03-25 15:14:00,setl_502623,customer_18219
uci_502624,502624,243.03,GBP,captured,online_retail,2010-03-25 15:17:00,setl_502624,customer_16794
uci_502628,502628,531.97,GBP,captured,online_retail,2010-03-25 15:36:00,setl_502628,customer_16670
uci_502632,502632,133.85,GBP,captured,online_retail,2010-03-25 16:17:00,setl_502632,customer_17484
uci_502633,502633,429.9,GBP,captured,online_retail,2010-03-25 16:19:00,setl_502633,customer_12510
uci_502636,502636,381.36,GBP,captured,online_retail,2010-03-25 16:25:00,setl_502636,customer_12726
uci_502637,502637,545.98,GBP,captured,online_retail,2010-03-25 16:29:00,setl_502637,customer_15768
uci_502638,502638,357.91,GBP,captured,online_retail,2010-03-25 16:33:00,setl_502638,customer_15260
uci_502643,502643,41.85,GBP,captured,online_retail,2010-03-25 16:43:00,setl_502643,customer_15549
uci_502648,502648,935.36,GBP,captured,online_retail,2010-03-25 16:50:00,setl_502648,customer_16210
uci_502653,502653,312.46,GBP,captured,online_retail,2010-03-25 16:58:00,setl_502653,customer_17160
uci_502659,502659,82.2,GBP,captured,online_retail,2010-03-25 17:06:00,setl_502659,customer_14682
uci_502660,502660,112.24,GBP,captured,online_retail,2010-03-25 17:18:00,setl_502660,customer_13187
uci_502661,502661,250.45,GBP,captured,online_retail,2010-03-25 17:19:00,setl_502661,customer_13705
uci_502662,502662,119.84,GBP,captured,online_retail,2010-03-25 17:21:00,setl_502662,customer_14704
uci_502663,502663,146.68,GBP,captured,online_retail,2010-03-25 17:29:00,setl_502663,customer_12791
uci_502664,502664,209.93,GBP,captured,online_retail,2010-03-25 17:34:00,setl_502664,customer_15722
uci_502665,502665,46.2,GBP,captured,online_retail,2010-03-25 17:38:00,setl_502665,customer_15698
uci_502667,502667,17.91,GBP,captured,online_retail,2010-03-25 19:03:00,setl_502667,customer_13187
uci_502668,502668,0.84,GBP,captured,online_retail,2010-03-25 19:06:00,setl_502668,customer_13187
uci_502669,502669,724.25,GBP,captured,online_retail,2010-03-26 08:51:00,setl_502669,customer_15523
uci_502670,502670,200.63,GBP,captured,online_retail,2010-03-26 09:10:00,setl_502670,customer_14330
uci_502671,502671,403.28,GBP,captured,online_retail,2010-03-26 09:38:00,setl_502671,customer_13767
uci_502672,502672,19.8,GBP,captured,online_retail,2010-03-26 09:41:00,setl_502672,customer_12471
uci_502673,502673,833.2,GBP,captured,online_retail,2010-03-26 09:46:00,setl_502673,customer_14911
uci_502674,502674,272.95,GBP,captured,online_retail,2010-03-26 09:58:00,setl_502674,customer_16286
uci_502675,502675,174.2,GBP,captured,online_retail,2010-03-26 10:02:00,setl_502675,customer_14013
uci_502677,502677,352.77,GBP,captured,online_retail,2010-03-26 10:20:00,setl_502677,customer_15755
uci_502692,502692,1708.2,GBP,captured,online_retail,2010-03-26 11:13:00,setl_502692,customer_17949
uci_502716,502716,914.17,GBP,captured,online_retail,2010-03-26 11:20:00,setl_502716,customer_16779
uci_502721,502721,383.75,GBP,captured,online_retail,2010-03-26 11:21:00,setl_502721,customer_15789
uci_502723,502723,870.0,GBP,captured,online_retail,2010-03-26 11:23:00,setl_502723,customer_17949
uci_502724,502724,286.58,GBP,captured,online_retail,2010-03-26 11:26:00,setl_502724,customer_14110
uci_502725,502725,307.98,GBP,captured,online_retail,2010-03-26 11:26:00,setl_502725,customer_16558
uci_502728,502728,299.75,GBP,captured,online_retail,2010-03-26 11:37:00,setl_502728,customer_18188
uci_502730,502730,20.4,GBP,captured,online_retail,2010-03-26 11:42:00,setl_502730,customer_15443
uci_502733,502733,280.6,GBP,captured,online_retail,2010-03-26 11:56:00,setl_502733,customer_15911
uci_502734,502734,485.52,GBP,captured,online_retail,2010-03-26 11:59:00,setl_502734,customer_13082
uci_502735,502735,146.68,GBP,captured,online_retail,2010-03-26 12:05:00,setl_502735,customer_12791
uci_502736,502736,14.85,GBP,captured,online_retail,2010-03-26 12:06:00,setl_502736,customer_15911
uci_502738,502738,131.68,GBP,captured,online_retail,2010-03-26 12:08:00,setl_502738,customer_12791
uci_502739,502739,409.2,GBP,captured,online_retail,2010-03-26 12:19:00,setl_502739,customer_16170
uci_502740,502740,303.55,GBP,captured,online_retail,2010-03-26 12:23:00,setl_502740,customer_17582
uci_502743,502743,175.5,GBP,captured,online_retail,2010-03-26 12:26:00,setl_502743,customer_18166
uci_502745,502745,81.4,GBP,captured,online_retail,2010-03-26 12:42:00,setl_502745,customer_16158
uci_502747,502747,798.55,GBP,captured,online_retail,2010-03-26 13:03:00,setl_502747,customer_18215
uci_502748,502748,465.51,GBP,captured,online_retail,2010-03-26 13:05:00,setl_502748,customer_16493
uci_502749,502749,187.14,GBP,captured,online_retail,2010-03-26 13:08:00,setl_502749,customer_18245
uci_502751,502751,102.54,GBP,captured,online_retail,2010-03-26 13:13:00,setl_502751,customer_17290
uci_502752,502752,90.15,GBP,captured,online_retail,2010-03-26 13:28:00,setl_502752,customer_18252
uci_502753,502753,194.8,GBP,captured,online_retail,2010-03-26 13:30:00,setl_502753,customer_16923
uci_502755,502755,67.25,GBP,captured,online_retail,2010-03-26 13:39:00,setl_502755,customer_16601
uci_502756,502756,501.36,GBP,captured,online_retail,2010-03-26 13:42:00,setl_502756,customer_13931
uci_502757,502757,285.84,GBP,captured,online_retail,2010-03-26 13:44:00,setl_502757,customer_14537
uci_502758,502758,4865.7,GBP,captured,online_retail,2010-03-26 13:45:00,setl_502758,customer_14646
uci_502759,502759,3208.44,GBP,captured,online_retail,2010-03-26 13:46:00,setl_502759,customer_14646
uci_502760,502760,816.0,GBP,captured,online_retail,2010-03-26 13:47:00,setl_502760,customer_14646
uci_502761,502761,128.22,GBP,captured,online_retail,2010-03-26 13:50:00,setl_502761,customer_13117
uci_502762,502762,219.4,GBP,captured,online_retail,2010-03-26 13:55:00,setl_502762,customer_14074
uci_502763,502763,292.47,GBP,captured,online_retail,2010-03-26 13:57:00,setl_502763,customer_17966
uci_502764,502764,2021.23,GBP,captured,online_retail,2010-03-26 14:01:00,setl_502764,customer_12477
uci_502765,502765,84.37,GBP,captured,online_retail,2010-03-26 14:01:00,setl_502765,customer_17371
uci_502768,502768,181.7,GBP,captured,online_retail,2010-03-26 14:16:00,setl_502768,customer_14994
uci_502771,502771,2585.75,GBP,captured,online_retail,2010-03-26 14:29:00,setl_502771,customer_13694
uci_502772,502772,120.0,GBP,captured,online_retail,2010-03-26 14:31:00,setl_502772,customer_13694
uci_502779,502779,274.05,GBP,captured,online_retail,2010-03-26 14:38:00,setl_502779,customer_16807
uci_502781,502781,45.6,GBP,captured,online_retail,2010-03-26 14:40:00,setl_502781,customer_13694
uci_502784,502784,780.92,GBP,captured,online_retail,2010-03-26 14:51:00,setl_502784,customer_15249
uci_502785,502785,181.58,GBP,captured,online_retail,2010-03-26 14:55:00,setl_502785,customer_13767
uci_502792,502792,205.35,GBP,captured,online_retail,2010-03-26 15:08:00,setl_502792,customer_14253
uci_502794,502794,312.88,GBP,captured,online_retail,2010-03-26 15:31:00,setl_502794,customer_16833
uci_502796,502796,362.56,GBP,captured,online_retail,2010-03-26 15:32:00,setl_502796,customer_17191
uci_502795,502795,132.88,GBP,captured,online_retail,2010-03-26 15:32:00,setl_502795,customer_16510
uci_502799,502799,259.08,GBP,captured,online_retail,2010-03-26 16:17:00,setl_502799,customer_15867
uci_502798,502798,162.4,GBP,captured,online_retail,2010-03-26 16:17:00,setl_502798,customer_15552
uci_502810,502810,155.33,GBP,captured,online_retail,2010-03-26 17:24:00,setl_502810,customer_15339
uci_502811,502811,290.95,GBP,captured,online_retail,2010-03-28 10:13:00,setl_502811,customer_17243
uci_502812,502812,226.3,GBP,captured,online_retail,2010-03-28 10:28:00,setl_502812,customer_15965
uci_502814,502814,397.54,GBP,captured,online_retail,2010-03-28 10:33:00,setl_502814,customer_13767
uci_502813,502813,201.13,GBP,captured,online_retail,2010-03-28 10:33:00,setl_502813,customer_16104
uci_502815,502815,376.2,GBP,captured,online_retail,2010-03-28 10:35:00,setl_502815,customer_16768
uci_502816,502816,299.0,GBP,captured,online_retail,2010-03-28 10:51:00,setl_502816,customer_13871
uci_502817,502817,139.94,GBP,captured,online_retail,2010-03-28 10:54:00,setl_502817,customer_15848
uci_502818,502818,112.23,GBP,captured,online_retail,2010-03-28 11:02:00,setl_502818,customer_13825
uci_502819,502819,63.72,GBP,captured,online_retail,2010-03-28 11:04:00,setl_502819,customer_17644
uci_502820,502820,941.42,GBP,captured,online_retail,2010-03-28 11:07:00,setl_502820,customer_14849
uci_502821,502821,70.2,GBP,captured,online_retail,2010-03-28 11:09:00,setl_502821,customer_14849
uci_502822,502822,118.0,GBP,captured,online_retail,2010-03-28 11:19:00,setl_502822,customer_17155
uci_502823,502823,1290.28,GBP,captured,online_retail,2010-03-28 11:20:00,setl_502823,customer_13209
uci_502824,502824,127.65,GBP,captured,online_retail,2010-03-28 11:28:00,setl_502824,customer_13053
uci_502825,502825,463.62,GBP,captured,online_retail,2010-03-28 11:30:00,setl_502825,customer_16787
uci_502826,502826,722.17,GBP,captured,online_retail,2010-03-28 11:38:00,setl_502826,customer_17920
uci_502827,502827,439.62,GBP,captured,online_retail,2010-03-28 11:45:00,setl_502827,customer_15289
uci_502828,502828,293.5,GBP,captured,online_retail,2010-03-28 12:18:00,setl_502828,customer_16727
uci_502829,502829,392.59,GBP,captured,online_retail,2010-03-28 12:20:00,setl_502829,customer_17827
uci_502830,502830,131.25,GBP,captured,online_retail,2010-03-28 12:22:00,setl_502830,customer_14378
uci_502831,502831,30.0,GBP,captured,online_retail,2010-03-28 12:26:00,setl_502831,customer_17372
uci_502832,502832,197.78,GBP,captured,online_retail,2010-03-28 12:34:00,setl_502832,customer_14805
uci_502833,502833,924.54,GBP,captured,online_retail,2010-03-28 12:36:00,setl_502833,customer_13225
uci_502835,502835,382.2,GBP,captured,online_retail,2010-03-28 12:43:00,setl_502835,customer_16934
uci_502834,502834,95.78,GBP,captured,online_retail,2010-03-28 12:43:00,setl_502834,customer_17731
uci_502836,502836,156.74,GBP,captured,online_retail,2010-03-28 12:44:00,setl_502836,customer_16939
uci_502837,502837,307.25,GBP,captured,online_retail,2010-03-28 12:52:00,setl_502837,customer_14771
uci_502838,502838,210.47,GBP,captured,online_retail,2010-03-28 12:55:00,setl_502838,customer_16784
uci_502839,502839,1017.96,GBP,captured,online_retail,2010-03-28 13:10:00,setl_502839,customer_12910
uci_502840,502840,334.87,GBP,captured,online_retail,2010-03-28 13:18:00,setl_502840,customer_15068
uci_502841,502841,144.35,GBP,captured,online_retail,2010-03-28 13:21:00,setl_502841,customer_18283
uci_502842,502842,153.55,GBP,captured,online_retail,2010-03-28 13:31:00,setl_502842,customer_17518
uci_502843,502843,656.72,GBP,captured,online_retail,2010-03-28 13:36:00,setl_502843,customer_14101
uci_502844,502844,1031.37,GBP,captured,online_retail,2010-03-28 13:38:00,setl_502844,customer_14291
uci_502845,502845,351.69,GBP,captured,online_retail,2010-03-28 13:40:00,setl_502845,customer_13615
uci_502846,502846,153.55,GBP,captured,online_retail,2010-03-28 13:42:00,setl_502846,customer_15423
uci_502847,502847,379.04,GBP,captured,online_retail,2010-03-28 13:47:00,setl_502847,customer_14572
uci_502848,502848,742.41,GBP,captured,online_retail,2010-03-28 14:04:00,setl_502848,customer_15570
uci_502850,502850,28.9,GBP,captured,online_retail,2010-03-28 14:18:00,setl_502850,customer_17954
uci_502851,502851,253.45,GBP,captured,online_retail,2010-03-28 14:26:00,setl_502851,customer_17068
uci_502852,502852,213.15,GBP,captured,online_retail,2010-03-28 14:32:00,setl_502852,customer_18231
uci_502853,502853,826.87,GBP,captured,online_retail,2010-03-28 14:47:00,setl_502853,customer_17589
uci_502854,502854,190.53,GBP,captured,online_retail,2010-03-28 14:48:00,setl_502854,customer_13684
uci_502855,502855,292.44,GBP,captured,online_retail,2010-03-28 14:53:00,setl_502855,customer_16710
uci_502856,502856,364.47,GBP,captured,online_retail,2010-03-28 15:05:00,setl_502856,customer_14078
uci_502857,502857,309.99,GBP,captured,online_retail,2010-03-28 15:11:00,setl_502857,customer_14735
uci_502858,502858,250.26,GBP,captured,online_retail,2010-03-28 15:12:00,setl_502858,customer_15231
uci_502859,502859,309.3,GBP,captured,online_retail,2010-03-28 15:12:00,setl_502859,customer_14735
uci_502860,502860,106.96,GBP,captured,online_retail,2010-03-28 15:13:00,setl_502860,customer_16666
uci_502861,502861,256.83,GBP,captured,online_retail,2010-03-28 15:16:00,setl_502861,customer_14583
uci_502862,502862,359.46,GBP,captured,online_retail,2010-03-28 15:33:00,setl_502862,customer_17504
uci_502863,502863,1162.95,GBP,captured,online_retail,2010-03-28 15:40:00,setl_502863,customer_16067
uci_502864,502864,415.71,GBP,captured,online_retail,2010-03-28 15:42:00,setl_502864,customer_14809
uci_502865,502865,271.05,GBP,captured,online_retail,2010-03-28 15:44:00,setl_502865,customer_14809
uci_502866,502866,186.23,GBP,captured,online_retail,2010-03-28 15:45:00,setl_502866,customer_16549
uci_502867,502867,284.64,GBP,captured,online_retail,2010-03-28 15:58:00,setl_502867,customer_15141
uci_502868,502868,181.89,GBP,captured,online_retail,2010-03-28 16:04:00,setl_502868,customer_16655
uci_502869,502869,523.53,GBP,captured,online_retail,2010-03-28 16:13:00,setl_502869,customer_13113
uci_502870,502870,1406.43,GBP,captured,online_retail,2010-03-28 16:17:00,setl_502870,customer_13373
uci_502871,502871,367.69,GBP,captured,online_retail,2010-03-29 09:48:00,setl_502871,customer_17642
uci_502873,502873,381.0,GBP,captured,online_retail,2010-03-29 10:07:00,setl_502873,customer_15981
uci_502874,502874,348.47,GBP,captured,online_retail,2010-03-29 10:08:00,setl_502874,customer_13319
uci_502875,502875,243.0,GBP,captured,online_retail,2010-03-29 10:10:00,setl_502875,customer_13319
uci_502876,502876,1110.0,GBP,captured,online_retail,2010-03-29 10:25:00,setl_502876,customer_17949
uci_502877,502877,861.6,GBP,captured,online_retail,2010-03-29 10:26:00,setl_502877,customer_16532
uci_502880,502880,574.19,GBP,captured,online_retail,2010-03-29 10:37:00,setl_502880,customer_17994
uci_502881,502881,288.57,GBP,captured,online_retail,2010-03-29 10:38:00,setl_502881,customer_17448
uci_502882,502882,890.4,GBP,captured,online_retail,2010-03-29 10:41:00,setl_502882,customer_16754
uci_502883,502883,2121.36,GBP,captured,online_retail,2010-03-29 10:44:00,setl_502883,customer_16754
uci_502884,502884,637.11,GBP,captured,online_retail,2010-03-29 10:55:00,setl_502884,customer_16019
uci_502885,502885,197.79,GBP,captured,online_retail,2010-03-29 10:56:00,setl_502885,customer_16019
uci_502886,502886,749.28,GBP,captured,online_retail,2010-03-29 11:16:00,setl_502886,customer_16456
uci_502887,502887,7090.8,GBP,captured,online_retail,2010-03-29 11:28:00,setl_502887,customer_16754
uci_502888,502888,1652.4,GBP,captured,online_retail,2010-03-29 11:33:00,setl_502888,customer_18102
uci_502889,502889,461.76,GBP,captured,online_retail,2010-03-29 11:38:00,setl_502889,customer_17448
uci_502890,502890,74.0,GBP,captured,online_retail,2010-03-29 11:40:00,setl_502890,customer_15039
uci_502891,502891,173.67,GBP,captured,online_retail,2010-03-29 11:41:00,setl_502891,customer_17448
uci_502892,502892,164.47,GBP,captured,online_retail,2010-03-29 11:42:00,setl_502892,customer_17419
uci_502893,502893,401.65,GBP,captured,online_retail,2010-03-29 11:43:00,setl_502893,customer_17448
uci_502895,502895,317.61,GBP,captured,online_retail,2010-03-29 11:49:00,setl_502895,customer_17448
uci_502896,502896,325.85,GBP,captured,online_retail,2010-03-29 11:49:00,setl_502896,customer_15527
uci_502897,502897,292.95,GBP,captured,online_retail,2010-03-29 11:55:00,setl_502897,customer_14527
uci_502898,502898,270.95,GBP,captured,online_retail,2010-03-29 12:01:00,setl_502898,customer_17448
uci_502901,502901,940.52,GBP,captured,online_retail,2010-03-29 12:19:00,setl_502901,customer_13340
uci_502902,502902,315.4,GBP,captured,online_retail,2010-03-29 12:32:00,setl_502902,customer_16634
uci_502905,502905,306.0,GBP,captured,online_retail,2010-03-29 12:51:00,setl_502905,customer_12931
uci_502906,502906,1045.44,GBP,captured,online_retail,2010-03-29 12:52:00,setl_502906,customer_18102
uci_502908,502908,1.45,GBP,captured,online_retail,2010-03-29 13:03:00,setl_502908,customer_16327
uci_502909,502909,350.1,GBP,captured,online_retail,2010-03-29 13:04:00,setl_502909,customer_17448
uci_502911,502911,228.67,GBP,captured,online_retail,2010-03-29 13:06:00,setl_502911,customer_17448
uci_502912,502912,579.6,GBP,captured,online_retail,2010-03-29 13:09:00,setl_502912,customer_14680
uci_502913,502913,415.14,GBP,captured,online_retail,2010-03-29 13:10:00,setl_502913,customer_13975
uci_502914,502914,41.25,GBP,captured,online_retail,2010-03-29 13:21:00,setl_502914,customer_14680
uci_502915,502915,265.14,GBP,captured,online_retail,2010-03-29 13:36:00,setl_502915,customer_17920
uci_502916,502916,236.55,GBP,captured,online_retail,2010-03-29 13:39:00,setl_502916,customer_16502
uci_502917,502917,147.3,GBP,captured,online_retail,2010-03-29 13:43:00,setl_502917,customer_15311
