gateway_id,bank_id,ledger_id,match_type,expected_status
uci_489434,uci_bank_489434,uci_ledger_489434,public_invoice,MATCHED
uci_489435,uci_bank_489435,uci_ledger_489435,public_invoice,MATCHED
uci_489436,uci_bank_489436,uci_ledger_489436,public_invoice,MATCHED
uci_489437,uci_bank_489437,uci_ledger_489437,public_invoice,MATCHED
uci_489438,uci_bank_489438,uci_ledger_489438,public_invoice,MATCHED
uci_489439,uci_bank_489439,uci_ledger_489439,public_invoice,MATCHED
uci_489440,uci_bank_489440,uci_ledger_489440,public_invoice,MATCHED
uci_489441,uci_bank_489441,uci_ledger_489441,public_invoice,MATCHED
uci_489442,uci_bank_489442,uci_ledger_489442,public_invoice,MATCHED
uci_489443,uci_bank_489443,uci_ledger_489443,public_invoice,MATCHED
uci_489444,uci_bank_489444,uci_ledger_489444,public_invoice,MATCHED
uci_489445,uci_bank_489445,uci_ledger_489445,public_invoice,MATCHED
uci_489446,uci_bank_489446,uci_ledger_489446,public_invoice,MATCHED
uci_489447,uci_bank_489447,uci_ledger_489447,public_invoice,MATCHED
uci_489448,uci_bank_489448,uci_ledger_489448,public_invoice,MATCHED
uci_489450,uci_bank_489450,uci_ledger_489450,public_invoice,MATCHED
uci_489460,uci_bank_489460,uci_ledger_489460,public_invoice,MATCHED
uci_489462,uci_bank_489462,uci_ledger_489462,public_invoice,MATCHED
uci_489461,uci_bank_489461,uci_ledger_489461,public_invoice,MATCHED
uci_489465,uci_bank_489465,uci_ledger_489465,public_invoice,MATCHED
uci_489488,uci_bank_489488,uci_ledger_489488,public_invoice,MATCHED
uci_489505,uci_bank_489505,uci_ledger_489505,public_invoice,MATCHED
uci_489514,uci_bank_489514,uci_ledger_489514,public_invoice,MATCHED
uci_489517,uci_bank_489517,uci_ledger_489517,public_invoice,MATCHED
uci_489519,uci_bank_489519,uci_ledger_489519,public_invoice,MATCHED
uci_489520,uci_bank_489520,uci_ledger_489520,public_invoice,MATCHED
uci_489522,uci_bank_489522,uci_ledger_489522,public_invoice,MATCHED
uci_489523,uci_bank_489523,uci_ledger_489523,public_invoice,MATCHED
uci_489526,uci_bank_489526,uci_ledger_489526,public_invoice,MATCHED
uci_489529,uci_bank_489529,uci_ledger_489529,public_invoice,MATCHED
uci_489531,uci_bank_489531,uci_ledger_489531,public_invoice,MATCHED
uci_489532,uci_bank_489532,uci_ledger_489532,public_invoice,MATCHED
uci_489533,uci_bank_489533,uci_ledger_489533,public_invoice,MATCHED
uci_489536,uci_bank_489536,uci_ledger_489536,public_invoice,MATCHED
uci_489537,uci_bank_489537,uci_ledger_489537,public_invoice,MATCHED
uci_489539,uci_bank_489539,uci_ledger_489539,public_invoice,MATCHED
uci_489540,uci_bank_489540,uci_ledger_489540,public_invoice,MATCHED
uci_489542,uci_bank_489542,uci_ledger_489542,public_invoice,MATCHED
uci_489544,uci_bank_489544,uci_ledger_489544,public_invoice,MATCHED
uci_489545,uci_bank_489545,uci_ledger_489545,public_invoice,MATCHED
uci_489546,uci_bank_489546,uci_ledger_489546,public_invoice,MATCHED
uci_489547,uci_bank_489547,uci_ledger_489547,public_invoice,MATCHED
uci_489550,uci_bank_489550,uci_ledger_489550,public_invoice,MATCHED
uci_489552,uci_bank_489552,uci_ledger_489552,public_invoice,MATCHED
uci_489556,uci_bank_489556,uci_ledger_489556,public_invoice,MATCHED
uci_489557,uci_bank_489557,uci_ledger_489557,public_invoice,MATCHED
uci_489558,uci_bank_489558,uci_ledger_489558,public_invoice,MATCHED
uci_489559,uci_bank_489559,uci_ledger_489559,public_invoice,MATCHED
uci_489560,uci_bank_489560,uci_ledger_489560,public_invoice,MATCHED
uci_489561,uci_bank_489561,uci_ledger_489561,public_invoice,MATCHED
uci_489562,uci_bank_489562,uci_ledger_489562,public_invoice,MATCHED
uci_489564,uci_bank_489564,uci_ledger_489564,public_invoice,MATCHED
uci_489566,uci_bank_489566,uci_ledger_489566,public_invoice,MATCHED
uci_489567,uci_bank_489567,uci_ledger_489567,public_invoice,MATCHED
uci_489569,uci_bank_489569,uci_ledger_489569,public_invoice,MATCHED
uci_489571,uci_bank_489571,uci_ledger_489571,public_invoice,MATCHED
uci_489572,uci_bank_489572,uci_ledger_489572,public_invoice,MATCHED
uci_489573,uci_bank_489573,uci_ledger_489573,public_invoice,MATCHED
uci_489574,uci_bank_489574,uci_ledger_489574,public_invoice,MATCHED
uci_489575,uci_bank_489575,uci_ledger_489575,public_invoice,MATCHED
uci_489576,uci_bank_489576,uci_ledger_489576,public_invoice,MATCHED
uci_489579,uci_bank_489579,uci_ledger_489579,public_invoice,MATCHED
uci_489580,uci_bank_489580,uci_ledger_489580,public_invoice,MATCHED
uci_489582,uci_bank_489582,uci_ledger_489582,public_invoice,MATCHED
uci_489581,uci_bank_489581,uci_ledger_489581,public_invoice,MATCHED
uci_489584,uci_bank_489584,uci_ledger_489584,public_invoice,MATCHED
uci_489585,uci_bank_489585,uci_ledger_489585,public_invoice,MATCHED
uci_489586,uci_bank_489586,uci_ledger_489586,public_invoice,MATCHED
uci_489590,uci_bank_489590,uci_ledger_489590,public_invoice,MATCHED
uci_489593,uci_bank_489593,uci_ledger_489593,public_invoice,MATCHED
uci_489594,uci_bank_489594,uci_ledger_489594,public_invoice,MATCHED
uci_489598,uci_bank_489598,uci_ledger_489598,public_invoice,MATCHED
uci_489599,uci_bank_489599,uci_ledger_489599,public_invoice,MATCHED
uci_489606,uci_bank_489606,uci_ledger_489606,public_invoice,MATCHED
uci_489611,uci_bank_489611,uci_ledger_489611,public_invoice,MATCHED
uci_489613,uci_bank_489613,uci_ledger_489613,public_invoice,MATCHED
uci_489617,uci_bank_489617,uci_ledger_489617,public_invoice,MATCHED
uci_489634,uci_bank_489634,uci_ledger_489634,public_invoice,MATCHED
uci_489635,uci_bank_489635,uci_ledger_489635,public_invoice,MATCHED
uci_489637,uci_bank_489637,uci_ledger_489637,public_invoice,MATCHED
uci_489639,uci_bank_489639,uci_ledger_489639,public_invoice,MATCHED
uci_489640,uci_bank_489640,uci_ledger_489640,public_invoice,MATCHED
uci_489641,uci_bank_489641,uci_ledger_489641,public_invoice,MATCHED
uci_489644,uci_bank_489644,uci_ledger_489644,public_invoice,MATCHED
uci_489645,uci_bank_489645,uci_ledger_489645,public_invoice,MATCHED
uci_489650,uci_bank_489650,uci_ledger_489650,public_invoice,MATCHED
uci_489652,uci_bank_489652,uci_ledger_489652,public_invoice,MATCHED
uci_489654,uci_bank_489654,uci_ledger_489654,public_invoice,MATCHED
uci_489657,uci_bank_489657,uci_ledger_489657,public_invoice,MATCHED
uci_489656,uci_bank_489656,uci_ledger_489656,public_invoice,MATCHED
uci_489658,uci_bank_489658,uci_ledger_489658,public_invoice,MATCHED
uci_489661,uci_bank_489661,uci_ledger_489661,public_invoice,MATCHED
uci_489662,uci_bank_489662,uci_ledger_489662,public_invoice,MATCHED
uci_489664,uci_bank_489664,uci_ledger_489664,public_invoice,MATCHED
uci_489665,uci_bank_489665,uci_ledger_489665,public_invoice,MATCHED
uci_489666,uci_bank_489666,uci_ledger_489666,public_invoice,MATCHED
uci_489667,uci_bank_489667,uci_ledger_489667,public_invoice,MATCHED
uci_489668,uci_bank_489668,uci_ledger_489668,public_invoice,MATCHED
uci_489669,uci_bank_489669,uci_ledger_489669,public_invoice,MATCHED
uci_489670,uci_bank_489670,uci_ledger_489670,public_invoice,MATCHED
uci_489671,uci_bank_489671,uci_ledger_489671,public_invoice,MATCHED
uci_489672,uci_bank_489672,uci_ledger_489672,public_invoice,MATCHED
uci_489673,uci_bank_489673,uci_ledger_489673,public_invoice,MATCHED
uci_489674,uci_bank_489674,uci_ledger_489674,public_invoice,MATCHED
uci_489675,uci_bank_489675,uci_ledger_489675,public_invoice,MATCHED
uci_489676,uci_bank_489676,uci_ledger_489676,public_invoice,MATCHED
uci_489677,uci_bank_489677,uci_ledger_489677,public_invoice,MATCHED
uci_489678,uci_bank_489678,uci_ledger_489678,public_invoice,MATCHED
uci_489679,uci_bank_489679,uci_ledger_489679,public_invoice,MATCHED
uci_489681,uci_bank_489681,uci_ledger_489681,public_invoice,MATCHED
uci_489680,uci_bank_489680,uci_ledger_489680,public_invoice,MATCHED
uci_489682,uci_bank_489682,uci_ledger_489682,public_invoice,MATCHED
uci_489683,uci_bank_489683,uci_ledger_489683,public_invoice,MATCHED
uci_489684,uci_bank_489684,uci_ledger_489684,public_invoice,MATCHED
uci_489687,uci_bank_489687,uci_ledger_489687,public_invoice,MATCHED
uci_489688,uci_bank_489688,uci_ledger_489688,public_invoice,MATCHED
uci_489695,uci_bank_489695,uci_ledger_489695,public_invoice,MATCHED
uci_489699,uci_bank_489699,uci_ledger_489699,public_invoice,MATCHED
uci_489705,uci_bank_489705,uci_ledger_489705,public_invoice,MATCHED
uci_489702,uci_bank_489702,uci_ledger_489702,public_invoice,MATCHED
uci_489723,uci_bank_489723,uci_ledger_489723,public_invoice,MATCHED
uci_489726,uci_bank_489726,uci_ledger_489726,public_invoice,MATCHED
uci_489725,uci_bank_489725,uci_ledger_489725,public_invoice,MATCHED
uci_489727,uci_bank_489727,uci_ledger_489727,public_invoice,MATCHED
uci_489728,uci_bank_489728,uci_ledger_489728,public_invoice,MATCHED
uci_489733,uci_bank_489733,uci_ledger_489733,public_invoice,MATCHED
uci_489743,uci_bank_489743,uci_ledger_489743,public_invoice,MATCHED
uci_489748,uci_bank_489748,uci_ledger_489748,public_invoice,MATCHED
uci_489764,uci_bank_489764,uci_ledger_489764,public_invoice,MATCHED
uci_489765,uci_bank_489765,uci_ledger_489765,public_invoice,MATCHED
uci_489766,uci_bank_489766,uci_ledger_489766,public_invoice,MATCHED
uci_489780,uci_bank_489780,uci_ledger_489780,public_invoice,MATCHED
uci_489782,uci_bank_489782,uci_ledger_489782,public_invoice,MATCHED
uci_489783,uci_bank_489783,uci_ledger_489783,public_invoice,MATCHED
uci_489784,uci_bank_489784,uci_ledger_489784,public_invoice,MATCHED
uci_489785,uci_bank_489785,uci_ledger_489785,public_invoice,MATCHED
uci_489786,uci_bank_489786,uci_ledger_489786,public_invoice,MATCHED
uci_489787,uci_bank_489787,uci_ledger_489787,public_invoice,MATCHED
uci_489788,uci_bank_489788,uci_ledger_489788,public_invoice,MATCHED
uci_489790,uci_bank_489790,uci_ledger_489790,public_invoice,MATCHED
uci_489789,uci_bank_489789,uci_ledger_489789,public_invoice,MATCHED
uci_489791,uci_bank_489791,uci_ledger_489791,public_invoice,MATCHED
uci_489792,uci_bank_489792,uci_ledger_489792,public_invoice,MATCHED
uci_489793,uci_bank_489793,uci_ledger_489793,public_invoice,MATCHED
uci_489794,uci_bank_489794,uci_ledger_489794,public_invoice,MATCHED
uci_489795,uci_bank_489795,uci_ledger_489795,public_invoice,MATCHED
uci_489796,uci_bank_489796,uci_ledger_489796,public_invoice,MATCHED
uci_489797,uci_bank_489797,uci_ledger_489797,public_invoice,MATCHED
uci_489798,uci_bank_489798,uci_ledger_489798,public_invoice,MATCHED
uci_489800,uci_bank_489800,uci_ledger_489800,public_invoice,MATCHED
uci_489801,uci_bank_489801,uci_ledger_489801,public_invoice,MATCHED
uci_489802,uci_bank_489802,uci_ledger_489802,public_invoice,MATCHED
uci_489804,uci_bank_489804,uci_ledger_489804,public_invoice,MATCHED
uci_489805,uci_bank_489805,uci_ledger_489805,public_invoice,MATCHED
uci_489807,uci_bank_489807,uci_ledger_489807,public_invoice,MATCHED
uci_489808,uci_bank_489808,uci_ledger_489808,public_invoice,MATCHED
uci_489809,uci_bank_489809,uci_ledger_489809,public_invoice,MATCHED
uci_489810,uci_bank_489810,uci_ledger_489810,public_invoice,MATCHED
uci_489811,uci_bank_489811,uci_ledger_489811,public_invoice,MATCHED
uci_489812,uci_bank_489812,uci_ledger_489812,public_invoice,MATCHED
uci_489814,uci_bank_489814,uci_ledger_489814,public_invoice,MATCHED
uci_489815,uci_bank_489815,uci_ledger_489815,public_invoice,MATCHED
uci_489816,uci_bank_489816,uci_ledger_489816,public_invoice,MATCHED
uci_489817,uci_bank_489817,uci_ledger_489817,public_invoice,MATCHED
uci_489819,uci_bank_489819,uci_ledger_489819,public_invoice,MATCHED
uci_489818,uci_bank_489818,uci_ledger_489818,public_invoice,MATCHED
uci_489822,uci_bank_489822,uci_ledger_489822,public_invoice,MATCHED
uci_489823,uci_bank_489823,uci_ledger_489823,public_invoice,MATCHED
uci_489824,uci_bank_489824,uci_ledger_489824,public_invoice,MATCHED
uci_489825,uci_bank_489825,uci_ledger_489825,public_invoice,MATCHED
uci_489826,uci_bank_489826,uci_ledger_489826,public_invoice,MATCHED
uci_489827,uci_bank_489827,uci_ledger_489827,public_invoice,MATCHED
uci_489829,uci_bank_489829,uci_ledger_489829,public_invoice,MATCHED
uci_489830,uci_bank_489830,uci_ledger_489830,public_invoice,MATCHED
uci_489831,uci_bank_489831,uci_ledger_489831,public_invoice,MATCHED
uci_489832,uci_bank_489832,uci_ledger_489832,public_invoice,MATCHED
uci_489834,uci_bank_489834,uci_ledger_489834,public_invoice,MATCHED
uci_489833,uci_bank_489833,uci_ledger_489833,public_invoice,MATCHED
uci_489835,uci_bank_489835,uci_ledger_489835,public_invoice,MATCHED
uci_489837,uci_bank_489837,uci_ledger_489837,public_invoice,MATCHED
uci_489840,uci_bank_489840,uci_ledger_489840,public_invoice,MATCHED
uci_489855,uci_bank_489855,uci_ledger_489855,public_invoice,MATCHED
uci_489862,uci_bank_489862,uci_ledger_489862,public_invoice,MATCHED
uci_489863,uci_bank_489863,uci_ledger_489863,public_invoice,MATCHED
uci_489864,uci_bank_489864,uci_ledger_489864,public_invoice,MATCHED
uci_489865,uci_bank_489865,uci_ledger_489865,public_invoice,MATCHED
uci_489866,uci_bank_489866,uci_ledger_489866,public_invoice,MATCHED
uci_489868,uci_bank_489868,uci_ledger_489868,public_invoice,MATCHED
uci_489869,uci_bank_489869,uci_ledger_489869,public_invoice,MATCHED
uci_489870,uci_bank_489870,uci_ledger_489870,public_invoice,MATCHED
uci_489871,uci_bank_489871,uci_ledger_489871,public_invoice,MATCHED
uci_489872,uci_bank_489872,uci_ledger_489872,public_invoice,MATCHED
uci_489873,uci_bank_489873,uci_ledger_489873,public_invoice,MATCHED
uci_489874,uci_bank_489874,uci_ledger_489874,public_invoice,MATCHED
uci_489875,uci_bank_489875,uci_ledger_489875,public_invoice,MATCHED
uci_489877,uci_bank_489877,uci_ledger_489877,public_invoice,MATCHED
uci_489876,uci_bank_489876,uci_ledger_489876,public_invoice,MATCHED
uci_489878,uci_bank_489878,uci_ledger_489878,public_invoice,MATCHED
uci_489879,uci_bank_489879,uci_ledger_489879,public_invoice,MATCHED
uci_489880,uci_bank_489880,uci_ledger_489880,public_invoice,MATCHED
uci_489883,uci_bank_489883,uci_ledger_489883,public_invoice,MATCHED
uci_489884,uci_bank_489884,uci_ledger_489884,public_invoice,MATCHED
uci_489888,uci_bank_489888,uci_ledger_489888,public_invoice,MATCHED
uci_489889,uci_bank_489889,uci_ledger_489889,public_invoice,MATCHED
uci_489890,uci_bank_489890,uci_ledger_489890,public_invoice,MATCHED
uci_489891,uci_bank_489891,uci_ledger_489891,public_invoice,MATCHED
uci_489893,uci_bank_489893,uci_ledger_489893,public_invoice,MATCHED
uci_489894,uci_bank_489894,uci_ledger_489894,public_invoice,MATCHED
uci_489895,uci_bank_489895,uci_ledger_489895,public_invoice,MATCHED
uci_489896,uci_bank_489896,uci_ledger_489896,public_invoice,MATCHED
uci_489897,uci_bank_489897,uci_ledger_489897,public_invoice,MATCHED
uci_489900,uci_bank_489900,uci_ledger_489900,public_invoice,MATCHED
uci_489902,uci_bank_489902,uci_ledger_489902,public_invoice,MATCHED
uci_489904,uci_bank_489904,uci_ledger_489904,public_invoice,MATCHED
uci_489905,uci_bank_489905,uci_ledger_489905,public_invoice,MATCHED
uci_489906,uci_bank_489906,uci_ledger_489906,public_invoice,MATCHED
uci_489907,uci_bank_489907,uci_ledger_489907,public_invoice,MATCHED
uci_489909,uci_bank_489909,uci_ledger_489909,public_invoice,MATCHED
uci_489908,uci_bank_489908,uci_ledger_489908,public_invoice,MATCHED
uci_489910,uci_bank_489910,uci_ledger_489910,public_invoice,MATCHED
uci_489912,uci_bank_489912,uci_ledger_489912,public_invoice,MATCHED
uci_489913,uci_bank_489913,uci_ledger_489913,public_invoice,MATCHED
uci_489914,uci_bank_489914,uci_ledger_489914,public_invoice,MATCHED
uci_489916,uci_bank_489916,uci_ledger_489916,public_invoice,MATCHED
uci_489915,uci_bank_489915,uci_ledger_489915,public_invoice,MATCHED
uci_489932,uci_bank_489932,uci_ledger_489932,public_invoice,MATCHED
uci_489935,uci_bank_489935,uci_ledger_489935,public_invoice,MATCHED
uci_489994,uci_bank_489994,uci_ledger_489994,public_invoice,MATCHED
uci_489996,uci_bank_489996,uci_ledger_489996,public_invoice,MATCHED
uci_489998,uci_bank_489998,uci_ledger_489998,public_invoice,MATCHED
uci_489999,uci_bank_489999,uci_ledger_489999,public_invoice,MATCHED
uci_490000,uci_bank_490000,uci_ledger_490000,public_invoice,MATCHED
uci_490001,uci_bank_490001,uci_ledger_490001,public_invoice,MATCHED
uci_490002,uci_bank_490002,uci_ledger_490002,public_invoice,MATCHED
uci_490003,uci_bank_490003,uci_ledger_490003,public_invoice,MATCHED
uci_490004,uci_bank_490004,uci_ledger_490004,public_invoice,MATCHED
uci_490005,uci_bank_490005,uci_ledger_490005,public_invoice,MATCHED
uci_490006,uci_bank_490006,uci_ledger_490006,public_invoice,MATCHED
uci_490008,uci_bank_490008,uci_ledger_490008,public_invoice,MATCHED
uci_490009,uci_bank_490009,uci_ledger_490009,public_invoice,MATCHED
uci_490010,uci_bank_490010,uci_ledger_490010,public_invoice,MATCHED
uci_490011,uci_bank_490011,uci_ledger_490011,public_invoice,MATCHED
uci_490013,uci_bank_490013,uci_ledger_490013,public_invoice,MATCHED
uci_490012,uci_bank_490012,uci_ledger_490012,public_invoice,MATCHED
uci_490014,uci_bank_490014,uci_ledger_490014,public_invoice,MATCHED
uci_490017,uci_bank_490017,uci_ledger_490017,public_invoice,MATCHED
uci_490018,uci_bank_490018,uci_ledger_490018,public_invoice,MATCHED
uci_490019,uci_bank_490019,uci_ledger_490019,public_invoice,MATCHED
uci_490021,uci_bank_490021,uci_ledger_490021,public_invoice,MATCHED
uci_490020,uci_bank_490020,uci_ledger_490020,public_invoice,MATCHED
uci_490022,uci_bank_490022,uci_ledger_490022,public_invoice,MATCHED
uci_490023,uci_bank_490023,uci_ledger_490023,public_invoice,MATCHED
uci_490024,uci_bank_490024,uci_ledger_490024,public_invoice,MATCHED
uci_490034,uci_bank_490034,uci_ledger_490034,public_invoice,MATCHED
uci_490045,uci_bank_490045,uci_ledger_490045,public_invoice,MATCHED
uci_490047,uci_bank_490047,uci_ledger_490047,public_invoice,MATCHED
uci_490046,uci_bank_490046,uci_ledger_490046,public_invoice,MATCHED
uci_490048,uci_bank_490048,uci_ledger_490048,public_invoice,MATCHED
uci_490049,uci_bank_490049,uci_ledger_490049,public_invoice,MATCHED
uci_490050,uci_bank_490050,uci_ledger_490050,public_invoice,MATCHED
uci_490052,uci_bank_490052,uci_ledger_490052,public_invoice,MATCHED
uci_490053,uci_bank_490053,uci_ledger_490053,public_invoice,MATCHED
uci_490054,uci_bank_490054,uci_ledger_490054,public_invoice,MATCHED
uci_490056,uci_bank_490056,uci_ledger_490056,public_invoice,MATCHED
uci_490057,uci_bank_490057,uci_ledger_490057,public_invoice,MATCHED
uci_490058,uci_bank_490058,uci_ledger_490058,public_invoice,MATCHED
uci_490059,uci_bank_490059,uci_ledger_490059,public_invoice,MATCHED
uci_490060,uci_bank_490060,uci_ledger_490060,public_invoice,MATCHED
uci_490061,uci_bank_490061,uci_ledger_490061,public_invoice,MATCHED
uci_490062,uci_bank_490062,uci_ledger_490062,public_invoice,MATCHED
uci_490063,uci_bank_490063,uci_ledger_490063,public_invoice,MATCHED
uci_490064,uci_bank_490064,uci_ledger_490064,public_invoice,MATCHED
uci_490065,uci_bank_490065,uci_ledger_490065,public_invoice,MATCHED
uci_490066,uci_bank_490066,uci_ledger_490066,public_invoice,MATCHED
uci_490067,uci_bank_490067,uci_ledger_490067,public_invoice,MATCHED
uci_490068,uci_bank_490068,uci_ledger_490068,public_invoice,MATCHED
uci_490069,uci_bank_490069,uci_ledger_490069,public_invoice,MATCHED
uci_490070,uci_bank_490070,uci_ledger_490070,public_invoice,MATCHED
uci_490071,uci_bank_490071,uci_ledger_490071,public_invoice,MATCHED
uci_490072,uci_bank_490072,uci_ledger_490072,public_invoice,MATCHED
uci_490073,uci_bank_490073,uci_ledger_490073,public_invoice,MATCHED
uci_490075,uci_bank_490075,uci_ledger_490075,public_invoice,MATCHED
uci_490077,uci_bank_490077,uci_ledger_490077,public_invoice,MATCHED
uci_490078,uci_bank_490078,uci_ledger_490078,public_invoice,MATCHED
uci_490079,uci_bank_490079,uci_ledger_490079,public_invoice,MATCHED
uci_490080,uci_bank_490080,uci_ledger_490080,public_invoice,MATCHED
uci_490081,uci_bank_490081,uci_ledger_490081,public_invoice,MATCHED
uci_490082,uci_bank_490082,uci_ledger_490082,public_invoice,MATCHED
uci_490083,uci_bank_490083,uci_ledger_490083,public_invoice,MATCHED
uci_490085,uci_bank_490085,uci_ledger_490085,public_invoice,MATCHED
uci_490086,uci_bank_490086,uci_ledger_490086,public_invoice,MATCHED
uci_490087,uci_bank_490087,uci_ledger_490087,public_invoice,MATCHED
uci_490088,uci_bank_490088,uci_ledger_490088,public_invoice,MATCHED
uci_490089,uci_bank_490089,uci_ledger_490089,public_invoice,MATCHED
uci_490090,uci_bank_490090,uci_ledger_490090,public_invoice,MATCHED
uci_490092,uci_bank_490092,uci_ledger_490092,public_invoice,MATCHED
uci_490091,uci_bank_490091,uci_ledger_490091,public_invoice,MATCHED
uci_490093,uci_bank_490093,uci_ledger_490093,public_invoice,MATCHED
uci_490094,uci_bank_490094,uci_ledger_490094,public_invoice,MATCHED
uci_490095,uci_bank_490095,uci_ledger_490095,public_invoice,MATCHED
uci_490097,uci_bank_490097,uci_ledger_490097,public_invoice,MATCHED
uci_490099,uci_bank_490099,uci_ledger_490099,public_invoice,MATCHED
uci_490100,uci_bank_490100,uci_ledger_490100,public_invoice,MATCHED
uci_490101,uci_bank_490101,uci_ledger_490101,public_invoice,MATCHED
uci_490106,uci_bank_490106,uci_ledger_490106,public_invoice,MATCHED
uci_490107,uci_bank_490107,uci_ledger_490107,public_invoice,MATCHED
uci_490108,uci_bank_490108,uci_ledger_490108,public_invoice,MATCHED
uci_490109,uci_bank_490109,uci_ledger_490109,public_invoice,MATCHED
uci_490110,uci_bank_490110,uci_ledger_490110,public_invoice,MATCHED
uci_490111,uci_bank_490111,uci_ledger_490111,public_invoice,MATCHED
uci_490112,uci_bank_490112,uci_ledger_490112,public_invoice,MATCHED
uci_490113,uci_bank_490113,uci_ledger_490113,public_invoice,MATCHED
uci_490114,uci_bank_490114,uci_ledger_490114,public_invoice,MATCHED
uci_490115,uci_bank_490115,uci_ledger_490115,public_invoice,MATCHED
uci_490116,uci_bank_490116,uci_ledger_490116,public_invoice,MATCHED
uci_490118,uci_bank_490118,uci_ledger_490118,public_invoice,MATCHED
uci_490119,uci_bank_490119,uci_ledger_490119,public_invoice,MATCHED
uci_490121,uci_bank_490121,uci_ledger_490121,public_invoice,MATCHED
uci_490124,uci_bank_490124,uci_ledger_490124,public_invoice,MATCHED
uci_490125,uci_bank_490125,uci_ledger_490125,public_invoice,MATCHED
uci_490127,uci_bank_490127,uci_ledger_490127,public_invoice,MATCHED
uci_490128,uci_bank_490128,uci_ledger_490128,public_invoice,MATCHED
uci_490132,uci_bank_490132,uci_ledger_490132,public_invoice,MATCHED
uci_490134,uci_bank_490134,uci_ledger_490134,public_invoice,MATCHED
uci_490135,uci_bank_490135,uci_ledger_490135,public_invoice,MATCHED
uci_490136,uci_bank_490136,uci_ledger_490136,public_invoice,MATCHED
uci_490137,uci_bank_490137,uci_ledger_490137,public_invoice,MATCHED
uci_490138,uci_bank_490138,uci_ledger_490138,public_invoice,MATCHED
uci_490139,uci_bank_490139,uci_ledger_490139,public_invoice,MATCHED
uci_490140,uci_bank_490140,uci_ledger_490140,public_invoice,MATCHED
uci_490141,uci_bank_490141,uci_ledger_490141,public_invoice,MATCHED
uci_490142,uci_bank_490142,uci_ledger_490142,public_invoice,MATCHED
uci_490143,uci_bank_490143,uci_ledger_490143,public_invoice,MATCHED
uci_490144,uci_bank_490144,uci_ledger_490144,public_invoice,MATCHED
uci_490145,uci_bank_490145,uci_ledger_490145,public_invoice,MATCHED
uci_490147,uci_bank_490147,uci_ledger_490147,public_invoice,MATCHED
uci_490151,uci_bank_490151,uci_ledger_490151,public_invoice,MATCHED
uci_490152,uci_bank_490152,uci_ledger_490152,public_invoice,MATCHED
uci_490154,uci_bank_490154,uci_ledger_490154,public_invoice,MATCHED
uci_490156,uci_bank_490156,uci_ledger_490156,public_invoice,MATCHED
uci_490157,uci_bank_490157,uci_ledger_490157,public_invoice,MATCHED
uci_490158,uci_bank_490158,uci_ledger_490158,public_invoice,MATCHED
uci_490159,uci_bank_490159,uci_ledger_490159,public_invoice,MATCHED
uci_490160,uci_bank_490160,uci_ledger_490160,public_invoice,MATCHED
uci_490161,uci_bank_490161,uci_ledger_490161,public_invoice,MATCHED
uci_490162,uci_bank_490162,uci_ledger_490162,public_invoice,MATCHED
uci_490163,uci_bank_490163,uci_ledger_490163,public_invoice,MATCHED
uci_490164,uci_bank_490164,uci_ledger_490164,public_invoice,MATCHED
uci_490166,uci_bank_490166,uci_ledger_490166,public_invoice,MATCHED
uci_490167,uci_bank_490167,uci_ledger_490167,public_invoice,MATCHED
uci_490171,uci_bank_490171,uci_ledger_490171,public_invoice,MATCHED
uci_490202,uci_bank_490202,uci_ledger_490202,public_invoice,MATCHED
uci_490209,uci_bank_490209,uci_ledger_490209,public_invoice,MATCHED
uci_490212,uci_bank_490212,uci_ledger_490212,public_invoice,MATCHED
uci_490214,uci_bank_490214,uci_ledger_490214,public_invoice,MATCHED
uci_490218,uci_bank_490218,uci_ledger_490218,public_invoice,MATCHED
uci_490219,uci_bank_490219,uci_ledger_490219,public_invoice,MATCHED
uci_490229,uci_bank_490229,uci_ledger_490229,public_invoice,MATCHED
uci_490247,uci_bank_490247,uci_ledger_490247,public_invoice,MATCHED
uci_490258,uci_bank_490258,uci_ledger_490258,public_invoice,MATCHED
uci_490266,uci_bank_490266,uci_ledger_490266,public_invoice,MATCHED
uci_490272,uci_bank_490272,uci_ledger_490272,public_invoice,MATCHED
uci_490277,uci_bank_490277,uci_ledger_490277,public_invoice,MATCHED
uci_490279,uci_bank_490279,uci_ledger_490279,public_invoice,MATCHED
uci_490281,uci_bank_490281,uci_ledger_490281,public_invoice,MATCHED
uci_490282,uci_bank_490282,uci_ledger_490282,public_invoice,MATCHED
uci_490284,uci_bank_490284,uci_ledger_490284,public_invoice,MATCHED
uci_490286,uci_bank_490286,uci_ledger_490286,public_invoice,MATCHED
uci_490285,uci_bank_490285,uci_ledger_490285,public_invoice,MATCHED
uci_490288,uci_bank_490288,uci_ledger_490288,public_invoice,MATCHED
uci_490287,uci_bank_490287,uci_ledger_490287,public_invoice,MATCHED
uci_490289,uci_bank_490289,uci_ledger_490289,public_invoice,MATCHED
uci_490290,uci_bank_490290,uci_ledger_490290,public_invoice,MATCHED
uci_490291,uci_bank_490291,uci_ledger_490291,public_invoice,MATCHED
uci_490292,uci_bank_490292,uci_ledger_490292,public_invoice,MATCHED
uci_490293,uci_bank_490293,uci_ledger_490293,public_invoice,MATCHED
uci_490294,uci_bank_490294,uci_ledger_490294,public_invoice,MATCHED
uci_490295,uci_bank_490295,uci_ledger_490295,public_invoice,MATCHED
uci_490297,uci_bank_490297,uci_ledger_490297,public_invoice,MATCHED
uci_490298,uci_bank_490298,uci_ledger_490298,public_invoice,MATCHED
uci_490299,uci_bank_490299,uci_ledger_490299,public_invoice,MATCHED
uci_490300,uci_bank_490300,uci_ledger_490300,public_invoice,MATCHED
uci_490301,uci_bank_490301,uci_ledger_490301,public_invoice,MATCHED
uci_490302,uci_bank_490302,uci_ledger_490302,public_invoice,MATCHED
uci_490303,uci_bank_490303,uci_ledger_490303,public_invoice,MATCHED
uci_490304,uci_bank_490304,uci_ledger_490304,public_invoice,MATCHED
uci_490305,uci_bank_490305,uci_ledger_490305,public_invoice,MATCHED
uci_490308,uci_bank_490308,uci_ledger_490308,public_invoice,MATCHED
uci_490310,uci_bank_490310,uci_ledger_490310,public_invoice,MATCHED
uci_490311,uci_bank_490311,uci_ledger_490311,public_invoice,MATCHED
uci_490312,uci_bank_490312,uci_ledger_490312,public_invoice,MATCHED
uci_490313,uci_bank_490313,uci_ledger_490313,public_invoice,MATCHED
uci_490320,uci_bank_490320,uci_ledger_490320,public_invoice,MATCHED
uci_490323,uci_bank_490323,uci_ledger_490323,public_invoice,MATCHED
uci_490324,uci_bank_490324,uci_ledger_490324,public_invoice,MATCHED
uci_490326,uci_bank_490326,uci_ledger_490326,public_invoice,MATCHED
uci_490327,uci_bank_490327,uci_ledger_490327,public_invoice,MATCHED
uci_490331,uci_bank_490331,uci_ledger_490331,public_invoice,MATCHED
uci_490340,uci_bank_490340,uci_ledger_490340,public_invoice,MATCHED
uci_490341,uci_bank_490341,uci_ledger_490341,public_invoice,MATCHED
uci_490342,uci_bank_490342,uci_ledger_490342,public_invoice,MATCHED
uci_490346,uci_bank_490346,uci_ledger_490346,public_invoice,MATCHED
uci_490347,uci_bank_490347,uci_ledger_490347,public_invoice,MATCHED
uci_490349,uci_bank_490349,uci_ledger_490349,public_invoice,MATCHED
uci_490353,uci_bank_490353,uci_ledger_490353,public_invoice,MATCHED
uci_490355,uci_bank_490355,uci_ledger_490355,public_invoice,MATCHED
uci_490356,uci_bank_490356,uci_ledger_490356,public_invoice,MATCHED
uci_490360,uci_bank_490360,uci_ledger_490360,public_invoice,MATCHED
uci_490359,uci_bank_490359,uci_ledger_490359,public_invoice,MATCHED
uci_490362,uci_bank_490362,uci_ledger_490362,public_invoice,MATCHED
uci_490363,uci_bank_490363,uci_ledger_490363,public_invoice,MATCHED
uci_490364,uci_bank_490364,uci_ledger_490364,public_invoice,MATCHED
uci_490365,uci_bank_490365,uci_ledger_490365,public_invoice,MATCHED
uci_490366,uci_bank_490366,uci_ledger_490366,public_invoice,MATCHED
uci_490367,uci_bank_490367,uci_ledger_490367,public_invoice,MATCHED
uci_490368,uci_bank_490368,uci_ledger_490368,public_invoice,MATCHED
uci_490369,uci_bank_490369,uci_ledger_490369,public_invoice,MATCHED
uci_490370,uci_bank_490370,uci_ledger_490370,public_invoice,MATCHED
uci_490371,uci_bank_490371,uci_ledger_490371,public_invoice,MATCHED
uci_490372,uci_bank_490372,uci_ledger_490372,public_invoice,MATCHED
uci_490373,uci_bank_490373,uci_ledger_490373,public_invoice,MATCHED
uci_490374,uci_bank_490374,uci_ledger_490374,public_invoice,MATCHED
uci_490375,uci_bank_490375,uci_ledger_490375,public_invoice,MATCHED
uci_490376,uci_bank_490376,uci_ledger_490376,public_invoice,MATCHED
uci_490377,uci_bank_490377,uci_ledger_490377,public_invoice,MATCHED
uci_490378,uci_bank_490378,uci_ledger_490378,public_invoice,MATCHED
uci_490380,uci_bank_490380,uci_ledger_490380,public_invoice,MATCHED
uci_490381,uci_bank_490381,uci_ledger_490381,public_invoice,MATCHED
uci_490382,uci_bank_490382,uci_ledger_490382,public_invoice,MATCHED
uci_490383,uci_bank_490383,uci_ledger_490383,public_invoice,MATCHED
uci_490385,uci_bank_490385,uci_ledger_490385,public_invoice,MATCHED
uci_490386,uci_bank_490386,uci_ledger_490386,public_invoice,MATCHED
uci_490387,uci_bank_490387,uci_ledger_490387,public_invoice,MATCHED
uci_490388,uci_bank_490388,uci_ledger_490388,public_invoice,MATCHED
uci_490389,uci_bank_490389,uci_ledger_490389,public_invoice,MATCHED
uci_490390,uci_bank_490390,uci_ledger_490390,public_invoice,MATCHED
uci_490391,uci_bank_490391,uci_ledger_490391,public_invoice,MATCHED
uci_490392,uci_bank_490392,uci_ledger_490392,public_invoice,MATCHED
uci_490393,uci_bank_490393,uci_ledger_490393,public_invoice,MATCHED
uci_490394,uci_bank_490394,uci_ledger_490394,public_invoice,MATCHED
uci_490395,uci_bank_490395,uci_ledger_490395,public_invoice,MATCHED
uci_490396,uci_bank_490396,uci_ledger_490396,public_invoice,MATCHED
uci_490397,uci_bank_490397,uci_ledger_490397,public_invoice,MATCHED
uci_490398,uci_bank_490398,uci_ledger_490398,public_invoice,MATCHED
uci_490399,uci_bank_490399,uci_ledger_490399,public_invoice,MATCHED
uci_490400,uci_bank_490400,uci_ledger_490400,public_invoice,MATCHED
uci_490401,uci_bank_490401,uci_ledger_490401,public_invoice,MATCHED
uci_490403,uci_bank_490403,uci_ledger_490403,public_invoice,MATCHED
uci_490404,uci_bank_490404,uci_ledger_490404,public_invoice,MATCHED
uci_490405,uci_bank_490405,uci_ledger_490405,public_invoice,MATCHED
uci_490408,uci_bank_490408,uci_ledger_490408,public_invoice,MATCHED
uci_490430,uci_bank_490430,uci_ledger_490430,public_invoice,MATCHED
uci_490458,uci_bank_490458,uci_ledger_490458,public_invoice,MATCHED
uci_490459,uci_bank_490459,uci_ledger_490459,public_invoice,MATCHED
uci_490461,uci_bank_490461,uci_ledger_490461,public_invoice,MATCHED
uci_490463,uci_bank_490463,uci_ledger_490463,public_invoice,MATCHED
uci_490464,uci_bank_490464,uci_ledger_490464,public_invoice,MATCHED
uci_490465,uci_bank_490465,uci_ledger_490465,public_invoice,MATCHED
uci_490466,uci_bank_490466,uci_ledger_490466,public_invoice,MATCHED
uci_490467,uci_bank_490467,uci_ledger_490467,public_invoice,MATCHED
uci_490468,uci_bank_490468,uci_ledger_490468,public_invoice,MATCHED
uci_490470,uci_bank_490470,uci_ledger_490470,public_invoice,MATCHED
uci_490472,uci_bank_490472,uci_ledger_490472,public_invoice,MATCHED
uci_490471,uci_bank_490471,uci_ledger_490471,public_invoice,MATCHED
uci_490473,uci_bank_490473,uci_ledger_490473,public_invoice,MATCHED
uci_490474,uci_bank_490474,uci_ledger_490474,public_invoice,MATCHED
uci_490476,uci_bank_490476,uci_ledger_490476,public_invoice,MATCHED
uci_490477,uci_bank_490477,uci_ledger_490477,public_invoice,MATCHED
uci_490478,uci_bank_490478,uci_ledger_490478,public_invoice,MATCHED
uci_490479,uci_bank_490479,uci_ledger_490479,public_invoice,MATCHED
uci_490481,uci_bank_490481,uci_ledger_490481,public_invoice,MATCHED
uci_490482,uci_bank_490482,uci_ledger_490482,public_invoice,MATCHED
uci_490483,uci_bank_490483,uci_ledger_490483,public_invoice,MATCHED
uci_490484,uci_bank_490484,uci_ledger_490484,public_invoice,MATCHED
uci_490485,uci_bank_490485,uci_ledger_490485,public_invoice,MATCHED
uci_490486,uci_bank_490486,uci_ledger_490486,public_invoice,MATCHED
uci_490487,uci_bank_490487,uci_ledger_490487,public_invoice,MATCHED
uci_490488,uci_bank_490488,uci_ledger_490488,public_invoice,MATCHED
uci_490489,uci_bank_490489,uci_ledger_490489,public_invoice,MATCHED
uci_490490,uci_bank_490490,uci_ledger_490490,public_invoice,MATCHED
uci_490491,uci_bank_490491,uci_ledger_490491,public_invoice,MATCHED
uci_490493,uci_bank_490493,uci_ledger_490493,public_invoice,MATCHED
uci_490494,uci_bank_490494,uci_ledger_490494,public_invoice,MATCHED
uci_490496,uci_bank_490496,uci_ledger_490496,public_invoice,MATCHED
uci_490499,uci_bank_490499,uci_ledger_490499,public_invoice,MATCHED
uci_490500,uci_bank_490500,uci_ledger_490500,public_invoice,MATCHED
uci_490501,uci_bank_490501,uci_ledger_490501,public_invoice,MATCHED
uci_490502,uci_bank_490502,uci_ledger_490502,public_invoice,MATCHED
uci_490503,uci_bank_490503,uci_ledger_490503,public_invoice,MATCHED
uci_490504,uci_bank_490504,uci_ledger_490504,public_invoice,MATCHED
uci_490505,uci_bank_490505,uci_ledger_490505,public_invoice,MATCHED
uci_490506,uci_bank_490506,uci_ledger_490506,public_invoice,MATCHED
uci_490508,uci_bank_490508,uci_ledger_490508,public_invoice,MATCHED
uci_490511,uci_bank_490511,uci_ledger_490511,public_invoice,MATCHED
uci_490512,uci_bank_490512,uci_ledger_490512,public_invoice,MATCHED
uci_490514,uci_bank_490514,uci_ledger_490514,public_invoice,MATCHED
uci_490515,uci_bank_490515,uci_ledger_490515,public_invoice,MATCHED
uci_490516,uci_bank_490516,uci_ledger_490516,public_invoice,MATCHED
uci_490518,uci_bank_490518,uci_ledger_490518,public_invoice,MATCHED
uci_490519,uci_bank_490519,uci_ledger_490519,public_invoice,MATCHED
uci_490521,uci_bank_490521,uci_ledger_490521,public_invoice,MATCHED
uci_490522,uci_bank_490522,uci_ledger_490522,public_invoice,MATCHED
uci_490524,uci_bank_490524,uci_ledger_490524,public_invoice,MATCHED
uci_490525,uci_bank_490525,uci_ledger_490525,public_invoice,MATCHED
uci_490526,uci_bank_490526,uci_ledger_490526,public_invoice,MATCHED
uci_490527,uci_bank_490527,uci_ledger_490527,public_invoice,MATCHED
uci_490528,uci_bank_490528,uci_ledger_490528,public_invoice,MATCHED
uci_490529,uci_bank_490529,uci_ledger_490529,public_invoice,MATCHED
uci_490530,uci_bank_490530,uci_ledger_490530,public_invoice,MATCHED
uci_490531,uci_bank_490531,uci_ledger_490531,public_invoice,MATCHED
uci_490533,uci_bank_490533,uci_ledger_490533,public_invoice,MATCHED
uci_490534,uci_bank_490534,uci_ledger_490534,public_invoice,MATCHED
uci_490535,uci_bank_490535,uci_ledger_490535,public_invoice,MATCHED
uci_490536,uci_bank_490536,uci_ledger_490536,public_invoice,MATCHED
uci_490537,uci_bank_490537,uci_ledger_490537,public_invoice,MATCHED
uci_490538,uci_bank_490538,uci_ledger_490538,public_invoice,MATCHED
uci_490539,uci_bank_490539,uci_ledger_490539,public_invoice,MATCHED
uci_490542,uci_bank_490542,uci_ledger_490542,public_invoice,MATCHED
uci_490545,uci_bank_490545,uci_ledger_490545,public_invoice,MATCHED
uci_490547,uci_bank_490547,uci_ledger_490547,public_invoice,MATCHED
uci_490548,uci_bank_490548,uci_ledger_490548,public_invoice,MATCHED
uci_490557,uci_bank_490557,uci_ledger_490557,public_invoice,MATCHED
uci_490561,uci_bank_490561,uci_ledger_490561,public_invoice,MATCHED
uci_490563,uci_bank_490563,uci_ledger_490563,public_invoice,MATCHED
uci_490564,uci_bank_490564,uci_ledger_490564,public_invoice,MATCHED
uci_490569,uci_bank_490569,uci_ledger_490569,public_invoice,MATCHED
uci_490577,uci_bank_490577,uci_ledger_490577,public_invoice,MATCHED
uci_490603,uci_bank_490603,uci_ledger_490603,public_invoice,MATCHED
uci_490604,uci_bank_490604,uci_ledger_490604,public_invoice,MATCHED
uci_490605,uci_bank_490605,uci_ledger_490605,public_invoice,MATCHED
uci_490606,uci_bank_490606,uci_ledger_490606,public_invoice,MATCHED
uci_490607,uci_bank_490607,uci_ledger_490607,public_invoice,MATCHED
uci_490608,uci_bank_490608,uci_ledger_490608,public_invoice,MATCHED
uci_490609,uci_bank_490609,uci_ledger_490609,public_invoice,MATCHED
uci_490610,uci_bank_490610,uci_ledger_490610,public_invoice,MATCHED
uci_490611,uci_bank_490611,uci_ledger_490611,public_invoice,MATCHED
uci_490612,uci_bank_490612,uci_ledger_490612,public_invoice,MATCHED
uci_490613,uci_bank_490613,uci_ledger_490613,public_invoice,MATCHED
uci_490616,uci_bank_490616,uci_ledger_490616,public_invoice,MATCHED
uci_490618,uci_bank_490618,uci_ledger_490618,public_invoice,MATCHED
uci_490625,uci_bank_490625,uci_ledger_490625,public_invoice,MATCHED
uci_490636,uci_bank_490636,uci_ledger_490636,public_invoice,MATCHED
uci_490637,uci_bank_490637,uci_ledger_490637,public_invoice,MATCHED
uci_490638,uci_bank_490638,uci_ledger_490638,public_invoice,MATCHED
uci_490640,uci_bank_490640,uci_ledger_490640,public_invoice,MATCHED
uci_490642,uci_bank_490642,uci_ledger_490642,public_invoice,MATCHED
uci_490641,uci_bank_490641,uci_ledger_490641,public_invoice,MATCHED
uci_490653,uci_bank_490653,uci_ledger_490653,public_invoice,MATCHED
uci_490659,uci_bank_490659,uci_ledger_490659,public_invoice,MATCHED
uci_490657,uci_bank_490657,uci_ledger_490657,public_invoice,MATCHED
uci_490665,uci_bank_490665,uci_ledger_490665,public_invoice,MATCHED
uci_490667,uci_bank_490667,uci_ledger_490667,public_invoice,MATCHED
uci_490668,uci_bank_490668,uci_ledger_490668,public_invoice,MATCHED
uci_490670,uci_bank_490670,uci_ledger_490670,public_invoice,MATCHED
uci_490669,uci_bank_490669,uci_ledger_490669,public_invoice,MATCHED
uci_490671,uci_bank_490671,uci_ledger_490671,public_invoice,MATCHED
uci_490672,uci_bank_490672,uci_ledger_490672,public_invoice,MATCHED
uci_490673,uci_bank_490673,uci_ledger_490673,public_invoice,MATCHED
uci_490674,uci_bank_490674,uci_ledger_490674,public_invoice,MATCHED
uci_490675,uci_bank_490675,uci_ledger_490675,public_invoice,MATCHED
uci_490676,uci_bank_490676,uci_ledger_490676,public_invoice,MATCHED
uci_490677,uci_bank_490677,uci_ledger_490677,public_invoice,MATCHED
uci_490678,uci_bank_490678,uci_ledger_490678,public_invoice,MATCHED
uci_490679,uci_bank_490679,uci_ledger_490679,public_invoice,MATCHED
uci_490680,uci_bank_490680,uci_ledger_490680,public_invoice,MATCHED
uci_490681,uci_bank_490681,uci_ledger_490681,public_invoice,MATCHED
uci_490682,uci_bank_490682,uci_ledger_490682,public_invoice,MATCHED
uci_490683,uci_bank_490683,uci_ledger_490683,public_invoice,MATCHED
uci_490684,uci_bank_490684,uci_ledger_490684,public_invoice,MATCHED
uci_490685,uci_bank_490685,uci_ledger_490685,public_invoice,MATCHED
uci_490687,uci_bank_490687,uci_ledger_490687,public_invoice,MATCHED
uci_490686,uci_bank_490686,uci_ledger_490686,public_invoice,MATCHED
uci_490689,uci_bank_490689,uci_ledger_490689,public_invoice,MATCHED
uci_490690,uci_bank_490690,uci_ledger_490690,public_invoice,MATCHED
uci_490691,uci_bank_490691,uci_ledger_490691,public_invoice,MATCHED
uci_490692,uci_bank_490692,uci_ledger_490692,public_invoice,MATCHED
uci_490693,uci_bank_490693,uci_ledger_490693,public_invoice,MATCHED
uci_490694,uci_bank_490694,uci_ledger_490694,public_invoice,MATCHED
uci_490695,uci_bank_490695,uci_ledger_490695,public_invoice,MATCHED
uci_490697,uci_bank_490697,uci_ledger_490697,public_invoice,MATCHED
uci_490703,uci_bank_490703,uci_ledger_490703,public_invoice,MATCHED
uci_490704,uci_bank_490704,uci_ledger_490704,public_invoice,MATCHED
uci_490705,uci_bank_490705,uci_ledger_490705,public_invoice,MATCHED
uci_490706,uci_bank_490706,uci_ledger_490706,public_invoice,MATCHED
uci_490707,uci_bank_490707,uci_ledger_490707,public_invoice,MATCHED
uci_490708,uci_bank_490708,uci_ledger_490708,public_invoice,MATCHED
uci_490709,uci_bank_490709,uci_ledger_490709,public_invoice,MATCHED
uci_490710,uci_bank_490710,uci_ledger_490710,public_invoice,MATCHED
uci_490711,uci_bank_490711,uci_ledger_490711,public_invoice,MATCHED
uci_490712,uci_bank_490712,uci_ledger_490712,public_invoice,MATCHED
uci_490714,uci_bank_490714,uci_ledger_490714,public_invoice,MATCHED
uci_490717,uci_bank_490717,uci_ledger_490717,public_invoice,MATCHED
uci_490719,uci_bank_490719,uci_ledger_490719,public_invoice,MATCHED
uci_490718,uci_bank_490718,uci_ledger_490718,public_invoice,MATCHED
uci_490720,uci_bank_490720,uci_ledger_490720,public_invoice,MATCHED
uci_490722,uci_bank_490722,uci_ledger_490722,public_invoice,MATCHED
uci_490724,uci_bank_490724,uci_ledger_490724,public_invoice,MATCHED
uci_490725,uci_bank_490725,uci_ledger_490725,public_invoice,MATCHED
uci_490726,uci_bank_490726,uci_ledger_490726,public_invoice,MATCHED
uci_490727,uci_bank_490727,uci_ledger_490727,public_invoice,MATCHED
uci_490728,uci_bank_490728,uci_ledger_490728,public_invoice,MATCHED
uci_490734,uci_bank_490734,uci_ledger_490734,public_invoice,MATCHED
uci_490733,uci_bank_490733,uci_ledger_490733,public_invoice,MATCHED
uci_490737,uci_bank_490737,uci_ledger_490737,public_invoice,MATCHED
uci_490738,uci_bank_490738,uci_ledger_490738,public_invoice,MATCHED
uci_490747,uci_bank_490747,uci_ledger_490747,public_invoice,MATCHED
uci_490749,uci_bank_490749,uci_ledger_490749,public_invoice,MATCHED
uci_490750,uci_bank_490750,uci_ledger_490750,public_invoice,MATCHED
uci_490751,uci_bank_490751,uci_ledger_490751,public_invoice,MATCHED
uci_490752,uci_bank_490752,uci_ledger_490752,public_invoice,MATCHED
uci_490753,uci_bank_490753,uci_ledger_490753,public_invoice,MATCHED
uci_490754,uci_bank_490754,uci_ledger_490754,public_invoice,MATCHED
uci_490755,uci_bank_490755,uci_ledger_490755,public_invoice,MATCHED
uci_490757,uci_bank_490757,uci_ledger_490757,public_invoice,MATCHED
uci_490759,uci_bank_490759,uci_ledger_490759,public_invoice,MATCHED
uci_490760,uci_bank_490760,uci_ledger_490760,public_invoice,MATCHED
uci_490761,uci_bank_490761,uci_ledger_490761,public_invoice,MATCHED
uci_490762,uci_bank_490762,uci_ledger_490762,public_invoice,MATCHED
uci_490763,uci_bank_490763,uci_ledger_490763,public_invoice,MATCHED
uci_490764,uci_bank_490764,uci_ledger_490764,public_invoice,MATCHED
uci_490767,uci_bank_490767,uci_ledger_490767,public_invoice,MATCHED
uci_490770,uci_bank_490770,uci_ledger_490770,public_invoice,MATCHED
uci_490769,uci_bank_490769,uci_ledger_490769,public_invoice,MATCHED
uci_490782,uci_bank_490782,uci_ledger_490782,public_invoice,MATCHED
uci_490785,uci_bank_490785,uci_ledger_490785,public_invoice,MATCHED
uci_490786,uci_bank_490786,uci_ledger_490786,public_invoice,MATCHED
uci_490789,uci_bank_490789,uci_ledger_490789,public_invoice,MATCHED
uci_490796,uci_bank_490796,uci_ledger_490796,public_invoice,MATCHED
uci_490797,uci_bank_490797,uci_ledger_490797,public_invoice,MATCHED
uci_490800,uci_bank_490800,uci_ledger_490800,public_invoice,MATCHED
uci_490802,uci_bank_490802,uci_ledger_490802,public_invoice,MATCHED
uci_490801,uci_bank_490801,uci_ledger_490801,public_invoice,MATCHED
uci_490803,uci_bank_490803,uci_ledger_490803,public_invoice,MATCHED
uci_490804,uci_bank_490804,uci_ledger_490804,public_invoice,MATCHED
uci_490805,uci_bank_490805,uci_ledger_490805,public_invoice,MATCHED
uci_490806,uci_bank_490806,uci_ledger_490806,public_invoice,MATCHED
uci_490808,uci_bank_490808,uci_ledger_490808,public_invoice,MATCHED
uci_490809,uci_bank_490809,uci_ledger_490809,public_invoice,MATCHED
uci_490810,uci_bank_490810,uci_ledger_490810,public_invoice,MATCHED
uci_490811,uci_bank_490811,uci_ledger_490811,public_invoice,MATCHED
uci_490817,uci_bank_490817,uci_ledger_490817,public_invoice,MATCHED
uci_490823,uci_bank_490823,uci_ledger_490823,public_invoice,MATCHED
uci_490834,uci_bank_490834,uci_ledger_490834,public_invoice,MATCHED
uci_490836,uci_bank_490836,uci_ledger_490836,public_invoice,MATCHED
uci_490838,uci_bank_490838,uci_ledger_490838,public_invoice,MATCHED
uci_490846,uci_bank_490846,uci_ledger_490846,public_invoice,MATCHED
uci_490847,uci_bank_490847,uci_ledger_490847,public_invoice,MATCHED
uci_490851,uci_bank_490851,uci_ledger_490851,public_invoice,MATCHED
uci_490855,uci_bank_490855,uci_ledger_490855,public_invoice,MATCHED
uci_490863,uci_bank_490863,uci_ledger_490863,public_invoice,MATCHED
uci_490871,uci_bank_490871,uci_ledger_490871,public_invoice,MATCHED
uci_490881,uci_bank_490881,uci_ledger_490881,public_invoice,MATCHED
uci_490893,uci_bank_490893,uci_ledger_490893,public_invoice,MATCHED
uci_490899,uci_bank_490899,uci_ledger_490899,public_invoice,MATCHED
uci_490905,uci_bank_490905,uci_ledger_490905,public_invoice,MATCHED
uci_490917,uci_bank_490917,uci_ledger_490917,public_invoice,MATCHED
uci_490920,uci_bank_490920,uci_ledger_490920,public_invoice,MATCHED
uci_490921,uci_bank_490921,uci_ledger_490921,public_invoice,MATCHED
uci_490922,uci_bank_490922,uci_ledger_490922,public_invoice,MATCHED
uci_490924,uci_bank_490924,uci_ledger_490924,public_invoice,MATCHED
uci_490925,uci_bank_490925,uci_ledger_490925,public_invoice,MATCHED
uci_490926,uci_bank_490926,uci_ledger_490926,public_invoice,MATCHED
uci_490928,uci_bank_490928,uci_ledger_490928,public_invoice,MATCHED
uci_490927,uci_bank_490927,uci_ledger_490927,public_invoice,MATCHED
uci_490930,uci_bank_490930,uci_ledger_490930,public_invoice,MATCHED
uci_490932,uci_bank_490932,uci_ledger_490932,public_invoice,MATCHED
uci_490933,uci_bank_490933,uci_ledger_490933,public_invoice,MATCHED
uci_490936,uci_bank_490936,uci_ledger_490936,public_invoice,MATCHED
uci_490937,uci_bank_490937,uci_ledger_490937,public_invoice,MATCHED
uci_490938,uci_bank_490938,uci_ledger_490938,public_invoice,MATCHED
uci_490940,uci_bank_490940,uci_ledger_490940,public_invoice,MATCHED
uci_490941,uci_bank_490941,uci_ledger_490941,public_invoice,MATCHED
uci_490944,uci_bank_490944,uci_ledger_490944,public_invoice,MATCHED
uci_490945,uci_bank_490945,uci_ledger_490945,public_invoice,MATCHED
uci_490948,uci_bank_490948,uci_ledger_490948,public_invoice,MATCHED
uci_490953,uci_bank_490953,uci_ledger_490953,public_invoice,MATCHED
uci_490954,uci_bank_490954,uci_ledger_490954,public_invoice,MATCHED
uci_490956,uci_bank_490956,uci_ledger_490956,public_invoice,MATCHED
uci_490957,uci_bank_490957,uci_ledger_490957,public_invoice,MATCHED
uci_490958,uci_bank_490958,uci_ledger_490958,public_invoice,MATCHED
uci_490959,uci_bank_490959,uci_ledger_490959,public_invoice,MATCHED
uci_490961,uci_bank_490961,uci_ledger_490961,public_invoice,MATCHED
uci_490962,uci_bank_490962,uci_ledger_490962,public_invoice,MATCHED
uci_490964,uci_bank_490964,uci_ledger_490964,public_invoice,MATCHED
uci_490966,uci_bank_490966,uci_ledger_490966,public_invoice,MATCHED
uci_490968,uci_bank_490968,uci_ledger_490968,public_invoice,MATCHED
uci_490971,uci_bank_490971,uci_ledger_490971,public_invoice,MATCHED
uci_490972,uci_bank_490972,uci_ledger_490972,public_invoice,MATCHED
uci_490978,uci_bank_490978,uci_ledger_490978,public_invoice,MATCHED
uci_490981,uci_bank_490981,uci_ledger_490981,public_invoice,MATCHED
uci_490982,uci_bank_490982,uci_ledger_490982,public_invoice,MATCHED
uci_490984,uci_bank_490984,uci_ledger_490984,public_invoice,MATCHED
uci_490989,uci_bank_490989,uci_ledger_490989,public_invoice,MATCHED
uci_490990,uci_bank_490990,uci_ledger_490990,public_invoice,MATCHED
uci_490992,uci_bank_490992,uci_ledger_490992,public_invoice,MATCHED
uci_490998,uci_bank_490998,uci_ledger_490998,public_invoice,MATCHED
uci_490999,uci_bank_490999,uci_ledger_490999,public_invoice,MATCHED
uci_491006,uci_bank_491006,uci_ledger_491006,public_invoice,MATCHED
uci_491007,uci_bank_491007,uci_ledger_491007,public_invoice,MATCHED
uci_491008,uci_bank_491008,uci_ledger_491008,public_invoice,MATCHED
uci_491009,uci_bank_491009,uci_ledger_491009,public_invoice,MATCHED
uci_491010,uci_bank_491010,uci_ledger_491010,public_invoice,MATCHED
uci_491011,uci_bank_491011,uci_ledger_491011,public_invoice,MATCHED
uci_491014,uci_bank_491014,uci_ledger_491014,public_invoice,MATCHED
uci_491024,uci_bank_491024,uci_ledger_491024,public_invoice,MATCHED
uci_491025,uci_bank_491025,uci_ledger_491025,public_invoice,MATCHED
uci_491026,uci_bank_491026,uci_ledger_491026,public_invoice,MATCHED
uci_491033,uci_bank_491033,uci_ledger_491033,public_invoice,MATCHED
uci_491034,uci_bank_491034,uci_ledger_491034,public_invoice,MATCHED
uci_491035,uci_bank_491035,uci_ledger_491035,public_invoice,MATCHED
uci_491038,uci_bank_491038,uci_ledger_491038,public_invoice,MATCHED
uci_491039,uci_bank_491039,uci_ledger_491039,public_invoice,MATCHED
uci_491044,uci_bank_491044,uci_ledger_491044,public_invoice,MATCHED
uci_491045,uci_bank_491045,uci_ledger_491045,public_invoice,MATCHED
uci_491048,uci_bank_491048,uci_ledger_491048,public_invoice,MATCHED
uci_491049,uci_bank_491049,uci_ledger_491049,public_invoice,MATCHED
uci_491051,uci_bank_491051,uci_ledger_491051,public_invoice,MATCHED
uci_491050,uci_bank_491050,uci_ledger_491050,public_invoice,MATCHED
uci_491055,uci_bank_491055,uci_ledger_491055,public_invoice,MATCHED
uci_491054,uci_bank_491054,uci_ledger_491054,public_invoice,MATCHED
uci_491056,uci_bank_491056,uci_ledger_491056,public_invoice,MATCHED
uci_491057,uci_bank_491057,uci_ledger_491057,public_invoice,MATCHED
uci_491058,uci_bank_491058,uci_ledger_491058,public_invoice,MATCHED
uci_491059,uci_bank_491059,uci_ledger_491059,public_invoice,MATCHED
uci_491061,uci_bank_491061,uci_ledger_491061,public_invoice,MATCHED
uci_491060,uci_bank_491060,uci_ledger_491060,public_invoice,MATCHED
uci_491062,uci_bank_491062,uci_ledger_491062,public_invoice,MATCHED
uci_491063,uci_bank_491063,uci_ledger_491063,public_invoice,MATCHED
uci_491064,uci_bank_491064,uci_ledger_491064,public_invoice,MATCHED
uci_491067,uci_bank_491067,uci_ledger_491067,public_invoice,MATCHED
uci_491068,uci_bank_491068,uci_ledger_491068,public_invoice,MATCHED
uci_491069,uci_bank_491069,uci_ledger_491069,public_invoice,MATCHED
uci_491070,uci_bank_491070,uci_ledger_491070,public_invoice,MATCHED
uci_491071,uci_bank_491071,uci_ledger_491071,public_invoice,MATCHED
uci_491072,uci_bank_491072,uci_ledger_491072,public_invoice,MATCHED
uci_491073,uci_bank_491073,uci_ledger_491073,public_invoice,MATCHED
uci_491074,uci_bank_491074,uci_ledger_491074,public_invoice,MATCHED
uci_491075,uci_bank_491075,uci_ledger_491075,public_invoice,MATCHED
uci_491077,uci_bank_491077,uci_ledger_491077,public_invoice,MATCHED
uci_491078,uci_bank_491078,uci_ledger_491078,public_invoice,MATCHED
uci_491079,uci_bank_491079,uci_ledger_491079,public_invoice,MATCHED
uci_491081,uci_bank_491081,uci_ledger_491081,public_invoice,MATCHED
uci_491082,uci_bank_491082,uci_ledger_491082,public_invoice,MATCHED
uci_491083,uci_bank_491083,uci_ledger_491083,public_invoice,MATCHED
uci_491085,uci_bank_491085,uci_ledger_491085,public_invoice,MATCHED
uci_491086,uci_bank_491086,uci_ledger_491086,public_invoice,MATCHED
uci_491089,uci_bank_491089,uci_ledger_491089,public_invoice,MATCHED
uci_491091,uci_bank_491091,uci_ledger_491091,public_invoice,MATCHED
uci_491090,uci_bank_491090,uci_ledger_491090,public_invoice,MATCHED
uci_491092,uci_bank_491092,uci_ledger_491092,public_invoice,MATCHED
uci_491094,uci_bank_491094,uci_ledger_491094,public_invoice,MATCHED
uci_491093,uci_bank_491093,uci_ledger_491093,public_invoice,MATCHED
uci_491095,uci_bank_491095,uci_ledger_491095,public_invoice,MATCHED
uci_491096,uci_bank_491096,uci_ledger_491096,public_invoice,MATCHED
uci_491097,uci_bank_491097,uci_ledger_491097,public_invoice,MATCHED
uci_491098,uci_bank_491098,uci_ledger_491098,public_invoice,MATCHED
uci_491100,uci_bank_491100,uci_ledger_491100,public_invoice,MATCHED
uci_491101,uci_bank_491101,uci_ledger_491101,public_invoice,MATCHED
uci_491102,uci_bank_491102,uci_ledger_491102,public_invoice,MATCHED
uci_491103,uci_bank_491103,uci_ledger_491103,public_invoice,MATCHED
uci_491104,uci_bank_491104,uci_ledger_491104,public_invoice,MATCHED
uci_491105,uci_bank_491105,uci_ledger_491105,public_invoice,MATCHED
uci_491109,uci_bank_491109,uci_ledger_491109,public_invoice,MATCHED
uci_491111,uci_bank_491111,uci_ledger_491111,public_invoice,MATCHED
uci_491112,uci_bank_491112,uci_ledger_491112,public_invoice,MATCHED
uci_491113,uci_bank_491113,uci_ledger_491113,public_invoice,MATCHED
uci_491116,uci_bank_491116,uci_ledger_491116,public_invoice,MATCHED
uci_491118,uci_bank_491118,uci_ledger_491118,public_invoice,MATCHED
uci_491122,uci_bank_491122,uci_ledger_491122,public_invoice,MATCHED
uci_491123,uci_bank_491123,uci_ledger_491123,public_invoice,MATCHED
uci_491124,uci_bank_491124,uci_ledger_491124,public_invoice,MATCHED
uci_491125,uci_bank_491125,uci_ledger_491125,public_invoice,MATCHED
uci_491126,uci_bank_491126,uci_ledger_491126,public_invoice,MATCHED
uci_491127,uci_bank_491127,uci_ledger_491127,public_invoice,MATCHED
uci_491129,uci_bank_491129,uci_ledger_491129,public_invoice,MATCHED
uci_491131,uci_bank_491131,uci_ledger_491131,public_invoice,MATCHED
uci_491132,uci_bank_491132,uci_ledger_491132,public_invoice,MATCHED
uci_491133,uci_bank_491133,uci_ledger_491133,public_invoice,MATCHED
uci_491136,uci_bank_491136,uci_ledger_491136,public_invoice,MATCHED
uci_491138,uci_bank_491138,uci_ledger_491138,public_invoice,MATCHED
uci_491143,uci_bank_491143,uci_ledger_491143,public_invoice,MATCHED
uci_491144,uci_bank_491144,uci_ledger_491144,public_invoice,MATCHED
uci_491145,uci_bank_491145,uci_ledger_491145,public_invoice,MATCHED
uci_491146,uci_bank_491146,uci_ledger_491146,public_invoice,MATCHED
uci_491147,uci_bank_491147,uci_ledger_491147,public_invoice,MATCHED
uci_491148,uci_bank_491148,uci_ledger_491148,public_invoice,MATCHED
uci_491149,uci_bank_491149,uci_ledger_491149,public_invoice,MATCHED
uci_491150,uci_bank_491150,uci_ledger_491150,public_invoice,MATCHED
uci_491151,uci_bank_491151,uci_ledger_491151,public_invoice,MATCHED
uci_491152,uci_bank_491152,uci_ledger_491152,public_invoice,MATCHED
uci_491154,uci_bank_491154,uci_ledger_491154,public_invoice,MATCHED
uci_491153,uci_bank_491153,uci_ledger_491153,public_invoice,MATCHED
uci_491158,uci_bank_491158,uci_ledger_491158,public_invoice,MATCHED
uci_491159,uci_bank_491159,uci_ledger_491159,public_invoice,MATCHED
uci_491160,uci_bank_491160,uci_ledger_491160,public_invoice,MATCHED
uci_491161,uci_bank_491161,uci_ledger_491161,public_invoice,MATCHED
uci_491163,uci_bank_491163,uci_ledger_491163,public_invoice,MATCHED
uci_491164,uci_bank_491164,uci_ledger_491164,public_invoice,MATCHED
uci_491165,uci_bank_491165,uci_ledger_491165,public_invoice,MATCHED
uci_491169,uci_bank_491169,uci_ledger_491169,public_invoice,MATCHED
uci_491170,uci_bank_491170,uci_ledger_491170,public_invoice,MATCHED
uci_491171,uci_bank_491171,uci_ledger_491171,public_invoice,MATCHED
uci_491172,uci_bank_491172,uci_ledger_491172,public_invoice,MATCHED
uci_491173,uci_bank_491173,uci_ledger_491173,public_invoice,MATCHED
uci_491174,uci_bank_491174,uci_ledger_491174,public_invoice,MATCHED
uci_491175,uci_bank_491175,uci_ledger_491175,public_invoice,MATCHED
uci_491176,uci_bank_491176,uci_ledger_491176,public_invoice,MATCHED
uci_491177,uci_bank_491177,uci_ledger_491177,public_invoice,MATCHED
uci_491178,uci_bank_491178,uci_ledger_491178,public_invoice,MATCHED
uci_491180,uci_bank_491180,uci_ledger_491180,public_invoice,MATCHED
uci_491181,uci_bank_491181,uci_ledger_491181,public_invoice,MATCHED
uci_491182,uci_bank_491182,uci_ledger_491182,public_invoice,MATCHED
uci_491184,uci_bank_491184,uci_ledger_491184,public_invoice,MATCHED
uci_491183,uci_bank_491183,uci_ledger_491183,public_invoice,MATCHED
uci_491185,uci_bank_491185,uci_ledger_491185,public_invoice,MATCHED
uci_491186,uci_bank_491186,uci_ledger_491186,public_invoice,MATCHED
uci_491187,uci_bank_491187,uci_ledger_491187,public_invoice,MATCHED
uci_491188,uci_bank_491188,uci_ledger_491188,public_invoice,MATCHED
uci_491189,uci_bank_491189,uci_ledger_491189,public_invoice,MATCHED
uci_491191,uci_bank_491191,uci_ledger_491191,public_invoice,MATCHED
uci_491193,uci_bank_491193,uci_ledger_491193,public_invoice,MATCHED
uci_491192,uci_bank_491192,uci_ledger_491192,public_invoice,MATCHED
uci_491194,uci_bank_491194,uci_ledger_491194,public_invoice,MATCHED
uci_491195,uci_bank_491195,uci_ledger_491195,public_invoice,MATCHED
uci_491196,uci_bank_491196,uci_ledger_491196,public_invoice,MATCHED
uci_491197,uci_bank_491197,uci_ledger_491197,public_invoice,MATCHED
uci_491198,uci_bank_491198,uci_ledger_491198,public_invoice,MATCHED
uci_491199,uci_bank_491199,uci_ledger_491199,public_invoice,MATCHED
uci_491200,uci_bank_491200,uci_ledger_491200,public_invoice,MATCHED
uci_491201,uci_bank_491201,uci_ledger_491201,public_invoice,MATCHED
uci_491203,uci_bank_491203,uci_ledger_491203,public_invoice,MATCHED
uci_491204,uci_bank_491204,uci_ledger_491204,public_invoice,MATCHED
uci_491205,uci_bank_491205,uci_ledger_491205,public_invoice,MATCHED
uci_491207,uci_bank_491207,uci_ledger_491207,public_invoice,MATCHED
uci_491209,uci_bank_491209,uci_ledger_491209,public_invoice,MATCHED
uci_491210,uci_bank_491210,uci_ledger_491210,public_invoice,MATCHED
uci_491211,uci_bank_491211,uci_ledger_491211,public_invoice,MATCHED
uci_491212,uci_bank_491212,uci_ledger_491212,public_invoice,MATCHED
uci_491226,uci_bank_491226,uci_ledger_491226,public_invoice,MATCHED
uci_491235,uci_bank_491235,uci_ledger_491235,public_invoice,MATCHED
uci_491238,uci_bank_491238,uci_ledger_491238,public_invoice,MATCHED
uci_491240,uci_bank_491240,uci_ledger_491240,public_invoice,MATCHED
uci_491247,uci_bank_491247,uci_ledger_491247,public_invoice,MATCHED
uci_491314,uci_bank_491314,uci_ledger_491314,public_invoice,MATCHED
uci_491317,uci_bank_491317,uci_ledger_491317,public_invoice,MATCHED
uci_491318,uci_bank_491318,uci_ledger_491318,public_invoice,MATCHED
uci_491319,uci_bank_491319,uci_ledger_491319,public_invoice,MATCHED
uci_491320,uci_bank_491320,uci_ledger_491320,public_invoice,MATCHED
uci_491321,uci_bank_491321,uci_ledger_491321,public_invoice,MATCHED
uci_491340,uci_bank_491340,uci_ledger_491340,public_invoice,MATCHED
uci_491356,uci_bank_491356,uci_ledger_491356,public_invoice,MATCHED
uci_491358,uci_bank_491358,uci_ledger_491358,public_invoice,MATCHED
uci_491368,uci_bank_491368,uci_ledger_491368,public_invoice,MATCHED
uci_491385,uci_bank_491385,uci_ledger_491385,public_invoice,MATCHED
uci_491394,uci_bank_491394,uci_ledger_491394,public_invoice,MATCHED
uci_491395,uci_bank_491395,uci_ledger_491395,public_invoice,MATCHED
uci_491396,uci_bank_491396,uci_ledger_491396,public_invoice,MATCHED
uci_491397,uci_bank_491397,uci_ledger_491397,public_invoice,MATCHED
uci_491399,uci_bank_491399,uci_ledger_491399,public_invoice,MATCHED
uci_491400,uci_bank_491400,uci_ledger_491400,public_invoice,MATCHED
uci_491401,uci_bank_491401,uci_ledger_491401,public_invoice,MATCHED
uci_491403,uci_bank_491403,uci_ledger_491403,public_invoice,MATCHED
uci_491405,uci_bank_491405,uci_ledger_491405,public_invoice,MATCHED
uci_491406,uci_bank_491406,uci_ledger_491406,public_invoice,MATCHED
uci_491407,uci_bank_491407,uci_ledger_491407,public_invoice,MATCHED
uci_491408,uci_bank_491408,uci_ledger_491408,public_invoice,MATCHED
uci_491422,uci_bank_491422,uci_ledger_491422,public_invoice,MATCHED
uci_491421,uci_bank_491421,uci_ledger_491421,public_invoice,MATCHED
uci_491424,uci_bank_491424,uci_ledger_491424,public_invoice,MATCHED
uci_491425,uci_bank_491425,uci_ledger_491425,public_invoice,MATCHED
uci_491426,uci_bank_491426,uci_ledger_491426,public_invoice,MATCHED
uci_491427,uci_bank_491427,uci_ledger_491427,public_invoice,MATCHED
uci_491429,uci_bank_491429,uci_ledger_491429,public_invoice,MATCHED
uci_491432,uci_bank_491432,uci_ledger_491432,public_invoice,MATCHED
uci_491431,uci_bank_491431,uci_ledger_491431,public_invoice,MATCHED
uci_491433,uci_bank_491433,uci_ledger_491433,public_invoice,MATCHED
uci_491434,uci_bank_491434,uci_ledger_491434,public_invoice,MATCHED
uci_491435,uci_bank_491435,uci_ledger_491435,public_invoice,MATCHED
uci_491436,uci_bank_491436,uci_ledger_491436,public_invoice,MATCHED
uci_491437,uci_bank_491437,uci_ledger_491437,public_invoice,MATCHED
uci_491438,uci_bank_491438,uci_ledger_491438,public_invoice,MATCHED
uci_491439,uci_bank_491439,uci_ledger_491439,public_invoice,MATCHED
uci_491440,uci_bank_491440,uci_ledger_491440,public_invoice,MATCHED
uci_491442,uci_bank_491442,uci_ledger_491442,public_invoice,MATCHED
uci_491443,uci_bank_491443,uci_ledger_491443,public_invoice,MATCHED
uci_491444,uci_bank_491444,uci_ledger_491444,public_invoice,MATCHED
uci_491445,uci_bank_491445,uci_ledger_491445,public_invoice,MATCHED
uci_491447,uci_bank_491447,uci_ledger_491447,public_invoice,MATCHED
uci_491448,uci_bank_491448,uci_ledger_491448,public_invoice,MATCHED
uci_491449,uci_bank_491449,uci_ledger_491449,public_invoice,MATCHED
uci_491450,uci_bank_491450,uci_ledger_491450,public_invoice,MATCHED
uci_491452,uci_bank_491452,uci_ledger_491452,public_invoice,MATCHED
uci_491453,uci_bank_491453,uci_ledger_491453,public_invoice,MATCHED
uci_491454,uci_bank_491454,uci_ledger_491454,public_invoice,MATCHED
uci_491456,uci_bank_491456,uci_ledger_491456,public_invoice,MATCHED
uci_491457,uci_bank_491457,uci_ledger_491457,public_invoice,MATCHED
uci_491462,uci_bank_491462,uci_ledger_491462,public_invoice,MATCHED
uci_491463,uci_bank_491463,uci_ledger_491463,public_invoice,MATCHED
uci_491464,uci_bank_491464,uci_ledger_491464,public_invoice,MATCHED
uci_491465,uci_bank_491465,uci_ledger_491465,public_invoice,MATCHED
uci_491468,uci_bank_491468,uci_ledger_491468,public_invoice,MATCHED
uci_491474,uci_bank_491474,uci_ledger_491474,public_invoice,MATCHED
uci_491479,uci_bank_491479,uci_ledger_491479,public_invoice,MATCHED
uci_491497,uci_bank_491497,uci_ledger_491497,public_invoice,MATCHED
uci_491498,uci_bank_491498,uci_ledger_491498,public_invoice,MATCHED
uci_491506,uci_bank_491506,uci_ledger_491506,public_invoice,MATCHED
uci_491508,uci_bank_491508,uci_ledger_491508,public_invoice,MATCHED
uci_491516,uci_bank_491516,uci_ledger_491516,public_invoice,MATCHED
uci_491528,uci_bank_491528,uci_ledger_491528,public_invoice,MATCHED
uci_491554,uci_bank_491554,uci_ledger_491554,public_invoice,MATCHED
uci_491555,uci_bank_491555,uci_ledger_491555,public_invoice,MATCHED
uci_491570,uci_bank_491570,uci_ledger_491570,public_invoice,MATCHED
uci_491584,uci_bank_491584,uci_ledger_491584,public_invoice,MATCHED
uci_491586,uci_bank_491586,uci_ledger_491586,public_invoice,MATCHED
uci_491587,uci_bank_491587,uci_ledger_491587,public_invoice,MATCHED
uci_491603,uci_bank_491603,uci_ledger_491603,public_invoice,MATCHED
uci_491607,uci_bank_491607,uci_ledger_491607,public_invoice,MATCHED
uci_491612,uci_bank_491612,uci_ledger_491612,public_invoice,MATCHED
uci_491613,uci_bank_491613,uci_ledger_491613,public_invoice,MATCHED
uci_491622,uci_bank_491622,uci_ledger_491622,public_invoice,MATCHED
uci_491625,uci_bank_491625,uci_ledger_491625,public_invoice,MATCHED
uci_491627,uci_bank_491627,uci_ledger_491627,public_invoice,MATCHED
uci_491629,uci_bank_491629,uci_ledger_491629,public_invoice,MATCHED
uci_491630,uci_bank_491630,uci_ledger_491630,public_invoice,MATCHED
uci_491631,uci_bank_491631,uci_ledger_491631,public_invoice,MATCHED
uci_491633,uci_bank_491633,uci_ledger_491633,public_invoice,MATCHED
uci_491634,uci_bank_491634,uci_ledger_491634,public_invoice,MATCHED
uci_491635,uci_bank_491635,uci_ledger_491635,public_invoice,MATCHED
uci_491636,uci_bank_491636,uci_ledger_491636,public_invoice,MATCHED
uci_491637,uci_bank_491637,uci_ledger_491637,public_invoice,MATCHED
uci_491640,uci_bank_491640,uci_ledger_491640,public_invoice,MATCHED
uci_491642,uci_bank_491642,uci_ledger_491642,public_invoice,MATCHED
uci_491643,uci_bank_491643,uci_ledger_491643,public_invoice,MATCHED
uci_491644,uci_bank_491644,uci_ledger_491644,public_invoice,MATCHED
uci_491645,uci_bank_491645,uci_ledger_491645,public_invoice,MATCHED
uci_491646,uci_bank_491646,uci_ledger_491646,public_invoice,MATCHED
uci_491647,uci_bank_491647,uci_ledger_491647,public_invoice,MATCHED
uci_491648,uci_bank_491648,uci_ledger_491648,public_invoice,MATCHED
uci_491649,uci_bank_491649,uci_ledger_491649,public_invoice,MATCHED
uci_491651,uci_bank_491651,uci_ledger_491651,public_invoice,MATCHED
uci_491652,uci_bank_491652,uci_ledger_491652,public_invoice,MATCHED
uci_491653,uci_bank_491653,uci_ledger_491653,public_invoice,MATCHED
uci_491654,uci_bank_491654,uci_ledger_491654,public_invoice,MATCHED
uci_491655,uci_bank_491655,uci_ledger_491655,public_invoice,MATCHED
uci_491656,uci_bank_491656,uci_ledger_491656,public_invoice,MATCHED
uci_491658,uci_bank_491658,uci_ledger_491658,public_invoice,MATCHED
uci_491659,uci_bank_491659,uci_ledger_491659,public_invoice,MATCHED
uci_491660,uci_bank_491660,uci_ledger_491660,public_invoice,MATCHED
uci_491662,uci_bank_491662,uci_ledger_491662,public_invoice,MATCHED
uci_491661,uci_bank_491661,uci_ledger_491661,public_invoice,MATCHED
uci_491663,uci_bank_491663,uci_ledger_491663,public_invoice,MATCHED
uci_491664,uci_bank_491664,uci_ledger_491664,public_invoice,MATCHED
uci_491665,uci_bank_491665,uci_ledger_491665,public_invoice,MATCHED
uci_491667,uci_bank_491667,uci_ledger_491667,public_invoice,MATCHED
uci_491666,uci_bank_491666,uci_ledger_491666,public_invoice,MATCHED
uci_491668,uci_bank_491668,uci_ledger_491668,public_invoice,MATCHED
uci_491669,uci_bank_491669,uci_ledger_491669,public_invoice,MATCHED
uci_491670,uci_bank_491670,uci_ledger_491670,public_invoice,MATCHED
uci_491671,uci_bank_491671,uci_ledger_491671,public_invoice,MATCHED
uci_491672,uci_bank_491672,uci_ledger_491672,public_invoice,MATCHED
uci_491673,uci_bank_491673,uci_ledger_491673,public_invoice,MATCHED
uci_491675,uci_bank_491675,uci_ledger_491675,public_invoice,MATCHED
uci_491674,uci_bank_491674,uci_ledger_491674,public_invoice,MATCHED
uci_491677,uci_bank_491677,uci_ledger_491677,public_invoice,MATCHED
uci_491678,uci_bank_491678,uci_ledger_491678,public_invoice,MATCHED
uci_491679,uci_bank_491679,uci_ledger_491679,public_invoice,MATCHED
uci_491680,uci_bank_491680,uci_ledger_491680,public_invoice,MATCHED
uci_491681,uci_bank_491681,uci_ledger_491681,public_invoice,MATCHED
uci_491682,uci_bank_491682,uci_ledger_491682,public_invoice,MATCHED
uci_491683,uci_bank_491683,uci_ledger_491683,public_invoice,MATCHED
uci_491684,uci_bank_491684,uci_ledger_491684,public_invoice,MATCHED
uci_491685,uci_bank_491685,uci_ledger_491685,public_invoice,MATCHED
uci_491686,uci_bank_491686,uci_ledger_491686,public_invoice,MATCHED
uci_491687,uci_bank_491687,uci_ledger_491687,public_invoice,MATCHED
uci_491688,uci_bank_491688,uci_ledger_491688,public_invoice,MATCHED
uci_491690,uci_bank_491690,uci_ledger_491690,public_invoice,MATCHED
uci_491691,uci_bank_491691,uci_ledger_491691,public_invoice,MATCHED
uci_491692,uci_bank_491692,uci_ledger_491692,public_invoice,MATCHED
uci_491694,uci_bank_491694,uci_ledger_491694,public_invoice,MATCHED
uci_491695,uci_bank_491695,uci_ledger_491695,public_invoice,MATCHED
uci_491696,uci_bank_491696,uci_ledger_491696,public_invoice,MATCHED
uci_491697,uci_bank_491697,uci_ledger_491697,public_invoice,MATCHED
uci_491698,uci_bank_491698,uci_ledger_491698,public_invoice,MATCHED
uci_491699,uci_bank_491699,uci_ledger_491699,public_invoice,MATCHED
uci_491700,uci_bank_491700,uci_ledger_491700,public_invoice,MATCHED
uci_491701,uci_bank_491701,uci_ledger_491701,public_invoice,MATCHED
uci_491703,uci_bank_491703,uci_ledger_491703,public_invoice,MATCHED
uci_491704,uci_bank_491704,uci_ledger_491704,public_invoice,MATCHED
uci_491706,uci_bank_491706,uci_ledger_491706,public_invoice,MATCHED
uci_491707,uci_bank_491707,uci_ledger_491707,public_invoice,MATCHED
uci_491708,uci_bank_491708,uci_ledger_491708,public_invoice,MATCHED
uci_491709,uci_bank_491709,uci_ledger_491709,public_invoice,MATCHED
uci_491710,uci_bank_491710,uci_ledger_491710,public_invoice,MATCHED
uci_491711,uci_bank_491711,uci_ledger_491711,public_invoice,MATCHED
uci_491712,uci_bank_491712,uci_ledger_491712,public_invoice,MATCHED
uci_491713,uci_bank_491713,uci_ledger_491713,public_invoice,MATCHED
uci_491714,uci_bank_491714,uci_ledger_491714,public_invoice,MATCHED
uci_491715,uci_bank_491715,uci_ledger_491715,public_invoice,MATCHED
uci_491716,uci_bank_491716,uci_ledger_491716,public_invoice,MATCHED
uci_491717,uci_bank_491717,uci_ledger_491717,public_invoice,MATCHED
uci_491718,uci_bank_491718,uci_ledger_491718,public_invoice,MATCHED
uci_491719,uci_bank_491719,uci_ledger_491719,public_invoice,MATCHED
uci_491720,uci_bank_491720,uci_ledger_491720,public_invoice,MATCHED
uci_491721,uci_bank_491721,uci_ledger_491721,public_invoice,MATCHED
uci_491722,uci_bank_491722,uci_ledger_491722,public_invoice,MATCHED
uci_491724,uci_bank_491724,uci_ledger_491724,public_invoice,MATCHED
uci_491725,uci_bank_491725,uci_ledger_491725,public_invoice,MATCHED
uci_491726,uci_bank_491726,uci_ledger_491726,public_invoice,MATCHED
uci_491729,uci_bank_491729,uci_ledger_491729,public_invoice,MATCHED
uci_491730,uci_bank_491730,uci_ledger_491730,public_invoice,MATCHED
uci_491731,uci_bank_491731,uci_ledger_491731,public_invoice,MATCHED
uci_491733,uci_bank_491733,uci_ledger_491733,public_invoice,MATCHED
uci_491734,uci_bank_491734,uci_ledger_491734,public_invoice,MATCHED
uci_491735,uci_bank_491735,uci_ledger_491735,public_invoice,MATCHED
uci_491736,uci_bank_491736,uci_ledger_491736,public_invoice,MATCHED
uci_491737,uci_bank_491737,uci_ledger_491737,public_invoice,MATCHED
uci_491738,uci_bank_491738,uci_ledger_491738,public_invoice,MATCHED
uci_491743,uci_bank_491743,uci_ledger_491743,public_invoice,MATCHED
uci_491742,uci_bank_491742,uci_ledger_491742,public_invoice,MATCHED
uci_491744,uci_bank_491744,uci_ledger_491744,public_invoice,MATCHED
uci_491745,uci_bank_491745,uci_ledger_491745,public_invoice,MATCHED
uci_491746,uci_bank_491746,uci_ledger_491746,public_invoice,MATCHED
uci_491747,uci_bank_491747,uci_ledger_491747,public_invoice,MATCHED
uci_491748,uci_bank_491748,uci_ledger_491748,public_invoice,MATCHED
uci_491750,uci_bank_491750,uci_ledger_491750,public_invoice,MATCHED
uci_491751,uci_bank_491751,uci_ledger_491751,public_invoice,MATCHED
uci_491752,uci_bank_491752,uci_ledger_491752,public_invoice,MATCHED
uci_491753,uci_bank_491753,uci_ledger_491753,public_invoice,MATCHED
uci_491754,uci_bank_491754,uci_ledger_491754,public_invoice,MATCHED
uci_491755,uci_bank_491755,uci_ledger_491755,public_invoice,MATCHED
uci_491756,uci_bank_491756,uci_ledger_491756,public_invoice,MATCHED
uci_491757,uci_bank_491757,uci_ledger_491757,public_invoice,MATCHED
uci_491758,uci_bank_491758,uci_ledger_491758,public_invoice,MATCHED
uci_491759,uci_bank_491759,uci_ledger_491759,public_invoice,MATCHED
uci_491760,uci_bank_491760,uci_ledger_491760,public_invoice,MATCHED
uci_491780,uci_bank_491780,uci_ledger_491780,public_invoice,MATCHED
uci_491784,uci_bank_491784,uci_ledger_491784,public_invoice,MATCHED
uci_491782,uci_bank_491782,uci_ledger_491782,public_invoice,MATCHED
uci_491800,uci_bank_491800,uci_ledger_491800,public_invoice,MATCHED
uci_491803,uci_bank_491803,uci_ledger_491803,public_invoice,MATCHED
uci_491804,uci_bank_491804,uci_ledger_491804,public_invoice,MATCHED
uci_491805,uci_bank_491805,uci_ledger_491805,public_invoice,MATCHED
uci_491806,uci_bank_491806,uci_ledger_491806,public_invoice,MATCHED
uci_491807,uci_bank_491807,uci_ledger_491807,public_invoice,MATCHED
uci_491809,uci_bank_491809,uci_ledger_491809,public_invoice,MATCHED
uci_491811,uci_bank_491811,uci_ledger_491811,public_invoice,MATCHED
uci_491810,uci_bank_491810,uci_ledger_491810,public_invoice,MATCHED
uci_491812,uci_bank_491812,uci_ledger_491812,public_invoice,MATCHED
uci_491813,uci_bank_491813,uci_ledger_491813,public_invoice,MATCHED
uci_491814,uci_bank_491814,uci_ledger_491814,public_invoice,MATCHED
uci_491816,uci_bank_491816,uci_ledger_491816,public_invoice,MATCHED
uci_491815,uci_bank_491815,uci_ledger_491815,public_invoice,MATCHED
uci_491825,uci_bank_491825,uci_ledger_491825,public_invoice,MATCHED
uci_491826,uci_bank_491826,uci_ledger_491826,public_invoice,MATCHED
uci_491828,uci_bank_491828,uci_ledger_491828,public_invoice,MATCHED
uci_491829,uci_bank_491829,uci_ledger_491829,public_invoice,MATCHED
uci_491831,uci_bank_491831,uci_ledger_491831,public_invoice,MATCHED
uci_491832,uci_bank_491832,uci_ledger_491832,public_invoice,MATCHED
uci_491833,uci_bank_491833,uci_ledger_491833,public_invoice,MATCHED
uci_491834,uci_bank_491834,uci_ledger_491834,public_invoice,MATCHED
uci_491840,uci_bank_491840,uci_ledger_491840,public_invoice,MATCHED
uci_491861,uci_bank_491861,uci_ledger_491861,public_invoice,MATCHED
uci_491868,uci_bank_491868,uci_ledger_491868,public_invoice,MATCHED
uci_491888,uci_bank_491888,uci_ledger_491888,public_invoice,MATCHED
uci_491893,uci_bank_491893,uci_ledger_491893,public_invoice,MATCHED
uci_491894,uci_bank_491894,uci_ledger_491894,public_invoice,MATCHED
uci_491923,uci_bank_491923,uci_ledger_491923,public_invoice,MATCHED
uci_491924,uci_bank_491924,uci_ledger_491924,public_invoice,MATCHED
uci_491935,uci_bank_491935,uci_ledger_491935,public_invoice,MATCHED
uci_491941,uci_bank_491941,uci_ledger_491941,public_invoice,MATCHED
uci_491949,uci_bank_491949,uci_ledger_491949,public_invoice,MATCHED
uci_491950,uci_bank_491950,uci_ledger_491950,public_invoice,MATCHED
uci_491951,uci_bank_491951,uci_ledger_491951,public_invoice,MATCHED
uci_491953,uci_bank_491953,uci_ledger_491953,public_invoice,MATCHED
uci_491954,uci_bank_491954,uci_ledger_491954,public_invoice,MATCHED
uci_491955,uci_bank_491955,uci_ledger_491955,public_invoice,MATCHED
uci_491956,uci_bank_491956,uci_ledger_491956,public_invoice,MATCHED
uci_491957,uci_bank_491957,uci_ledger_491957,public_invoice,MATCHED
uci_491958,uci_bank_491958,uci_ledger_491958,public_invoice,MATCHED
uci_491959,uci_bank_491959,uci_ledger_491959,public_invoice,MATCHED
uci_491960,uci_bank_491960,uci_ledger_491960,public_invoice,MATCHED
uci_491961,uci_bank_491961,uci_ledger_491961,public_invoice,MATCHED
uci_491963,uci_bank_491963,uci_ledger_491963,public_invoice,MATCHED
uci_491964,uci_bank_491964,uci_ledger_491964,public_invoice,MATCHED
uci_491965,uci_bank_491965,uci_ledger_491965,public_invoice,MATCHED
uci_491967,uci_bank_491967,uci_ledger_491967,public_invoice,MATCHED
uci_491979,uci_bank_491979,uci_ledger_491979,public_invoice,MATCHED
uci_491980,uci_bank_491980,uci_ledger_491980,public_invoice,MATCHED
uci_491981,uci_bank_491981,uci_ledger_491981,public_invoice,MATCHED
uci_491982,uci_bank_491982,uci_ledger_491982,public_invoice,MATCHED
uci_491983,uci_bank_491983,uci_ledger_491983,public_invoice,MATCHED
uci_491984,uci_bank_491984,uci_ledger_491984,public_invoice,MATCHED
uci_491986,uci_bank_491986,uci_ledger_491986,public_invoice,MATCHED
uci_491987,uci_bank_491987,uci_ledger_491987,public_invoice,MATCHED
uci_491988,uci_bank_491988,uci_ledger_491988,public_invoice,MATCHED
uci_491991,uci_bank_491991,uci_ledger_491991,public_invoice,MATCHED
uci_491992,uci_bank_491992,uci_ledger_491992,public_invoice,MATCHED
uci_491993,uci_bank_491993,uci_ledger_491993,public_invoice,MATCHED
uci_491994,uci_bank_491994,uci_ledger_491994,public_invoice,MATCHED
uci_491996,uci_bank_491996,uci_ledger_491996,public_invoice,MATCHED
uci_491995,uci_bank_491995,uci_ledger_491995,public_invoice,MATCHED
uci_491997,uci_bank_491997,uci_ledger_491997,public_invoice,MATCHED
uci_491998,uci_bank_491998,uci_ledger_491998,public_invoice,MATCHED
uci_491999,uci_bank_491999,uci_ledger_491999,public_invoice,MATCHED
uci_492003,uci_bank_492003,uci_ledger_492003,public_invoice,MATCHED
uci_492004,uci_bank_492004,uci_ledger_492004,public_invoice,MATCHED
uci_492005,uci_bank_492005,uci_ledger_492005,public_invoice,MATCHED
uci_492007,uci_bank_492007,uci_ledger_492007,public_invoice,MATCHED
uci_492008,uci_bank_492008,uci_ledger_492008,public_invoice,MATCHED
uci_492009,uci_bank_492009,uci_ledger_492009,public_invoice,MATCHED
uci_492011,uci_bank_492011,uci_ledger_492011,public_invoice,MATCHED
uci_492012,uci_bank_492012,uci_ledger_492012,public_invoice,MATCHED
uci_492014,uci_bank_492014,uci_ledger_492014,public_invoice,MATCHED
uci_492015,uci_bank_492015,uci_ledger_492015,public_invoice,MATCHED
uci_492016,uci_bank_492016,uci_ledger_492016,public_invoice,MATCHED
uci_492017,uci_bank_492017,uci_ledger_492017,public_invoice,MATCHED
uci_492018,uci_bank_492018,uci_ledger_492018,public_invoice,MATCHED
uci_492020,uci_bank_492020,uci_ledger_492020,public_invoice,MATCHED
uci_492021,uci_bank_492021,uci_ledger_492021,public_invoice,MATCHED
uci_492022,uci_bank_492022,uci_ledger_492022,public_invoice,MATCHED
uci_492035,uci_bank_492035,uci_ledger_492035,public_invoice,MATCHED
uci_492039,uci_bank_492039,uci_ledger_492039,public_invoice,MATCHED
uci_492051,uci_bank_492051,uci_ledger_492051,public_invoice,MATCHED
uci_492064,uci_bank_492064,uci_ledger_492064,public_invoice,MATCHED
uci_492071,uci_bank_492071,uci_ledger_492071,public_invoice,MATCHED
uci_492073,uci_bank_492073,uci_ledger_492073,public_invoice,MATCHED
uci_492074,uci_bank_492074,uci_ledger_492074,public_invoice,MATCHED
uci_492075,uci_bank_492075,uci_ledger_492075,public_invoice,MATCHED
uci_492076,uci_bank_492076,uci_ledger_492076,public_invoice,MATCHED
uci_492077,uci_bank_492077,uci_ledger_492077,public_invoice,MATCHED
uci_492078,uci_bank_492078,uci_ledger_492078,public_invoice,MATCHED
uci_492079,uci_bank_492079,uci_ledger_492079,public_invoice,MATCHED
uci_492080,uci_bank_492080,uci_ledger_492080,public_invoice,MATCHED
uci_492092,uci_bank_492092,uci_ledger_492092,public_invoice,MATCHED
uci_492098,uci_bank_492098,uci_ledger_492098,public_invoice,MATCHED
uci_492117,uci_bank_492117,uci_ledger_492117,public_invoice,MATCHED
uci_492125,uci_bank_492125,uci_ledger_492125,public_invoice,MATCHED
uci_492127,uci_bank_492127,uci_ledger_492127,public_invoice,MATCHED
uci_492133,uci_bank_492133,uci_ledger_492133,public_invoice,MATCHED
uci_492153,uci_bank_492153,uci_ledger_492153,public_invoice,MATCHED
uci_492168,uci_bank_492168,uci_ledger_492168,public_invoice,MATCHED
uci_492169,uci_bank_492169,uci_ledger_492169,public_invoice,MATCHED
uci_492170,uci_bank_492170,uci_ledger_492170,public_invoice,MATCHED
uci_492172,uci_bank_492172,uci_ledger_492172,public_invoice,MATCHED
uci_492173,uci_bank_492173,uci_ledger_492173,public_invoice,MATCHED
uci_492174,uci_bank_492174,uci_ledger_492174,public_invoice,MATCHED
uci_492175,uci_bank_492175,uci_ledger_492175,public_invoice,MATCHED
uci_492176,uci_bank_492176,uci_ledger_492176,public_invoice,MATCHED
uci_492177,uci_bank_492177,uci_ledger_492177,public_invoice,MATCHED
uci_492179,uci_bank_492179,uci_ledger_492179,public_invoice,MATCHED
uci_492178,uci_bank_492178,uci_ledger_492178,public_invoice,MATCHED
uci_492181,uci_bank_492181,uci_ledger_492181,public_invoice,MATCHED
uci_492185,uci_bank_492185,uci_ledger_492185,public_invoice,MATCHED
uci_492202,uci_bank_492202,uci_ledger_492202,public_invoice,MATCHED
uci_492203,uci_bank_492203,uci_ledger_492203,public_invoice,MATCHED
uci_492204,uci_bank_492204,uci_ledger_492204,public_invoice,MATCHED
uci_492208,uci_bank_492208,uci_ledger_492208,public_invoice,MATCHED
uci_492209,uci_bank_492209,uci_ledger_492209,public_invoice,MATCHED
uci_492210,uci_bank_492210,uci_ledger_492210,public_invoice,MATCHED
uci_492214,uci_bank_492214,uci_ledger_492214,public_invoice,MATCHED
uci_492216,uci_bank_492216,uci_ledger_492216,public_invoice,MATCHED
uci_492218,uci_bank_492218,uci_ledger_492218,public_invoice,MATCHED
uci_492220,uci_bank_492220,uci_ledger_492220,public_invoice,MATCHED
uci_492221,uci_bank_492221,uci_ledger_492221,public_invoice,MATCHED
uci_492222,uci_bank_492222,uci_ledger_492222,public_invoice,MATCHED
uci_492223,uci_bank_492223,uci_ledger_492223,public_invoice,MATCHED
uci_492224,uci_bank_492224,uci_ledger_492224,public_invoice,MATCHED
uci_492225,uci_bank_492225,uci_ledger_492225,public_invoice,MATCHED
uci_492227,uci_bank_492227,uci_ledger_492227,public_invoice,MATCHED
uci_492228,uci_bank_492228,uci_ledger_492228,public_invoice,MATCHED
uci_492229,uci_bank_492229,uci_ledger_492229,public_invoice,MATCHED
uci_492230,uci_bank_492230,uci_ledger_492230,public_invoice,MATCHED
uci_492231,uci_bank_492231,uci_ledger_492231,public_invoice,MATCHED
uci_492233,uci_bank_492233,uci_ledger_492233,public_invoice,MATCHED
uci_492232,uci_bank_492232,uci_ledger_492232,public_invoice,MATCHED
uci_492234,uci_bank_492234,uci_ledger_492234,public_invoice,MATCHED
uci_492235,uci_bank_492235,uci_ledger_492235,public_invoice,MATCHED
uci_492236,uci_bank_492236,uci_ledger_492236,public_invoice,MATCHED
uci_492237,uci_bank_492237,uci_ledger_492237,public_invoice,MATCHED
uci_492238,uci_bank_492238,uci_ledger_492238,public_invoice,MATCHED
uci_492239,uci_bank_492239,uci_ledger_492239,public_invoice,MATCHED
uci_492240,uci_bank_492240,uci_ledger_492240,public_invoice,MATCHED
uci_492241,uci_bank_492241,uci_ledger_492241,public_invoice,MATCHED
uci_492242,uci_bank_492242,uci_ledger_492242,public_invoice,MATCHED
uci_492244,uci_bank_492244,uci_ledger_492244,public_invoice,MATCHED
uci_492246,uci_bank_492246,uci_ledger_492246,public_invoice,MATCHED
uci_492245,uci_bank_492245,uci_ledger_492245,public_invoice,MATCHED
uci_492247,uci_bank_492247,uci_ledger_492247,public_invoice,MATCHED
uci_492248,uci_bank_492248,uci_ledger_492248,public_invoice,MATCHED
uci_492249,uci_bank_492249,uci_ledger_492249,public_invoice,MATCHED
uci_492250,uci_bank_492250,uci_ledger_492250,public_invoice,MATCHED
uci_492251,uci_bank_492251,uci_ledger_492251,public_invoice,MATCHED
uci_492252,uci_bank_492252,uci_ledger_492252,public_invoice,MATCHED
uci_492253,uci_bank_492253,uci_ledger_492253,public_invoice,MATCHED
uci_492269,uci_bank_492269,uci_ledger_492269,public_invoice,MATCHED
uci_492270,uci_bank_492270,uci_ledger_492270,public_invoice,MATCHED
uci_492271,uci_bank_492271,uci_ledger_492271,public_invoice,MATCHED
uci_492272,uci_bank_492272,uci_ledger_492272,public_invoice,MATCHED
uci_492273,uci_bank_492273,uci_ledger_492273,public_invoice,MATCHED
uci_492281,uci_bank_492281,uci_ledger_492281,public_invoice,MATCHED
uci_492282,uci_bank_492282,uci_ledger_492282,public_invoice,MATCHED
uci_492283,uci_bank_492283,uci_ledger_492283,public_invoice,MATCHED
uci_492285,uci_bank_492285,uci_ledger_492285,public_invoice,MATCHED
uci_492287,uci_bank_492287,uci_ledger_492287,public_invoice,MATCHED
uci_492290,uci_bank_492290,uci_ledger_492290,public_invoice,MATCHED
uci_492296,uci_bank_492296,uci_ledger_492296,public_invoice,MATCHED
uci_492297,uci_bank_492297,uci_ledger_492297,public_invoice,MATCHED
uci_492300,uci_bank_492300,uci_ledger_492300,public_invoice,MATCHED
uci_492302,uci_bank_492302,uci_ledger_492302,public_invoice,MATCHED
uci_492304,uci_bank_492304,uci_ledger_492304,public_invoice,MATCHED
uci_492312,uci_bank_492312,uci_ledger_492312,public_invoice,MATCHED
uci_492313,uci_bank_492313,uci_ledger_492313,public_invoice,MATCHED
uci_492314,uci_bank_492314,uci_ledger_492314,public_invoice,MATCHED
uci_492318,uci_bank_492318,uci_ledger_492318,public_invoice,MATCHED
uci_492317,uci_bank_492317,uci_ledger_492317,public_invoice,MATCHED
uci_492321,uci_bank_492321,uci_ledger_492321,public_invoice,MATCHED
uci_492319,uci_bank_492319,uci_ledger_492319,public_invoice,MATCHED
uci_492322,uci_bank_492322,uci_ledger_492322,public_invoice,MATCHED
uci_492325,uci_bank_492325,uci_ledger_492325,public_invoice,MATCHED
uci_492328,uci_bank_492328,uci_ledger_492328,public_invoice,MATCHED
uci_492340,uci_bank_492340,uci_ledger_492340,public_invoice,MATCHED
uci_492342,uci_bank_492342,uci_ledger_492342,public_invoice,MATCHED
uci_492347,uci_bank_492347,uci_ledger_492347,public_invoice,MATCHED
uci_492348,uci_bank_492348,uci_ledger_492348,public_invoice,MATCHED
uci_492349,uci_bank_492349,uci_ledger_492349,public_invoice,MATCHED
uci_492351,uci_bank_492351,uci_ledger_492351,public_invoice,MATCHED
uci_492356,uci_bank_492356,uci_ledger_492356,public_invoice,MATCHED
uci_492357,uci_bank_492357,uci_ledger_492357,public_invoice,MATCHED
uci_492358,uci_bank_492358,uci_ledger_492358,public_invoice,MATCHED
uci_492359,uci_bank_492359,uci_ledger_492359,public_invoice,MATCHED
uci_492360,uci_bank_492360,uci_ledger_492360,public_invoice,MATCHED
uci_492361,uci_bank_492361,uci_ledger_492361,public_invoice,MATCHED
uci_492362,uci_bank_492362,uci_ledger_492362,public_invoice,MATCHED
uci_492367,uci_bank_492367,uci_ledger_492367,public_invoice,MATCHED
uci_492368,uci_bank_492368,uci_ledger_492368,public_invoice,MATCHED
uci_492369,uci_bank_492369,uci_ledger_492369,public_invoice,MATCHED
uci_492370,uci_bank_492370,uci_ledger_492370,public_invoice,MATCHED
uci_492371,uci_bank_492371,uci_ledger_492371,public_invoice,MATCHED
uci_492372,uci_bank_492372,uci_ledger_492372,public_invoice,MATCHED
uci_492374,uci_bank_492374,uci_ledger_492374,public_invoice,MATCHED
uci_492375,uci_bank_492375,uci_ledger_492375,public_invoice,MATCHED
uci_492376,uci_bank_492376,uci_ledger_492376,public_invoice,MATCHED
uci_492378,uci_bank_492378,uci_ledger_492378,public_invoice,MATCHED
uci_492379,uci_bank_492379,uci_ledger_492379,public_invoice,MATCHED
uci_492380,uci_bank_492380,uci_ledger_492380,public_invoice,MATCHED
uci_492383,uci_bank_492383,uci_ledger_492383,public_invoice,MATCHED
uci_492387,uci_bank_492387,uci_ledger_492387,public_invoice,MATCHED
uci_492391,uci_bank_492391,uci_ledger_492391,public_invoice,MATCHED
uci_492395,uci_bank_492395,uci_ledger_492395,public_invoice,MATCHED
uci_492397,uci_bank_492397,uci_ledger_492397,public_invoice,MATCHED
uci_492398,uci_bank_492398,uci_ledger_492398,public_invoice,MATCHED
uci_492399,uci_bank_492399,uci_ledger_492399,public_invoice,MATCHED
uci_492401,uci_bank_492401,uci_ledger_492401,public_invoice,MATCHED
uci_492403,uci_bank_492403,uci_ledger_492403,public_invoice,MATCHED
uci_492404,uci_bank_492404,uci_ledger_492404,public_invoice,MATCHED
uci_492405,uci_bank_492405,uci_ledger_492405,public_invoice,MATCHED
uci_492406,uci_bank_492406,uci_ledger_492406,public_invoice,MATCHED
uci_492407,uci_bank_492407,uci_ledger_492407,public_invoice,MATCHED
uci_492408,uci_bank_492408,uci_ledger_492408,public_invoice,MATCHED
uci_492409,uci_bank_492409,uci_ledger_492409,public_invoice,MATCHED
uci_492410,uci_bank_492410,uci_ledger_492410,public_invoice,MATCHED
uci_492412,uci_bank_492412,uci_ledger_492412,public_invoice,MATCHED
uci_492413,uci_bank_492413,uci_ledger_492413,public_invoice,MATCHED
uci_492415,uci_bank_492415,uci_ledger_492415,public_invoice,MATCHED
uci_492417,uci_bank_492417,uci_ledger_492417,public_invoice,MATCHED
uci_492418,uci_bank_492418,uci_ledger_492418,public_invoice,MATCHED
uci_492419,uci_bank_492419,uci_ledger_492419,public_invoice,MATCHED
uci_492421,uci_bank_492421,uci_ledger_492421,public_invoice,MATCHED
uci_492423,uci_bank_492423,uci_ledger_492423,public_invoice,MATCHED
uci_492424,uci_bank_492424,uci_ledger_492424,public_invoice,MATCHED
uci_492426,uci_bank_492426,uci_ledger_492426,public_invoice,MATCHED
uci_492427,uci_bank_492427,uci_ledger_492427,public_invoice,MATCHED
uci_492428,uci_bank_492428,uci_ledger_492428,public_invoice,MATCHED
uci_492429,uci_bank_492429,uci_ledger_492429,public_invoice,MATCHED
uci_492430,uci_bank_492430,uci_ledger_492430,public_invoice,MATCHED
uci_492431,uci_bank_492431,uci_ledger_492431,public_invoice,MATCHED
uci_492432,uci_bank_492432,uci_ledger_492432,public_invoice,MATCHED
uci_492433,uci_bank_492433,uci_ledger_492433,public_invoice,MATCHED
uci_492434,uci_bank_492434,uci_ledger_492434,public_invoice,MATCHED
uci_492435,uci_bank_492435,uci_ledger_492435,public_invoice,MATCHED
uci_492436,uci_bank_492436,uci_ledger_492436,public_invoice,MATCHED
uci_492437,uci_bank_492437,uci_ledger_492437,public_invoice,MATCHED
uci_492438,uci_bank_492438,uci_ledger_492438,public_invoice,MATCHED
uci_492439,uci_bank_492439,uci_ledger_492439,public_invoice,MATCHED
uci_492440,uci_bank_492440,uci_ledger_492440,public_invoice,MATCHED
uci_492441,uci_bank_492441,uci_ledger_492441,public_invoice,MATCHED
uci_492442,uci_bank_492442,uci_ledger_492442,public_invoice,MATCHED
uci_492443,uci_bank_492443,uci_ledger_492443,public_invoice,MATCHED
uci_492444,uci_bank_492444,uci_ledger_492444,public_invoice,MATCHED
uci_492445,uci_bank_492445,uci_ledger_492445,public_invoice,MATCHED
uci_492446,uci_bank_492446,uci_ledger_492446,public_invoice,MATCHED
uci_492448,uci_bank_492448,uci_ledger_492448,public_invoice,MATCHED
uci_492449,uci_bank_492449,uci_ledger_492449,public_invoice,MATCHED
uci_492465,uci_bank_492465,uci_ledger_492465,public_invoice,MATCHED
uci_492462,uci_bank_492462,uci_ledger_492462,public_invoice,MATCHED
uci_492472,uci_bank_492472,uci_ledger_492472,public_invoice,MATCHED
uci_492484,uci_bank_492484,uci_ledger_492484,public_invoice,MATCHED
uci_492499,uci_bank_492499,uci_ledger_492499,public_invoice,MATCHED
uci_492500,uci_bank_492500,uci_ledger_492500,public_invoice,MATCHED
uci_492512,uci_bank_492512,uci_ledger_492512,public_invoice,MATCHED
uci_492516,uci_bank_492516,uci_ledger_492516,public_invoice,MATCHED
uci_492517,uci_bank_492517,uci_ledger_492517,public_invoice,MATCHED
uci_492518,uci_bank_492518,uci_ledger_492518,public_invoice,MATCHED
uci_492519,uci_bank_492519,uci_ledger_492519,public_invoice,MATCHED
uci_492520,uci_bank_492520,uci_ledger_492520,public_invoice,MATCHED
uci_492521,uci_bank_492521,uci_ledger_492521,public_invoice,MATCHED
uci_492522,uci_bank_492522,uci_ledger_492522,public_invoice,MATCHED
uci_492524,uci_bank_492524,uci_ledger_492524,public_invoice,MATCHED
uci_492525,uci_bank_492525,uci_ledger_492525,public_invoice,MATCHED
uci_492526,uci_bank_492526,uci_ledger_492526,public_invoice,MATCHED
uci_492527,uci_bank_492527,uci_ledger_492527,public_invoice,MATCHED
uci_492528,uci_bank_492528,uci_ledger_492528,public_invoice,MATCHED
uci_492529,uci_bank_492529,uci_ledger_492529,public_invoice,MATCHED
uci_492530,uci_bank_492530,uci_ledger_492530,public_invoice,MATCHED
uci_492534,uci_bank_492534,uci_ledger_492534,public_invoice,MATCHED
uci_492535,uci_bank_492535,uci_ledger_492535,public_invoice,MATCHED
uci_492536,uci_bank_492536,uci_ledger_492536,public_invoice,MATCHED
uci_492537,uci_bank_492537,uci_ledger_492537,public_invoice,MATCHED
uci_492538,uci_bank_492538,uci_ledger_492538,public_invoice,MATCHED
uci_492539,uci_bank_492539,uci_ledger_492539,public_invoice,MATCHED
uci_492540,uci_bank_492540,uci_ledger_492540,public_invoice,MATCHED
uci_492542,uci_bank_492542,uci_ledger_492542,public_invoice,MATCHED
uci_492544,uci_bank_492544,uci_ledger_492544,public_invoice,MATCHED
uci_492545,uci_bank_492545,uci_ledger_492545,public_invoice,MATCHED
uci_492546,uci_bank_492546,uci_ledger_492546,public_invoice,MATCHED
uci_492547,uci_bank_492547,uci_ledger_492547,public_invoice,MATCHED
uci_492549,uci_bank_492549,uci_ledger_492549,public_invoice,MATCHED
uci_492571,uci_bank_492571,uci_ledger_492571,public_invoice,MATCHED
uci_492578,uci_bank_492578,uci_ledger_492578,public_invoice,MATCHED
uci_492579,uci_bank_492579,uci_ledger_492579,public_invoice,MATCHED
uci_492580,uci_bank_492580,uci_ledger_492580,public_invoice,MATCHED
uci_492581,uci_bank_492581,uci_ledger_492581,public_invoice,MATCHED
uci_492582,uci_bank_492582,uci_ledger_492582,public_invoice,MATCHED
uci_492583,uci_bank_492583,uci_ledger_492583,public_invoice,MATCHED
uci_492585,uci_bank_492585,uci_ledger_492585,public_invoice,MATCHED
uci_492588,uci_bank_492588,uci_ledger_492588,public_invoice,MATCHED
uci_492589,uci_bank_492589,uci_ledger_492589,public_invoice,MATCHED
uci_492591,uci_bank_492591,uci_ledger_492591,public_invoice,MATCHED
uci_492592,uci_bank_492592,uci_ledger_492592,public_invoice,MATCHED
uci_492593,uci_bank_492593,uci_ledger_492593,public_invoice,MATCHED
uci_492594,uci_bank_492594,uci_ledger_492594,public_invoice,MATCHED
uci_492635,uci_bank_492635,uci_ledger_492635,public_invoice,MATCHED
uci_492640,uci_bank_492640,uci_ledger_492640,public_invoice,MATCHED
uci_492641,uci_bank_492641,uci_ledger_492641,public_invoice,MATCHED
uci_492643,uci_bank_492643,uci_ledger_492643,public_invoice,MATCHED
uci_492644,uci_bank_492644,uci_ledger_492644,public_invoice,MATCHED
uci_492650,uci_bank_492650,uci_ledger_492650,public_invoice,MATCHED
uci_492652,uci_bank_492652,uci_ledger_492652,public_invoice,MATCHED
uci_492659,uci_bank_492659,uci_ledger_492659,public_invoice,MATCHED
uci_492680,uci_bank_492680,uci_ledger_492680,public_invoice,MATCHED
uci_492684,uci_bank_492684,uci_ledger_492684,public_invoice,MATCHED
uci_492687,uci_bank_492687,uci_ledger_492687,public_invoice,MATCHED
uci_492705,uci_bank_492705,uci_ledger_492705,public_invoice,MATCHED
uci_492707,uci_bank_492707,uci_ledger_492707,public_invoice,MATCHED
uci_492708,uci_bank_492708,uci_ledger_492708,public_invoice,MATCHED
uci_492710,uci_bank_492710,uci_ledger_492710,public_invoice,MATCHED
uci_492711,uci_bank_492711,uci_ledger_492711,public_invoice,MATCHED
uci_492713,uci_bank_492713,uci_ledger_492713,public_invoice,MATCHED
uci_492714,uci_bank_492714,uci_ledger_492714,public_invoice,MATCHED
uci_492716,uci_bank_492716,uci_ledger_492716,public_invoice,MATCHED
uci_492717,uci_bank_492717,uci_ledger_492717,public_invoice,MATCHED
uci_492718,uci_bank_492718,uci_ledger_492718,public_invoice,MATCHED
uci_492720,uci_bank_492720,uci_ledger_492720,public_invoice,MATCHED
uci_492722,uci_bank_492722,uci_ledger_492722,public_invoice,MATCHED
uci_492723,uci_bank_492723,uci_ledger_492723,public_invoice,MATCHED
uci_492724,uci_bank_492724,uci_ledger_492724,public_invoice,MATCHED
uci_492726,uci_bank_492726,uci_ledger_492726,public_invoice,MATCHED
uci_492727,uci_bank_492727,uci_ledger_492727,public_invoice,MATCHED
uci_492728,uci_bank_492728,uci_ledger_492728,public_invoice,MATCHED
uci_492729,uci_bank_492729,uci_ledger_492729,public_invoice,MATCHED
uci_492730,uci_bank_492730,uci_ledger_492730,public_invoice,MATCHED
uci_492731,uci_bank_492731,uci_ledger_492731,public_invoice,MATCHED
uci_492732,uci_bank_492732,uci_ledger_492732,public_invoice,MATCHED
uci_492733,uci_bank_492733,uci_ledger_492733,public_invoice,MATCHED
uci_492734,uci_bank_492734,uci_ledger_492734,public_invoice,MATCHED
uci_492735,uci_bank_492735,uci_ledger_492735,public_invoice,MATCHED
uci_492736,uci_bank_492736,uci_ledger_492736,public_invoice,MATCHED
uci_492737,uci_bank_492737,uci_ledger_492737,public_invoice,MATCHED
uci_492738,uci_bank_492738,uci_ledger_492738,public_invoice,MATCHED
uci_492741,uci_bank_492741,uci_ledger_492741,public_invoice,MATCHED
uci_492740,uci_bank_492740,uci_ledger_492740,public_invoice,MATCHED
uci_492742,uci_bank_492742,uci_ledger_492742,public_invoice,MATCHED
uci_492743,uci_bank_492743,uci_ledger_492743,public_invoice,MATCHED
uci_492744,uci_bank_492744,uci_ledger_492744,public_invoice,MATCHED
uci_492745,uci_bank_492745,uci_ledger_492745,public_invoice,MATCHED
uci_492747,uci_bank_492747,uci_ledger_492747,public_invoice,MATCHED
uci_492749,uci_bank_492749,uci_ledger_492749,public_invoice,MATCHED
uci_492750,uci_bank_492750,uci_ledger_492750,public_invoice,MATCHED
uci_492751,uci_bank_492751,uci_ledger_492751,public_invoice,MATCHED
uci_492752,uci_bank_492752,uci_ledger_492752,public_invoice,MATCHED
uci_492753,uci_bank_492753,uci_ledger_492753,public_invoice,MATCHED
uci_492761,uci_bank_492761,uci_ledger_492761,public_invoice,MATCHED
uci_492760,uci_bank_492760,uci_ledger_492760,public_invoice,MATCHED
uci_492762,uci_bank_492762,uci_ledger_492762,public_invoice,MATCHED
uci_492763,uci_bank_492763,uci_ledger_492763,public_invoice,MATCHED
uci_492764,uci_bank_492764,uci_ledger_492764,public_invoice,MATCHED
uci_492765,uci_bank_492765,uci_ledger_492765,public_invoice,MATCHED
uci_492766,uci_bank_492766,uci_ledger_492766,public_invoice,MATCHED
uci_492767,uci_bank_492767,uci_ledger_492767,public_invoice,MATCHED
uci_492768,uci_bank_492768,uci_ledger_492768,public_invoice,MATCHED
uci_492769,uci_bank_492769,uci_ledger_492769,public_invoice,MATCHED
uci_492770,uci_bank_492770,uci_ledger_492770,public_invoice,MATCHED
uci_492771,uci_bank_492771,uci_ledger_492771,public_invoice,MATCHED
uci_492772,uci_bank_492772,uci_ledger_492772,public_invoice,MATCHED
uci_492773,uci_bank_492773,uci_ledger_492773,public_invoice,MATCHED
uci_492774,uci_bank_492774,uci_ledger_492774,public_invoice,MATCHED
uci_492775,uci_bank_492775,uci_ledger_492775,public_invoice,MATCHED
uci_492776,uci_bank_492776,uci_ledger_492776,public_invoice,MATCHED
uci_492777,uci_bank_492777,uci_ledger_492777,public_invoice,MATCHED
uci_492778,uci_bank_492778,uci_ledger_492778,public_invoice,MATCHED
uci_492779,uci_bank_492779,uci_ledger_492779,public_invoice,MATCHED
uci_492780,uci_bank_492780,uci_ledger_492780,public_invoice,MATCHED
uci_492781,uci_bank_492781,uci_ledger_492781,public_invoice,MATCHED
uci_492784,uci_bank_492784,uci_ledger_492784,public_invoice,MATCHED
uci_492785,uci_bank_492785,uci_ledger_492785,public_invoice,MATCHED
uci_492792,uci_bank_492792,uci_ledger_492792,public_invoice,MATCHED
uci_492793,uci_bank_492793,uci_ledger_492793,public_invoice,MATCHED
uci_492794,uci_bank_492794,uci_ledger_492794,public_invoice,MATCHED
uci_492795,uci_bank_492795,uci_ledger_492795,public_invoice,MATCHED
uci_492796,uci_bank_492796,uci_ledger_492796,public_invoice,MATCHED
uci_492797,uci_bank_492797,uci_ledger_492797,public_invoice,MATCHED
uci_492798,uci_bank_492798,uci_ledger_492798,public_invoice,MATCHED
uci_492799,uci_bank_492799,uci_ledger_492799,public_invoice,MATCHED
uci_492800,uci_bank_492800,uci_ledger_492800,public_invoice,MATCHED
uci_492801,uci_bank_492801,uci_ledger_492801,public_invoice,MATCHED
uci_492803,uci_bank_492803,uci_ledger_492803,public_invoice,MATCHED
uci_492804,uci_bank_492804,uci_ledger_492804,public_invoice,MATCHED
uci_492806,uci_bank_492806,uci_ledger_492806,public_invoice,MATCHED
uci_492805,uci_bank_492805,uci_ledger_492805,public_invoice,MATCHED
uci_492807,uci_bank_492807,uci_ledger_492807,public_invoice,MATCHED
uci_492807,uci_bank_492807,uci_ledger_492807,public_invoice,MATCHED
uci_492808,uci_bank_492808,uci_ledger_492808,public_invoice,MATCHED
uci_492809,uci_bank_492809,uci_ledger_492809,public_invoice,MATCHED
uci_492810,uci_bank_492810,uci_ledger_492810,public_invoice,MATCHED
uci_492811,uci_bank_492811,uci_ledger_492811,public_invoice,MATCHED
uci_492812,uci_bank_492812,uci_ledger_492812,public_invoice,MATCHED
uci_492813,uci_bank_492813,uci_ledger_492813,public_invoice,MATCHED
uci_492814,uci_bank_492814,uci_ledger_492814,public_invoice,MATCHED
uci_492815,uci_bank_492815,uci_ledger_492815,public_invoice,MATCHED
uci_492816,uci_bank_492816,uci_ledger_492816,public_invoice,MATCHED
uci_492817,uci_bank_492817,uci_ledger_492817,public_invoice,MATCHED
uci_492818,uci_bank_492818,uci_ledger_492818,public_invoice,MATCHED
uci_492819,uci_bank_492819,uci_ledger_492819,public_invoice,MATCHED
uci_492820,uci_bank_492820,uci_ledger_492820,public_invoice,MATCHED
uci_492822,uci_bank_492822,uci_ledger_492822,public_invoice,MATCHED
uci_492823,uci_bank_492823,uci_ledger_492823,public_invoice,MATCHED
uci_492824,uci_bank_492824,uci_ledger_492824,public_invoice,MATCHED
uci_492830,uci_bank_492830,uci_ledger_492830,public_invoice,MATCHED
uci_492832,uci_bank_492832,uci_ledger_492832,public_invoice,MATCHED
uci_492834,uci_bank_492834,uci_ledger_492834,public_invoice,MATCHED
uci_492836,uci_bank_492836,uci_ledger_492836,public_invoice,MATCHED
uci_492837,uci_bank_492837,uci_ledger_492837,public_invoice,MATCHED
uci_492839,uci_bank_492839,uci_ledger_492839,public_invoice,MATCHED
uci_492840,uci_bank_492840,uci_ledger_492840,public_invoice,MATCHED
uci_492841,uci_bank_492841,uci_ledger_492841,public_invoice,MATCHED
uci_492842,uci_bank_492842,uci_ledger_492842,public_invoice,MATCHED
uci_492843,uci_bank_492843,uci_ledger_492843,public_invoice,MATCHED
uci_492869,uci_bank_492869,uci_ledger_492869,public_invoice,MATCHED
uci_492875,uci_bank_492875,uci_ledger_492875,public_invoice,MATCHED
uci_492878,uci_bank_492878,uci_ledger_492878,public_invoice,MATCHED
uci_492891,uci_bank_492891,uci_ledger_492891,public_invoice,MATCHED
uci_492929,uci_bank_492929,uci_ledger_492929,public_invoice,MATCHED
uci_492935,uci_bank_492935,uci_ledger_492935,public_invoice,MATCHED
uci_492940,uci_bank_492940,uci_ledger_492940,public_invoice,MATCHED
uci_492942,uci_bank_492942,uci_ledger_492942,public_invoice,MATCHED
uci_492943,uci_bank_492943,uci_ledger_492943,public_invoice,MATCHED
uci_492944,uci_bank_492944,uci_ledger_492944,public_invoice,MATCHED
uci_492945,uci_bank_492945,uci_ledger_492945,public_invoice,MATCHED
uci_492948,uci_bank_492948,uci_ledger_492948,public_invoice,MATCHED
uci_492949,uci_bank_492949,uci_ledger_492949,public_invoice,MATCHED
uci_492950,uci_bank_492950,uci_ledger_492950,public_invoice,MATCHED
uci_492951,uci_bank_492951,uci_ledger_492951,public_invoice,MATCHED
uci_492953,uci_bank_492953,uci_ledger_492953,public_invoice,MATCHED
uci_492954,uci_bank_492954,uci_ledger_492954,public_invoice,MATCHED
uci_492975,uci_bank_492975,uci_ledger_492975,public_invoice,MATCHED
uci_492993,uci_bank_492993,uci_ledger_492993,public_invoice,MATCHED
uci_493050,uci_bank_493050,uci_ledger_493050,public_invoice,MATCHED
uci_493052,uci_bank_493052,uci_ledger_493052,public_invoice,MATCHED
uci_493053,uci_bank_493053,uci_ledger_493053,public_invoice,MATCHED
uci_493069,uci_bank_493069,uci_ledger_493069,public_invoice,MATCHED
uci_493071,uci_bank_493071,uci_ledger_493071,public_invoice,MATCHED
uci_493076,uci_bank_493076,uci_ledger_493076,public_invoice,MATCHED
uci_493077,uci_bank_493077,uci_ledger_493077,public_invoice,MATCHED
uci_493139,uci_bank_493139,uci_ledger_493139,public_invoice,MATCHED
uci_493157,uci_bank_493157,uci_ledger_493157,public_invoice,MATCHED
uci_493181,uci_bank_493181,uci_ledger_493181,public_invoice,MATCHED
uci_493183,uci_bank_493183,uci_ledger_493183,public_invoice,MATCHED
uci_493187,uci_bank_493187,uci_ledger_493187,public_invoice,MATCHED
uci_493188,uci_bank_493188,uci_ledger_493188,public_invoice,MATCHED
uci_493189,uci_bank_493189,uci_ledger_493189,public_invoice,MATCHED
uci_493200,uci_bank_493200,uci_ledger_493200,public_invoice,MATCHED
uci_493257,uci_bank_493257,uci_ledger_493257,public_invoice,MATCHED
uci_493258,uci_bank_493258,uci_ledger_493258,public_invoice,MATCHED
uci_493266,uci_bank_493266,uci_ledger_493266,public_invoice,MATCHED
uci_493300,uci_bank_493300,uci_ledger_493300,public_invoice,MATCHED
uci_493301,uci_bank_493301,uci_ledger_493301,public_invoice,MATCHED
uci_493302,uci_bank_493302,uci_ledger_493302,public_invoice,MATCHED
uci_493303,uci_bank_493303,uci_ledger_493303,public_invoice,MATCHED
uci_493304,uci_bank_493304,uci_ledger_493304,public_invoice,MATCHED
uci_493308,uci_bank_493308,uci_ledger_493308,public_invoice,MATCHED
uci_493325,uci_bank_493325,uci_ledger_493325,public_invoice,MATCHED
uci_493326,uci_bank_493326,uci_ledger_493326,public_invoice,MATCHED
uci_493360,uci_bank_493360,uci_ledger_493360,public_invoice,MATCHED
uci_493371,uci_bank_493371,uci_ledger_493371,public_invoice,MATCHED
uci_493372,uci_bank_493372,uci_ledger_493372,public_invoice,MATCHED
uci_493375,uci_bank_493375,uci_ledger_493375,public_invoice,MATCHED
uci_493376,uci_bank_493376,uci_ledger_493376,public_invoice,MATCHED
uci_493393,uci_bank_493393,uci_ledger_493393,public_invoice,MATCHED
uci_493395,uci_bank_493395,uci_ledger_493395,public_invoice,MATCHED
uci_493398,uci_bank_493398,uci_ledger_493398,public_invoice,MATCHED
uci_493399,uci_bank_493399,uci_ledger_493399,public_invoice,MATCHED
uci_493407,uci_bank_493407,uci_ledger_493407,public_invoice,MATCHED
uci_493409,uci_bank_493409,uci_ledger_493409,public_invoice,MATCHED
uci_493410,uci_bank_493410,uci_ledger_493410,public_invoice,MATCHED
uci_493412,uci_bank_493412,uci_ledger_493412,public_invoice,MATCHED
uci_493414,uci_bank_493414,uci_ledger_493414,public_invoice,MATCHED
uci_493427,uci_bank_493427,uci_ledger_493427,public_invoice,MATCHED
uci_493428,uci_bank_493428,uci_ledger_493428,public_invoice,MATCHED
uci_493432,uci_bank_493432,uci_ledger_493432,public_invoice,MATCHED
uci_493433,uci_bank_493433,uci_ledger_493433,public_invoice,MATCHED
uci_493434,uci_bank_493434,uci_ledger_493434,public_invoice,MATCHED
uci_493435,uci_bank_493435,uci_ledger_493435,public_invoice,MATCHED
uci_493436,uci_bank_493436,uci_ledger_493436,public_invoice,MATCHED
uci_493437,uci_bank_493437,uci_ledger_493437,public_invoice,MATCHED
uci_493438,uci_bank_493438,uci_ledger_493438,public_invoice,MATCHED
uci_493439,uci_bank_493439,uci_ledger_493439,public_invoice,MATCHED
uci_493442,uci_bank_493442,uci_ledger_493442,public_invoice,MATCHED
uci_493443,uci_bank_493443,uci_ledger_493443,public_invoice,MATCHED
uci_493444,uci_bank_493444,uci_ledger_493444,public_invoice,MATCHED
uci_493446,uci_bank_493446,uci_ledger_493446,public_invoice,MATCHED
uci_493463,uci_bank_493463,uci_ledger_493463,public_invoice,MATCHED
uci_493467,uci_bank_493467,uci_ledger_493467,public_invoice,MATCHED
uci_493536,uci_bank_493536,uci_ledger_493536,public_invoice,MATCHED
uci_493537,uci_bank_493537,uci_ledger_493537,public_invoice,MATCHED
uci_493540,uci_bank_493540,uci_ledger_493540,public_invoice,MATCHED
uci_493542,uci_bank_493542,uci_ledger_493542,public_invoice,MATCHED
uci_493543,uci_bank_493543,uci_ledger_493543,public_invoice,MATCHED
uci_493546,uci_bank_493546,uci_ledger_493546,public_invoice,MATCHED
uci_493565,uci_bank_493565,uci_ledger_493565,public_invoice,MATCHED
uci_493566,uci_bank_493566,uci_ledger_493566,public_invoice,MATCHED
uci_493568,uci_bank_493568,uci_ledger_493568,public_invoice,MATCHED
uci_493569,uci_bank_493569,uci_ledger_493569,public_invoice,MATCHED
uci_493571,uci_bank_493571,uci_ledger_493571,public_invoice,MATCHED
uci_493573,uci_bank_493573,uci_ledger_493573,public_invoice,MATCHED
uci_493574,uci_bank_493574,uci_ledger_493574,public_invoice,MATCHED
uci_493575,uci_bank_493575,uci_ledger_493575,public_invoice,MATCHED
uci_493577,uci_bank_493577,uci_ledger_493577,public_invoice,MATCHED
uci_493609,uci_bank_493609,uci_ledger_493609,public_invoice,MATCHED
uci_493613,uci_bank_493613,uci_ledger_493613,public_invoice,MATCHED
uci_493619,uci_bank_493619,uci_ledger_493619,public_invoice,MATCHED
uci_493666,uci_bank_493666,uci_ledger_493666,public_invoice,MATCHED
uci_493667,uci_bank_493667,uci_ledger_493667,public_invoice,MATCHED
uci_493670,uci_bank_493670,uci_ledger_493670,public_invoice,MATCHED
uci_493671,uci_bank_493671,uci_ledger_493671,public_invoice,MATCHED
uci_493672,uci_bank_493672,uci_ledger_493672,public_invoice,MATCHED
uci_493685,uci_bank_493685,uci_ledger_493685,public_invoice,MATCHED
uci_493695,uci_bank_493695,uci_ledger_493695,public_invoice,MATCHED
uci_493696,uci_bank_493696,uci_ledger_493696,public_invoice,MATCHED
uci_493699,uci_bank_493699,uci_ledger_493699,public_invoice,MATCHED
uci_493700,uci_bank_493700,uci_ledger_493700,public_invoice,MATCHED
uci_493701,uci_bank_493701,uci_ledger_493701,public_invoice,MATCHED
uci_493702,uci_bank_493702,uci_ledger_493702,public_invoice,MATCHED
uci_493703,uci_bank_493703,uci_ledger_493703,public_invoice,MATCHED
uci_493704,uci_bank_493704,uci_ledger_493704,public_invoice,MATCHED
uci_493706,uci_bank_493706,uci_ledger_493706,public_invoice,MATCHED
uci_493707,uci_bank_493707,uci_ledger_493707,public_invoice,MATCHED
uci_493708,uci_bank_493708,uci_ledger_493708,public_invoice,MATCHED
uci_493709,uci_bank_493709,uci_ledger_493709,public_invoice,MATCHED
uci_493710,uci_bank_493710,uci_ledger_493710,public_invoice,MATCHED
uci_493715,uci_bank_493715,uci_ledger_493715,public_invoice,MATCHED
uci_493716,uci_bank_493716,uci_ledger_493716,public_invoice,MATCHED
uci_493717,uci_bank_493717,uci_ledger_493717,public_invoice,MATCHED
uci_493718,uci_bank_493718,uci_ledger_493718,public_invoice,MATCHED
uci_493719,uci_bank_493719,uci_ledger_493719,public_invoice,MATCHED
uci_493720,uci_bank_493720,uci_ledger_493720,public_invoice,MATCHED
uci_493721,uci_bank_493721,uci_ledger_493721,public_invoice,MATCHED
uci_493722,uci_bank_493722,uci_ledger_493722,public_invoice,MATCHED
uci_493738,uci_bank_493738,uci_ledger_493738,public_invoice,MATCHED
uci_493739,uci_bank_493739,uci_ledger_493739,public_invoice,MATCHED
uci_493755,uci_bank_493755,uci_ledger_493755,public_invoice,MATCHED
uci_493757,uci_bank_493757,uci_ledger_493757,public_invoice,MATCHED
uci_493759,uci_bank_493759,uci_ledger_493759,public_invoice,MATCHED
uci_493760,uci_bank_493760,uci_ledger_493760,public_invoice,MATCHED
uci_493761,uci_bank_493761,uci_ledger_493761,public_invoice,MATCHED
uci_493762,uci_bank_493762,uci_ledger_493762,public_invoice,MATCHED
uci_493765,uci_bank_493765,uci_ledger_493765,public_invoice,MATCHED
uci_493793,uci_bank_493793,uci_ledger_493793,public_invoice,MATCHED
uci_493794,uci_bank_493794,uci_ledger_493794,public_invoice,MATCHED
uci_493797,uci_bank_493797,uci_ledger_493797,public_invoice,MATCHED
uci_493796,uci_bank_493796,uci_ledger_493796,public_invoice,MATCHED
uci_493798,uci_bank_493798,uci_ledger_493798,public_invoice,MATCHED
uci_493799,uci_bank_493799,uci_ledger_493799,public_invoice,MATCHED
uci_493800,uci_bank_493800,uci_ledger_493800,public_invoice,MATCHED
uci_493801,uci_bank_493801,uci_ledger_493801,public_invoice,MATCHED
uci_493802,uci_bank_493802,uci_ledger_493802,public_invoice,MATCHED
uci_493804,uci_bank_493804,uci_ledger_493804,public_invoice,MATCHED
uci_493806,uci_bank_493806,uci_ledger_493806,public_invoice,MATCHED
uci_493810,uci_bank_493810,uci_ledger_493810,public_invoice,MATCHED
uci_493812,uci_bank_493812,uci_ledger_493812,public_invoice,MATCHED
uci_493813,uci_bank_493813,uci_ledger_493813,public_invoice,MATCHED
uci_493814,uci_bank_493814,uci_ledger_493814,public_invoice,MATCHED
uci_493815,uci_bank_493815,uci_ledger_493815,public_invoice,MATCHED
uci_493816,uci_bank_493816,uci_ledger_493816,public_invoice,MATCHED
uci_493817,uci_bank_493817,uci_ledger_493817,public_invoice,MATCHED
uci_493818,uci_bank_493818,uci_ledger_493818,public_invoice,MATCHED
uci_493819,uci_bank_493819,uci_ledger_493819,public_invoice,MATCHED
uci_493820,uci_bank_493820,uci_ledger_493820,public_invoice,MATCHED
uci_493824,uci_bank_493824,uci_ledger_493824,public_invoice,MATCHED
uci_493825,uci_bank_493825,uci_ledger_493825,public_invoice,MATCHED
uci_493826,uci_bank_493826,uci_ledger_493826,public_invoice,MATCHED
uci_493827,uci_bank_493827,uci_ledger_493827,public_invoice,MATCHED
uci_493828,uci_bank_493828,uci_ledger_493828,public_invoice,MATCHED
uci_493834,uci_bank_493834,uci_ledger_493834,public_invoice,MATCHED
uci_493840,uci_bank_493840,uci_ledger_493840,public_invoice,MATCHED
uci_493841,uci_bank_493841,uci_ledger_493841,public_invoice,MATCHED
uci_493843,uci_bank_493843,uci_ledger_493843,public_invoice,MATCHED
uci_493844,uci_bank_493844,uci_ledger_493844,public_invoice,MATCHED
uci_493846,uci_bank_493846,uci_ledger_493846,public_invoice,MATCHED
uci_493847,uci_bank_493847,uci_ledger_493847,public_invoice,MATCHED
uci_493848,uci_bank_493848,uci_ledger_493848,public_invoice,MATCHED
uci_493860,uci_bank_493860,uci_ledger_493860,public_invoice,MATCHED
uci_493863,uci_bank_493863,uci_ledger_493863,public_invoice,MATCHED
uci_493865,uci_bank_493865,uci_ledger_493865,public_invoice,MATCHED
uci_493866,uci_bank_493866,uci_ledger_493866,public_invoice,MATCHED
uci_493872,uci_bank_493872,uci_ledger_493872,public_invoice,MATCHED
uci_493873,uci_bank_493873,uci_ledger_493873,public_invoice,MATCHED
uci_493874,uci_bank_493874,uci_ledger_493874,public_invoice,MATCHED
uci_493875,uci_bank_493875,uci_ledger_493875,public_invoice,MATCHED
uci_493876,uci_bank_493876,uci_ledger_493876,public_invoice,MATCHED
uci_493877,uci_bank_493877,uci_ledger_493877,public_invoice,MATCHED
uci_493878,uci_bank_493878,uci_ledger_493878,public_invoice,MATCHED
uci_493880,uci_bank_493880,uci_ledger_493880,public_invoice,MATCHED
uci_493881,uci_bank_493881,uci_ledger_493881,public_invoice,MATCHED
uci_493882,uci_bank_493882,uci_ledger_493882,public_invoice,MATCHED
uci_493883,uci_bank_493883,uci_ledger_493883,public_invoice,MATCHED
uci_493884,uci_bank_493884,uci_ledger_493884,public_invoice,MATCHED
uci_493885,uci_bank_493885,uci_ledger_493885,public_invoice,MATCHED
uci_493886,uci_bank_493886,uci_ledger_493886,public_invoice,MATCHED
uci_493887,uci_bank_493887,uci_ledger_493887,public_invoice,MATCHED
uci_493897,uci_bank_493897,uci_ledger_493897,public_invoice,MATCHED
uci_493899,uci_bank_493899,uci_ledger_493899,public_invoice,MATCHED
uci_493900,uci_bank_493900,uci_ledger_493900,public_invoice,MATCHED
uci_493922,uci_bank_493922,uci_ledger_493922,public_invoice,MATCHED
uci_493923,uci_bank_493923,uci_ledger_493923,public_invoice,MATCHED
uci_493925,uci_bank_493925,uci_ledger_493925,public_invoice,MATCHED
uci_493924,uci_bank_493924,uci_ledger_493924,public_invoice,MATCHED
uci_493926,uci_bank_493926,uci_ledger_493926,public_invoice,MATCHED
uci_493927,uci_bank_493927,uci_ledger_493927,public_invoice,MATCHED
uci_493929,uci_bank_493929,uci_ledger_493929,public_invoice,MATCHED
uci_493930,uci_bank_493930,uci_ledger_493930,public_invoice,MATCHED
uci_493941,uci_bank_493941,uci_ledger_493941,public_invoice,MATCHED
uci_493945,uci_bank_493945,uci_ledger_493945,public_invoice,MATCHED
uci_493946,uci_bank_493946,uci_ledger_493946,public_invoice,MATCHED
uci_493947,uci_bank_493947,uci_ledger_493947,public_invoice,MATCHED
uci_493948,uci_bank_493948,uci_ledger_493948,public_invoice,MATCHED
uci_493949,uci_bank_493949,uci_ledger_493949,public_invoice,MATCHED
uci_493950,uci_bank_493950,uci_ledger_493950,public_invoice,MATCHED
uci_493951,uci_bank_493951,uci_ledger_493951,public_invoice,MATCHED
uci_493952,uci_bank_493952,uci_ledger_493952,public_invoice,MATCHED
uci_493953,uci_bank_493953,uci_ledger_493953,public_invoice,MATCHED
uci_493954,uci_bank_493954,uci_ledger_493954,public_invoice,MATCHED
uci_493955,uci_bank_493955,uci_ledger_493955,public_invoice,MATCHED
uci_493956,uci_bank_493956,uci_ledger_493956,public_invoice,MATCHED
uci_493957,uci_bank_493957,uci_ledger_493957,public_invoice,MATCHED
uci_493959,uci_bank_493959,uci_ledger_493959,public_invoice,MATCHED
uci_493960,uci_bank_493960,uci_ledger_493960,public_invoice,MATCHED
uci_493961,uci_bank_493961,uci_ledger_493961,public_invoice,MATCHED
uci_493962,uci_bank_493962,uci_ledger_493962,public_invoice,MATCHED
uci_493963,uci_bank_493963,uci_ledger_493963,public_invoice,MATCHED
uci_493964,uci_bank_493964,uci_ledger_493964,public_invoice,MATCHED
uci_493965,uci_bank_493965,uci_ledger_493965,public_invoice,MATCHED
uci_493968,uci_bank_493968,uci_ledger_493968,public_invoice,MATCHED
uci_493969,uci_bank_493969,uci_ledger_493969,public_invoice,MATCHED
uci_493970,uci_bank_493970,uci_ledger_493970,public_invoice,MATCHED
uci_493971,uci_bank_493971,uci_ledger_493971,public_invoice,MATCHED
uci_493972,uci_bank_493972,uci_ledger_493972,public_invoice,MATCHED
uci_493973,uci_bank_493973,uci_ledger_493973,public_invoice,MATCHED
uci_493974,uci_bank_493974,uci_ledger_493974,public_invoice,MATCHED
uci_493975,uci_bank_493975,uci_ledger_493975,public_invoice,MATCHED
uci_493976,uci_bank_493976,uci_ledger_493976,public_invoice,MATCHED
uci_493977,uci_bank_493977,uci_ledger_493977,public_invoice,MATCHED
uci_493978,uci_bank_493978,uci_ledger_493978,public_invoice,MATCHED
uci_493979,uci_bank_493979,uci_ledger_493979,public_invoice,MATCHED
uci_493980,uci_bank_493980,uci_ledger_493980,public_invoice,MATCHED
uci_493981,uci_bank_493981,uci_ledger_493981,public_invoice,MATCHED
uci_493983,uci_bank_493983,uci_ledger_493983,public_invoice,MATCHED
uci_493982,uci_bank_493982,uci_ledger_493982,public_invoice,MATCHED
uci_493985,uci_bank_493985,uci_ledger_493985,public_invoice,MATCHED
uci_493987,uci_bank_493987,uci_ledger_493987,public_invoice,MATCHED
uci_493988,uci_bank_493988,uci_ledger_493988,public_invoice,MATCHED
uci_493989,uci_bank_493989,uci_ledger_493989,public_invoice,MATCHED
uci_493990,uci_bank_493990,uci_ledger_493990,public_invoice,MATCHED
uci_493991,uci_bank_493991,uci_ledger_493991,public_invoice,MATCHED
uci_493993,uci_bank_493993,uci_ledger_493993,public_invoice,MATCHED
uci_493994,uci_bank_493994,uci_ledger_493994,public_invoice,MATCHED
uci_493995,uci_bank_493995,uci_ledger_493995,public_invoice,MATCHED
uci_493996,uci_bank_493996,uci_ledger_493996,public_invoice,MATCHED
uci_493997,uci_bank_493997,uci_ledger_493997,public_invoice,MATCHED
uci_493998,uci_bank_493998,uci_ledger_493998,public_invoice,MATCHED
uci_494000,uci_bank_494000,uci_ledger_494000,public_invoice,MATCHED
uci_494001,uci_bank_494001,uci_ledger_494001,public_invoice,MATCHED
uci_494002,uci_bank_494002,uci_ledger_494002,public_invoice,MATCHED
uci_494003,uci_bank_494003,uci_ledger_494003,public_invoice,MATCHED
uci_494004,uci_bank_494004,uci_ledger_494004,public_invoice,MATCHED
uci_494007,uci_bank_494007,uci_ledger_494007,public_invoice,MATCHED
uci_494008,uci_bank_494008,uci_ledger_494008,public_invoice,MATCHED
uci_494009,uci_bank_494009,uci_ledger_494009,public_invoice,MATCHED
uci_494010,uci_bank_494010,uci_ledger_494010,public_invoice,MATCHED
uci_494020,uci_bank_494020,uci_ledger_494020,public_invoice,MATCHED
uci_494021,uci_bank_494021,uci_ledger_494021,public_invoice,MATCHED
uci_494022,uci_bank_494022,uci_ledger_494022,public_invoice,MATCHED
uci_494023,uci_bank_494023,uci_ledger_494023,public_invoice,MATCHED
uci_494026,uci_bank_494026,uci_ledger_494026,public_invoice,MATCHED
uci_494027,uci_bank_494027,uci_ledger_494027,public_invoice,MATCHED
uci_494028,uci_bank_494028,uci_ledger_494028,public_invoice,MATCHED
uci_494029,uci_bank_494029,uci_ledger_494029,public_invoice,MATCHED
uci_494032,uci_bank_494032,uci_ledger_494032,public_invoice,MATCHED
uci_494035,uci_bank_494035,uci_ledger_494035,public_invoice,MATCHED
uci_494036,uci_bank_494036,uci_ledger_494036,public_invoice,MATCHED
uci_494037,uci_bank_494037,uci_ledger_494037,public_invoice,MATCHED
uci_494040,uci_bank_494040,uci_ledger_494040,public_invoice,MATCHED
uci_494042,uci_bank_494042,uci_ledger_494042,public_invoice,MATCHED
uci_494046,uci_bank_494046,uci_ledger_494046,public_invoice,MATCHED
uci_494045,uci_bank_494045,uci_ledger_494045,public_invoice,MATCHED
uci_494047,uci_bank_494047,uci_ledger_494047,public_invoice,MATCHED
uci_494048,uci_bank_494048,uci_ledger_494048,public_invoice,MATCHED
uci_494079,uci_bank_494079,uci_ledger_494079,public_invoice,MATCHED
uci_494108,uci_bank_494108,uci_ledger_494108,public_invoice,MATCHED
uci_494110,uci_bank_494110,uci_ledger_494110,public_invoice,MATCHED
uci_494113,uci_bank_494113,uci_ledger_494113,public_invoice,MATCHED
uci_494118,uci_bank_494118,uci_ledger_494118,public_invoice,MATCHED
uci_494119,uci_bank_494119,uci_ledger_494119,public_invoice,MATCHED
uci_494120,uci_bank_494120,uci_ledger_494120,public_invoice,MATCHED
uci_494128,uci_bank_494128,uci_ledger_494128,public_invoice,MATCHED
uci_494139,uci_bank_494139,uci_ledger_494139,public_invoice,MATCHED
uci_494140,uci_bank_494140,uci_ledger_494140,public_invoice,MATCHED
uci_494141,uci_bank_494141,uci_ledger_494141,public_invoice,MATCHED
uci_494142,uci_bank_494142,uci_ledger_494142,public_invoice,MATCHED
uci_494143,uci_bank_494143,uci_ledger_494143,public_invoice,MATCHED
uci_494146,uci_bank_494146,uci_ledger_494146,public_invoice,MATCHED
uci_494148,uci_bank_494148,uci_ledger_494148,public_invoice,MATCHED
uci_494149,uci_bank_494149,uci_ledger_494149,public_invoice,MATCHED
uci_494150,uci_bank_494150,uci_ledger_494150,public_invoice,MATCHED
uci_494153,uci_bank_494153,uci_ledger_494153,public_invoice,MATCHED
uci_494154,uci_bank_494154,uci_ledger_494154,public_invoice,MATCHED
uci_494157,uci_bank_494157,uci_ledger_494157,public_invoice,MATCHED
uci_494160,uci_bank_494160,uci_ledger_494160,public_invoice,MATCHED
uci_494161,uci_bank_494161,uci_ledger_494161,public_invoice,MATCHED
uci_494163,uci_bank_494163,uci_ledger_494163,public_invoice,MATCHED
uci_494164,uci_bank_494164,uci_ledger_494164,public_invoice,MATCHED
uci_494165,uci_bank_494165,uci_ledger_494165,public_invoice,MATCHED
uci_494167,uci_bank_494167,uci_ledger_494167,public_invoice,MATCHED
uci_494169,uci_bank_494169,uci_ledger_494169,public_invoice,MATCHED
uci_494170,uci_bank_494170,uci_ledger_494170,public_invoice,MATCHED
uci_494206,uci_bank_494206,uci_ledger_494206,public_invoice,MATCHED
uci_494207,uci_bank_494207,uci_ledger_494207,public_invoice,MATCHED
uci_494208,uci_bank_494208,uci_ledger_494208,public_invoice,MATCHED
uci_494209,uci_bank_494209,uci_ledger_494209,public_invoice,MATCHED
uci_494210,uci_bank_494210,uci_ledger_494210,public_invoice,MATCHED
uci_494211,uci_bank_494211,uci_ledger_494211,public_invoice,MATCHED
uci_494213,uci_bank_494213,uci_ledger_494213,public_invoice,MATCHED
uci_494212,uci_bank_494212,uci_ledger_494212,public_invoice,MATCHED
uci_494214,uci_bank_494214,uci_ledger_494214,public_invoice,MATCHED
uci_494216,uci_bank_494216,uci_ledger_494216,public_invoice,MATCHED
uci_494217,uci_bank_494217,uci_ledger_494217,public_invoice,MATCHED
uci_494218,uci_bank_494218,uci_ledger_494218,public_invoice,MATCHED
uci_494227,uci_bank_494227,uci_ledger_494227,public_invoice,MATCHED
uci_494228,uci_bank_494228,uci_ledger_494228,public_invoice,MATCHED
uci_494229,uci_bank_494229,uci_ledger_494229,public_invoice,MATCHED
uci_494230,uci_bank_494230,uci_ledger_494230,public_invoice,MATCHED
uci_494233,uci_bank_494233,uci_ledger_494233,public_invoice,MATCHED
uci_494234,uci_bank_494234,uci_ledger_494234,public_invoice,MATCHED
uci_494235,uci_bank_494235,uci_ledger_494235,public_invoice,MATCHED
uci_494236,uci_bank_494236,uci_ledger_494236,public_invoice,MATCHED
uci_494237,uci_bank_494237,uci_ledger_494237,public_invoice,MATCHED
uci_494239,uci_bank_494239,uci_ledger_494239,public_invoice,MATCHED
uci_494241,uci_bank_494241,uci_ledger_494241,public_invoice,MATCHED
uci_494240,uci_bank_494240,uci_ledger_494240,public_invoice,MATCHED
uci_494243,uci_bank_494243,uci_ledger_494243,public_invoice,MATCHED
uci_494244,uci_bank_494244,uci_ledger_494244,public_invoice,MATCHED
uci_494246,uci_bank_494246,uci_ledger_494246,public_invoice,MATCHED
uci_494264,uci_bank_494264,uci_ledger_494264,public_invoice,MATCHED
uci_494267,uci_bank_494267,uci_ledger_494267,public_invoice,MATCHED
uci_494268,uci_bank_494268,uci_ledger_494268,public_invoice,MATCHED
uci_494269,uci_bank_494269,uci_ledger_494269,public_invoice,MATCHED
uci_494272,uci_bank_494272,uci_ledger_494272,public_invoice,MATCHED
uci_494275,uci_bank_494275,uci_ledger_494275,public_invoice,MATCHED
uci_494276,uci_bank_494276,uci_ledger_494276,public_invoice,MATCHED
uci_494277,uci_bank_494277,uci_ledger_494277,public_invoice,MATCHED
uci_494278,uci_bank_494278,uci_ledger_494278,public_invoice,MATCHED
uci_494280,uci_bank_494280,uci_ledger_494280,public_invoice,MATCHED
uci_494281,uci_bank_494281,uci_ledger_494281,public_invoice,MATCHED
uci_494327,uci_bank_494327,uci_ledger_494327,public_invoice,MATCHED
uci_494335,uci_bank_494335,uci_ledger_494335,public_invoice,MATCHED
uci_494336,uci_bank_494336,uci_ledger_494336,public_invoice,MATCHED
uci_494338,uci_bank_494338,uci_ledger_494338,public_invoice,MATCHED
uci_494339,uci_bank_494339,uci_ledger_494339,public_invoice,MATCHED
uci_494342,uci_bank_494342,uci_ledger_494342,public_invoice,MATCHED
uci_494343,uci_bank_494343,uci_ledger_494343,public_invoice,MATCHED
uci_494344,uci_bank_494344,uci_ledger_494344,public_invoice,MATCHED
uci_494345,uci_bank_494345,uci_ledger_494345,public_invoice,MATCHED
uci_494348,uci_bank_494348,uci_ledger_494348,public_invoice,MATCHED
uci_494349,uci_bank_494349,uci_ledger_494349,public_invoice,MATCHED
uci_494351,uci_bank_494351,uci_ledger_494351,public_invoice,MATCHED
uci_494354,uci_bank_494354,uci_ledger_494354,public_invoice,MATCHED
uci_494357,uci_bank_494357,uci_ledger_494357,public_invoice,MATCHED
uci_494359,uci_bank_494359,uci_ledger_494359,public_invoice,MATCHED
uci_494362,uci_bank_494362,uci_ledger_494362,public_invoice,MATCHED
uci_494364,uci_bank_494364,uci_ledger_494364,public_invoice,MATCHED
uci_494383,uci_bank_494383,uci_ledger_494383,public_invoice,MATCHED
uci_494384,uci_bank_494384,uci_ledger_494384,public_invoice,MATCHED
uci_494385,uci_bank_494385,uci_ledger_494385,public_invoice,MATCHED
uci_494389,uci_bank_494389,uci_ledger_494389,public_invoice,MATCHED
uci_494390,uci_bank_494390,uci_ledger_494390,public_invoice,MATCHED
uci_494391,uci_bank_494391,uci_ledger_494391,public_invoice,MATCHED
uci_494392,uci_bank_494392,uci_ledger_494392,public_invoice,MATCHED
uci_494394,uci_bank_494394,uci_ledger_494394,public_invoice,MATCHED
uci_494395,uci_bank_494395,uci_ledger_494395,public_invoice,MATCHED
uci_494416,uci_bank_494416,uci_ledger_494416,public_invoice,MATCHED
uci_494419,uci_bank_494419,uci_ledger_494419,public_invoice,MATCHED
uci_494429,uci_bank_494429,uci_ledger_494429,public_invoice,MATCHED
uci_494432,uci_bank_494432,uci_ledger_494432,public_invoice,MATCHED
uci_494433,uci_bank_494433,uci_ledger_494433,public_invoice,MATCHED
uci_494434,uci_bank_494434,uci_ledger_494434,public_invoice,MATCHED
uci_494435,uci_bank_494435,uci_ledger_494435,public_invoice,MATCHED
uci_494436,uci_bank_494436,uci_ledger_494436,public_invoice,MATCHED
uci_494437,uci_bank_494437,uci_ledger_494437,public_invoice,MATCHED
uci_494439,uci_bank_494439,uci_ledger_494439,public_invoice,MATCHED
uci_494440,uci_bank_494440,uci_ledger_494440,public_invoice,MATCHED
uci_494441,uci_bank_494441,uci_ledger_494441,public_invoice,MATCHED
uci_494442,uci_bank_494442,uci_ledger_494442,public_invoice,MATCHED
uci_494443,uci_bank_494443,uci_ledger_494443,public_invoice,MATCHED
uci_494445,uci_bank_494445,uci_ledger_494445,public_invoice,MATCHED
uci_494447,uci_bank_494447,uci_ledger_494447,public_invoice,MATCHED
uci_494451,uci_bank_494451,uci_ledger_494451,public_invoice,MATCHED
uci_494450,uci_bank_494450,uci_ledger_494450,public_invoice,MATCHED
uci_494454,uci_bank_494454,uci_ledger_494454,public_invoice,MATCHED
uci_494455,uci_bank_494455,uci_ledger_494455,public_invoice,MATCHED
uci_494456,uci_bank_494456,uci_ledger_494456,public_invoice,MATCHED
uci_494458,uci_bank_494458,uci_ledger_494458,public_invoice,MATCHED
uci_494459,uci_bank_494459,uci_ledger_494459,public_invoice,MATCHED
uci_494467,uci_bank_494467,uci_ledger_494467,public_invoice,MATCHED
uci_494468,uci_bank_494468,uci_ledger_494468,public_invoice,MATCHED
uci_494470,uci_bank_494470,uci_ledger_494470,public_invoice,MATCHED
uci_494469,uci_bank_494469,uci_ledger_494469,public_invoice,MATCHED
uci_494471,uci_bank_494471,uci_ledger_494471,public_invoice,MATCHED
uci_494473,uci_bank_494473,uci_ledger_494473,public_invoice,MATCHED
uci_494475,uci_bank_494475,uci_ledger_494475,public_invoice,MATCHED
uci_494476,uci_bank_494476,uci_ledger_494476,public_invoice,MATCHED
uci_494478,uci_bank_494478,uci_ledger_494478,public_invoice,MATCHED
uci_494479,uci_bank_494479,uci_ledger_494479,public_invoice,MATCHED
uci_494480,uci_bank_494480,uci_ledger_494480,public_invoice,MATCHED
uci_494482,uci_bank_494482,uci_ledger_494482,public_invoice,MATCHED
uci_494481,uci_bank_494481,uci_ledger_494481,public_invoice,MATCHED
uci_494483,uci_bank_494483,uci_ledger_494483,public_invoice,MATCHED
uci_494484,uci_bank_494484,uci_ledger_494484,public_invoice,MATCHED
uci_494490,uci_bank_494490,uci_ledger_494490,public_invoice,MATCHED
uci_494498,uci_bank_494498,uci_ledger_494498,public_invoice,MATCHED
uci_494499,uci_bank_494499,uci_ledger_494499,public_invoice,MATCHED
uci_494503,uci_bank_494503,uci_ledger_494503,public_invoice,MATCHED
uci_494504,uci_bank_494504,uci_ledger_494504,public_invoice,MATCHED
uci_494505,uci_bank_494505,uci_ledger_494505,public_invoice,MATCHED
uci_494506,uci_bank_494506,uci_ledger_494506,public_invoice,MATCHED
uci_494507,uci_bank_494507,uci_ledger_494507,public_invoice,MATCHED
uci_494508,uci_bank_494508,uci_ledger_494508,public_invoice,MATCHED
uci_494509,uci_bank_494509,uci_ledger_494509,public_invoice,MATCHED
uci_494510,uci_bank_494510,uci_ledger_494510,public_invoice,MATCHED
uci_494511,uci_bank_494511,uci_ledger_494511,public_invoice,MATCHED
uci_494512,uci_bank_494512,uci_ledger_494512,public_invoice,MATCHED
uci_494513,uci_bank_494513,uci_ledger_494513,public_invoice,MATCHED
uci_494514,uci_bank_494514,uci_ledger_494514,public_invoice,MATCHED
uci_494515,uci_bank_494515,uci_ledger_494515,public_invoice,MATCHED
uci_494516,uci_bank_494516,uci_ledger_494516,public_invoice,MATCHED
uci_494518,uci_bank_494518,uci_ledger_494518,public_invoice,MATCHED
uci_494529,uci_bank_494529,uci_ledger_494529,public_invoice,MATCHED
uci_494533,uci_bank_494533,uci_ledger_494533,public_invoice,MATCHED
uci_494585,uci_bank_494585,uci_ledger_494585,public_invoice,MATCHED
uci_494586,uci_bank_494586,uci_ledger_494586,public_invoice,MATCHED
uci_494587,uci_bank_494587,uci_ledger_494587,public_invoice,MATCHED
uci_494588,uci_bank_494588,uci_ledger_494588,public_invoice,MATCHED
uci_494589,uci_bank_494589,uci_ledger_494589,public_invoice,MATCHED
uci_494590,uci_bank_494590,uci_ledger_494590,public_invoice,MATCHED
uci_494591,uci_bank_494591,uci_ledger_494591,public_invoice,MATCHED
uci_494594,uci_bank_494594,uci_ledger_494594,public_invoice,MATCHED
uci_494603,uci_bank_494603,uci_ledger_494603,public_invoice,MATCHED
uci_494605,uci_bank_494605,uci_ledger_494605,public_invoice,MATCHED
uci_494606,uci_bank_494606,uci_ledger_494606,public_invoice,MATCHED
uci_494607,uci_bank_494607,uci_ledger_494607,public_invoice,MATCHED
uci_494608,uci_bank_494608,uci_ledger_494608,public_invoice,MATCHED
uci_494611,uci_bank_494611,uci_ledger_494611,public_invoice,MATCHED
uci_494612,uci_bank_494612,uci_ledger_494612,public_invoice,MATCHED
uci_494613,uci_bank_494613,uci_ledger_494613,public_invoice,MATCHED
uci_494614,uci_bank_494614,uci_ledger_494614,public_invoice,MATCHED
uci_494616,uci_bank_494616,uci_ledger_494616,public_invoice,MATCHED
uci_494617,uci_bank_494617,uci_ledger_494617,public_invoice,MATCHED
uci_494618,uci_bank_494618,uci_ledger_494618,public_invoice,MATCHED
uci_494619,uci_bank_494619,uci_ledger_494619,public_invoice,MATCHED
uci_494620,uci_bank_494620,uci_ledger_494620,public_invoice,MATCHED
uci_494621,uci_bank_494621,uci_ledger_494621,public_invoice,MATCHED
uci_494622,uci_bank_494622,uci_ledger_494622,public_invoice,MATCHED
uci_494623,uci_bank_494623,uci_ledger_494623,public_invoice,MATCHED
uci_494624,uci_bank_494624,uci_ledger_494624,public_invoice,MATCHED
uci_494625,uci_bank_494625,uci_ledger_494625,public_invoice,MATCHED
uci_494627,uci_bank_494627,uci_ledger_494627,public_invoice,MATCHED
uci_494630,uci_bank_494630,uci_ledger_494630,public_invoice,MATCHED
uci_494632,uci_bank_494632,uci_ledger_494632,public_invoice,MATCHED
uci_494634,uci_bank_494634,uci_ledger_494634,public_invoice,MATCHED
uci_494635,uci_bank_494635,uci_ledger_494635,public_invoice,MATCHED
uci_494636,uci_bank_494636,uci_ledger_494636,public_invoice,MATCHED
uci_494637,uci_bank_494637,uci_ledger_494637,public_invoice,MATCHED
uci_494638,uci_bank_494638,uci_ledger_494638,public_invoice,MATCHED
uci_494639,uci_bank_494639,uci_ledger_494639,public_invoice,MATCHED
uci_494640,uci_bank_494640,uci_ledger_494640,public_invoice,MATCHED
uci_494641,uci_bank_494641,uci_ledger_494641,public_invoice,MATCHED
uci_494642,uci_bank_494642,uci_ledger_494642,public_invoice,MATCHED
uci_494643,uci_bank_494643,uci_ledger_494643,public_invoice,MATCHED
uci_494644,uci_bank_494644,uci_ledger_494644,public_invoice,MATCHED
uci_494645,uci_bank_494645,uci_ledger_494645,public_invoice,MATCHED
uci_494646,uci_bank_494646,uci_ledger_494646,public_invoice,MATCHED
uci_494647,uci_bank_494647,uci_ledger_494647,public_invoice,MATCHED
uci_494648,uci_bank_494648,uci_ledger_494648,public_invoice,MATCHED
uci_494649,uci_bank_494649,uci_ledger_494649,public_invoice,MATCHED
uci_494651,uci_bank_494651,uci_ledger_494651,public_invoice,MATCHED
uci_494652,uci_bank_494652,uci_ledger_494652,public_invoice,MATCHED
uci_494653,uci_bank_494653,uci_ledger_494653,public_invoice,MATCHED
uci_494654,uci_bank_494654,uci_ledger_494654,public_invoice,MATCHED
uci_494655,uci_bank_494655,uci_ledger_494655,public_invoice,MATCHED
uci_494656,uci_bank_494656,uci_ledger_494656,public_invoice,MATCHED
uci_494657,uci_bank_494657,uci_ledger_494657,public_invoice,MATCHED
uci_494658,uci_bank_494658,uci_ledger_494658,public_invoice,MATCHED
uci_494659,uci_bank_494659,uci_ledger_494659,public_invoice,MATCHED
uci_494660,uci_bank_494660,uci_ledger_494660,public_invoice,MATCHED
uci_494661,uci_bank_494661,uci_ledger_494661,public_invoice,MATCHED
uci_494662,uci_bank_494662,uci_ledger_494662,public_invoice,MATCHED
uci_494663,uci_bank_494663,uci_ledger_494663,public_invoice,MATCHED
uci_494664,uci_bank_494664,uci_ledger_494664,public_invoice,MATCHED
uci_494665,uci_bank_494665,uci_ledger_494665,public_invoice,MATCHED
uci_494666,uci_bank_494666,uci_ledger_494666,public_invoice,MATCHED
uci_494667,uci_bank_494667,uci_ledger_494667,public_invoice,MATCHED
uci_494668,uci_bank_494668,uci_ledger_494668,public_invoice,MATCHED
uci_494669,uci_bank_494669,uci_ledger_494669,public_invoice,MATCHED
uci_494670,uci_bank_494670,uci_ledger_494670,public_invoice,MATCHED
uci_494671,uci_bank_494671,uci_ledger_494671,public_invoice,MATCHED
uci_494672,uci_bank_494672,uci_ledger_494672,public_invoice,MATCHED
uci_494673,uci_bank_494673,uci_ledger_494673,public_invoice,MATCHED
uci_494674,uci_bank_494674,uci_ledger_494674,public_invoice,MATCHED
uci_494676,uci_bank_494676,uci_ledger_494676,public_invoice,MATCHED
uci_494677,uci_bank_494677,uci_ledger_494677,public_invoice,MATCHED
uci_494678,uci_bank_494678,uci_ledger_494678,public_invoice,MATCHED
uci_494679,uci_bank_494679,uci_ledger_494679,public_invoice,MATCHED
uci_494680,uci_bank_494680,uci_ledger_494680,public_invoice,MATCHED
uci_494681,uci_bank_494681,uci_ledger_494681,public_invoice,MATCHED
uci_494682,uci_bank_494682,uci_ledger_494682,public_invoice,MATCHED
uci_494683,uci_bank_494683,uci_ledger_494683,public_invoice,MATCHED
uci_494684,uci_bank_494684,uci_ledger_494684,public_invoice,MATCHED
uci_494686,uci_bank_494686,uci_ledger_494686,public_invoice,MATCHED
uci_494687,uci_bank_494687,uci_ledger_494687,public_invoice,MATCHED
uci_494732,uci_bank_494732,uci_ledger_494732,public_invoice,MATCHED
uci_494762,uci_bank_494762,uci_ledger_494762,public_invoice,MATCHED
uci_494768,uci_bank_494768,uci_ledger_494768,public_invoice,MATCHED
uci_494778,uci_bank_494778,uci_ledger_494778,public_invoice,MATCHED
uci_494779,uci_bank_494779,uci_ledger_494779,public_invoice,MATCHED
uci_494780,uci_bank_494780,uci_ledger_494780,public_invoice,MATCHED
uci_494783,uci_bank_494783,uci_ledger_494783,public_invoice,MATCHED
uci_494785,uci_bank_494785,uci_ledger_494785,public_invoice,MATCHED
uci_494787,uci_bank_494787,uci_ledger_494787,public_invoice,MATCHED
uci_494788,uci_bank_494788,uci_ledger_494788,public_invoice,MATCHED
uci_494789,uci_bank_494789,uci_ledger_494789,public_invoice,MATCHED
uci_494790,uci_bank_494790,uci_ledger_494790,public_invoice,MATCHED
uci_494792,uci_bank_494792,uci_ledger_494792,public_invoice,MATCHED
uci_494794,uci_bank_494794,uci_ledger_494794,public_invoice,MATCHED
uci_494795,uci_bank_494795,uci_ledger_494795,public_invoice,MATCHED
uci_494797,uci_bank_494797,uci_ledger_494797,public_invoice,MATCHED
uci_494798,uci_bank_494798,uci_ledger_494798,public_invoice,MATCHED
uci_494799,uci_bank_494799,uci_ledger_494799,public_invoice,MATCHED
uci_494803,uci_bank_494803,uci_ledger_494803,public_invoice,MATCHED
uci_494804,uci_bank_494804,uci_ledger_494804,public_invoice,MATCHED
uci_494805,uci_bank_494805,uci_ledger_494805,public_invoice,MATCHED
uci_494807,uci_bank_494807,uci_ledger_494807,public_invoice,MATCHED
uci_494808,uci_bank_494808,uci_ledger_494808,public_invoice,MATCHED
uci_494809,uci_bank_494809,uci_ledger_494809,public_invoice,MATCHED
uci_494811,uci_bank_494811,uci_ledger_494811,public_invoice,MATCHED
uci_494815,uci_bank_494815,uci_ledger_494815,public_invoice,MATCHED
uci_494816,uci_bank_494816,uci_ledger_494816,public_invoice,MATCHED
uci_494817,uci_bank_494817,uci_ledger_494817,public_invoice,MATCHED
uci_494818,uci_bank_494818,uci_ledger_494818,public_invoice,MATCHED
uci_494819,uci_bank_494819,uci_ledger_494819,public_invoice,MATCHED
uci_494823,uci_bank_494823,uci_ledger_494823,public_invoice,MATCHED
uci_494827,uci_bank_494827,uci_ledger_494827,public_invoice,MATCHED
uci_494836,uci_bank_494836,uci_ledger_494836,public_invoice,MATCHED
uci_494847,uci_bank_494847,uci_ledger_494847,public_invoice,MATCHED
uci_494860,uci_bank_494860,uci_ledger_494860,public_invoice,MATCHED
uci_494866,uci_bank_494866,uci_ledger_494866,public_invoice,MATCHED
uci_494867,uci_bank_494867,uci_ledger_494867,public_invoice,MATCHED
uci_494868,uci_bank_494868,uci_ledger_494868,public_invoice,MATCHED
uci_494870,uci_bank_494870,uci_ledger_494870,public_invoice,MATCHED
uci_494871,uci_bank_494871,uci_ledger_494871,public_invoice,MATCHED
uci_494872,uci_bank_494872,uci_ledger_494872,public_invoice,MATCHED
uci_494873,uci_bank_494873,uci_ledger_494873,public_invoice,MATCHED
uci_494874,uci_bank_494874,uci_ledger_494874,public_invoice,MATCHED
uci_494875,uci_bank_494875,uci_ledger_494875,public_invoice,MATCHED
uci_494876,uci_bank_494876,uci_ledger_494876,public_invoice,MATCHED
uci_494878,uci_bank_494878,uci_ledger_494878,public_invoice,MATCHED
uci_494887,uci_bank_494887,uci_ledger_494887,public_invoice,MATCHED
uci_494888,uci_bank_494888,uci_ledger_494888,public_invoice,MATCHED
uci_494889,uci_bank_494889,uci_ledger_494889,public_invoice,MATCHED
uci_494890,uci_bank_494890,uci_ledger_494890,public_invoice,MATCHED
uci_494891,uci_bank_494891,uci_ledger_494891,public_invoice,MATCHED
uci_494892,uci_bank_494892,uci_ledger_494892,public_invoice,MATCHED
uci_494893,uci_bank_494893,uci_ledger_494893,public_invoice,MATCHED
uci_494894,uci_bank_494894,uci_ledger_494894,public_invoice,MATCHED
uci_494895,uci_bank_494895,uci_ledger_494895,public_invoice,MATCHED
uci_494896,uci_bank_494896,uci_ledger_494896,public_invoice,MATCHED
uci_494897,uci_bank_494897,uci_ledger_494897,public_invoice,MATCHED
uci_494898,uci_bank_494898,uci_ledger_494898,public_invoice,MATCHED
uci_494899,uci_bank_494899,uci_ledger_494899,public_invoice,MATCHED
uci_494900,uci_bank_494900,uci_ledger_494900,public_invoice,MATCHED
uci_494904,uci_bank_494904,uci_ledger_494904,public_invoice,MATCHED
uci_494905,uci_bank_494905,uci_ledger_494905,public_invoice,MATCHED
uci_494906,uci_bank_494906,uci_ledger_494906,public_invoice,MATCHED
uci_494908,uci_bank_494908,uci_ledger_494908,public_invoice,MATCHED
uci_494912,uci_bank_494912,uci_ledger_494912,public_invoice,MATCHED
uci_494913,uci_bank_494913,uci_ledger_494913,public_invoice,MATCHED
uci_494914,uci_bank_494914,uci_ledger_494914,public_invoice,MATCHED
uci_494915,uci_bank_494915,uci_ledger_494915,public_invoice,MATCHED
uci_494916,uci_bank_494916,uci_ledger_494916,public_invoice,MATCHED
uci_494917,uci_bank_494917,uci_ledger_494917,public_invoice,MATCHED
uci_494919,uci_bank_494919,uci_ledger_494919,public_invoice,MATCHED
uci_494920,uci_bank_494920,uci_ledger_494920,public_invoice,MATCHED
uci_494921,uci_bank_494921,uci_ledger_494921,public_invoice,MATCHED
uci_494922,uci_bank_494922,uci_ledger_494922,public_invoice,MATCHED
uci_494930,uci_bank_494930,uci_ledger_494930,public_invoice,MATCHED
uci_494931,uci_bank_494931,uci_ledger_494931,public_invoice,MATCHED
uci_494946,uci_bank_494946,uci_ledger_494946,public_invoice,MATCHED
uci_494966,uci_bank_494966,uci_ledger_494966,public_invoice,MATCHED
uci_494971,uci_bank_494971,uci_ledger_494971,public_invoice,MATCHED
uci_494987,uci_bank_494987,uci_ledger_494987,public_invoice,MATCHED
uci_494989,uci_bank_494989,uci_ledger_494989,public_invoice,MATCHED
uci_494990,uci_bank_494990,uci_ledger_494990,public_invoice,MATCHED
uci_494991,uci_bank_494991,uci_ledger_494991,public_invoice,MATCHED
uci_494993,uci_bank_494993,uci_ledger_494993,public_invoice,MATCHED
uci_494994,uci_bank_494994,uci_ledger_494994,public_invoice,MATCHED
uci_494995,uci_bank_494995,uci_ledger_494995,public_invoice,MATCHED
uci_494997,uci_bank_494997,uci_ledger_494997,public_invoice,MATCHED
uci_494996,uci_bank_494996,uci_ledger_494996,public_invoice,MATCHED
uci_495009,uci_bank_495009,uci_ledger_495009,public_invoice,MATCHED
uci_495010,uci_bank_495010,uci_ledger_495010,public_invoice,MATCHED
uci_495011,uci_bank_495011,uci_ledger_495011,public_invoice,MATCHED
uci_495016,uci_bank_495016,uci_ledger_495016,public_invoice,MATCHED
uci_495020,uci_bank_495020,uci_ledger_495020,public_invoice,MATCHED
uci_495022,uci_bank_495022,uci_ledger_495022,public_invoice,MATCHED
uci_495028,uci_bank_495028,uci_ledger_495028,public_invoice,MATCHED
uci_495029,uci_bank_495029,uci_ledger_495029,public_invoice,MATCHED
uci_495030,uci_bank_495030,uci_ledger_495030,public_invoice,MATCHED
uci_495031,uci_bank_495031,uci_ledger_495031,public_invoice,MATCHED
uci_495033,uci_bank_495033,uci_ledger_495033,public_invoice,MATCHED
uci_495053,uci_bank_495053,uci_ledger_495053,public_invoice,MATCHED
uci_495055,uci_bank_495055,uci_ledger_495055,public_invoice,MATCHED
uci_495056,uci_bank_495056,uci_ledger_495056,public_invoice,MATCHED
uci_495057,uci_bank_495057,uci_ledger_495057,public_invoice,MATCHED
uci_495058,uci_bank_495058,uci_ledger_495058,public_invoice,MATCHED
uci_495059,uci_bank_495059,uci_ledger_495059,public_invoice,MATCHED
uci_495071,uci_bank_495071,uci_ledger_495071,public_invoice,MATCHED
uci_495072,uci_bank_495072,uci_ledger_495072,public_invoice,MATCHED
uci_495073,uci_bank_495073,uci_ledger_495073,public_invoice,MATCHED
uci_495074,uci_bank_495074,uci_ledger_495074,public_invoice,MATCHED
uci_495075,uci_bank_495075,uci_ledger_495075,public_invoice,MATCHED
uci_495077,uci_bank_495077,uci_ledger_495077,public_invoice,MATCHED
uci_495078,uci_bank_495078,uci_ledger_495078,public_invoice,MATCHED
uci_495079,uci_bank_495079,uci_ledger_495079,public_invoice,MATCHED
uci_495080,uci_bank_495080,uci_ledger_495080,public_invoice,MATCHED
uci_495085,uci_bank_495085,uci_ledger_495085,public_invoice,MATCHED
uci_495090,uci_bank_495090,uci_ledger_495090,public_invoice,MATCHED
uci_495102,uci_bank_495102,uci_ledger_495102,public_invoice,MATCHED
uci_495110,uci_bank_495110,uci_ledger_495110,public_invoice,MATCHED
uci_495148,uci_bank_495148,uci_ledger_495148,public_invoice,MATCHED
uci_495149,uci_bank_495149,uci_ledger_495149,public_invoice,MATCHED
uci_495151,uci_bank_495151,uci_ledger_495151,public_invoice,MATCHED
uci_495150,uci_bank_495150,uci_ledger_495150,public_invoice,MATCHED
uci_495152,uci_bank_495152,uci_ledger_495152,public_invoice,MATCHED
uci_495153,uci_bank_495153,uci_ledger_495153,public_invoice,MATCHED
uci_495154,uci_bank_495154,uci_ledger_495154,public_invoice,MATCHED
uci_495158,uci_bank_495158,uci_ledger_495158,public_invoice,MATCHED
uci_495171,uci_bank_495171,uci_ledger_495171,public_invoice,MATCHED
uci_495176,uci_bank_495176,uci_ledger_495176,public_invoice,MATCHED
uci_495177,uci_bank_495177,uci_ledger_495177,public_invoice,MATCHED
uci_495178,uci_bank_495178,uci_ledger_495178,public_invoice,MATCHED
uci_495179,uci_bank_495179,uci_ledger_495179,public_invoice,MATCHED
uci_495182,uci_bank_495182,uci_ledger_495182,public_invoice,MATCHED
uci_495183,uci_bank_495183,uci_ledger_495183,public_invoice,MATCHED
uci_495184,uci_bank_495184,uci_ledger_495184,public_invoice,MATCHED
uci_495185,uci_bank_495185,uci_ledger_495185,public_invoice,MATCHED
uci_495188,uci_bank_495188,uci_ledger_495188,public_invoice,MATCHED
uci_495187,uci_bank_495187,uci_ledger_495187,public_invoice,MATCHED
uci_495189,uci_bank_495189,uci_ledger_495189,public_invoice,MATCHED
uci_495192,uci_bank_495192,uci_ledger_495192,public_invoice,MATCHED
uci_495193,uci_bank_495193,uci_ledger_495193,public_invoice,MATCHED
uci_495194,uci_bank_495194,uci_ledger_495194,public_invoice,MATCHED
uci_495195,uci_bank_495195,uci_ledger_495195,public_invoice,MATCHED
uci_495196,uci_bank_495196,uci_ledger_495196,public_invoice,MATCHED
uci_495197,uci_bank_495197,uci_ledger_495197,public_invoice,MATCHED
uci_495198,uci_bank_495198,uci_ledger_495198,public_invoice,MATCHED
uci_495200,uci_bank_495200,uci_ledger_495200,public_invoice,MATCHED
uci_495206,uci_bank_495206,uci_ledger_495206,public_invoice,MATCHED
uci_495208,uci_bank_495208,uci_ledger_495208,public_invoice,MATCHED
uci_495215,uci_bank_495215,uci_ledger_495215,public_invoice,MATCHED
uci_495225,uci_bank_495225,uci_ledger_495225,public_invoice,MATCHED
uci_495224,uci_bank_495224,uci_ledger_495224,public_invoice,MATCHED
uci_495226,uci_bank_495226,uci_ledger_495226,public_invoice,MATCHED
uci_495227,uci_bank_495227,uci_ledger_495227,public_invoice,MATCHED
uci_495228,uci_bank_495228,uci_ledger_495228,public_invoice,MATCHED
uci_495229,uci_bank_495229,uci_ledger_495229,public_invoice,MATCHED
uci_495230,uci_bank_495230,uci_ledger_495230,public_invoice,MATCHED
uci_495232,uci_bank_495232,uci_ledger_495232,public_invoice,MATCHED
uci_495233,uci_bank_495233,uci_ledger_495233,public_invoice,MATCHED
uci_495235,uci_bank_495235,uci_ledger_495235,public_invoice,MATCHED
uci_495236,uci_bank_495236,uci_ledger_495236,public_invoice,MATCHED
uci_495237,uci_bank_495237,uci_ledger_495237,public_invoice,MATCHED
uci_495238,uci_bank_495238,uci_ledger_495238,public_invoice,MATCHED
uci_495240,uci_bank_495240,uci_ledger_495240,public_invoice,MATCHED
uci_495241,uci_bank_495241,uci_ledger_495241,public_invoice,MATCHED
uci_495242,uci_bank_495242,uci_ledger_495242,public_invoice,MATCHED
uci_495243,uci_bank_495243,uci_ledger_495243,public_invoice,MATCHED
uci_495244,uci_bank_495244,uci_ledger_495244,public_invoice,MATCHED
uci_495276,uci_bank_495276,uci_ledger_495276,public_invoice,MATCHED
uci_495277,uci_bank_495277,uci_ledger_495277,public_invoice,MATCHED
uci_495279,uci_bank_495279,uci_ledger_495279,public_invoice,MATCHED
uci_495280,uci_bank_495280,uci_ledger_495280,public_invoice,MATCHED
uci_495289,uci_bank_495289,uci_ledger_495289,public_invoice,MATCHED
uci_495290,uci_bank_495290,uci_ledger_495290,public_invoice,MATCHED
uci_495291,uci_bank_495291,uci_ledger_495291,public_invoice,MATCHED
uci_495292,uci_bank_495292,uci_ledger_495292,public_invoice,MATCHED
uci_495293,uci_bank_495293,uci_ledger_495293,public_invoice,MATCHED
uci_495294,uci_bank_495294,uci_ledger_495294,public_invoice,MATCHED
uci_495295,uci_bank_495295,uci_ledger_495295,public_invoice,MATCHED
uci_495300,uci_bank_495300,uci_ledger_495300,public_invoice,MATCHED
uci_495302,uci_bank_495302,uci_ledger_495302,public_invoice,MATCHED
uci_495304,uci_bank_495304,uci_ledger_495304,public_invoice,MATCHED
uci_495307,uci_bank_495307,uci_ledger_495307,public_invoice,MATCHED
uci_495308,uci_bank_495308,uci_ledger_495308,public_invoice,MATCHED
uci_495310,uci_bank_495310,uci_ledger_495310,public_invoice,MATCHED
uci_495311,uci_bank_495311,uci_ledger_495311,public_invoice,MATCHED
uci_495312,uci_bank_495312,uci_ledger_495312,public_invoice,MATCHED
uci_495313,uci_bank_495313,uci_ledger_495313,public_invoice,MATCHED
uci_495314,uci_bank_495314,uci_ledger_495314,public_invoice,MATCHED
uci_495316,uci_bank_495316,uci_ledger_495316,public_invoice,MATCHED
uci_495317,uci_bank_495317,uci_ledger_495317,public_invoice,MATCHED
uci_495318,uci_bank_495318,uci_ledger_495318,public_invoice,MATCHED
uci_495322,uci_bank_495322,uci_ledger_495322,public_invoice,MATCHED
uci_495331,uci_bank_495331,uci_ledger_495331,public_invoice,MATCHED
uci_495333,uci_bank_495333,uci_ledger_495333,public_invoice,MATCHED
uci_495340,uci_bank_495340,uci_ledger_495340,public_invoice,MATCHED
uci_495344,uci_bank_495344,uci_ledger_495344,public_invoice,MATCHED
uci_495345,uci_bank_495345,uci_ledger_495345,public_invoice,MATCHED
uci_495346,uci_bank_495346,uci_ledger_495346,public_invoice,MATCHED
uci_495347,uci_bank_495347,uci_ledger_495347,public_invoice,MATCHED
uci_495348,uci_bank_495348,uci_ledger_495348,public_invoice,MATCHED
uci_495349,uci_bank_495349,uci_ledger_495349,public_invoice,MATCHED
uci_495350,uci_bank_495350,uci_ledger_495350,public_invoice,MATCHED
uci_495351,uci_bank_495351,uci_ledger_495351,public_invoice,MATCHED
uci_495352,uci_bank_495352,uci_ledger_495352,public_invoice,MATCHED
uci_495353,uci_bank_495353,uci_ledger_495353,public_invoice,MATCHED
uci_495354,uci_bank_495354,uci_ledger_495354,public_invoice,MATCHED
uci_495355,uci_bank_495355,uci_ledger_495355,public_invoice,MATCHED
uci_495356,uci_bank_495356,uci_ledger_495356,public_invoice,MATCHED
uci_495357,uci_bank_495357,uci_ledger_495357,public_invoice,MATCHED
uci_495358,uci_bank_495358,uci_ledger_495358,public_invoice,MATCHED
uci_495359,uci_bank_495359,uci_ledger_495359,public_invoice,MATCHED
uci_495360,uci_bank_495360,uci_ledger_495360,public_invoice,MATCHED
uci_495361,uci_bank_495361,uci_ledger_495361,public_invoice,MATCHED
uci_495362,uci_bank_495362,uci_ledger_495362,public_invoice,MATCHED
uci_495364,uci_bank_495364,uci_ledger_495364,public_invoice,MATCHED
uci_495365,uci_bank_495365,uci_ledger_495365,public_invoice,MATCHED
uci_495366,uci_bank_495366,uci_ledger_495366,public_invoice,MATCHED
uci_495367,uci_bank_495367,uci_ledger_495367,public_invoice,MATCHED
uci_495369,uci_bank_495369,uci_ledger_495369,public_invoice,MATCHED
uci_495370,uci_bank_495370,uci_ledger_495370,public_invoice,MATCHED
uci_495371,uci_bank_495371,uci_ledger_495371,public_invoice,MATCHED
uci_495372,uci_bank_495372,uci_ledger_495372,public_invoice,MATCHED
uci_495374,uci_bank_495374,uci_ledger_495374,public_invoice,MATCHED
uci_495375,uci_bank_495375,uci_ledger_495375,public_invoice,MATCHED
uci_495376,uci_bank_495376,uci_ledger_495376,public_invoice,MATCHED
uci_495377,uci_bank_495377,uci_ledger_495377,public_invoice,MATCHED
uci_495378,uci_bank_495378,uci_ledger_495378,public_invoice,MATCHED
uci_495379,uci_bank_495379,uci_ledger_495379,public_invoice,MATCHED
uci_495380,uci_bank_495380,uci_ledger_495380,public_invoice,MATCHED
uci_495381,uci_bank_495381,uci_ledger_495381,public_invoice,MATCHED
uci_495382,uci_bank_495382,uci_ledger_495382,public_invoice,MATCHED
uci_495383,uci_bank_495383,uci_ledger_495383,public_invoice,MATCHED
uci_495384,uci_bank_495384,uci_ledger_495384,public_invoice,MATCHED
uci_495385,uci_bank_495385,uci_ledger_495385,public_invoice,MATCHED
uci_495386,uci_bank_495386,uci_ledger_495386,public_invoice,MATCHED
uci_495387,uci_bank_495387,uci_ledger_495387,public_invoice,MATCHED
uci_495388,uci_bank_495388,uci_ledger_495388,public_invoice,MATCHED
uci_495389,uci_bank_495389,uci_ledger_495389,public_invoice,MATCHED
uci_495390,uci_bank_495390,uci_ledger_495390,public_invoice,MATCHED
uci_495391,uci_bank_495391,uci_ledger_495391,public_invoice,MATCHED
uci_495392,uci_bank_495392,uci_ledger_495392,public_invoice,MATCHED
uci_495393,uci_bank_495393,uci_ledger_495393,public_invoice,MATCHED
uci_495394,uci_bank_495394,uci_ledger_495394,public_invoice,MATCHED
uci_495395,uci_bank_495395,uci_ledger_495395,public_invoice,MATCHED
uci_495396,uci_bank_495396,uci_ledger_495396,public_invoice,MATCHED
uci_495397,uci_bank_495397,uci_ledger_495397,public_invoice,MATCHED
uci_495398,uci_bank_495398,uci_ledger_495398,public_invoice,MATCHED
uci_495399,uci_bank_495399,uci_ledger_495399,public_invoice,MATCHED
uci_495400,uci_bank_495400,uci_ledger_495400,public_invoice,MATCHED
uci_495401,uci_bank_495401,uci_ledger_495401,public_invoice,MATCHED
uci_495402,uci_bank_495402,uci_ledger_495402,public_invoice,MATCHED
uci_495404,uci_bank_495404,uci_ledger_495404,public_invoice,MATCHED
uci_495405,uci_bank_495405,uci_ledger_495405,public_invoice,MATCHED
uci_495407,uci_bank_495407,uci_ledger_495407,public_invoice,MATCHED
uci_495408,uci_bank_495408,uci_ledger_495408,public_invoice,MATCHED
uci_495409,uci_bank_495409,uci_ledger_495409,public_invoice,MATCHED
uci_495414,uci_bank_495414,uci_ledger_495414,public_invoice,MATCHED
uci_495415,uci_bank_495415,uci_ledger_495415,public_invoice,MATCHED
uci_495439,uci_bank_495439,uci_ledger_495439,public_invoice,MATCHED
uci_495456,uci_bank_495456,uci_ledger_495456,public_invoice,MATCHED
uci_495467,uci_bank_495467,uci_ledger_495467,public_invoice,MATCHED
uci_495487,uci_bank_495487,uci_ledger_495487,public_invoice,MATCHED
uci_495488,uci_bank_495488,uci_ledger_495488,public_invoice,MATCHED
uci_495501,uci_bank_495501,uci_ledger_495501,public_invoice,MATCHED
uci_495503,uci_bank_495503,uci_ledger_495503,public_invoice,MATCHED
uci_495504,uci_bank_495504,uci_ledger_495504,public_invoice,MATCHED
uci_495505,uci_bank_495505,uci_ledger_495505,public_invoice,MATCHED
uci_495506,uci_bank_495506,uci_ledger_495506,public_invoice,MATCHED
uci_495507,uci_bank_495507,uci_ledger_495507,public_invoice,MATCHED
uci_495508,uci_bank_495508,uci_ledger_495508,public_invoice,MATCHED
uci_495509,uci_bank_495509,uci_ledger_495509,public_invoice,MATCHED
uci_495510,uci_bank_495510,uci_ledger_495510,public_invoice,MATCHED
uci_495512,uci_bank_495512,uci_ledger_495512,public_invoice,MATCHED
uci_495514,uci_bank_495514,uci_ledger_495514,public_invoice,MATCHED
uci_495524,uci_bank_495524,uci_ledger_495524,public_invoice,MATCHED
uci_495526,uci_bank_495526,uci_ledger_495526,public_invoice,MATCHED
uci_495527,uci_bank_495527,uci_ledger_495527,public_invoice,MATCHED
uci_495529,uci_bank_495529,uci_ledger_495529,public_invoice,MATCHED
uci_495530,uci_bank_495530,uci_ledger_495530,public_invoice,MATCHED
uci_495531,uci_bank_495531,uci_ledger_495531,public_invoice,MATCHED
uci_495533,uci_bank_495533,uci_ledger_495533,public_invoice,MATCHED
uci_495534,uci_bank_495534,uci_ledger_495534,public_invoice,MATCHED
uci_495536,uci_bank_495536,uci_ledger_495536,public_invoice,MATCHED
uci_495544,uci_bank_495544,uci_ledger_495544,public_invoice,MATCHED
uci_495546,uci_bank_495546,uci_ledger_495546,public_invoice,MATCHED
uci_495547,uci_bank_495547,uci_ledger_495547,public_invoice,MATCHED
uci_495548,uci_bank_495548,uci_ledger_495548,public_invoice,MATCHED
uci_495549,uci_bank_495549,uci_ledger_495549,public_invoice,MATCHED
uci_495551,uci_bank_495551,uci_ledger_495551,public_invoice,MATCHED
uci_495575,uci_bank_495575,uci_ledger_495575,public_invoice,MATCHED
uci_495576,uci_bank_495576,uci_ledger_495576,public_invoice,MATCHED
uci_495577,uci_bank_495577,uci_ledger_495577,public_invoice,MATCHED
uci_495578,uci_bank_495578,uci_ledger_495578,public_invoice,MATCHED
uci_495580,uci_bank_495580,uci_ledger_495580,public_invoice,MATCHED
uci_495581,uci_bank_495581,uci_ledger_495581,public_invoice,MATCHED
uci_495584,uci_bank_495584,uci_ledger_495584,public_invoice,MATCHED
uci_495591,uci_bank_495591,uci_ledger_495591,public_invoice,MATCHED
uci_495605,uci_bank_495605,uci_ledger_495605,public_invoice,MATCHED
uci_495609,uci_bank_495609,uci_ledger_495609,public_invoice,MATCHED
uci_495633,uci_bank_495633,uci_ledger_495633,public_invoice,MATCHED
uci_495634,uci_bank_495634,uci_ledger_495634,public_invoice,MATCHED
uci_495676,uci_bank_495676,uci_ledger_495676,public_invoice,MATCHED
uci_495677,uci_bank_495677,uci_ledger_495677,public_invoice,MATCHED
uci_495678,uci_bank_495678,uci_ledger_495678,public_invoice,MATCHED
uci_495681,uci_bank_495681,uci_ledger_495681,public_invoice,MATCHED
uci_495680,uci_bank_495680,uci_ledger_495680,public_invoice,MATCHED
uci_495682,uci_bank_495682,uci_ledger_495682,public_invoice,MATCHED
uci_495683,uci_bank_495683,uci_ledger_495683,public_invoice,MATCHED
uci_495684,uci_bank_495684,uci_ledger_495684,public_invoice,MATCHED
uci_495686,uci_bank_495686,uci_ledger_495686,public_invoice,MATCHED
uci_495687,uci_bank_495687,uci_ledger_495687,public_invoice,MATCHED
uci_495688,uci_bank_495688,uci_ledger_495688,public_invoice,MATCHED
uci_495689,uci_bank_495689,uci_ledger_495689,public_invoice,MATCHED
uci_495699,uci_bank_495699,uci_ledger_495699,public_invoice,MATCHED
uci_495700,uci_bank_495700,uci_ledger_495700,public_invoice,MATCHED
uci_495702,uci_bank_495702,uci_ledger_495702,public_invoice,MATCHED
uci_495703,uci_bank_495703,uci_ledger_495703,public_invoice,MATCHED
uci_495706,uci_bank_495706,uci_ledger_495706,public_invoice,MATCHED
uci_495707,uci_bank_495707,uci_ledger_495707,public_invoice,MATCHED
uci_495708,uci_bank_495708,uci_ledger_495708,public_invoice,MATCHED
uci_495710,uci_bank_495710,uci_ledger_495710,public_invoice,MATCHED
uci_495711,uci_bank_495711,uci_ledger_495711,public_invoice,MATCHED
uci_495712,uci_bank_495712,uci_ledger_495712,public_invoice,MATCHED
uci_495713,uci_bank_495713,uci_ledger_495713,public_invoice,MATCHED
uci_495715,uci_bank_495715,uci_ledger_495715,public_invoice,MATCHED
uci_495716,uci_bank_495716,uci_ledger_495716,public_invoice,MATCHED
uci_495718,uci_bank_495718,uci_ledger_495718,public_invoice,MATCHED
uci_495719,uci_bank_495719,uci_ledger_495719,public_invoice,MATCHED
uci_495720,uci_bank_495720,uci_ledger_495720,public_invoice,MATCHED
uci_495721,uci_bank_495721,uci_ledger_495721,public_invoice,MATCHED
uci_495722,uci_bank_495722,uci_ledger_495722,public_invoice,MATCHED
uci_495724,uci_bank_495724,uci_ledger_495724,public_invoice,MATCHED
uci_495725,uci_bank_495725,uci_ledger_495725,public_invoice,MATCHED
uci_495726,uci_bank_495726,uci_ledger_495726,public_invoice,MATCHED
uci_495727,uci_bank_495727,uci_ledger_495727,public_invoice,MATCHED
uci_495731,uci_bank_495731,uci_ledger_495731,public_invoice,MATCHED
uci_495733,uci_bank_495733,uci_ledger_495733,public_invoice,MATCHED
uci_495734,uci_bank_495734,uci_ledger_495734,public_invoice,MATCHED
uci_495735,uci_bank_495735,uci_ledger_495735,public_invoice,MATCHED
uci_495736,uci_bank_495736,uci_ledger_495736,public_invoice,MATCHED
uci_495742,uci_bank_495742,uci_ledger_495742,public_invoice,MATCHED
uci_495746,uci_bank_495746,uci_ledger_495746,public_invoice,MATCHED
uci_495745,uci_bank_495745,uci_ledger_495745,public_invoice,MATCHED
uci_495748,uci_bank_495748,uci_ledger_495748,public_invoice,MATCHED
uci_495747,uci_bank_495747,uci_ledger_495747,public_invoice,MATCHED
uci_495750,uci_bank_495750,uci_ledger_495750,public_invoice,MATCHED
uci_495754,uci_bank_495754,uci_ledger_495754,public_invoice,MATCHED
uci_495753,uci_bank_495753,uci_ledger_495753,public_invoice,MATCHED
uci_495755,uci_bank_495755,uci_ledger_495755,public_invoice,MATCHED
uci_495756,uci_bank_495756,uci_ledger_495756,public_invoice,MATCHED
uci_495758,uci_bank_495758,uci_ledger_495758,public_invoice,MATCHED
uci_495760,uci_bank_495760,uci_ledger_495760,public_invoice,MATCHED
uci_495763,uci_bank_495763,uci_ledger_495763,public_invoice,MATCHED
uci_495765,uci_bank_495765,uci_ledger_495765,public_invoice,MATCHED
uci_495766,uci_bank_495766,uci_ledger_495766,public_invoice,MATCHED
uci_495773,uci_bank_495773,uci_ledger_495773,public_invoice,MATCHED
uci_495776,uci_bank_495776,uci_ledger_495776,public_invoice,MATCHED
uci_495777,uci_bank_495777,uci_ledger_495777,public_invoice,MATCHED
uci_495780,uci_bank_495780,uci_ledger_495780,public_invoice,MATCHED
uci_495782,uci_bank_495782,uci_ledger_495782,public_invoice,MATCHED
uci_495783,uci_bank_495783,uci_ledger_495783,public_invoice,MATCHED
uci_495784,uci_bank_495784,uci_ledger_495784,public_invoice,MATCHED
uci_495788,uci_bank_495788,uci_ledger_495788,public_invoice,MATCHED
uci_495791,uci_bank_495791,uci_ledger_495791,public_invoice,MATCHED
uci_495792,uci_bank_495792,uci_ledger_495792,public_invoice,MATCHED
uci_495794,uci_bank_495794,uci_ledger_495794,public_invoice,MATCHED
uci_495795,uci_bank_495795,uci_ledger_495795,public_invoice,MATCHED
uci_495799,uci_bank_495799,uci_ledger_495799,public_invoice,MATCHED
uci_495801,uci_bank_495801,uci_ledger_495801,public_invoice,MATCHED
uci_495802,uci_bank_495802,uci_ledger_495802,public_invoice,MATCHED
uci_495806,uci_bank_495806,uci_ledger_495806,public_invoice,MATCHED
uci_495807,uci_bank_495807,uci_ledger_495807,public_invoice,MATCHED
uci_495808,uci_bank_495808,uci_ledger_495808,public_invoice,MATCHED
uci_495809,uci_bank_495809,uci_ledger_495809,public_invoice,MATCHED
uci_495810,uci_bank_495810,uci_ledger_495810,public_invoice,MATCHED
uci_495811,uci_bank_495811,uci_ledger_495811,public_invoice,MATCHED
uci_495812,uci_bank_495812,uci_ledger_495812,public_invoice,MATCHED
uci_495815,uci_bank_495815,uci_ledger_495815,public_invoice,MATCHED
uci_495818,uci_bank_495818,uci_ledger_495818,public_invoice,MATCHED
uci_495819,uci_bank_495819,uci_ledger_495819,public_invoice,MATCHED
uci_495854,uci_bank_495854,uci_ledger_495854,public_invoice,MATCHED
uci_495875,uci_bank_495875,uci_ledger_495875,public_invoice,MATCHED
uci_495880,uci_bank_495880,uci_ledger_495880,public_invoice,MATCHED
uci_495882,uci_bank_495882,uci_ledger_495882,public_invoice,MATCHED
uci_495883,uci_bank_495883,uci_ledger_495883,public_invoice,MATCHED
uci_495884,uci_bank_495884,uci_ledger_495884,public_invoice,MATCHED
uci_495885,uci_bank_495885,uci_ledger_495885,public_invoice,MATCHED
uci_495886,uci_bank_495886,uci_ledger_495886,public_invoice,MATCHED
uci_495887,uci_bank_495887,uci_ledger_495887,public_invoice,MATCHED
uci_495889,uci_bank_495889,uci_ledger_495889,public_invoice,MATCHED
uci_495898,uci_bank_495898,uci_ledger_495898,public_invoice,MATCHED
uci_495906,uci_bank_495906,uci_ledger_495906,public_invoice,MATCHED
uci_495907,uci_bank_495907,uci_ledger_495907,public_invoice,MATCHED
uci_495908,uci_bank_495908,uci_ledger_495908,public_invoice,MATCHED
uci_495909,uci_bank_495909,uci_ledger_495909,public_invoice,MATCHED
uci_495910,uci_bank_495910,uci_ledger_495910,public_invoice,MATCHED
uci_495912,uci_bank_495912,uci_ledger_495912,public_invoice,MATCHED
uci_495913,uci_bank_495913,uci_ledger_495913,public_invoice,MATCHED
uci_495915,uci_bank_495915,uci_ledger_495915,public_invoice,MATCHED
uci_495916,uci_bank_495916,uci_ledger_495916,public_invoice,MATCHED
uci_495917,uci_bank_495917,uci_ledger_495917,public_invoice,MATCHED
uci_495918,uci_bank_495918,uci_ledger_495918,public_invoice,MATCHED
uci_495919,uci_bank_495919,uci_ledger_495919,public_invoice,MATCHED
uci_495920,uci_bank_495920,uci_ledger_495920,public_invoice,MATCHED
uci_495921,uci_bank_495921,uci_ledger_495921,public_invoice,MATCHED
uci_495925,uci_bank_495925,uci_ledger_495925,public_invoice,MATCHED
uci_495928,uci_bank_495928,uci_ledger_495928,public_invoice,MATCHED
uci_495929,uci_bank_495929,uci_ledger_495929,public_invoice,MATCHED
uci_495935,uci_bank_495935,uci_ledger_495935,public_invoice,MATCHED
uci_495936,uci_bank_495936,uci_ledger_495936,public_invoice,MATCHED
uci_495937,uci_bank_495937,uci_ledger_495937,public_invoice,MATCHED
uci_495938,uci_bank_495938,uci_ledger_495938,public_invoice,MATCHED
uci_495939,uci_bank_495939,uci_ledger_495939,public_invoice,MATCHED
uci_495940,uci_bank_495940,uci_ledger_495940,public_invoice,MATCHED
uci_495941,uci_bank_495941,uci_ledger_495941,public_invoice,MATCHED
uci_495942,uci_bank_495942,uci_ledger_495942,public_invoice,MATCHED
uci_495945,uci_bank_495945,uci_ledger_495945,public_invoice,MATCHED
uci_495946,uci_bank_495946,uci_ledger_495946,public_invoice,MATCHED
uci_495947,uci_bank_495947,uci_ledger_495947,public_invoice,MATCHED
uci_495949,uci_bank_495949,uci_ledger_495949,public_invoice,MATCHED
uci_495950,uci_bank_495950,uci_ledger_495950,public_invoice,MATCHED
uci_495954,uci_bank_495954,uci_ledger_495954,public_invoice,MATCHED
uci_495955,uci_bank_495955,uci_ledger_495955,public_invoice,MATCHED
uci_495956,uci_bank_495956,uci_ledger_495956,public_invoice,MATCHED
uci_495957,uci_bank_495957,uci_ledger_495957,public_invoice,MATCHED
uci_495958,uci_bank_495958,uci_ledger_495958,public_invoice,MATCHED
uci_495960,uci_bank_495960,uci_ledger_495960,public_invoice,MATCHED
uci_495962,uci_bank_495962,uci_ledger_495962,public_invoice,MATCHED
uci_495963,uci_bank_495963,uci_ledger_495963,public_invoice,MATCHED
uci_495993,uci_bank_495993,uci_ledger_495993,public_invoice,MATCHED
uci_495994,uci_bank_495994,uci_ledger_495994,public_invoice,MATCHED
uci_495995,uci_bank_495995,uci_ledger_495995,public_invoice,MATCHED
uci_496002,uci_bank_496002,uci_ledger_496002,public_invoice,MATCHED
uci_496003,uci_bank_496003,uci_ledger_496003,public_invoice,MATCHED
uci_496004,uci_bank_496004,uci_ledger_496004,public_invoice,MATCHED
uci_496007,uci_bank_496007,uci_ledger_496007,public_invoice,MATCHED
uci_496008,uci_bank_496008,uci_ledger_496008,public_invoice,MATCHED
uci_496010,uci_bank_496010,uci_ledger_496010,public_invoice,MATCHED
uci_496011,uci_bank_496011,uci_ledger_496011,public_invoice,MATCHED
uci_496012,uci_bank_496012,uci_ledger_496012,public_invoice,MATCHED
uci_496013,uci_bank_496013,uci_ledger_496013,public_invoice,MATCHED
uci_496014,uci_bank_496014,uci_ledger_496014,public_invoice,MATCHED
uci_496017,uci_bank_496017,uci_ledger_496017,public_invoice,MATCHED
uci_496019,uci_bank_496019,uci_ledger_496019,public_invoice,MATCHED
uci_496020,uci_bank_496020,uci_ledger_496020,public_invoice,MATCHED
uci_496022,uci_bank_496022,uci_ledger_496022,public_invoice,MATCHED
uci_496023,uci_bank_496023,uci_ledger_496023,public_invoice,MATCHED
uci_496024,uci_bank_496024,uci_ledger_496024,public_invoice,MATCHED
uci_496033,uci_bank_496033,uci_ledger_496033,public_invoice,MATCHED
uci_496042,uci_bank_496042,uci_ledger_496042,public_invoice,MATCHED
uci_496047,uci_bank_496047,uci_ledger_496047,public_invoice,MATCHED
uci_496054,uci_bank_496054,uci_ledger_496054,public_invoice,MATCHED
uci_496056,uci_bank_496056,uci_ledger_496056,public_invoice,MATCHED
uci_496057,uci_bank_496057,uci_ledger_496057,public_invoice,MATCHED
uci_496058,uci_bank_496058,uci_ledger_496058,public_invoice,MATCHED
uci_496059,uci_bank_496059,uci_ledger_496059,public_invoice,MATCHED
uci_496060,uci_bank_496060,uci_ledger_496060,public_invoice,MATCHED
uci_496061,uci_bank_496061,uci_ledger_496061,public_invoice,MATCHED
uci_496062,uci_bank_496062,uci_ledger_496062,public_invoice,MATCHED
uci_496063,uci_bank_496063,uci_ledger_496063,public_invoice,MATCHED
uci_496065,uci_bank_496065,uci_ledger_496065,public_invoice,MATCHED
uci_496066,uci_bank_496066,uci_ledger_496066,public_invoice,MATCHED
uci_496067,uci_bank_496067,uci_ledger_496067,public_invoice,MATCHED
uci_496068,uci_bank_496068,uci_ledger_496068,public_invoice,MATCHED
uci_496069,uci_bank_496069,uci_ledger_496069,public_invoice,MATCHED
uci_496070,uci_bank_496070,uci_ledger_496070,public_invoice,MATCHED
uci_496072,uci_bank_496072,uci_ledger_496072,public_invoice,MATCHED
uci_496073,uci_bank_496073,uci_ledger_496073,public_invoice,MATCHED
uci_496074,uci_bank_496074,uci_ledger_496074,public_invoice,MATCHED
uci_496075,uci_bank_496075,uci_ledger_496075,public_invoice,MATCHED
uci_496081,uci_bank_496081,uci_ledger_496081,public_invoice,MATCHED
uci_496083,uci_bank_496083,uci_ledger_496083,public_invoice,MATCHED
uci_496085,uci_bank_496085,uci_ledger_496085,public_invoice,MATCHED
uci_496086,uci_bank_496086,uci_ledger_496086,public_invoice,MATCHED
uci_496088,uci_bank_496088,uci_ledger_496088,public_invoice,MATCHED
uci_496089,uci_bank_496089,uci_ledger_496089,public_invoice,MATCHED
uci_496092,uci_bank_496092,uci_ledger_496092,public_invoice,MATCHED
uci_496093,uci_bank_496093,uci_ledger_496093,public_invoice,MATCHED
uci_496094,uci_bank_496094,uci_ledger_496094,public_invoice,MATCHED
uci_496095,uci_bank_496095,uci_ledger_496095,public_invoice,MATCHED
uci_496096,uci_bank_496096,uci_ledger_496096,public_invoice,MATCHED
uci_496097,uci_bank_496097,uci_ledger_496097,public_invoice,MATCHED
uci_496099,uci_bank_496099,uci_ledger_496099,public_invoice,MATCHED
uci_496103,uci_bank_496103,uci_ledger_496103,public_invoice,MATCHED
uci_496107,uci_bank_496107,uci_ledger_496107,public_invoice,MATCHED
uci_496110,uci_bank_496110,uci_ledger_496110,public_invoice,MATCHED
uci_496112,uci_bank_496112,uci_ledger_496112,public_invoice,MATCHED
uci_496113,uci_bank_496113,uci_ledger_496113,public_invoice,MATCHED
uci_496115,uci_bank_496115,uci_ledger_496115,public_invoice,MATCHED
uci_496130,uci_bank_496130,uci_ledger_496130,public_invoice,MATCHED
uci_496155,uci_bank_496155,uci_ledger_496155,public_invoice,MATCHED
uci_496166,uci_bank_496166,uci_ledger_496166,public_invoice,MATCHED
uci_496167,uci_bank_496167,uci_ledger_496167,public_invoice,MATCHED
uci_496168,uci_bank_496168,uci_ledger_496168,public_invoice,MATCHED
uci_496170,uci_bank_496170,uci_ledger_496170,public_invoice,MATCHED
uci_496171,uci_bank_496171,uci_ledger_496171,public_invoice,MATCHED
uci_496172,uci_bank_496172,uci_ledger_496172,public_invoice,MATCHED
uci_496173,uci_bank_496173,uci_ledger_496173,public_invoice,MATCHED
uci_496174,uci_bank_496174,uci_ledger_496174,public_invoice,MATCHED
uci_496198,uci_bank_496198,uci_ledger_496198,public_invoice,MATCHED
uci_496201,uci_bank_496201,uci_ledger_496201,public_invoice,MATCHED
uci_496200,uci_bank_496200,uci_ledger_496200,public_invoice,MATCHED
uci_496203,uci_bank_496203,uci_ledger_496203,public_invoice,MATCHED
uci_496204,uci_bank_496204,uci_ledger_496204,public_invoice,MATCHED
uci_496205,uci_bank_496205,uci_ledger_496205,public_invoice,MATCHED
uci_496216,uci_bank_496216,uci_ledger_496216,public_invoice,MATCHED
uci_496217,uci_bank_496217,uci_ledger_496217,public_invoice,MATCHED
uci_496220,uci_bank_496220,uci_ledger_496220,public_invoice,MATCHED
uci_496222,uci_bank_496222,uci_ledger_496222,public_invoice,MATCHED
uci_496221,uci_bank_496221,uci_ledger_496221,public_invoice,MATCHED
uci_496230,uci_bank_496230,uci_ledger_496230,public_invoice,MATCHED
uci_496232,uci_bank_496232,uci_ledger_496232,public_invoice,MATCHED
uci_496233,uci_bank_496233,uci_ledger_496233,public_invoice,MATCHED
uci_496237,uci_bank_496237,uci_ledger_496237,public_invoice,MATCHED
uci_496236,uci_bank_496236,uci_ledger_496236,public_invoice,MATCHED
uci_496235,uci_bank_496235,uci_ledger_496235,public_invoice,MATCHED
uci_496238,uci_bank_496238,uci_ledger_496238,public_invoice,MATCHED
uci_496245,uci_bank_496245,uci_ledger_496245,public_invoice,MATCHED
uci_496288,uci_bank_496288,uci_ledger_496288,public_invoice,MATCHED
uci_496291,uci_bank_496291,uci_ledger_496291,public_invoice,MATCHED
uci_496292,uci_bank_496292,uci_ledger_496292,public_invoice,MATCHED
uci_496293,uci_bank_496293,uci_ledger_496293,public_invoice,MATCHED
uci_496294,uci_bank_496294,uci_ledger_496294,public_invoice,MATCHED
uci_496296,uci_bank_496296,uci_ledger_496296,public_invoice,MATCHED
uci_496297,uci_bank_496297,uci_ledger_496297,public_invoice,MATCHED
uci_496299,uci_bank_496299,uci_ledger_496299,public_invoice,MATCHED
uci_496300,uci_bank_496300,uci_ledger_496300,public_invoice,MATCHED
uci_496301,uci_bank_496301,uci_ledger_496301,public_invoice,MATCHED
uci_496302,uci_bank_496302,uci_ledger_496302,public_invoice,MATCHED
uci_496303,uci_bank_496303,uci_ledger_496303,public_invoice,MATCHED
uci_496304,uci_bank_496304,uci_ledger_496304,public_invoice,MATCHED
uci_496305,uci_bank_496305,uci_ledger_496305,public_invoice,MATCHED
uci_496306,uci_bank_496306,uci_ledger_496306,public_invoice,MATCHED
uci_496307,uci_bank_496307,uci_ledger_496307,public_invoice,MATCHED
uci_496308,uci_bank_496308,uci_ledger_496308,public_invoice,MATCHED
uci_496309,uci_bank_496309,uci_ledger_496309,public_invoice,MATCHED
uci_496310,uci_bank_496310,uci_ledger_496310,public_invoice,MATCHED
uci_496311,uci_bank_496311,uci_ledger_496311,public_invoice,MATCHED
uci_496313,uci_bank_496313,uci_ledger_496313,public_invoice,MATCHED
uci_496315,uci_bank_496315,uci_ledger_496315,public_invoice,MATCHED
uci_496316,uci_bank_496316,uci_ledger_496316,public_invoice,MATCHED
uci_496317,uci_bank_496317,uci_ledger_496317,public_invoice,MATCHED
uci_496318,uci_bank_496318,uci_ledger_496318,public_invoice,MATCHED
uci_496319,uci_bank_496319,uci_ledger_496319,public_invoice,MATCHED
uci_496322,uci_bank_496322,uci_ledger_496322,public_invoice,MATCHED
uci_496321,uci_bank_496321,uci_ledger_496321,public_invoice,MATCHED
uci_496323,uci_bank_496323,uci_ledger_496323,public_invoice,MATCHED
uci_496324,uci_bank_496324,uci_ledger_496324,public_invoice,MATCHED
uci_496325,uci_bank_496325,uci_ledger_496325,public_invoice,MATCHED
uci_496326,uci_bank_496326,uci_ledger_496326,public_invoice,MATCHED
uci_496327,uci_bank_496327,uci_ledger_496327,public_invoice,MATCHED
uci_496329,uci_bank_496329,uci_ledger_496329,public_invoice,MATCHED
uci_496330,uci_bank_496330,uci_ledger_496330,public_invoice,MATCHED
uci_496331,uci_bank_496331,uci_ledger_496331,public_invoice,MATCHED
uci_496333,uci_bank_496333,uci_ledger_496333,public_invoice,MATCHED
uci_496334,uci_bank_496334,uci_ledger_496334,public_invoice,MATCHED
uci_496335,uci_bank_496335,uci_ledger_496335,public_invoice,MATCHED
uci_496337,uci_bank_496337,uci_ledger_496337,public_invoice,MATCHED
uci_496338,uci_bank_496338,uci_ledger_496338,public_invoice,MATCHED
uci_496339,uci_bank_496339,uci_ledger_496339,public_invoice,MATCHED
uci_496340,uci_bank_496340,uci_ledger_496340,public_invoice,MATCHED
uci_496341,uci_bank_496341,uci_ledger_496341,public_invoice,MATCHED
uci_496342,uci_bank_496342,uci_ledger_496342,public_invoice,MATCHED
uci_496343,uci_bank_496343,uci_ledger_496343,public_invoice,MATCHED
uci_496344,uci_bank_496344,uci_ledger_496344,public_invoice,MATCHED
uci_496345,uci_bank_496345,uci_ledger_496345,public_invoice,MATCHED
uci_496348,uci_bank_496348,uci_ledger_496348,public_invoice,MATCHED
uci_496349,uci_bank_496349,uci_ledger_496349,public_invoice,MATCHED
uci_496351,uci_bank_496351,uci_ledger_496351,public_invoice,MATCHED
uci_496354,uci_bank_496354,uci_ledger_496354,public_invoice,MATCHED
uci_496355,uci_bank_496355,uci_ledger_496355,public_invoice,MATCHED
uci_496356,uci_bank_496356,uci_ledger_496356,public_invoice,MATCHED
uci_496357,uci_bank_496357,uci_ledger_496357,public_invoice,MATCHED
uci_496359,uci_bank_496359,uci_ledger_496359,public_invoice,MATCHED
uci_496361,uci_bank_496361,uci_ledger_496361,public_invoice,MATCHED
uci_496363,uci_bank_496363,uci_ledger_496363,public_invoice,MATCHED
uci_496370,uci_bank_496370,uci_ledger_496370,public_invoice,MATCHED
uci_496373,uci_bank_496373,uci_ledger_496373,public_invoice,MATCHED
uci_496374,uci_bank_496374,uci_ledger_496374,public_invoice,MATCHED
uci_496381,uci_bank_496381,uci_ledger_496381,public_invoice,MATCHED
uci_496399,uci_bank_496399,uci_ledger_496399,public_invoice,MATCHED
uci_496400,uci_bank_496400,uci_ledger_496400,public_invoice,MATCHED
uci_496407,uci_bank_496407,uci_ledger_496407,public_invoice,MATCHED
uci_496412,uci_bank_496412,uci_ledger_496412,public_invoice,MATCHED
uci_496425,uci_bank_496425,uci_ledger_496425,public_invoice,MATCHED
uci_496426,uci_bank_496426,uci_ledger_496426,public_invoice,MATCHED
uci_496427,uci_bank_496427,uci_ledger_496427,public_invoice,MATCHED
uci_496428,uci_bank_496428,uci_ledger_496428,public_invoice,MATCHED
uci_496429,uci_bank_496429,uci_ledger_496429,public_invoice,MATCHED
uci_496430,uci_bank_496430,uci_ledger_496430,public_invoice,MATCHED
uci_496431,uci_bank_496431,uci_ledger_496431,public_invoice,MATCHED
uci_496434,uci_bank_496434,uci_ledger_496434,public_invoice,MATCHED
uci_496436,uci_bank_496436,uci_ledger_496436,public_invoice,MATCHED
uci_496438,uci_bank_496438,uci_ledger_496438,public_invoice,MATCHED
uci_496439,uci_bank_496439,uci_ledger_496439,public_invoice,MATCHED
uci_496440,uci_bank_496440,uci_ledger_496440,public_invoice,MATCHED
uci_496441,uci_bank_496441,uci_ledger_496441,public_invoice,MATCHED
uci_496442,uci_bank_496442,uci_ledger_496442,public_invoice,MATCHED
uci_496443,uci_bank_496443,uci_ledger_496443,public_invoice,MATCHED
uci_496444,uci_bank_496444,uci_ledger_496444,public_invoice,MATCHED
uci_496445,uci_bank_496445,uci_ledger_496445,public_invoice,MATCHED
uci_496446,uci_bank_496446,uci_ledger_496446,public_invoice,MATCHED
uci_496459,uci_bank_496459,uci_ledger_496459,public_invoice,MATCHED
uci_496460,uci_bank_496460,uci_ledger_496460,public_invoice,MATCHED
uci_496461,uci_bank_496461,uci_ledger_496461,public_invoice,MATCHED
uci_496462,uci_bank_496462,uci_ledger_496462,public_invoice,MATCHED
uci_496463,uci_bank_496463,uci_ledger_496463,public_invoice,MATCHED
uci_496464,uci_bank_496464,uci_ledger_496464,public_invoice,MATCHED
uci_496465,uci_bank_496465,uci_ledger_496465,public_invoice,MATCHED
uci_496466,uci_bank_496466,uci_ledger_496466,public_invoice,MATCHED
uci_496467,uci_bank_496467,uci_ledger_496467,public_invoice,MATCHED
uci_496469,uci_bank_496469,uci_ledger_496469,public_invoice,MATCHED
uci_496470,uci_bank_496470,uci_ledger_496470,public_invoice,MATCHED
uci_496471,uci_bank_496471,uci_ledger_496471,public_invoice,MATCHED
uci_496473,uci_bank_496473,uci_ledger_496473,public_invoice,MATCHED
uci_496474,uci_bank_496474,uci_ledger_496474,public_invoice,MATCHED
uci_496475,uci_bank_496475,uci_ledger_496475,public_invoice,MATCHED
uci_496476,uci_bank_496476,uci_ledger_496476,public_invoice,MATCHED
uci_496477,uci_bank_496477,uci_ledger_496477,public_invoice,MATCHED
uci_496480,uci_bank_496480,uci_ledger_496480,public_invoice,MATCHED
uci_496486,uci_bank_496486,uci_ledger_496486,public_invoice,MATCHED
uci_496488,uci_bank_496488,uci_ledger_496488,public_invoice,MATCHED
uci_496491,uci_bank_496491,uci_ledger_496491,public_invoice,MATCHED
uci_496493,uci_bank_496493,uci_ledger_496493,public_invoice,MATCHED
uci_496496,uci_bank_496496,uci_ledger_496496,public_invoice,MATCHED
uci_496500,uci_bank_496500,uci_ledger_496500,public_invoice,MATCHED
uci_496502,uci_bank_496502,uci_ledger_496502,public_invoice,MATCHED
uci_496503,uci_bank_496503,uci_ledger_496503,public_invoice,MATCHED
uci_496504,uci_bank_496504,uci_ledger_496504,public_invoice,MATCHED
uci_496505,uci_bank_496505,uci_ledger_496505,public_invoice,MATCHED
uci_496506,uci_bank_496506,uci_ledger_496506,public_invoice,MATCHED
uci_496507,uci_bank_496507,uci_ledger_496507,public_invoice,MATCHED
uci_496509,uci_bank_496509,uci_ledger_496509,public_invoice,MATCHED
uci_496510,uci_bank_496510,uci_ledger_496510,public_invoice,MATCHED
uci_496512,uci_bank_496512,uci_ledger_496512,public_invoice,MATCHED
uci_496513,uci_bank_496513,uci_ledger_496513,public_invoice,MATCHED
uci_496514,uci_bank_496514,uci_ledger_496514,public_invoice,MATCHED
uci_496516,uci_bank_496516,uci_ledger_496516,public_invoice,MATCHED
uci_496517,uci_bank_496517,uci_ledger_496517,public_invoice,MATCHED
uci_496518,uci_bank_496518,uci_ledger_496518,public_invoice,MATCHED
uci_496519,uci_bank_496519,uci_ledger_496519,public_invoice,MATCHED
uci_496520,uci_bank_496520,uci_ledger_496520,public_invoice,MATCHED
uci_496528,uci_bank_496528,uci_ledger_496528,public_invoice,MATCHED
uci_496529,uci_bank_496529,uci_ledger_496529,public_invoice,MATCHED
uci_496530,uci_bank_496530,uci_ledger_496530,public_invoice,MATCHED
uci_496534,uci_bank_496534,uci_ledger_496534,public_invoice,MATCHED
uci_496551,uci_bank_496551,uci_ledger_496551,public_invoice,MATCHED
uci_496564,uci_bank_496564,uci_ledger_496564,public_invoice,MATCHED
uci_496577,uci_bank_496577,uci_ledger_496577,public_invoice,MATCHED
uci_496578,uci_bank_496578,uci_ledger_496578,public_invoice,MATCHED
uci_496579,uci_bank_496579,uci_ledger_496579,public_invoice,MATCHED
uci_496580,uci_bank_496580,uci_ledger_496580,public_invoice,MATCHED
uci_496581,uci_bank_496581,uci_ledger_496581,public_invoice,MATCHED
uci_496582,uci_bank_496582,uci_ledger_496582,public_invoice,MATCHED
uci_496584,uci_bank_496584,uci_ledger_496584,public_invoice,MATCHED
uci_496587,uci_bank_496587,uci_ledger_496587,public_invoice,MATCHED
uci_496588,uci_bank_496588,uci_ledger_496588,public_invoice,MATCHED
uci_496589,uci_bank_496589,uci_ledger_496589,public_invoice,MATCHED
uci_496590,uci_bank_496590,uci_ledger_496590,public_invoice,MATCHED
uci_496592,uci_bank_496592,uci_ledger_496592,public_invoice,MATCHED
uci_496595,uci_bank_496595,uci_ledger_496595,public_invoice,MATCHED
uci_496597,uci_bank_496597,uci_ledger_496597,public_invoice,MATCHED
uci_496609,uci_bank_496609,uci_ledger_496609,public_invoice,MATCHED
uci_496611,uci_bank_496611,uci_ledger_496611,public_invoice,MATCHED
uci_496612,uci_bank_496612,uci_ledger_496612,public_invoice,MATCHED
uci_496613,uci_bank_496613,uci_ledger_496613,public_invoice,MATCHED
uci_496614,uci_bank_496614,uci_ledger_496614,public_invoice,MATCHED
uci_496616,uci_bank_496616,uci_ledger_496616,public_invoice,MATCHED
uci_496617,uci_bank_496617,uci_ledger_496617,public_invoice,MATCHED
uci_496618,uci_bank_496618,uci_ledger_496618,public_invoice,MATCHED
uci_496623,uci_bank_496623,uci_ledger_496623,public_invoice,MATCHED
uci_496624,uci_bank_496624,uci_ledger_496624,public_invoice,MATCHED
uci_496625,uci_bank_496625,uci_ledger_496625,public_invoice,MATCHED
uci_496626,uci_bank_496626,uci_ledger_496626,public_invoice,MATCHED
uci_496627,uci_bank_496627,uci_ledger_496627,public_invoice,MATCHED
uci_496628,uci_bank_496628,uci_ledger_496628,public_invoice,MATCHED
uci_496629,uci_bank_496629,uci_ledger_496629,public_invoice,MATCHED
uci_496631,uci_bank_496631,uci_ledger_496631,public_invoice,MATCHED
uci_496641,uci_bank_496641,uci_ledger_496641,public_invoice,MATCHED
uci_496642,uci_bank_496642,uci_ledger_496642,public_invoice,MATCHED
uci_496643,uci_bank_496643,uci_ledger_496643,public_invoice,MATCHED
uci_496644,uci_bank_496644,uci_ledger_496644,public_invoice,MATCHED
uci_496651,uci_bank_496651,uci_ledger_496651,public_invoice,MATCHED
uci_496652,uci_bank_496652,uci_ledger_496652,public_invoice,MATCHED
uci_496662,uci_bank_496662,uci_ledger_496662,public_invoice,MATCHED
uci_496665,uci_bank_496665,uci_ledger_496665,public_invoice,MATCHED
uci_496675,uci_bank_496675,uci_ledger_496675,public_invoice,MATCHED
uci_496677,uci_bank_496677,uci_ledger_496677,public_invoice,MATCHED
uci_496690,uci_bank_496690,uci_ledger_496690,public_invoice,MATCHED
uci_496703,uci_bank_496703,uci_ledger_496703,public_invoice,MATCHED
uci_496704,uci_bank_496704,uci_ledger_496704,public_invoice,MATCHED
uci_496705,uci_bank_496705,uci_ledger_496705,public_invoice,MATCHED
uci_496706,uci_bank_496706,uci_ledger_496706,public_invoice,MATCHED
uci_496710,uci_bank_496710,uci_ledger_496710,public_invoice,MATCHED
uci_496725,uci_bank_496725,uci_ledger_496725,public_invoice,MATCHED
uci_496728,uci_bank_496728,uci_ledger_496728,public_invoice,MATCHED
uci_496730,uci_bank_496730,uci_ledger_496730,public_invoice,MATCHED
uci_496737,uci_bank_496737,uci_ledger_496737,public_invoice,MATCHED
uci_496745,uci_bank_496745,uci_ledger_496745,public_invoice,MATCHED
uci_496750,uci_bank_496750,uci_ledger_496750,public_invoice,MATCHED
uci_496768,uci_bank_496768,uci_ledger_496768,public_invoice,MATCHED
uci_496770,uci_bank_496770,uci_ledger_496770,public_invoice,MATCHED
uci_496771,uci_bank_496771,uci_ledger_496771,public_invoice,MATCHED
uci_496772,uci_bank_496772,uci_ledger_496772,public_invoice,MATCHED
uci_496773,uci_bank_496773,uci_ledger_496773,public_invoice,MATCHED
uci_496774,uci_bank_496774,uci_ledger_496774,public_invoice,MATCHED
uci_496775,uci_bank_496775,uci_ledger_496775,public_invoice,MATCHED
uci_496792,uci_bank_496792,uci_ledger_496792,public_invoice,MATCHED
uci_496802,uci_bank_496802,uci_ledger_496802,public_invoice,MATCHED
uci_496803,uci_bank_496803,uci_ledger_496803,public_invoice,MATCHED
uci_496816,uci_bank_496816,uci_ledger_496816,public_invoice,MATCHED
uci_496817,uci_bank_496817,uci_ledger_496817,public_invoice,MATCHED
uci_496818,uci_bank_496818,uci_ledger_496818,public_invoice,MATCHED
uci_496821,uci_bank_496821,uci_ledger_496821,public_invoice,MATCHED
uci_496822,uci_bank_496822,uci_ledger_496822,public_invoice,MATCHED
uci_496829,uci_bank_496829,uci_ledger_496829,public_invoice,MATCHED
uci_496850,uci_bank_496850,uci_ledger_496850,public_invoice,MATCHED
uci_496851,uci_bank_496851,uci_ledger_496851,public_invoice,MATCHED
uci_496862,uci_bank_496862,uci_ledger_496862,public_invoice,MATCHED
uci_496863,uci_bank_496863,uci_ledger_496863,public_invoice,MATCHED
uci_496864,uci_bank_496864,uci_ledger_496864,public_invoice,MATCHED
uci_496865,uci_bank_496865,uci_ledger_496865,public_invoice,MATCHED
uci_496866,uci_bank_496866,uci_ledger_496866,public_invoice,MATCHED
uci_496867,uci_bank_496867,uci_ledger_496867,public_invoice,MATCHED
uci_496868,uci_bank_496868,uci_ledger_496868,public_invoice,MATCHED
uci_496869,uci_bank_496869,uci_ledger_496869,public_invoice,MATCHED
uci_496870,uci_bank_496870,uci_ledger_496870,public_invoice,MATCHED
uci_496871,uci_bank_496871,uci_ledger_496871,public_invoice,MATCHED
uci_496872,uci_bank_496872,uci_ledger_496872,public_invoice,MATCHED
uci_496873,uci_bank_496873,uci_ledger_496873,public_invoice,MATCHED
uci_496876,uci_bank_496876,uci_ledger_496876,public_invoice,MATCHED
uci_496877,uci_bank_496877,uci_ledger_496877,public_invoice,MATCHED
uci_496881,uci_bank_496881,uci_ledger_496881,public_invoice,MATCHED
uci_496882,uci_bank_496882,uci_ledger_496882,public_invoice,MATCHED
uci_496900,uci_bank_496900,uci_ledger_496900,public_invoice,MATCHED
uci_496904,uci_bank_496904,uci_ledger_496904,public_invoice,MATCHED
uci_496907,uci_bank_496907,uci_ledger_496907,public_invoice,MATCHED
uci_496911,uci_bank_496911,uci_ledger_496911,public_invoice,MATCHED
uci_496912,uci_bank_496912,uci_ledger_496912,public_invoice,MATCHED
uci_496913,uci_bank_496913,uci_ledger_496913,public_invoice,MATCHED
uci_496914,uci_bank_496914,uci_ledger_496914,public_invoice,MATCHED
uci_496915,uci_bank_496915,uci_ledger_496915,public_invoice,MATCHED
uci_496916,uci_bank_496916,uci_ledger_496916,public_invoice,MATCHED
uci_496917,uci_bank_496917,uci_ledger_496917,public_invoice,MATCHED
uci_496918,uci_bank_496918,uci_ledger_496918,public_invoice,MATCHED
uci_496919,uci_bank_496919,uci_ledger_496919,public_invoice,MATCHED
uci_496921,uci_bank_496921,uci_ledger_496921,public_invoice,MATCHED
uci_496920,uci_bank_496920,uci_ledger_496920,public_invoice,MATCHED
uci_496925,uci_bank_496925,uci_ledger_496925,public_invoice,MATCHED
uci_496926,uci_bank_496926,uci_ledger_496926,public_invoice,MATCHED
uci_496927,uci_bank_496927,uci_ledger_496927,public_invoice,MATCHED
uci_496928,uci_bank_496928,uci_ledger_496928,public_invoice,MATCHED
uci_496929,uci_bank_496929,uci_ledger_496929,public_invoice,MATCHED
uci_496930,uci_bank_496930,uci_ledger_496930,public_invoice,MATCHED
uci_496931,uci_bank_496931,uci_ledger_496931,public_invoice,MATCHED
uci_496932,uci_bank_496932,uci_ledger_496932,public_invoice,MATCHED
uci_496933,uci_bank_496933,uci_ledger_496933,public_invoice,MATCHED
uci_496934,uci_bank_496934,uci_ledger_496934,public_invoice,MATCHED
uci_496935,uci_bank_496935,uci_ledger_496935,public_invoice,MATCHED
uci_496944,uci_bank_496944,uci_ledger_496944,public_invoice,MATCHED
uci_496945,uci_bank_496945,uci_ledger_496945,public_invoice,MATCHED
uci_496946,uci_bank_496946,uci_ledger_496946,public_invoice,MATCHED
uci_496947,uci_bank_496947,uci_ledger_496947,public_invoice,MATCHED
uci_496948,uci_bank_496948,uci_ledger_496948,public_invoice,MATCHED
uci_496949,uci_bank_496949,uci_ledger_496949,public_invoice,MATCHED
uci_496959,uci_bank_496959,uci_ledger_496959,public_invoice,MATCHED
uci_496961,uci_bank_496961,uci_ledger_496961,public_invoice,MATCHED
uci_496962,uci_bank_496962,uci_ledger_496962,public_invoice,MATCHED
uci_496963,uci_bank_496963,uci_ledger_496963,public_invoice,MATCHED
uci_496972,uci_bank_496972,uci_ledger_496972,public_invoice,MATCHED
uci_496973,uci_bank_496973,uci_ledger_496973,public_invoice,MATCHED
uci_496974,uci_bank_496974,uci_ledger_496974,public_invoice,MATCHED
uci_496975,uci_bank_496975,uci_ledger_496975,public_invoice,MATCHED
uci_496976,uci_bank_496976,uci_ledger_496976,public_invoice,MATCHED
uci_496977,uci_bank_496977,uci_ledger_496977,public_invoice,MATCHED
uci_496978,uci_bank_496978,uci_ledger_496978,public_invoice,MATCHED
uci_496980,uci_bank_496980,uci_ledger_496980,public_invoice,MATCHED
uci_496981,uci_bank_496981,uci_ledger_496981,public_invoice,MATCHED
uci_496982,uci_bank_496982,uci_ledger_496982,public_invoice,MATCHED
uci_496987,uci_bank_496987,uci_ledger_496987,public_invoice,MATCHED
uci_496990,uci_bank_496990,uci_ledger_496990,public_invoice,MATCHED
uci_496994,uci_bank_496994,uci_ledger_496994,public_invoice,MATCHED
uci_496996,uci_bank_496996,uci_ledger_496996,public_invoice,MATCHED
uci_497000,uci_bank_497000,uci_ledger_497000,public_invoice,MATCHED
uci_497002,uci_bank_497002,uci_ledger_497002,public_invoice,MATCHED
uci_497004,uci_bank_497004,uci_ledger_497004,public_invoice,MATCHED
uci_497005,uci_bank_497005,uci_ledger_497005,public_invoice,MATCHED
uci_497006,uci_bank_497006,uci_ledger_497006,public_invoice,MATCHED
uci_497007,uci_bank_497007,uci_ledger_497007,public_invoice,MATCHED
uci_497025,uci_bank_497025,uci_ledger_497025,public_invoice,MATCHED
uci_497027,uci_bank_497027,uci_ledger_497027,public_invoice,MATCHED
uci_497029,uci_bank_497029,uci_ledger_497029,public_invoice,MATCHED
uci_497030,uci_bank_497030,uci_ledger_497030,public_invoice,MATCHED
uci_497031,uci_bank_497031,uci_ledger_497031,public_invoice,MATCHED
uci_497033,uci_bank_497033,uci_ledger_497033,public_invoice,MATCHED
uci_497035,uci_bank_497035,uci_ledger_497035,public_invoice,MATCHED
uci_497036,uci_bank_497036,uci_ledger_497036,public_invoice,MATCHED
uci_497039,uci_bank_497039,uci_ledger_497039,public_invoice,MATCHED
uci_497043,uci_bank_497043,uci_ledger_497043,public_invoice,MATCHED
uci_497056,uci_bank_497056,uci_ledger_497056,public_invoice,MATCHED
uci_497073,uci_bank_497073,uci_ledger_497073,public_invoice,MATCHED
uci_497084,uci_bank_497084,uci_ledger_497084,public_invoice,MATCHED
uci_497100,uci_bank_497100,uci_ledger_497100,public_invoice,MATCHED
uci_497106,uci_bank_497106,uci_ledger_497106,public_invoice,MATCHED
uci_497124,uci_bank_497124,uci_ledger_497124,public_invoice,MATCHED
uci_497152,uci_bank_497152,uci_ledger_497152,public_invoice,MATCHED
uci_497157,uci_bank_497157,uci_ledger_497157,public_invoice,MATCHED
uci_497163,uci_bank_497163,uci_ledger_497163,public_invoice,MATCHED
uci_497195,uci_bank_497195,uci_ledger_497195,public_invoice,MATCHED
uci_497196,uci_bank_497196,uci_ledger_497196,public_invoice,MATCHED
uci_497197,uci_bank_497197,uci_ledger_497197,public_invoice,MATCHED
uci_497198,uci_bank_497198,uci_ledger_497198,public_invoice,MATCHED
uci_497200,uci_bank_497200,uci_ledger_497200,public_invoice,MATCHED
uci_497201,uci_bank_497201,uci_ledger_497201,public_invoice,MATCHED
uci_497202,uci_bank_497202,uci_ledger_497202,public_invoice,MATCHED
uci_497203,uci_bank_497203,uci_ledger_497203,public_invoice,MATCHED
uci_497204,uci_bank_497204,uci_ledger_497204,public_invoice,MATCHED
uci_497205,uci_bank_497205,uci_ledger_497205,public_invoice,MATCHED
uci_497207,uci_bank_497207,uci_ledger_497207,public_invoice,MATCHED
uci_497208,uci_bank_497208,uci_ledger_497208,public_invoice,MATCHED
uci_497209,uci_bank_497209,uci_ledger_497209,public_invoice,MATCHED
uci_497211,uci_bank_497211,uci_ledger_497211,public_invoice,MATCHED
uci_497210,uci_bank_497210,uci_ledger_497210,public_invoice,MATCHED
uci_497212,uci_bank_497212,uci_ledger_497212,public_invoice,MATCHED
uci_497213,uci_bank_497213,uci_ledger_497213,public_invoice,MATCHED
uci_497214,uci_bank_497214,uci_ledger_497214,public_invoice,MATCHED
uci_497215,uci_bank_497215,uci_ledger_497215,public_invoice,MATCHED
uci_497218,uci_bank_497218,uci_ledger_497218,public_invoice,MATCHED
uci_497216,uci_bank_497216,uci_ledger_497216,public_invoice,MATCHED
uci_497217,uci_bank_497217,uci_ledger_497217,public_invoice,MATCHED
uci_497219,uci_bank_497219,uci_ledger_497219,public_invoice,MATCHED
uci_497221,uci_bank_497221,uci_ledger_497221,public_invoice,MATCHED
uci_497222,uci_bank_497222,uci_ledger_497222,public_invoice,MATCHED
uci_497223,uci_bank_497223,uci_ledger_497223,public_invoice,MATCHED
uci_497225,uci_bank_497225,uci_ledger_497225,public_invoice,MATCHED
uci_497226,uci_bank_497226,uci_ledger_497226,public_invoice,MATCHED
uci_497227,uci_bank_497227,uci_ledger_497227,public_invoice,MATCHED
uci_497228,uci_bank_497228,uci_ledger_497228,public_invoice,MATCHED
uci_497229,uci_bank_497229,uci_ledger_497229,public_invoice,MATCHED
uci_497230,uci_bank_497230,uci_ledger_497230,public_invoice,MATCHED
uci_497233,uci_bank_497233,uci_ledger_497233,public_invoice,MATCHED
uci_497234,uci_bank_497234,uci_ledger_497234,public_invoice,MATCHED
uci_497235,uci_bank_497235,uci_ledger_497235,public_invoice,MATCHED
uci_497236,uci_bank_497236,uci_ledger_497236,public_invoice,MATCHED
uci_497237,uci_bank_497237,uci_ledger_497237,public_invoice,MATCHED
uci_497238,uci_bank_497238,uci_ledger_497238,public_invoice,MATCHED
uci_497240,uci_bank_497240,uci_ledger_497240,public_invoice,MATCHED
uci_497242,uci_bank_497242,uci_ledger_497242,public_invoice,MATCHED
uci_497244,uci_bank_497244,uci_ledger_497244,public_invoice,MATCHED
uci_497247,uci_bank_497247,uci_ledger_497247,public_invoice,MATCHED
uci_497249,uci_bank_497249,uci_ledger_497249,public_invoice,MATCHED
uci_497250,uci_bank_497250,uci_ledger_497250,public_invoice,MATCHED
uci_497251,uci_bank_497251,uci_ledger_497251,public_invoice,MATCHED
uci_497252,uci_bank_497252,uci_ledger_497252,public_invoice,MATCHED
uci_497253,uci_bank_497253,uci_ledger_497253,public_invoice,MATCHED
uci_497254,uci_bank_497254,uci_ledger_497254,public_invoice,MATCHED
uci_497256,uci_bank_497256,uci_ledger_497256,public_invoice,MATCHED
uci_497257,uci_bank_497257,uci_ledger_497257,public_invoice,MATCHED
uci_497258,uci_bank_497258,uci_ledger_497258,public_invoice,MATCHED
uci_497259,uci_bank_497259,uci_ledger_497259,public_invoice,MATCHED
uci_497261,uci_bank_497261,uci_ledger_497261,public_invoice,MATCHED
uci_497263,uci_bank_497263,uci_ledger_497263,public_invoice,MATCHED
uci_497264,uci_bank_497264,uci_ledger_497264,public_invoice,MATCHED
uci_497265,uci_bank_497265,uci_ledger_497265,public_invoice,MATCHED
uci_497266,uci_bank_497266,uci_ledger_497266,public_invoice,MATCHED
uci_497267,uci_bank_497267,uci_ledger_497267,public_invoice,MATCHED
uci_497269,uci_bank_497269,uci_ledger_497269,public_invoice,MATCHED
uci_497272,uci_bank_497272,uci_ledger_497272,public_invoice,MATCHED
uci_497274,uci_bank_497274,uci_ledger_497274,public_invoice,MATCHED
uci_497284,uci_bank_497284,uci_ledger_497284,public_invoice,MATCHED
uci_497312,uci_bank_497312,uci_ledger_497312,public_invoice,MATCHED
uci_497334,uci_bank_497334,uci_ledger_497334,public_invoice,MATCHED
uci_497335,uci_bank_497335,uci_ledger_497335,public_invoice,MATCHED
uci_497336,uci_bank_497336,uci_ledger_497336,public_invoice,MATCHED
uci_497337,uci_bank_497337,uci_ledger_497337,public_invoice,MATCHED
uci_497339,uci_bank_497339,uci_ledger_497339,public_invoice,MATCHED
uci_497340,uci_bank_497340,uci_ledger_497340,public_invoice,MATCHED
uci_497341,uci_bank_497341,uci_ledger_497341,public_invoice,MATCHED
uci_497342,uci_bank_497342,uci_ledger_497342,public_invoice,MATCHED
uci_497345,uci_bank_497345,uci_ledger_497345,public_invoice,MATCHED
uci_497346,uci_bank_497346,uci_ledger_497346,public_invoice,MATCHED
uci_497347,uci_bank_497347,uci_ledger_497347,public_invoice,MATCHED
uci_497348,uci_bank_497348,uci_ledger_497348,public_invoice,MATCHED
uci_497349,uci_bank_497349,uci_ledger_497349,public_invoice,MATCHED
uci_497351,uci_bank_497351,uci_ledger_497351,public_invoice,MATCHED
uci_497358,uci_bank_497358,uci_ledger_497358,public_invoice,MATCHED
uci_497359,uci_bank_497359,uci_ledger_497359,public_invoice,MATCHED
uci_497360,uci_bank_497360,uci_ledger_497360,public_invoice,MATCHED
uci_497362,uci_bank_497362,uci_ledger_497362,public_invoice,MATCHED
uci_497363,uci_bank_497363,uci_ledger_497363,public_invoice,MATCHED
uci_497364,uci_bank_497364,uci_ledger_497364,public_invoice,MATCHED
uci_497365,uci_bank_497365,uci_ledger_497365,public_invoice,MATCHED
uci_497366,uci_bank_497366,uci_ledger_497366,public_invoice,MATCHED
uci_497367,uci_bank_497367,uci_ledger_497367,public_invoice,MATCHED
uci_497368,uci_bank_497368,uci_ledger_497368,public_invoice,MATCHED
uci_497369,uci_bank_497369,uci_ledger_497369,public_invoice,MATCHED
uci_497370,uci_bank_497370,uci_ledger_497370,public_invoice,MATCHED
uci_497371,uci_bank_497371,uci_ledger_497371,public_invoice,MATCHED
uci_497372,uci_bank_497372,uci_ledger_497372,public_invoice,MATCHED
uci_497373,uci_bank_497373,uci_ledger_497373,public_invoice,MATCHED
uci_497374,uci_bank_497374,uci_ledger_497374,public_invoice,MATCHED
uci_497376,uci_bank_497376,uci_ledger_497376,public_invoice,MATCHED
uci_497377,uci_bank_497377,uci_ledger_497377,public_invoice,MATCHED
uci_497378,uci_bank_497378,uci_ledger_497378,public_invoice,MATCHED
uci_497379,uci_bank_497379,uci_ledger_497379,public_invoice,MATCHED
uci_497380,uci_bank_497380,uci_ledger_497380,public_invoice,MATCHED
uci_497382,uci_bank_497382,uci_ledger_497382,public_invoice,MATCHED
uci_497383,uci_bank_497383,uci_ledger_497383,public_invoice,MATCHED
uci_497384,uci_bank_497384,uci_ledger_497384,public_invoice,MATCHED
uci_497385,uci_bank_497385,uci_ledger_497385,public_invoice,MATCHED
uci_497386,uci_bank_497386,uci_ledger_497386,public_invoice,MATCHED
uci_497387,uci_bank_497387,uci_ledger_497387,public_invoice,MATCHED
uci_497388,uci_bank_497388,uci_ledger_497388,public_invoice,MATCHED
uci_497389,uci_bank_497389,uci_ledger_497389,public_invoice,MATCHED
uci_497390,uci_bank_497390,uci_ledger_497390,public_invoice,MATCHED
uci_497391,uci_bank_497391,uci_ledger_497391,public_invoice,MATCHED
uci_497392,uci_bank_497392,uci_ledger_497392,public_invoice,MATCHED
uci_497393,uci_bank_497393,uci_ledger_497393,public_invoice,MATCHED
uci_497394,uci_bank_497394,uci_ledger_497394,public_invoice,MATCHED
uci_497395,uci_bank_497395,uci_ledger_497395,public_invoice,MATCHED
uci_497396,uci_bank_497396,uci_ledger_497396,public_invoice,MATCHED
uci_497397,uci_bank_497397,uci_ledger_497397,public_invoice,MATCHED
uci_497398,uci_bank_497398,uci_ledger_497398,public_invoice,MATCHED
uci_497399,uci_bank_497399,uci_ledger_497399,public_invoice,MATCHED
uci_497400,uci_bank_497400,uci_ledger_497400,public_invoice,MATCHED
uci_497401,uci_bank_497401,uci_ledger_497401,public_invoice,MATCHED
uci_497402,uci_bank_497402,uci_ledger_497402,public_invoice,MATCHED
uci_497403,uci_bank_497403,uci_ledger_497403,public_invoice,MATCHED
uci_497405,uci_bank_497405,uci_ledger_497405,public_invoice,MATCHED
uci_497404,uci_bank_497404,uci_ledger_497404,public_invoice,MATCHED
uci_497433,uci_bank_497433,uci_ledger_497433,public_invoice,MATCHED
uci_497473,uci_bank_497473,uci_ledger_497473,public_invoice,MATCHED
uci_497475,uci_bank_497475,uci_ledger_497475,public_invoice,MATCHED
uci_497485,uci_bank_497485,uci_ledger_497485,public_invoice,MATCHED
uci_497486,uci_bank_497486,uci_ledger_497486,public_invoice,MATCHED
uci_497488,uci_bank_497488,uci_ledger_497488,public_invoice,MATCHED
uci_497489,uci_bank_497489,uci_ledger_497489,public_invoice,MATCHED
uci_497494,uci_bank_497494,uci_ledger_497494,public_invoice,MATCHED
uci_497495,uci_bank_497495,uci_ledger_497495,public_invoice,MATCHED
uci_497496,uci_bank_497496,uci_ledger_497496,public_invoice,MATCHED
uci_497497,uci_bank_497497,uci_ledger_497497,public_invoice,MATCHED
uci_497498,uci_bank_497498,uci_ledger_497498,public_invoice,MATCHED
uci_497499,uci_bank_497499,uci_ledger_497499,public_invoice,MATCHED
uci_497500,uci_bank_497500,uci_ledger_497500,public_invoice,MATCHED
uci_497501,uci_bank_497501,uci_ledger_497501,public_invoice,MATCHED
uci_497504,uci_bank_497504,uci_ledger_497504,public_invoice,MATCHED
uci_497506,uci_bank_497506,uci_ledger_497506,public_invoice,MATCHED
uci_497508,uci_bank_497508,uci_ledger_497508,public_invoice,MATCHED
uci_497509,uci_bank_497509,uci_ledger_497509,public_invoice,MATCHED
uci_497510,uci_bank_497510,uci_ledger_497510,public_invoice,MATCHED
uci_497511,uci_bank_497511,uci_ledger_497511,public_invoice,MATCHED
uci_497512,uci_bank_497512,uci_ledger_497512,public_invoice,MATCHED
uci_497517,uci_bank_497517,uci_ledger_497517,public_invoice,MATCHED
uci_497518,uci_bank_497518,uci_ledger_497518,public_invoice,MATCHED
uci_497519,uci_bank_497519,uci_ledger_497519,public_invoice,MATCHED
uci_497521,uci_bank_497521,uci_ledger_497521,public_invoice,MATCHED
uci_497522,uci_bank_497522,uci_ledger_497522,public_invoice,MATCHED
uci_497523,uci_bank_497523,uci_ledger_497523,public_invoice,MATCHED
uci_497525,uci_bank_497525,uci_ledger_497525,public_invoice,MATCHED
uci_497572,uci_bank_497572,uci_ledger_497572,public_invoice,MATCHED
uci_497574,uci_bank_497574,uci_ledger_497574,public_invoice,MATCHED
uci_497583,uci_bank_497583,uci_ledger_497583,public_invoice,MATCHED
uci_497588,uci_bank_497588,uci_ledger_497588,public_invoice,MATCHED
uci_497589,uci_bank_497589,uci_ledger_497589,public_invoice,MATCHED
uci_497592,uci_bank_497592,uci_ledger_497592,public_invoice,MATCHED
uci_497594,uci_bank_497594,uci_ledger_497594,public_invoice,MATCHED
uci_497593,uci_bank_497593,uci_ledger_497593,public_invoice,MATCHED
uci_497596,uci_bank_497596,uci_ledger_497596,public_invoice,MATCHED
uci_497597,uci_bank_497597,uci_ledger_497597,public_invoice,MATCHED
uci_497600,uci_bank_497600,uci_ledger_497600,public_invoice,MATCHED
uci_497601,uci_bank_497601,uci_ledger_497601,public_invoice,MATCHED
uci_497602,uci_bank_497602,uci_ledger_497602,public_invoice,MATCHED
uci_497603,uci_bank_497603,uci_ledger_497603,public_invoice,MATCHED
uci_497604,uci_bank_497604,uci_ledger_497604,public_invoice,MATCHED
uci_497605,uci_bank_497605,uci_ledger_497605,public_invoice,MATCHED
uci_497606,uci_bank_497606,uci_ledger_497606,public_invoice,MATCHED
uci_497607,uci_bank_497607,uci_ledger_497607,public_invoice,MATCHED
uci_497608,uci_bank_497608,uci_ledger_497608,public_invoice,MATCHED
uci_497609,uci_bank_497609,uci_ledger_497609,public_invoice,MATCHED
uci_497610,uci_bank_497610,uci_ledger_497610,public_invoice,MATCHED
uci_497612,uci_bank_497612,uci_ledger_497612,public_invoice,MATCHED
uci_497615,uci_bank_497615,uci_ledger_497615,public_invoice,MATCHED
uci_497618,uci_bank_497618,uci_ledger_497618,public_invoice,MATCHED
uci_497619,uci_bank_497619,uci_ledger_497619,public_invoice,MATCHED
uci_497620,uci_bank_497620,uci_ledger_497620,public_invoice,MATCHED
uci_497622,uci_bank_497622,uci_ledger_497622,public_invoice,MATCHED
uci_497623,uci_bank_497623,uci_ledger_497623,public_invoice,MATCHED
uci_497624,uci_bank_497624,uci_ledger_497624,public_invoice,MATCHED
uci_497625,uci_bank_497625,uci_ledger_497625,public_invoice,MATCHED
uci_497628,uci_bank_497628,uci_ledger_497628,public_invoice,MATCHED
uci_497629,uci_bank_497629,uci_ledger_497629,public_invoice,MATCHED
uci_497630,uci_bank_497630,uci_ledger_497630,public_invoice,MATCHED
uci_497632,uci_bank_497632,uci_ledger_497632,public_invoice,MATCHED
uci_497636,uci_bank_497636,uci_ledger_497636,public_invoice,MATCHED
uci_497644,uci_bank_497644,uci_ledger_497644,public_invoice,MATCHED
uci_497652,uci_bank_497652,uci_ledger_497652,public_invoice,MATCHED
uci_497662,uci_bank_497662,uci_ledger_497662,public_invoice,MATCHED
uci_497670,uci_bank_497670,uci_ledger_497670,public_invoice,MATCHED
uci_497677,uci_bank_497677,uci_ledger_497677,public_invoice,MATCHED
uci_497678,uci_bank_497678,uci_ledger_497678,public_invoice,MATCHED
uci_497680,uci_bank_497680,uci_ledger_497680,public_invoice,MATCHED
uci_497681,uci_bank_497681,uci_ledger_497681,public_invoice,MATCHED
uci_497682,uci_bank_497682,uci_ledger_497682,public_invoice,MATCHED
uci_497683,uci_bank_497683,uci_ledger_497683,public_invoice,MATCHED
uci_497684,uci_bank_497684,uci_ledger_497684,public_invoice,MATCHED
uci_497690,uci_bank_497690,uci_ledger_497690,public_invoice,MATCHED
uci_497691,uci_bank_497691,uci_ledger_497691,public_invoice,MATCHED
uci_497692,uci_bank_497692,uci_ledger_497692,public_invoice,MATCHED
uci_497696,uci_bank_497696,uci_ledger_497696,public_invoice,MATCHED
uci_497706,uci_bank_497706,uci_ledger_497706,public_invoice,MATCHED
uci_497711,uci_bank_497711,uci_ledger_497711,public_invoice,MATCHED
uci_497715,uci_bank_497715,uci_ledger_497715,public_invoice,MATCHED
uci_497716,uci_bank_497716,uci_ledger_497716,public_invoice,MATCHED
uci_497732,uci_bank_497732,uci_ledger_497732,public_invoice,MATCHED
uci_497733,uci_bank_497733,uci_ledger_497733,public_invoice,MATCHED
uci_497734,uci_bank_497734,uci_ledger_497734,public_invoice,MATCHED
uci_497735,uci_bank_497735,uci_ledger_497735,public_invoice,MATCHED
uci_497736,uci_bank_497736,uci_ledger_497736,public_invoice,MATCHED
uci_497738,uci_bank_497738,uci_ledger_497738,public_invoice,MATCHED
uci_497739,uci_bank_497739,uci_ledger_497739,public_invoice,MATCHED
uci_497740,uci_bank_497740,uci_ledger_497740,public_invoice,MATCHED
uci_497741,uci_bank_497741,uci_ledger_497741,public_invoice,MATCHED
uci_497742,uci_bank_497742,uci_ledger_497742,public_invoice,MATCHED
uci_497743,uci_bank_497743,uci_ledger_497743,public_invoice,MATCHED
uci_497786,uci_bank_497786,uci_ledger_497786,public_invoice,MATCHED
uci_497787,uci_bank_497787,uci_ledger_497787,public_invoice,MATCHED
uci_497788,uci_bank_497788,uci_ledger_497788,public_invoice,MATCHED
uci_497791,uci_bank_497791,uci_ledger_497791,public_invoice,MATCHED
uci_497794,uci_bank_497794,uci_ledger_497794,public_invoice,MATCHED
uci_497795,uci_bank_497795,uci_ledger_497795,public_invoice,MATCHED
uci_497796,uci_bank_497796,uci_ledger_497796,public_invoice,MATCHED
uci_497798,uci_bank_497798,uci_ledger_497798,public_invoice,MATCHED
uci_497799,uci_bank_497799,uci_ledger_497799,public_invoice,MATCHED
uci_497802,uci_bank_497802,uci_ledger_497802,public_invoice,MATCHED
uci_497807,uci_bank_497807,uci_ledger_497807,public_invoice,MATCHED
uci_497808,uci_bank_497808,uci_ledger_497808,public_invoice,MATCHED
uci_497809,uci_bank_497809,uci_ledger_497809,public_invoice,MATCHED
uci_497812,uci_bank_497812,uci_ledger_497812,public_invoice,MATCHED
uci_497816,uci_bank_497816,uci_ledger_497816,public_invoice,MATCHED
uci_497817,uci_bank_497817,uci_ledger_497817,public_invoice,MATCHED
uci_497839,uci_bank_497839,uci_ledger_497839,public_invoice,MATCHED
uci_497840,uci_bank_497840,uci_ledger_497840,public_invoice,MATCHED
uci_497842,uci_bank_497842,uci_ledger_497842,public_invoice,MATCHED
uci_497844,uci_bank_497844,uci_ledger_497844,public_invoice,MATCHED
uci_497846,uci_bank_497846,uci_ledger_497846,public_invoice,MATCHED
uci_497874,uci_bank_497874,uci_ledger_497874,public_invoice,MATCHED
uci_497875,uci_bank_497875,uci_ledger_497875,public_invoice,MATCHED
uci_497876,uci_bank_497876,uci_ledger_497876,public_invoice,MATCHED
uci_497879,uci_bank_497879,uci_ledger_497879,public_invoice,MATCHED
uci_497880,uci_bank_497880,uci_ledger_497880,public_invoice,MATCHED
uci_497881,uci_bank_497881,uci_ledger_497881,public_invoice,MATCHED
uci_497882,uci_bank_497882,uci_ledger_497882,public_invoice,MATCHED
uci_497883,uci_bank_497883,uci_ledger_497883,public_invoice,MATCHED
uci_497884,uci_bank_497884,uci_ledger_497884,public_invoice,MATCHED
uci_497885,uci_bank_497885,uci_ledger_497885,public_invoice,MATCHED
uci_497887,uci_bank_497887,uci_ledger_497887,public_invoice,MATCHED
uci_497888,uci_bank_497888,uci_ledger_497888,public_invoice,MATCHED
uci_497889,uci_bank_497889,uci_ledger_497889,public_invoice,MATCHED
uci_497891,uci_bank_497891,uci_ledger_497891,public_invoice,MATCHED
uci_497892,uci_bank_497892,uci_ledger_497892,public_invoice,MATCHED
uci_497890,uci_bank_497890,uci_ledger_497890,public_invoice,MATCHED
uci_497893,uci_bank_497893,uci_ledger_497893,public_invoice,MATCHED
uci_497894,uci_bank_497894,uci_ledger_497894,public_invoice,MATCHED
uci_497895,uci_bank_497895,uci_ledger_497895,public_invoice,MATCHED
uci_497896,uci_bank_497896,uci_ledger_497896,public_invoice,MATCHED
uci_497897,uci_bank_497897,uci_ledger_497897,public_invoice,MATCHED
uci_497898,uci_bank_497898,uci_ledger_497898,public_invoice,MATCHED
uci_497899,uci_bank_497899,uci_ledger_497899,public_invoice,MATCHED
uci_497901,uci_bank_497901,uci_ledger_497901,public_invoice,MATCHED
uci_497902,uci_bank_497902,uci_ledger_497902,public_invoice,MATCHED
uci_497903,uci_bank_497903,uci_ledger_497903,public_invoice,MATCHED
uci_497905,uci_bank_497905,uci_ledger_497905,public_invoice,MATCHED
uci_497906,uci_bank_497906,uci_ledger_497906,public_invoice,MATCHED
uci_497907,uci_bank_497907,uci_ledger_497907,public_invoice,MATCHED
uci_497908,uci_bank_497908,uci_ledger_497908,public_invoice,MATCHED
uci_497909,uci_bank_497909,uci_ledger_497909,public_invoice,MATCHED
uci_497910,uci_bank_497910,uci_ledger_497910,public_invoice,MATCHED
uci_497911,uci_bank_497911,uci_ledger_497911,public_invoice,MATCHED
uci_497912,uci_bank_497912,uci_ledger_497912,public_invoice,MATCHED
uci_497913,uci_bank_497913,uci_ledger_497913,public_invoice,MATCHED
uci_497914,uci_bank_497914,uci_ledger_497914,public_invoice,MATCHED
uci_497915,uci_bank_497915,uci_ledger_497915,public_invoice,MATCHED
uci_497916,uci_bank_497916,uci_ledger_497916,public_invoice,MATCHED
uci_497917,uci_bank_497917,uci_ledger_497917,public_invoice,MATCHED
uci_497918,uci_bank_497918,uci_ledger_497918,public_invoice,MATCHED
uci_497919,uci_bank_497919,uci_ledger_497919,public_invoice,MATCHED
uci_497920,uci_bank_497920,uci_ledger_497920,public_invoice,MATCHED
uci_497921,uci_bank_497921,uci_ledger_497921,public_invoice,MATCHED
uci_497922,uci_bank_497922,uci_ledger_497922,public_invoice,MATCHED
uci_497923,uci_bank_497923,uci_ledger_497923,public_invoice,MATCHED
uci_497925,uci_bank_497925,uci_ledger_497925,public_invoice,MATCHED
uci_497926,uci_bank_497926,uci_ledger_497926,public_invoice,MATCHED
uci_497928,uci_bank_497928,uci_ledger_497928,public_invoice,MATCHED
uci_497929,uci_bank_497929,uci_ledger_497929,public_invoice,MATCHED
uci_497931,uci_bank_497931,uci_ledger_497931,public_invoice,MATCHED
uci_497932,uci_bank_497932,uci_ledger_497932,public_invoice,MATCHED
uci_497933,uci_bank_497933,uci_ledger_497933,public_invoice,MATCHED
uci_497934,uci_bank_497934,uci_ledger_497934,public_invoice,MATCHED
uci_497935,uci_bank_497935,uci_ledger_497935,public_invoice,MATCHED
uci_497936,uci_bank_497936,uci_ledger_497936,public_invoice,MATCHED
uci_497937,uci_bank_497937,uci_ledger_497937,public_invoice,MATCHED
uci_497939,uci_bank_497939,uci_ledger_497939,public_invoice,MATCHED
uci_497941,uci_bank_497941,uci_ledger_497941,public_invoice,MATCHED
uci_497942,uci_bank_497942,uci_ledger_497942,public_invoice,MATCHED
uci_497943,uci_bank_497943,uci_ledger_497943,public_invoice,MATCHED
uci_497944,uci_bank_497944,uci_ledger_497944,public_invoice,MATCHED
uci_497946,uci_bank_497946,uci_ledger_497946,public_invoice,MATCHED
uci_497947,uci_bank_497947,uci_ledger_497947,public_invoice,MATCHED
uci_497948,uci_bank_497948,uci_ledger_497948,public_invoice,MATCHED
uci_497949,uci_bank_497949,uci_ledger_497949,public_invoice,MATCHED
uci_497950,uci_bank_497950,uci_ledger_497950,public_invoice,MATCHED
uci_497952,uci_bank_497952,uci_ledger_497952,public_invoice,MATCHED
uci_497953,uci_bank_497953,uci_ledger_497953,public_invoice,MATCHED
uci_497954,uci_bank_497954,uci_ledger_497954,public_invoice,MATCHED
uci_497955,uci_bank_497955,uci_ledger_497955,public_invoice,MATCHED
uci_497956,uci_bank_497956,uci_ledger_497956,public_invoice,MATCHED
uci_497957,uci_bank_497957,uci_ledger_497957,public_invoice,MATCHED
uci_497958,uci_bank_497958,uci_ledger_497958,public_invoice,MATCHED
uci_497959,uci_bank_497959,uci_ledger_497959,public_invoice,MATCHED
uci_497963,uci_bank_497963,uci_ledger_497963,public_invoice,MATCHED
uci_497966,uci_bank_497966,uci_ledger_497966,public_invoice,MATCHED
uci_497969,uci_bank_497969,uci_ledger_497969,public_invoice,MATCHED
uci_497983,uci_bank_497983,uci_ledger_497983,public_invoice,MATCHED
uci_498012,uci_bank_498012,uci_ledger_498012,public_invoice,MATCHED
uci_498013,uci_bank_498013,uci_ledger_498013,public_invoice,MATCHED
uci_498014,uci_bank_498014,uci_ledger_498014,public_invoice,MATCHED
uci_498015,uci_bank_498015,uci_ledger_498015,public_invoice,MATCHED
uci_498018,uci_bank_498018,uci_ledger_498018,public_invoice,MATCHED
uci_498019,uci_bank_498019,uci_ledger_498019,public_invoice,MATCHED
uci_498020,uci_bank_498020,uci_ledger_498020,public_invoice,MATCHED
uci_498021,uci_bank_498021,uci_ledger_498021,public_invoice,MATCHED
uci_498022,uci_bank_498022,uci_ledger_498022,public_invoice,MATCHED
uci_498025,uci_bank_498025,uci_ledger_498025,public_invoice,MATCHED
uci_498026,uci_bank_498026,uci_ledger_498026,public_invoice,MATCHED
uci_498027,uci_bank_498027,uci_ledger_498027,public_invoice,MATCHED
uci_498028,uci_bank_498028,uci_ledger_498028,public_invoice,MATCHED
uci_498029,uci_bank_498029,uci_ledger_498029,public_invoice,MATCHED
uci_498035,uci_bank_498035,uci_ledger_498035,public_invoice,MATCHED
uci_498037,uci_bank_498037,uci_ledger_498037,public_invoice,MATCHED
uci_498041,uci_bank_498041,uci_ledger_498041,public_invoice,MATCHED
uci_498042,uci_bank_498042,uci_ledger_498042,public_invoice,MATCHED
uci_498043,uci_bank_498043,uci_ledger_498043,public_invoice,MATCHED
uci_498044,uci_bank_498044,uci_ledger_498044,public_invoice,MATCHED
uci_498045,uci_bank_498045,uci_ledger_498045,public_invoice,MATCHED
uci_498046,uci_bank_498046,uci_ledger_498046,public_invoice,MATCHED
uci_498047,uci_bank_498047,uci_ledger_498047,public_invoice,MATCHED
uci_498048,uci_bank_498048,uci_ledger_498048,public_invoice,MATCHED
uci_498049,uci_bank_498049,uci_ledger_498049,public_invoice,MATCHED
uci_498052,uci_bank_498052,uci_ledger_498052,public_invoice,MATCHED
uci_498053,uci_bank_498053,uci_ledger_498053,public_invoice,MATCHED
uci_498054,uci_bank_498054,uci_ledger_498054,public_invoice,MATCHED
uci_498055,uci_bank_498055,uci_ledger_498055,public_invoice,MATCHED
uci_498060,uci_bank_498060,uci_ledger_498060,public_invoice,MATCHED
uci_498070,uci_bank_498070,uci_ledger_498070,public_invoice,MATCHED
uci_498078,uci_bank_498078,uci_ledger_498078,public_invoice,MATCHED
uci_498089,uci_bank_498089,uci_ledger_498089,public_invoice,MATCHED
uci_498090,uci_bank_498090,uci_ledger_498090,public_invoice,MATCHED
uci_498091,uci_bank_498091,uci_ledger_498091,public_invoice,MATCHED
uci_498093,uci_bank_498093,uci_ledger_498093,public_invoice,MATCHED
uci_498094,uci_bank_498094,uci_ledger_498094,public_invoice,MATCHED
uci_498095,uci_bank_498095,uci_ledger_498095,public_invoice,MATCHED
uci_498096,uci_bank_498096,uci_ledger_498096,public_invoice,MATCHED
uci_498097,uci_bank_498097,uci_ledger_498097,public_invoice,MATCHED
uci_498098,uci_bank_498098,uci_ledger_498098,public_invoice,MATCHED
uci_498099,uci_bank_498099,uci_ledger_498099,public_invoice,MATCHED
uci_498100,uci_bank_498100,uci_ledger_498100,public_invoice,MATCHED
uci_498101,uci_bank_498101,uci_ledger_498101,public_invoice,MATCHED
uci_498102,uci_bank_498102,uci_ledger_498102,public_invoice,MATCHED
uci_498103,uci_bank_498103,uci_ledger_498103,public_invoice,MATCHED
uci_498104,uci_bank_498104,uci_ledger_498104,public_invoice,MATCHED
uci_498105,uci_bank_498105,uci_ledger_498105,public_invoice,MATCHED
uci_498106,uci_bank_498106,uci_ledger_498106,public_invoice,MATCHED
uci_498107,uci_bank_498107,uci_ledger_498107,public_invoice,MATCHED
uci_498108,uci_bank_498108,uci_ledger_498108,public_invoice,MATCHED
uci_498110,uci_bank_498110,uci_ledger_498110,public_invoice,MATCHED
uci_498112,uci_bank_498112,uci_ledger_498112,public_invoice,MATCHED
uci_498114,uci_bank_498114,uci_ledger_498114,public_invoice,MATCHED
uci_498116,uci_bank_498116,uci_ledger_498116,public_invoice,MATCHED
uci_498118,uci_bank_498118,uci_ledger_498118,public_invoice,MATCHED
uci_498119,uci_bank_498119,uci_ledger_498119,public_invoice,MATCHED
uci_498120,uci_bank_498120,uci_ledger_498120,public_invoice,MATCHED
uci_498121,uci_bank_498121,uci_ledger_498121,public_invoice,MATCHED
uci_498123,uci_bank_498123,uci_ledger_498123,public_invoice,MATCHED
uci_498124,uci_bank_498124,uci_ledger_498124,public_invoice,MATCHED
uci_498125,uci_bank_498125,uci_ledger_498125,public_invoice,MATCHED
uci_498126,uci_bank_498126,uci_ledger_498126,public_invoice,MATCHED
uci_498127,uci_bank_498127,uci_ledger_498127,public_invoice,MATCHED
uci_498128,uci_bank_498128,uci_ledger_498128,public_invoice,MATCHED
uci_498130,uci_bank_498130,uci_ledger_498130,public_invoice,MATCHED
uci_498131,uci_bank_498131,uci_ledger_498131,public_invoice,MATCHED
uci_498132,uci_bank_498132,uci_ledger_498132,public_invoice,MATCHED
uci_498135,uci_bank_498135,uci_ledger_498135,public_invoice,MATCHED
uci_498136,uci_bank_498136,uci_ledger_498136,public_invoice,MATCHED
uci_498138,uci_bank_498138,uci_ledger_498138,public_invoice,MATCHED
uci_498137,uci_bank_498137,uci_ledger_498137,public_invoice,MATCHED
uci_498139,uci_bank_498139,uci_ledger_498139,public_invoice,MATCHED
uci_498141,uci_bank_498141,uci_ledger_498141,public_invoice,MATCHED
uci_498142,uci_bank_498142,uci_ledger_498142,public_invoice,MATCHED
uci_498143,uci_bank_498143,uci_ledger_498143,public_invoice,MATCHED
uci_498145,uci_bank_498145,uci_ledger_498145,public_invoice,MATCHED
uci_498149,uci_bank_498149,uci_ledger_498149,public_invoice,MATCHED
uci_498152,uci_bank_498152,uci_ledger_498152,public_invoice,MATCHED
uci_498153,uci_bank_498153,uci_ledger_498153,public_invoice,MATCHED
uci_498154,uci_bank_498154,uci_ledger_498154,public_invoice,MATCHED
uci_498155,uci_bank_498155,uci_ledger_498155,public_invoice,MATCHED
uci_498156,uci_bank_498156,uci_ledger_498156,public_invoice,MATCHED
uci_498157,uci_bank_498157,uci_ledger_498157,public_invoice,MATCHED
uci_498158,uci_bank_498158,uci_ledger_498158,public_invoice,MATCHED
uci_498159,uci_bank_498159,uci_ledger_498159,public_invoice,MATCHED
uci_498160,uci_bank_498160,uci_ledger_498160,public_invoice,MATCHED
uci_498161,uci_bank_498161,uci_ledger_498161,public_invoice,MATCHED
uci_498162,uci_bank_498162,uci_ledger_498162,public_invoice,MATCHED
uci_498163,uci_bank_498163,uci_ledger_498163,public_invoice,MATCHED
uci_498164,uci_bank_498164,uci_ledger_498164,public_invoice,MATCHED
uci_498205,uci_bank_498205,uci_ledger_498205,public_invoice,MATCHED
uci_498213,uci_bank_498213,uci_ledger_498213,public_invoice,MATCHED
uci_498216,uci_bank_498216,uci_ledger_498216,public_invoice,MATCHED
uci_498217,uci_bank_498217,uci_ledger_498217,public_invoice,MATCHED
uci_498221,uci_bank_498221,uci_ledger_498221,public_invoice,MATCHED
uci_498222,uci_bank_498222,uci_ledger_498222,public_invoice,MATCHED
uci_498223,uci_bank_498223,uci_ledger_498223,public_invoice,MATCHED
uci_498224,uci_bank_498224,uci_ledger_498224,public_invoice,MATCHED
uci_498236,uci_bank_498236,uci_ledger_498236,public_invoice,MATCHED
uci_498238,uci_bank_498238,uci_ledger_498238,public_invoice,MATCHED
uci_498240,uci_bank_498240,uci_ledger_498240,public_invoice,MATCHED
uci_498249,uci_bank_498249,uci_ledger_498249,public_invoice,MATCHED
uci_498254,uci_bank_498254,uci_ledger_498254,public_invoice,MATCHED
uci_498256,uci_bank_498256,uci_ledger_498256,public_invoice,MATCHED
uci_498261,uci_bank_498261,uci_ledger_498261,public_invoice,MATCHED
uci_498260,uci_bank_498260,uci_ledger_498260,public_invoice,MATCHED
uci_498269,uci_bank_498269,uci_ledger_498269,public_invoice,MATCHED
uci_498270,uci_bank_498270,uci_ledger_498270,public_invoice,MATCHED
uci_498276,uci_bank_498276,uci_ledger_498276,public_invoice,MATCHED
uci_498281,uci_bank_498281,uci_ledger_498281,public_invoice,MATCHED
uci_498283,uci_bank_498283,uci_ledger_498283,public_invoice,MATCHED
uci_498284,uci_bank_498284,uci_ledger_498284,public_invoice,MATCHED
uci_498288,uci_bank_498288,uci_ledger_498288,public_invoice,MATCHED
uci_498290,uci_bank_498290,uci_ledger_498290,public_invoice,MATCHED
uci_498291,uci_bank_498291,uci_ledger_498291,public_invoice,MATCHED
uci_498292,uci_bank_498292,uci_ledger_498292,public_invoice,MATCHED
uci_498294,uci_bank_498294,uci_ledger_498294,public_invoice,MATCHED
uci_498300,uci_bank_498300,uci_ledger_498300,public_invoice,MATCHED
uci_498301,uci_bank_498301,uci_ledger_498301,public_invoice,MATCHED
uci_498303,uci_bank_498303,uci_ledger_498303,public_invoice,MATCHED
uci_498305,uci_bank_498305,uci_ledger_498305,public_invoice,MATCHED
uci_498307,uci_bank_498307,uci_ledger_498307,public_invoice,MATCHED
uci_498325,uci_bank_498325,uci_ledger_498325,public_invoice,MATCHED
uci_498326,uci_bank_498326,uci_ledger_498326,public_invoice,MATCHED
uci_498328,uci_bank_498328,uci_ledger_498328,public_invoice,MATCHED
uci_498336,uci_bank_498336,uci_ledger_498336,public_invoice,MATCHED
uci_498338,uci_bank_498338,uci_ledger_498338,public_invoice,MATCHED
uci_498340,uci_bank_498340,uci_ledger_498340,public_invoice,MATCHED
uci_498341,uci_bank_498341,uci_ledger_498341,public_invoice,MATCHED
uci_498343,uci_bank_498343,uci_ledger_498343,public_invoice,MATCHED
uci_498345,uci_bank_498345,uci_ledger_498345,public_invoice,MATCHED
uci_498346,uci_bank_498346,uci_ledger_498346,public_invoice,MATCHED
uci_498347,uci_bank_498347,uci_ledger_498347,public_invoice,MATCHED
uci_498348,uci_bank_498348,uci_ledger_498348,public_invoice,MATCHED
uci_498349,uci_bank_498349,uci_ledger_498349,public_invoice,MATCHED
uci_498350,uci_bank_498350,uci_ledger_498350,public_invoice,MATCHED
uci_498351,uci_bank_498351,uci_ledger_498351,public_invoice,MATCHED
uci_498352,uci_bank_498352,uci_ledger_498352,public_invoice,MATCHED
uci_498353,uci_bank_498353,uci_ledger_498353,public_invoice,MATCHED
uci_498354,uci_bank_498354,uci_ledger_498354,public_invoice,MATCHED
uci_498355,uci_bank_498355,uci_ledger_498355,public_invoice,MATCHED
uci_498357,uci_bank_498357,uci_ledger_498357,public_invoice,MATCHED
uci_498359,uci_bank_498359,uci_ledger_498359,public_invoice,MATCHED
uci_498360,uci_bank_498360,uci_ledger_498360,public_invoice,MATCHED
uci_498361,uci_bank_498361,uci_ledger_498361,public_invoice,MATCHED
uci_498362,uci_bank_498362,uci_ledger_498362,public_invoice,MATCHED
uci_498363,uci_bank_498363,uci_ledger_498363,public_invoice,MATCHED
uci_498364,uci_bank_498364,uci_ledger_498364,public_invoice,MATCHED
uci_498365,uci_bank_498365,uci_ledger_498365,public_invoice,MATCHED
uci_498366,uci_bank_498366,uci_ledger_498366,public_invoice,MATCHED
uci_498378,uci_bank_498378,uci_ledger_498378,public_invoice,MATCHED
uci_498379,uci_bank_498379,uci_ledger_498379,public_invoice,MATCHED
uci_498380,uci_bank_498380,uci_ledger_498380,public_invoice,MATCHED
uci_498381,uci_bank_498381,uci_ledger_498381,public_invoice,MATCHED
uci_498383,uci_bank_498383,uci_ledger_498383,public_invoice,MATCHED
uci_498389,uci_bank_498389,uci_ledger_498389,public_invoice,MATCHED
uci_498395,uci_bank_498395,uci_ledger_498395,public_invoice,MATCHED
uci_498396,uci_bank_498396,uci_ledger_498396,public_invoice,MATCHED
uci_498397,uci_bank_498397,uci_ledger_498397,public_invoice,MATCHED
uci_498398,uci_bank_498398,uci_ledger_498398,public_invoice,MATCHED
uci_498399,uci_bank_498399,uci_ledger_498399,public_invoice,MATCHED
uci_498400,uci_bank_498400,uci_ledger_498400,public_invoice,MATCHED
uci_498401,uci_bank_498401,uci_ledger_498401,public_invoice,MATCHED
uci_498403,uci_bank_498403,uci_ledger_498403,public_invoice,MATCHED
uci_498416,uci_bank_498416,uci_ledger_498416,public_invoice,MATCHED
uci_498418,uci_bank_498418,uci_ledger_498418,public_invoice,MATCHED
uci_498421,uci_bank_498421,uci_ledger_498421,public_invoice,MATCHED
uci_498429,uci_bank_498429,uci_ledger_498429,public_invoice,MATCHED
uci_498430,uci_bank_498430,uci_ledger_498430,public_invoice,MATCHED
uci_498431,uci_bank_498431,uci_ledger_498431,public_invoice,MATCHED
uci_498432,uci_bank_498432,uci_ledger_498432,public_invoice,MATCHED
uci_498433,uci_bank_498433,uci_ledger_498433,public_invoice,MATCHED
uci_498434,uci_bank_498434,uci_ledger_498434,public_invoice,MATCHED
uci_498435,uci_bank_498435,uci_ledger_498435,public_invoice,MATCHED
uci_498436,uci_bank_498436,uci_ledger_498436,public_invoice,MATCHED
uci_498437,uci_bank_498437,uci_ledger_498437,public_invoice,MATCHED
uci_498438,uci_bank_498438,uci_ledger_498438,public_invoice,MATCHED
uci_498439,uci_bank_498439,uci_ledger_498439,public_invoice,MATCHED
uci_498440,uci_bank_498440,uci_ledger_498440,public_invoice,MATCHED
uci_498442,uci_bank_498442,uci_ledger_498442,public_invoice,MATCHED
uci_498445,uci_bank_498445,uci_ledger_498445,public_invoice,MATCHED
uci_498446,uci_bank_498446,uci_ledger_498446,public_invoice,MATCHED
uci_498447,uci_bank_498447,uci_ledger_498447,public_invoice,MATCHED
uci_498448,uci_bank_498448,uci_ledger_498448,public_invoice,MATCHED
uci_498457,uci_bank_498457,uci_ledger_498457,public_invoice,MATCHED
uci_498463,uci_bank_498463,uci_ledger_498463,public_invoice,MATCHED
uci_498473,uci_bank_498473,uci_ledger_498473,public_invoice,MATCHED
uci_498504,uci_bank_498504,uci_ledger_498504,public_invoice,MATCHED
uci_498505,uci_bank_498505,uci_ledger_498505,public_invoice,MATCHED
uci_498507,uci_bank_498507,uci_ledger_498507,public_invoice,MATCHED
uci_498508,uci_bank_498508,uci_ledger_498508,public_invoice,MATCHED
uci_498510,uci_bank_498510,uci_ledger_498510,public_invoice,MATCHED
uci_498511,uci_bank_498511,uci_ledger_498511,public_invoice,MATCHED
uci_498513,uci_bank_498513,uci_ledger_498513,public_invoice,MATCHED
uci_498515,uci_bank_498515,uci_ledger_498515,public_invoice,MATCHED
uci_498516,uci_bank_498516,uci_ledger_498516,public_invoice,MATCHED
uci_498517,uci_bank_498517,uci_ledger_498517,public_invoice,MATCHED
uci_498518,uci_bank_498518,uci_ledger_498518,public_invoice,MATCHED
uci_498519,uci_bank_498519,uci_ledger_498519,public_invoice,MATCHED
uci_498521,uci_bank_498521,uci_ledger_498521,public_invoice,MATCHED
uci_498522,uci_bank_498522,uci_ledger_498522,public_invoice,MATCHED
uci_498524,uci_bank_498524,uci_ledger_498524,public_invoice,MATCHED
uci_498525,uci_bank_498525,uci_ledger_498525,public_invoice,MATCHED
uci_498526,uci_bank_498526,uci_ledger_498526,public_invoice,MATCHED
uci_498527,uci_bank_498527,uci_ledger_498527,public_invoice,MATCHED
uci_498528,uci_bank_498528,uci_ledger_498528,public_invoice,MATCHED
uci_498543,uci_bank_498543,uci_ledger_498543,public_invoice,MATCHED
uci_498545,uci_bank_498545,uci_ledger_498545,public_invoice,MATCHED
uci_498547,uci_bank_498547,uci_ledger_498547,public_invoice,MATCHED
uci_498548,uci_bank_498548,uci_ledger_498548,public_invoice,MATCHED
uci_498550,uci_bank_498550,uci_ledger_498550,public_invoice,MATCHED
uci_498552,uci_bank_498552,uci_ledger_498552,public_invoice,MATCHED
uci_498553,uci_bank_498553,uci_ledger_498553,public_invoice,MATCHED
uci_498554,uci_bank_498554,uci_ledger_498554,public_invoice,MATCHED
uci_498555,uci_bank_498555,uci_ledger_498555,public_invoice,MATCHED
uci_498558,uci_bank_498558,uci_ledger_498558,public_invoice,MATCHED
uci_498559,uci_bank_498559,uci_ledger_498559,public_invoice,MATCHED
uci_498560,uci_bank_498560,uci_ledger_498560,public_invoice,MATCHED
uci_498561,uci_bank_498561,uci_ledger_498561,public_invoice,MATCHED
uci_498562,uci_bank_498562,uci_ledger_498562,public_invoice,MATCHED
uci_498564,uci_bank_498564,uci_ledger_498564,public_invoice,MATCHED
uci_498565,uci_bank_498565,uci_ledger_498565,public_invoice,MATCHED
uci_498566,uci_bank_498566,uci_ledger_498566,public_invoice,MATCHED
uci_498567,uci_bank_498567,uci_ledger_498567,public_invoice,MATCHED
uci_498568,uci_bank_498568,uci_ledger_498568,public_invoice,MATCHED
uci_498569,uci_bank_498569,uci_ledger_498569,public_invoice,MATCHED
uci_498570,uci_bank_498570,uci_ledger_498570,public_invoice,MATCHED
uci_498571,uci_bank_498571,uci_ledger_498571,public_invoice,MATCHED
uci_498573,uci_bank_498573,uci_ledger_498573,public_invoice,MATCHED
uci_498574,uci_bank_498574,uci_ledger_498574,public_invoice,MATCHED
uci_498575,uci_bank_498575,uci_ledger_498575,public_invoice,MATCHED
uci_498577,uci_bank_498577,uci_ledger_498577,public_invoice,MATCHED
uci_498578,uci_bank_498578,uci_ledger_498578,public_invoice,MATCHED
uci_498579,uci_bank_498579,uci_ledger_498579,public_invoice,MATCHED
uci_498581,uci_bank_498581,uci_ledger_498581,public_invoice,MATCHED
uci_498584,uci_bank_498584,uci_ledger_498584,public_invoice,MATCHED
uci_498585,uci_bank_498585,uci_ledger_498585,public_invoice,MATCHED
uci_498587,uci_bank_498587,uci_ledger_498587,public_invoice,MATCHED
uci_498588,uci_bank_498588,uci_ledger_498588,public_invoice,MATCHED
uci_498589,uci_bank_498589,uci_ledger_498589,public_invoice,MATCHED
uci_498590,uci_bank_498590,uci_ledger_498590,public_invoice,MATCHED
uci_498592,uci_bank_498592,uci_ledger_498592,public_invoice,MATCHED
uci_498593,uci_bank_498593,uci_ledger_498593,public_invoice,MATCHED
uci_498594,uci_bank_498594,uci_ledger_498594,public_invoice,MATCHED
uci_498596,uci_bank_498596,uci_ledger_498596,public_invoice,MATCHED
uci_498597,uci_bank_498597,uci_ledger_498597,public_invoice,MATCHED
uci_498601,uci_bank_498601,uci_ledger_498601,public_invoice,MATCHED
uci_498610,uci_bank_498610,uci_ledger_498610,public_invoice,MATCHED
uci_498611,uci_bank_498611,uci_ledger_498611,public_invoice,MATCHED
uci_498612,uci_bank_498612,uci_ledger_498612,public_invoice,MATCHED
uci_498613,uci_bank_498613,uci_ledger_498613,public_invoice,MATCHED
uci_498614,uci_bank_498614,uci_ledger_498614,public_invoice,MATCHED
uci_498615,uci_bank_498615,uci_ledger_498615,public_invoice,MATCHED
uci_498616,uci_bank_498616,uci_ledger_498616,public_invoice,MATCHED
uci_498617,uci_bank_498617,uci_ledger_498617,public_invoice,MATCHED
uci_498618,uci_bank_498618,uci_ledger_498618,public_invoice,MATCHED
uci_498622,uci_bank_498622,uci_ledger_498622,public_invoice,MATCHED
uci_498636,uci_bank_498636,uci_ledger_498636,public_invoice,MATCHED
uci_498642,uci_bank_498642,uci_ledger_498642,public_invoice,MATCHED
uci_498648,uci_bank_498648,uci_ledger_498648,public_invoice,MATCHED
uci_498694,uci_bank_498694,uci_ledger_498694,public_invoice,MATCHED
uci_498696,uci_bank_498696,uci_ledger_498696,public_invoice,MATCHED
uci_498697,uci_bank_498697,uci_ledger_498697,public_invoice,MATCHED
uci_498705,uci_bank_498705,uci_ledger_498705,public_invoice,MATCHED
uci_498704,uci_bank_498704,uci_ledger_498704,public_invoice,MATCHED
uci_498708,uci_bank_498708,uci_ledger_498708,public_invoice,MATCHED
uci_498706,uci_bank_498706,uci_ledger_498706,public_invoice,MATCHED
uci_498709,uci_bank_498709,uci_ledger_498709,public_invoice,MATCHED
uci_498713,uci_bank_498713,uci_ledger_498713,public_invoice,MATCHED
uci_498715,uci_bank_498715,uci_ledger_498715,public_invoice,MATCHED
uci_498716,uci_bank_498716,uci_ledger_498716,public_invoice,MATCHED
uci_498717,uci_bank_498717,uci_ledger_498717,public_invoice,MATCHED
uci_498718,uci_bank_498718,uci_ledger_498718,public_invoice,MATCHED
uci_498719,uci_bank_498719,uci_ledger_498719,public_invoice,MATCHED
uci_498720,uci_bank_498720,uci_ledger_498720,public_invoice,MATCHED
uci_498721,uci_bank_498721,uci_ledger_498721,public_invoice,MATCHED
uci_498722,uci_bank_498722,uci_ledger_498722,public_invoice,MATCHED
uci_498723,uci_bank_498723,uci_ledger_498723,public_invoice,MATCHED
uci_498724,uci_bank_498724,uci_ledger_498724,public_invoice,MATCHED
uci_498725,uci_bank_498725,uci_ledger_498725,public_invoice,MATCHED
uci_498726,uci_bank_498726,uci_ledger_498726,public_invoice,MATCHED
uci_498729,uci_bank_498729,uci_ledger_498729,public_invoice,MATCHED
uci_498728,uci_bank_498728,uci_ledger_498728,public_invoice,MATCHED
uci_498734,uci_bank_498734,uci_ledger_498734,public_invoice,MATCHED
uci_498736,uci_bank_498736,uci_ledger_498736,public_invoice,MATCHED
uci_498746,uci_bank_498746,uci_ledger_498746,public_invoice,MATCHED
uci_498756,uci_bank_498756,uci_ledger_498756,public_invoice,MATCHED
uci_498757,uci_bank_498757,uci_ledger_498757,public_invoice,MATCHED
uci_498758,uci_bank_498758,uci_ledger_498758,public_invoice,MATCHED
uci_498759,uci_bank_498759,uci_ledger_498759,public_invoice,MATCHED
uci_498762,uci_bank_498762,uci_ledger_498762,public_invoice,MATCHED
uci_498763,uci_bank_498763,uci_ledger_498763,public_invoice,MATCHED
uci_498764,uci_bank_498764,uci_ledger_498764,public_invoice,MATCHED
uci_498765,uci_bank_498765,uci_ledger_498765,public_invoice,MATCHED
uci_498766,uci_bank_498766,uci_ledger_498766,public_invoice,MATCHED
uci_498767,uci_bank_498767,uci_ledger_498767,public_invoice,MATCHED
uci_498769,uci_bank_498769,uci_ledger_498769,public_invoice,MATCHED
uci_498768,uci_bank_498768,uci_ledger_498768,public_invoice,MATCHED
uci_498770,uci_bank_498770,uci_ledger_498770,public_invoice,MATCHED
uci_498774,uci_bank_498774,uci_ledger_498774,public_invoice,MATCHED
uci_498776,uci_bank_498776,uci_ledger_498776,public_invoice,MATCHED
uci_498778,uci_bank_498778,uci_ledger_498778,public_invoice,MATCHED
uci_498779,uci_bank_498779,uci_ledger_498779,public_invoice,MATCHED
uci_498797,uci_bank_498797,uci_ledger_498797,public_invoice,MATCHED
uci_498817,uci_bank_498817,uci_ledger_498817,public_invoice,MATCHED
uci_498827,uci_bank_498827,uci_ledger_498827,public_invoice,MATCHED
uci_498832,uci_bank_498832,uci_ledger_498832,public_invoice,MATCHED
uci_498836,uci_bank_498836,uci_ledger_498836,public_invoice,MATCHED
uci_498844,uci_bank_498844,uci_ledger_498844,public_invoice,MATCHED
uci_498849,uci_bank_498849,uci_ledger_498849,public_invoice,MATCHED
uci_498850,uci_bank_498850,uci_ledger_498850,public_invoice,MATCHED
uci_498851,uci_bank_498851,uci_ledger_498851,public_invoice,MATCHED
uci_498852,uci_bank_498852,uci_ledger_498852,public_invoice,MATCHED
uci_498853,uci_bank_498853,uci_ledger_498853,public_invoice,MATCHED
uci_498877,uci_bank_498877,uci_ledger_498877,public_invoice,MATCHED
uci_498878,uci_bank_498878,uci_ledger_498878,public_invoice,MATCHED
uci_498879,uci_bank_498879,uci_ledger_498879,public_invoice,MATCHED
uci_498880,uci_bank_498880,uci_ledger_498880,public_invoice,MATCHED
uci_498884,uci_bank_498884,uci_ledger_498884,public_invoice,MATCHED
uci_498886,uci_bank_498886,uci_ledger_498886,public_invoice,MATCHED
uci_498890,uci_bank_498890,uci_ledger_498890,public_invoice,MATCHED
uci_498893,uci_bank_498893,uci_ledger_498893,public_invoice,MATCHED
uci_498899,uci_bank_498899,uci_ledger_498899,public_invoice,MATCHED
uci_498900,uci_bank_498900,uci_ledger_498900,public_invoice,MATCHED
uci_498901,uci_bank_498901,uci_ledger_498901,public_invoice,MATCHED
uci_498902,uci_bank_498902,uci_ledger_498902,public_invoice,MATCHED
uci_498903,uci_bank_498903,uci_ledger_498903,public_invoice,MATCHED
uci_498905,uci_bank_498905,uci_ledger_498905,public_invoice,MATCHED
uci_498906,uci_bank_498906,uci_ledger_498906,public_invoice,MATCHED
uci_498907,uci_bank_498907,uci_ledger_498907,public_invoice,MATCHED
uci_498908,uci_bank_498908,uci_ledger_498908,public_invoice,MATCHED
uci_498909,uci_bank_498909,uci_ledger_498909,public_invoice,MATCHED
uci_498910,uci_bank_498910,uci_ledger_498910,public_invoice,MATCHED
uci_498911,uci_bank_498911,uci_ledger_498911,public_invoice,MATCHED
uci_498912,uci_bank_498912,uci_ledger_498912,public_invoice,MATCHED
uci_498913,uci_bank_498913,uci_ledger_498913,public_invoice,MATCHED
uci_498914,uci_bank_498914,uci_ledger_498914,public_invoice,MATCHED
uci_498918,uci_bank_498918,uci_ledger_498918,public_invoice,MATCHED
uci_498919,uci_bank_498919,uci_ledger_498919,public_invoice,MATCHED
uci_498921,uci_bank_498921,uci_ledger_498921,public_invoice,MATCHED
uci_498923,uci_bank_498923,uci_ledger_498923,public_invoice,MATCHED
uci_498925,uci_bank_498925,uci_ledger_498925,public_invoice,MATCHED
uci_498926,uci_bank_498926,uci_ledger_498926,public_invoice,MATCHED
uci_498927,uci_bank_498927,uci_ledger_498927,public_invoice,MATCHED
uci_498928,uci_bank_498928,uci_ledger_498928,public_invoice,MATCHED
uci_498929,uci_bank_498929,uci_ledger_498929,public_invoice,MATCHED
uci_498931,uci_bank_498931,uci_ledger_498931,public_invoice,MATCHED
uci_498935,uci_bank_498935,uci_ledger_498935,public_invoice,MATCHED
uci_498936,uci_bank_498936,uci_ledger_498936,public_invoice,MATCHED
uci_498939,uci_bank_498939,uci_ledger_498939,public_invoice,MATCHED
uci_498943,uci_bank_498943,uci_ledger_498943,public_invoice,MATCHED
uci_498944,uci_bank_498944,uci_ledger_498944,public_invoice,MATCHED
uci_498945,uci_bank_498945,uci_ledger_498945,public_invoice,MATCHED
uci_498964,uci_bank_498964,uci_ledger_498964,public_invoice,MATCHED
uci_498999,uci_bank_498999,uci_ledger_498999,public_invoice,MATCHED
uci_498997,uci_bank_498997,uci_ledger_498997,public_invoice,MATCHED
uci_499004,uci_bank_499004,uci_ledger_499004,public_invoice,MATCHED
uci_499009,uci_bank_499009,uci_ledger_499009,public_invoice,MATCHED
uci_499010,uci_bank_499010,uci_ledger_499010,public_invoice,MATCHED
uci_499011,uci_bank_499011,uci_ledger_499011,public_invoice,MATCHED
uci_499012,uci_bank_499012,uci_ledger_499012,public_invoice,MATCHED
uci_499013,uci_bank_499013,uci_ledger_499013,public_invoice,MATCHED
uci_499014,uci_bank_499014,uci_ledger_499014,public_invoice,MATCHED
uci_499020,uci_bank_499020,uci_ledger_499020,public_invoice,MATCHED
uci_499023,uci_bank_499023,uci_ledger_499023,public_invoice,MATCHED
uci_499025,uci_bank_499025,uci_ledger_499025,public_invoice,MATCHED
uci_499029,uci_bank_499029,uci_ledger_499029,public_invoice,MATCHED
uci_499030,uci_bank_499030,uci_ledger_499030,public_invoice,MATCHED
uci_499031,uci_bank_499031,uci_ledger_499031,public_invoice,MATCHED
uci_499032,uci_bank_499032,uci_ledger_499032,public_invoice,MATCHED
uci_499033,uci_bank_499033,uci_ledger_499033,public_invoice,MATCHED
uci_499035,uci_bank_499035,uci_ledger_499035,public_invoice,MATCHED
uci_499036,uci_bank_499036,uci_ledger_499036,public_invoice,MATCHED
uci_499038,uci_bank_499038,uci_ledger_499038,public_invoice,MATCHED
uci_499039,uci_bank_499039,uci_ledger_499039,public_invoice,MATCHED
uci_499044,uci_bank_499044,uci_ledger_499044,public_invoice,MATCHED
uci_499043,uci_bank_499043,uci_ledger_499043,public_invoice,MATCHED
uci_499045,uci_bank_499045,uci_ledger_499045,public_invoice,MATCHED
uci_499056,uci_bank_499056,uci_ledger_499056,public_invoice,MATCHED
uci_499057,uci_bank_499057,uci_ledger_499057,public_invoice,MATCHED
uci_499058,uci_bank_499058,uci_ledger_499058,public_invoice,MATCHED
uci_499059,uci_bank_499059,uci_ledger_499059,public_invoice,MATCHED
uci_499061,uci_bank_499061,uci_ledger_499061,public_invoice,MATCHED
uci_499062,uci_bank_499062,uci_ledger_499062,public_invoice,MATCHED
uci_499064,uci_bank_499064,uci_ledger_499064,public_invoice,MATCHED
uci_499065,uci_bank_499065,uci_ledger_499065,public_invoice,MATCHED
uci_499066,uci_bank_499066,uci_ledger_499066,public_invoice,MATCHED
uci_499067,uci_bank_499067,uci_ledger_499067,public_invoice,MATCHED
uci_499069,uci_bank_499069,uci_ledger_499069,public_invoice,MATCHED
uci_499070,uci_bank_499070,uci_ledger_499070,public_invoice,MATCHED
uci_499071,uci_bank_499071,uci_ledger_499071,public_invoice,MATCHED
uci_499072,uci_bank_499072,uci_ledger_499072,public_invoice,MATCHED
uci_499122,uci_bank_499122,uci_ledger_499122,public_invoice,MATCHED
uci_499123,uci_bank_499123,uci_ledger_499123,public_invoice,MATCHED
uci_499155,uci_bank_499155,uci_ledger_499155,public_invoice,MATCHED
uci_499163,uci_bank_499163,uci_ledger_499163,public_invoice,MATCHED
uci_499164,uci_bank_499164,uci_ledger_499164,public_invoice,MATCHED
uci_499165,uci_bank_499165,uci_ledger_499165,public_invoice,MATCHED
uci_499166,uci_bank_499166,uci_ledger_499166,public_invoice,MATCHED
uci_499167,uci_bank_499167,uci_ledger_499167,public_invoice,MATCHED
uci_499168,uci_bank_499168,uci_ledger_499168,public_invoice,MATCHED
uci_499169,uci_bank_499169,uci_ledger_499169,public_invoice,MATCHED
uci_499170,uci_bank_499170,uci_ledger_499170,public_invoice,MATCHED
uci_499171,uci_bank_499171,uci_ledger_499171,public_invoice,MATCHED
uci_499172,uci_bank_499172,uci_ledger_499172,public_invoice,MATCHED
uci_499173,uci_bank_499173,uci_ledger_499173,public_invoice,MATCHED
uci_499174,uci_bank_499174,uci_ledger_499174,public_invoice,MATCHED
uci_499175,uci_bank_499175,uci_ledger_499175,public_invoice,MATCHED
uci_499176,uci_bank_499176,uci_ledger_499176,public_invoice,MATCHED
uci_499177,uci_bank_499177,uci_ledger_499177,public_invoice,MATCHED
uci_499218,uci_bank_499218,uci_ledger_499218,public_invoice,MATCHED
uci_499219,uci_bank_499219,uci_ledger_499219,public_invoice,MATCHED
uci_499220,uci_bank_499220,uci_ledger_499220,public_invoice,MATCHED
uci_499221,uci_bank_499221,uci_ledger_499221,public_invoice,MATCHED
uci_499222,uci_bank_499222,uci_ledger_499222,public_invoice,MATCHED
uci_499223,uci_bank_499223,uci_ledger_499223,public_invoice,MATCHED
uci_499226,uci_bank_499226,uci_ledger_499226,public_invoice,MATCHED
uci_499225,uci_bank_499225,uci_ledger_499225,public_invoice,MATCHED
uci_499227,uci_bank_499227,uci_ledger_499227,public_invoice,MATCHED
uci_499228,uci_bank_499228,uci_ledger_499228,public_invoice,MATCHED
uci_499229,uci_bank_499229,uci_ledger_499229,public_invoice,MATCHED
uci_499230,uci_bank_499230,uci_ledger_499230,public_invoice,MATCHED
uci_499231,uci_bank_499231,uci_ledger_499231,public_invoice,MATCHED
uci_499232,uci_bank_499232,uci_ledger_499232,public_invoice,MATCHED
uci_499234,uci_bank_499234,uci_ledger_499234,public_invoice,MATCHED
uci_499235,uci_bank_499235,uci_ledger_499235,public_invoice,MATCHED
uci_499236,uci_bank_499236,uci_ledger_499236,public_invoice,MATCHED
uci_499237,uci_bank_499237,uci_ledger_499237,public_invoice,MATCHED
uci_499238,uci_bank_499238,uci_ledger_499238,public_invoice,MATCHED
uci_499239,uci_bank_499239,uci_ledger_499239,public_invoice,MATCHED
uci_499240,uci_bank_499240,uci_ledger_499240,public_invoice,MATCHED
uci_499242,uci_bank_499242,uci_ledger_499242,public_invoice,MATCHED
uci_499244,uci_bank_499244,uci_ledger_499244,public_invoice,MATCHED
uci_499245,uci_bank_499245,uci_ledger_499245,public_invoice,MATCHED
uci_499247,uci_bank_499247,uci_ledger_499247,public_invoice,MATCHED
uci_499248,uci_bank_499248,uci_ledger_499248,public_invoice,MATCHED
uci_499249,uci_bank_499249,uci_ledger_499249,public_invoice,MATCHED
uci_499250,uci_bank_499250,uci_ledger_499250,public_invoice,MATCHED
uci_499254,uci_bank_499254,uci_ledger_499254,public_invoice,MATCHED
uci_499255,uci_bank_499255,uci_ledger_499255,public_invoice,MATCHED
uci_499261,uci_bank_499261,uci_ledger_499261,public_invoice,MATCHED
uci_499262,uci_bank_499262,uci_ledger_499262,public_invoice,MATCHED
uci_499263,uci_bank_499263,uci_ledger_499263,public_invoice,MATCHED
uci_499264,uci_bank_499264,uci_ledger_499264,public_invoice,MATCHED
uci_499266,uci_bank_499266,uci_ledger_499266,public_invoice,MATCHED
uci_499267,uci_bank_499267,uci_ledger_499267,public_invoice,MATCHED
uci_499269,uci_bank_499269,uci_ledger_499269,public_invoice,MATCHED
uci_499270,uci_bank_499270,uci_ledger_499270,public_invoice,MATCHED
uci_499272,uci_bank_499272,uci_ledger_499272,public_invoice,MATCHED
uci_499273,uci_bank_499273,uci_ledger_499273,public_invoice,MATCHED
uci_499274,uci_bank_499274,uci_ledger_499274,public_invoice,MATCHED
uci_499275,uci_bank_499275,uci_ledger_499275,public_invoice,MATCHED
uci_499276,uci_bank_499276,uci_ledger_499276,public_invoice,MATCHED
uci_499279,uci_bank_499279,uci_ledger_499279,public_invoice,MATCHED
uci_499284,uci_bank_499284,uci_ledger_499284,public_invoice,MATCHED
uci_499285,uci_bank_499285,uci_ledger_499285,public_invoice,MATCHED
uci_499294,uci_bank_499294,uci_ledger_499294,public_invoice,MATCHED
uci_499295,uci_bank_499295,uci_ledger_499295,public_invoice,MATCHED
uci_499297,uci_bank_499297,uci_ledger_499297,public_invoice,MATCHED
uci_499298,uci_bank_499298,uci_ledger_499298,public_invoice,MATCHED
uci_499299,uci_bank_499299,uci_ledger_499299,public_invoice,MATCHED
uci_499300,uci_bank_499300,uci_ledger_499300,public_invoice,MATCHED
uci_499302,uci_bank_499302,uci_ledger_499302,public_invoice,MATCHED
uci_499303,uci_bank_499303,uci_ledger_499303,public_invoice,MATCHED
uci_499304,uci_bank_499304,uci_ledger_499304,public_invoice,MATCHED
uci_499306,uci_bank_499306,uci_ledger_499306,public_invoice,MATCHED
uci_499307,uci_bank_499307,uci_ledger_499307,public_invoice,MATCHED
uci_499308,uci_bank_499308,uci_ledger_499308,public_invoice,MATCHED
uci_499312,uci_bank_499312,uci_ledger_499312,public_invoice,MATCHED
uci_499313,uci_bank_499313,uci_ledger_499313,public_invoice,MATCHED
uci_499326,uci_bank_499326,uci_ledger_499326,public_invoice,MATCHED
uci_499327,uci_bank_499327,uci_ledger_499327,public_invoice,MATCHED
uci_499352,uci_bank_499352,uci_ledger_499352,public_invoice,MATCHED
uci_499377,uci_bank_499377,uci_ledger_499377,public_invoice,MATCHED
uci_499378,uci_bank_499378,uci_ledger_499378,public_invoice,MATCHED
uci_499379,uci_bank_499379,uci_ledger_499379,public_invoice,MATCHED
uci_499381,uci_bank_499381,uci_ledger_499381,public_invoice,MATCHED
uci_499382,uci_bank_499382,uci_ledger_499382,public_invoice,MATCHED
uci_499383,uci_bank_499383,uci_ledger_499383,public_invoice,MATCHED
uci_499384,uci_bank_499384,uci_ledger_499384,public_invoice,MATCHED
uci_499386,uci_bank_499386,uci_ledger_499386,public_invoice,MATCHED
uci_499387,uci_bank_499387,uci_ledger_499387,public_invoice,MATCHED
uci_499388,uci_bank_499388,uci_ledger_499388,public_invoice,MATCHED
uci_499398,uci_bank_499398,uci_ledger_499398,public_invoice,MATCHED
uci_499399,uci_bank_499399,uci_ledger_499399,public_invoice,MATCHED
uci_499400,uci_bank_499400,uci_ledger_499400,public_invoice,MATCHED
uci_499401,uci_bank_499401,uci_ledger_499401,public_invoice,MATCHED
uci_499402,uci_bank_499402,uci_ledger_499402,public_invoice,MATCHED
uci_499403,uci_bank_499403,uci_ledger_499403,public_invoice,MATCHED
uci_499404,uci_bank_499404,uci_ledger_499404,public_invoice,MATCHED
uci_499405,uci_bank_499405,uci_ledger_499405,public_invoice,MATCHED
uci_499411,uci_bank_499411,uci_ledger_499411,public_invoice,MATCHED
uci_499450,uci_bank_499450,uci_ledger_499450,public_invoice,MATCHED
uci_499451,uci_bank_499451,uci_ledger_499451,public_invoice,MATCHED
uci_499452,uci_bank_499452,uci_ledger_499452,public_invoice,MATCHED
uci_499453,uci_bank_499453,uci_ledger_499453,public_invoice,MATCHED
uci_499454,uci_bank_499454,uci_ledger_499454,public_invoice,MATCHED
uci_499455,uci_bank_499455,uci_ledger_499455,public_invoice,MATCHED
uci_499456,uci_bank_499456,uci_ledger_499456,public_invoice,MATCHED
uci_499457,uci_bank_499457,uci_ledger_499457,public_invoice,MATCHED
uci_499458,uci_bank_499458,uci_ledger_499458,public_invoice,MATCHED
uci_499459,uci_bank_499459,uci_ledger_499459,public_invoice,MATCHED
uci_499460,uci_bank_499460,uci_ledger_499460,public_invoice,MATCHED
uci_499461,uci_bank_499461,uci_ledger_499461,public_invoice,MATCHED
uci_499463,uci_bank_499463,uci_ledger_499463,public_invoice,MATCHED
uci_499464,uci_bank_499464,uci_ledger_499464,public_invoice,MATCHED
uci_499465,uci_bank_499465,uci_ledger_499465,public_invoice,MATCHED
uci_499466,uci_bank_499466,uci_ledger_499466,public_invoice,MATCHED
uci_499467,uci_bank_499467,uci_ledger_499467,public_invoice,MATCHED
uci_499468,uci_bank_499468,uci_ledger_499468,public_invoice,MATCHED
uci_499469,uci_bank_499469,uci_ledger_499469,public_invoice,MATCHED
uci_499470,uci_bank_499470,uci_ledger_499470,public_invoice,MATCHED
uci_499471,uci_bank_499471,uci_ledger_499471,public_invoice,MATCHED
uci_499472,uci_bank_499472,uci_ledger_499472,public_invoice,MATCHED
uci_499473,uci_bank_499473,uci_ledger_499473,public_invoice,MATCHED
uci_499474,uci_bank_499474,uci_ledger_499474,public_invoice,MATCHED
uci_499475,uci_bank_499475,uci_ledger_499475,public_invoice,MATCHED
uci_499476,uci_bank_499476,uci_ledger_499476,public_invoice,MATCHED
uci_499477,uci_bank_499477,uci_ledger_499477,public_invoice,MATCHED
uci_499478,uci_bank_499478,uci_ledger_499478,public_invoice,MATCHED
uci_499479,uci_bank_499479,uci_ledger_499479,public_invoice,MATCHED
uci_499480,uci_bank_499480,uci_ledger_499480,public_invoice,MATCHED
uci_499481,uci_bank_499481,uci_ledger_499481,public_invoice,MATCHED
uci_499482,uci_bank_499482,uci_ledger_499482,public_invoice,MATCHED
uci_499483,uci_bank_499483,uci_ledger_499483,public_invoice,MATCHED
uci_499484,uci_bank_499484,uci_ledger_499484,public_invoice,MATCHED
uci_499485,uci_bank_499485,uci_ledger_499485,public_invoice,MATCHED
uci_499487,uci_bank_499487,uci_ledger_499487,public_invoice,MATCHED
uci_499486,uci_bank_499486,uci_ledger_499486,public_invoice,MATCHED
uci_499488,uci_bank_499488,uci_ledger_499488,public_invoice,MATCHED
uci_499490,uci_bank_499490,uci_ledger_499490,public_invoice,MATCHED
uci_499491,uci_bank_499491,uci_ledger_499491,public_invoice,MATCHED
uci_499494,uci_bank_499494,uci_ledger_499494,public_invoice,MATCHED
uci_499495,uci_bank_499495,uci_ledger_499495,public_invoice,MATCHED
uci_499496,uci_bank_499496,uci_ledger_499496,public_invoice,MATCHED
uci_499497,uci_bank_499497,uci_ledger_499497,public_invoice,MATCHED
uci_499498,uci_bank_499498,uci_ledger_499498,public_invoice,MATCHED
uci_499499,uci_bank_499499,uci_ledger_499499,public_invoice,MATCHED
uci_499500,uci_bank_499500,uci_ledger_499500,public_invoice,MATCHED
uci_499502,uci_bank_499502,uci_ledger_499502,public_invoice,MATCHED
uci_499503,uci_bank_499503,uci_ledger_499503,public_invoice,MATCHED
uci_499504,uci_bank_499504,uci_ledger_499504,public_invoice,MATCHED
uci_499505,uci_bank_499505,uci_ledger_499505,public_invoice,MATCHED
uci_499506,uci_bank_499506,uci_ledger_499506,public_invoice,MATCHED
uci_499507,uci_bank_499507,uci_ledger_499507,public_invoice,MATCHED
uci_499508,uci_bank_499508,uci_ledger_499508,public_invoice,MATCHED
uci_499509,uci_bank_499509,uci_ledger_499509,public_invoice,MATCHED
uci_499510,uci_bank_499510,uci_ledger_499510,public_invoice,MATCHED
uci_499511,uci_bank_499511,uci_ledger_499511,public_invoice,MATCHED
uci_499512,uci_bank_499512,uci_ledger_499512,public_invoice,MATCHED
uci_499513,uci_bank_499513,uci_ledger_499513,public_invoice,MATCHED
uci_499515,uci_bank_499515,uci_ledger_499515,public_invoice,MATCHED
uci_499516,uci_bank_499516,uci_ledger_499516,public_invoice,MATCHED
uci_499517,uci_bank_499517,uci_ledger_499517,public_invoice,MATCHED
uci_499519,uci_bank_499519,uci_ledger_499519,public_invoice,MATCHED
uci_499520,uci_bank_499520,uci_ledger_499520,public_invoice,MATCHED
uci_499521,uci_bank_499521,uci_ledger_499521,public_invoice,MATCHED
uci_499523,uci_bank_499523,uci_ledger_499523,public_invoice,MATCHED
uci_499524,uci_bank_499524,uci_ledger_499524,public_invoice,MATCHED
uci_499525,uci_bank_499525,uci_ledger_499525,public_invoice,MATCHED
uci_499526,uci_bank_499526,uci_ledger_499526,public_invoice,MATCHED
uci_499527,uci_bank_499527,uci_ledger_499527,public_invoice,MATCHED
uci_499528,uci_bank_499528,uci_ledger_499528,public_invoice,MATCHED
uci_499529,uci_bank_499529,uci_ledger_499529,public_invoice,MATCHED
uci_499532,uci_bank_499532,uci_ledger_499532,public_invoice,MATCHED
uci_499533,uci_bank_499533,uci_ledger_499533,public_invoice,MATCHED
uci_499534,uci_bank_499534,uci_ledger_499534,public_invoice,MATCHED
uci_499535,uci_bank_499535,uci_ledger_499535,public_invoice,MATCHED
uci_499542,uci_bank_499542,uci_ledger_499542,public_invoice,MATCHED
uci_499549,uci_bank_499549,uci_ledger_499549,public_invoice,MATCHED
uci_499576,uci_bank_499576,uci_ledger_499576,public_invoice,MATCHED
uci_499596,uci_bank_499596,uci_ledger_499596,public_invoice,MATCHED
uci_499597,uci_bank_499597,uci_ledger_499597,public_invoice,MATCHED
uci_499601,uci_bank_499601,uci_ledger_499601,public_invoice,MATCHED
uci_499604,uci_bank_499604,uci_ledger_499604,public_invoice,MATCHED
uci_499619,uci_bank_499619,uci_ledger_499619,public_invoice,MATCHED
uci_499623,uci_bank_499623,uci_ledger_499623,public_invoice,MATCHED
uci_499624,uci_bank_499624,uci_ledger_499624,public_invoice,MATCHED
uci_499625,uci_bank_499625,uci_ledger_499625,public_invoice,MATCHED
uci_499628,uci_bank_499628,uci_ledger_499628,public_invoice,MATCHED
uci_499629,uci_bank_499629,uci_ledger_499629,public_invoice,MATCHED
uci_499630,uci_bank_499630,uci_ledger_499630,public_invoice,MATCHED
uci_499633,uci_bank_499633,uci_ledger_499633,public_invoice,MATCHED
uci_499632,uci_bank_499632,uci_ledger_499632,public_invoice,MATCHED
uci_499631,uci_bank_499631,uci_ledger_499631,public_invoice,MATCHED
uci_499635,uci_bank_499635,uci_ledger_499635,public_invoice,MATCHED
uci_499636,uci_bank_499636,uci_ledger_499636,public_invoice,MATCHED
uci_499637,uci_bank_499637,uci_ledger_499637,public_invoice,MATCHED
uci_499639,uci_bank_499639,uci_ledger_499639,public_invoice,MATCHED
uci_499640,uci_bank_499640,uci_ledger_499640,public_invoice,MATCHED
uci_499641,uci_bank_499641,uci_ledger_499641,public_invoice,MATCHED
uci_499650,uci_bank_499650,uci_ledger_499650,public_invoice,MATCHED
uci_499656,uci_bank_499656,uci_ledger_499656,public_invoice,MATCHED
uci_499657,uci_bank_499657,uci_ledger_499657,public_invoice,MATCHED
uci_499659,uci_bank_499659,uci_ledger_499659,public_invoice,MATCHED
uci_499660,uci_bank_499660,uci_ledger_499660,public_invoice,MATCHED
uci_499663,uci_bank_499663,uci_ledger_499663,public_invoice,MATCHED
uci_499664,uci_bank_499664,uci_ledger_499664,public_invoice,MATCHED
uci_499665,uci_bank_499665,uci_ledger_499665,public_invoice,MATCHED
uci_499674,uci_bank_499674,uci_ledger_499674,public_invoice,MATCHED
uci_499675,uci_bank_499675,uci_ledger_499675,public_invoice,MATCHED
uci_499676,uci_bank_499676,uci_ledger_499676,public_invoice,MATCHED
uci_499677,uci_bank_499677,uci_ledger_499677,public_invoice,MATCHED
uci_499678,uci_bank_499678,uci_ledger_499678,public_invoice,MATCHED
uci_499679,uci_bank_499679,uci_ledger_499679,public_invoice,MATCHED
uci_499680,uci_bank_499680,uci_ledger_499680,public_invoice,MATCHED
uci_499681,uci_bank_499681,uci_ledger_499681,public_invoice,MATCHED
uci_499682,uci_bank_499682,uci_ledger_499682,public_invoice,MATCHED
uci_499683,uci_bank_499683,uci_ledger_499683,public_invoice,MATCHED
uci_499684,uci_bank_499684,uci_ledger_499684,public_invoice,MATCHED
uci_499685,uci_bank_499685,uci_ledger_499685,public_invoice,MATCHED
uci_499686,uci_bank_499686,uci_ledger_499686,public_invoice,MATCHED
uci_499687,uci_bank_499687,uci_ledger_499687,public_invoice,MATCHED
uci_499689,uci_bank_499689,uci_ledger_499689,public_invoice,MATCHED
uci_499691,uci_bank_499691,uci_ledger_499691,public_invoice,MATCHED
uci_499692,uci_bank_499692,uci_ledger_499692,public_invoice,MATCHED
uci_499752,uci_bank_499752,uci_ledger_499752,public_invoice,MATCHED
uci_499754,uci_bank_499754,uci_ledger_499754,public_invoice,MATCHED
uci_499756,uci_bank_499756,uci_ledger_499756,public_invoice,MATCHED
uci_499757,uci_bank_499757,uci_ledger_499757,public_invoice,MATCHED
uci_499758,uci_bank_499758,uci_ledger_499758,public_invoice,MATCHED
uci_499759,uci_bank_499759,uci_ledger_499759,public_invoice,MATCHED
uci_499760,uci_bank_499760,uci_ledger_499760,public_invoice,MATCHED
uci_499761,uci_bank_499761,uci_ledger_499761,public_invoice,MATCHED
uci_499762,uci_bank_499762,uci_ledger_499762,public_invoice,MATCHED
uci_499763,uci_bank_499763,uci_ledger_499763,public_invoice,MATCHED
uci_499764,uci_bank_499764,uci_ledger_499764,public_invoice,MATCHED
uci_499768,uci_bank_499768,uci_ledger_499768,public_invoice,MATCHED
uci_499770,uci_bank_499770,uci_ledger_499770,public_invoice,MATCHED
uci_499769,uci_bank_499769,uci_ledger_499769,public_invoice,MATCHED
uci_499771,uci_bank_499771,uci_ledger_499771,public_invoice,MATCHED
uci_499772,uci_bank_499772,uci_ledger_499772,public_invoice,MATCHED
uci_499773,uci_bank_499773,uci_ledger_499773,public_invoice,MATCHED
uci_499775,uci_bank_499775,uci_ledger_499775,public_invoice,MATCHED
uci_499777,uci_bank_499777,uci_ledger_499777,public_invoice,MATCHED
uci_499778,uci_bank_499778,uci_ledger_499778,public_invoice,MATCHED
uci_499779,uci_bank_499779,uci_ledger_499779,public_invoice,MATCHED
uci_499780,uci_bank_499780,uci_ledger_499780,public_invoice,MATCHED
uci_499781,uci_bank_499781,uci_ledger_499781,public_invoice,MATCHED
uci_499782,uci_bank_499782,uci_ledger_499782,public_invoice,MATCHED
uci_499784,uci_bank_499784,uci_ledger_499784,public_invoice,MATCHED
uci_499785,uci_bank_499785,uci_ledger_499785,public_invoice,MATCHED
uci_499788,uci_bank_499788,uci_ledger_499788,public_invoice,MATCHED
uci_499789,uci_bank_499789,uci_ledger_499789,public_invoice,MATCHED
uci_499795,uci_bank_499795,uci_ledger_499795,public_invoice,MATCHED
uci_499797,uci_bank_499797,uci_ledger_499797,public_invoice,MATCHED
uci_499798,uci_bank_499798,uci_ledger_499798,public_invoice,MATCHED
uci_499799,uci_bank_499799,uci_ledger_499799,public_invoice,MATCHED
uci_499801,uci_bank_499801,uci_ledger_499801,public_invoice,MATCHED
uci_499800,uci_bank_499800,uci_ledger_499800,public_invoice,MATCHED
uci_499849,uci_bank_499849,uci_ledger_499849,public_invoice,MATCHED
uci_499850,uci_bank_499850,uci_ledger_499850,public_invoice,MATCHED
uci_499853,uci_bank_499853,uci_ledger_499853,public_invoice,MATCHED
uci_499859,uci_bank_499859,uci_ledger_499859,public_invoice,MATCHED
uci_499864,uci_bank_499864,uci_ledger_499864,public_invoice,MATCHED
uci_499866,uci_bank_499866,uci_ledger_499866,public_invoice,MATCHED
uci_499873,uci_bank_499873,uci_ledger_499873,public_invoice,MATCHED
uci_499874,uci_bank_499874,uci_ledger_499874,public_invoice,MATCHED
uci_499875,uci_bank_499875,uci_ledger_499875,public_invoice,MATCHED
uci_499876,uci_bank_499876,uci_ledger_499876,public_invoice,MATCHED
uci_499877,uci_bank_499877,uci_ledger_499877,public_invoice,MATCHED
uci_499878,uci_bank_499878,uci_ledger_499878,public_invoice,MATCHED
uci_499880,uci_bank_499880,uci_ledger_499880,public_invoice,MATCHED
uci_499879,uci_bank_499879,uci_ledger_499879,public_invoice,MATCHED
uci_499881,uci_bank_499881,uci_ledger_499881,public_invoice,MATCHED
uci_499882,uci_bank_499882,uci_ledger_499882,public_invoice,MATCHED
uci_499883,uci_bank_499883,uci_ledger_499883,public_invoice,MATCHED
uci_499884,uci_bank_499884,uci_ledger_499884,public_invoice,MATCHED
uci_499886,uci_bank_499886,uci_ledger_499886,public_invoice,MATCHED
uci_499887,uci_bank_499887,uci_ledger_499887,public_invoice,MATCHED
uci_499890,uci_bank_499890,uci_ledger_499890,public_invoice,MATCHED
uci_499891,uci_bank_499891,uci_ledger_499891,public_invoice,MATCHED
uci_499894,uci_bank_499894,uci_ledger_499894,public_invoice,MATCHED
uci_499893,uci_bank_499893,uci_ledger_499893,public_invoice,MATCHED
uci_499895,uci_bank_499895,uci_ledger_499895,public_invoice,MATCHED
uci_499897,uci_bank_499897,uci_ledger_499897,public_invoice,MATCHED
uci_499899,uci_bank_499899,uci_ledger_499899,public_invoice,MATCHED
uci_499900,uci_bank_499900,uci_ledger_499900,public_invoice,MATCHED
uci_499914,uci_bank_499914,uci_ledger_499914,public_invoice,MATCHED
uci_499912,uci_bank_499912,uci_ledger_499912,public_invoice,MATCHED
uci_499918,uci_bank_499918,uci_ledger_499918,public_invoice,MATCHED
uci_499919,uci_bank_499919,uci_ledger_499919,public_invoice,MATCHED
uci_499922,uci_bank_499922,uci_ledger_499922,public_invoice,MATCHED
uci_499921,uci_bank_499921,uci_ledger_499921,public_invoice,MATCHED
uci_499939,uci_bank_499939,uci_ledger_499939,public_invoice,MATCHED
uci_499942,uci_bank_499942,uci_ledger_499942,public_invoice,MATCHED
uci_499944,uci_bank_499944,uci_ledger_499944,public_invoice,MATCHED
uci_499956,uci_bank_499956,uci_ledger_499956,public_invoice,MATCHED
uci_499958,uci_bank_499958,uci_ledger_499958,public_invoice,MATCHED
uci_499959,uci_bank_499959,uci_ledger_499959,public_invoice,MATCHED
uci_499960,uci_bank_499960,uci_ledger_499960,public_invoice,MATCHED
uci_499961,uci_bank_499961,uci_ledger_499961,public_invoice,MATCHED
uci_499962,uci_bank_499962,uci_ledger_499962,public_invoice,MATCHED
uci_499964,uci_bank_499964,uci_ledger_499964,public_invoice,MATCHED
uci_499965,uci_bank_499965,uci_ledger_499965,public_invoice,MATCHED
uci_499966,uci_bank_499966,uci_ledger_499966,public_invoice,MATCHED
uci_499967,uci_bank_499967,uci_ledger_499967,public_invoice,MATCHED
uci_499967,uci_bank_499967,uci_ledger_499967,public_invoice,MATCHED
uci_499968,uci_bank_499968,uci_ledger_499968,public_invoice,MATCHED
uci_499969,uci_bank_499969,uci_ledger_499969,public_invoice,MATCHED
uci_499971,uci_bank_499971,uci_ledger_499971,public_invoice,MATCHED
uci_499972,uci_bank_499972,uci_ledger_499972,public_invoice,MATCHED
uci_499973,uci_bank_499973,uci_ledger_499973,public_invoice,MATCHED
uci_499974,uci_bank_499974,uci_ledger_499974,public_invoice,MATCHED
uci_499975,uci_bank_499975,uci_ledger_499975,public_invoice,MATCHED
uci_499977,uci_bank_499977,uci_ledger_499977,public_invoice,MATCHED
uci_499979,uci_bank_499979,uci_ledger_499979,public_invoice,MATCHED
uci_499981,uci_bank_499981,uci_ledger_499981,public_invoice,MATCHED
uci_499982,uci_bank_499982,uci_ledger_499982,public_invoice,MATCHED
uci_499985,uci_bank_499985,uci_ledger_499985,public_invoice,MATCHED
uci_499986,uci_bank_499986,uci_ledger_499986,public_invoice,MATCHED
uci_499988,uci_bank_499988,uci_ledger_499988,public_invoice,MATCHED
uci_499990,uci_bank_499990,uci_ledger_499990,public_invoice,MATCHED
uci_499991,uci_bank_499991,uci_ledger_499991,public_invoice,MATCHED
uci_499993,uci_bank_499993,uci_ledger_499993,public_invoice,MATCHED
uci_499994,uci_bank_499994,uci_ledger_499994,public_invoice,MATCHED
uci_499995,uci_bank_499995,uci_ledger_499995,public_invoice,MATCHED
uci_499996,uci_bank_499996,uci_ledger_499996,public_invoice,MATCHED
uci_499997,uci_bank_499997,uci_ledger_499997,public_invoice,MATCHED
uci_499998,uci_bank_499998,uci_ledger_499998,public_invoice,MATCHED
uci_499999,uci_bank_499999,uci_ledger_499999,public_invoice,MATCHED
uci_500001,uci_bank_500001,uci_ledger_500001,public_invoice,MATCHED
uci_500008,uci_bank_500008,uci_ledger_500008,public_invoice,MATCHED
uci_500009,uci_bank_500009,uci_ledger_500009,public_invoice,MATCHED
uci_500010,uci_bank_500010,uci_ledger_500010,public_invoice,MATCHED
uci_500012,uci_bank_500012,uci_ledger_500012,public_invoice,MATCHED
uci_500014,uci_bank_500014,uci_ledger_500014,public_invoice,MATCHED
uci_500015,uci_bank_500015,uci_ledger_500015,public_invoice,MATCHED
uci_500017,uci_bank_500017,uci_ledger_500017,public_invoice,MATCHED
uci_500018,uci_bank_500018,uci_ledger_500018,public_invoice,MATCHED
uci_500019,uci_bank_500019,uci_ledger_500019,public_invoice,MATCHED
uci_500020,uci_bank_500020,uci_ledger_500020,public_invoice,MATCHED
uci_500022,uci_bank_500022,uci_ledger_500022,public_invoice,MATCHED
uci_500021,uci_bank_500021,uci_ledger_500021,public_invoice,MATCHED
uci_500023,uci_bank_500023,uci_ledger_500023,public_invoice,MATCHED
uci_500024,uci_bank_500024,uci_ledger_500024,public_invoice,MATCHED
uci_500025,uci_bank_500025,uci_ledger_500025,public_invoice,MATCHED
uci_500029,uci_bank_500029,uci_ledger_500029,public_invoice,MATCHED
uci_500030,uci_bank_500030,uci_ledger_500030,public_invoice,MATCHED
uci_500045,uci_bank_500045,uci_ledger_500045,public_invoice,MATCHED
uci_500064,uci_bank_500064,uci_ledger_500064,public_invoice,MATCHED
uci_500072,uci_bank_500072,uci_ledger_500072,public_invoice,MATCHED
uci_500073,uci_bank_500073,uci_ledger_500073,public_invoice,MATCHED
uci_500083,uci_bank_500083,uci_ledger_500083,public_invoice,MATCHED
uci_500092,uci_bank_500092,uci_ledger_500092,public_invoice,MATCHED
uci_500093,uci_bank_500093,uci_ledger_500093,public_invoice,MATCHED
uci_500094,uci_bank_500094,uci_ledger_500094,public_invoice,MATCHED
uci_500096,uci_bank_500096,uci_ledger_500096,public_invoice,MATCHED
uci_500098,uci_bank_500098,uci_ledger_500098,public_invoice,MATCHED
uci_500097,uci_bank_500097,uci_ledger_500097,public_invoice,MATCHED
uci_500100,uci_bank_500100,uci_ledger_500100,public_invoice,MATCHED
uci_500099,uci_bank_500099,uci_ledger_500099,public_invoice,MATCHED
uci_500105,uci_bank_500105,uci_ledger_500105,public_invoice,MATCHED
uci_500108,uci_bank_500108,uci_ledger_500108,public_invoice,MATCHED
uci_500113,uci_bank_500113,uci_ledger_500113,public_invoice,MATCHED
uci_500114,uci_bank_500114,uci_ledger_500114,public_invoice,MATCHED
uci_500115,uci_bank_500115,uci_ledger_500115,public_invoice,MATCHED
uci_500116,uci_bank_500116,uci_ledger_500116,public_invoice,MATCHED
uci_500117,uci_bank_500117,uci_ledger_500117,public_invoice,MATCHED
uci_500118,uci_bank_500118,uci_ledger_500118,public_invoice,MATCHED
uci_500119,uci_bank_500119,uci_ledger_500119,public_invoice,MATCHED
uci_500120,uci_bank_500120,uci_ledger_500120,public_invoice,MATCHED
uci_500121,uci_bank_500121,uci_ledger_500121,public_invoice,MATCHED
uci_500122,uci_bank_500122,uci_ledger_500122,public_invoice,MATCHED
uci_500123,uci_bank_500123,uci_ledger_500123,public_invoice,MATCHED
uci_500124,uci_bank_500124,uci_ledger_500124,public_invoice,MATCHED
uci_500125,uci_bank_500125,uci_ledger_500125,public_invoice,MATCHED
uci_500126,uci_bank_500126,uci_ledger_500126,public_invoice,MATCHED
uci_500128,uci_bank_500128,uci_ledger_500128,public_invoice,MATCHED
uci_500129,uci_bank_500129,uci_ledger_500129,public_invoice,MATCHED
uci_500130,uci_bank_500130,uci_ledger_500130,public_invoice,MATCHED
uci_500132,uci_bank_500132,uci_ledger_500132,public_invoice,MATCHED
uci_500133,uci_bank_500133,uci_ledger_500133,public_invoice,MATCHED
uci_500134,uci_bank_500134,uci_ledger_500134,public_invoice,MATCHED
uci_500135,uci_bank_500135,uci_ledger_500135,public_invoice,MATCHED
uci_500141,uci_bank_500141,uci_ledger_500141,public_invoice,MATCHED
uci_500144,uci_bank_500144,uci_ledger_500144,public_invoice,MATCHED
uci_500145,uci_bank_500145,uci_ledger_500145,public_invoice,MATCHED
uci_500146,uci_bank_500146,uci_ledger_500146,public_invoice,MATCHED
uci_500147,uci_bank_500147,uci_ledger_500147,public_invoice,MATCHED
uci_500148,uci_bank_500148,uci_ledger_500148,public_invoice,MATCHED
uci_500149,uci_bank_500149,uci_ledger_500149,public_invoice,MATCHED
uci_500150,uci_bank_500150,uci_ledger_500150,public_invoice,MATCHED
uci_500151,uci_bank_500151,uci_ledger_500151,public_invoice,MATCHED
uci_500153,uci_bank_500153,uci_ledger_500153,public_invoice,MATCHED
uci_500155,uci_bank_500155,uci_ledger_500155,public_invoice,MATCHED
uci_500157,uci_bank_500157,uci_ledger_500157,public_invoice,MATCHED
uci_500158,uci_bank_500158,uci_ledger_500158,public_invoice,MATCHED
uci_500159,uci_bank_500159,uci_ledger_500159,public_invoice,MATCHED
uci_500160,uci_bank_500160,uci_ledger_500160,public_invoice,MATCHED
uci_500161,uci_bank_500161,uci_ledger_500161,public_invoice,MATCHED
uci_500162,uci_bank_500162,uci_ledger_500162,public_invoice,MATCHED
uci_500163,uci_bank_500163,uci_ledger_500163,public_invoice,MATCHED
uci_500165,uci_bank_500165,uci_ledger_500165,public_invoice,MATCHED
uci_500166,uci_bank_500166,uci_ledger_500166,public_invoice,MATCHED
uci_500167,uci_bank_500167,uci_ledger_500167,public_invoice,MATCHED
uci_500169,uci_bank_500169,uci_ledger_500169,public_invoice,MATCHED
uci_500168,uci_bank_500168,uci_ledger_500168,public_invoice,MATCHED
uci_500170,uci_bank_500170,uci_ledger_500170,public_invoice,MATCHED
uci_500171,uci_bank_500171,uci_ledger_500171,public_invoice,MATCHED
uci_500172,uci_bank_500172,uci_ledger_500172,public_invoice,MATCHED
uci_500173,uci_bank_500173,uci_ledger_500173,public_invoice,MATCHED
uci_500174,uci_bank_500174,uci_ledger_500174,public_invoice,MATCHED
uci_500175,uci_bank_500175,uci_ledger_500175,public_invoice,MATCHED
uci_500176,uci_bank_500176,uci_ledger_500176,public_invoice,MATCHED
uci_500177,uci_bank_500177,uci_ledger_500177,public_invoice,MATCHED
uci_500181,uci_bank_500181,uci_ledger_500181,public_invoice,MATCHED
uci_500183,uci_bank_500183,uci_ledger_500183,public_invoice,MATCHED
uci_500198,uci_bank_500198,uci_ledger_500198,public_invoice,MATCHED
uci_500205,uci_bank_500205,uci_ledger_500205,public_invoice,MATCHED
uci_500220,uci_bank_500220,uci_ledger_500220,public_invoice,MATCHED
uci_500223,uci_bank_500223,uci_ledger_500223,public_invoice,MATCHED
uci_500232,uci_bank_500232,uci_ledger_500232,public_invoice,MATCHED
uci_500233,uci_bank_500233,uci_ledger_500233,public_invoice,MATCHED
uci_500234,uci_bank_500234,uci_ledger_500234,public_invoice,MATCHED
uci_500235,uci_bank_500235,uci_ledger_500235,public_invoice,MATCHED
uci_500236,uci_bank_500236,uci_ledger_500236,public_invoice,MATCHED
uci_500237,uci_bank_500237,uci_ledger_500237,public_invoice,MATCHED
uci_500238,uci_bank_500238,uci_ledger_500238,public_invoice,MATCHED
uci_500239,uci_bank_500239,uci_ledger_500239,public_invoice,MATCHED
uci_500240,uci_bank_500240,uci_ledger_500240,public_invoice,MATCHED
uci_500241,uci_bank_500241,uci_ledger_500241,public_invoice,MATCHED
uci_500246,uci_bank_500246,uci_ledger_500246,public_invoice,MATCHED
uci_500247,uci_bank_500247,uci_ledger_500247,public_invoice,MATCHED
uci_500249,uci_bank_500249,uci_ledger_500249,public_invoice,MATCHED
uci_500250,uci_bank_500250,uci_ledger_500250,public_invoice,MATCHED
uci_500251,uci_bank_500251,uci_ledger_500251,public_invoice,MATCHED
uci_500252,uci_bank_500252,uci_ledger_500252,public_invoice,MATCHED
uci_500254,uci_bank_500254,uci_ledger_500254,public_invoice,MATCHED
uci_500255,uci_bank_500255,uci_ledger_500255,public_invoice,MATCHED
uci_500256,uci_bank_500256,uci_ledger_500256,public_invoice,MATCHED
uci_500257,uci_bank_500257,uci_ledger_500257,public_invoice,MATCHED
uci_500259,uci_bank_500259,uci_ledger_500259,public_invoice,MATCHED
uci_500260,uci_bank_500260,uci_ledger_500260,public_invoice,MATCHED
uci_500261,uci_bank_500261,uci_ledger_500261,public_invoice,MATCHED
uci_500262,uci_bank_500262,uci_ledger_500262,public_invoice,MATCHED
uci_500267,uci_bank_500267,uci_ledger_500267,public_invoice,MATCHED
uci_500271,uci_bank_500271,uci_ledger_500271,public_invoice,MATCHED
uci_500278,uci_bank_500278,uci_ledger_500278,public_invoice,MATCHED
uci_500282,uci_bank_500282,uci_ledger_500282,public_invoice,MATCHED
uci_500285,uci_bank_500285,uci_ledger_500285,public_invoice,MATCHED
uci_500287,uci_bank_500287,uci_ledger_500287,public_invoice,MATCHED
uci_500289,uci_bank_500289,uci_ledger_500289,public_invoice,MATCHED
uci_500292,uci_bank_500292,uci_ledger_500292,public_invoice,MATCHED
uci_500293,uci_bank_500293,uci_ledger_500293,public_invoice,MATCHED
uci_500294,uci_bank_500294,uci_ledger_500294,public_invoice,MATCHED
uci_500296,uci_bank_500296,uci_ledger_500296,public_invoice,MATCHED
uci_500297,uci_bank_500297,uci_ledger_500297,public_invoice,MATCHED
uci_500299,uci_bank_500299,uci_ledger_500299,public_invoice,MATCHED
uci_500300,uci_bank_500300,uci_ledger_500300,public_invoice,MATCHED
uci_500301,uci_bank_500301,uci_ledger_500301,public_invoice,MATCHED
uci_500302,uci_bank_500302,uci_ledger_500302,public_invoice,MATCHED
uci_500303,uci_bank_500303,uci_ledger_500303,public_invoice,MATCHED
uci_500304,uci_bank_500304,uci_ledger_500304,public_invoice,MATCHED
uci_500306,uci_bank_500306,uci_ledger_500306,public_invoice,MATCHED
uci_500310,uci_bank_500310,uci_ledger_500310,public_invoice,MATCHED
uci_500311,uci_bank_500311,uci_ledger_500311,public_invoice,MATCHED
uci_500313,uci_bank_500313,uci_ledger_500313,public_invoice,MATCHED
uci_500312,uci_bank_500312,uci_ledger_500312,public_invoice,MATCHED
uci_500316,uci_bank_500316,uci_ledger_500316,public_invoice,MATCHED
uci_500318,uci_bank_500318,uci_ledger_500318,public_invoice,MATCHED
uci_500320,uci_bank_500320,uci_ledger_500320,public_invoice,MATCHED
uci_500322,uci_bank_500322,uci_ledger_500322,public_invoice,MATCHED
uci_500323,uci_bank_500323,uci_ledger_500323,public_invoice,MATCHED
uci_500324,uci_bank_500324,uci_ledger_500324,public_invoice,MATCHED
uci_500325,uci_bank_500325,uci_ledger_500325,public_invoice,MATCHED
uci_500326,uci_bank_500326,uci_ledger_500326,public_invoice,MATCHED
uci_500327,uci_bank_500327,uci_ledger_500327,public_invoice,MATCHED
uci_500328,uci_bank_500328,uci_ledger_500328,public_invoice,MATCHED
uci_500329,uci_bank_500329,uci_ledger_500329,public_invoice,MATCHED
uci_500330,uci_bank_500330,uci_ledger_500330,public_invoice,MATCHED
uci_500331,uci_bank_500331,uci_ledger_500331,public_invoice,MATCHED
uci_500332,uci_bank_500332,uci_ledger_500332,public_invoice,MATCHED
uci_500333,uci_bank_500333,uci_ledger_500333,public_invoice,MATCHED
uci_500334,uci_bank_500334,uci_ledger_500334,public_invoice,MATCHED
uci_500335,uci_bank_500335,uci_ledger_500335,public_invoice,MATCHED
uci_500336,uci_bank_500336,uci_ledger_500336,public_invoice,MATCHED
uci_500337,uci_bank_500337,uci_ledger_500337,public_invoice,MATCHED
uci_500338,uci_bank_500338,uci_ledger_500338,public_invoice,MATCHED
uci_500339,uci_bank_500339,uci_ledger_500339,public_invoice,MATCHED
uci_500340,uci_bank_500340,uci_ledger_500340,public_invoice,MATCHED
uci_500341,uci_bank_500341,uci_ledger_500341,public_invoice,MATCHED
uci_500342,uci_bank_500342,uci_ledger_500342,public_invoice,MATCHED
uci_500343,uci_bank_500343,uci_ledger_500343,public_invoice,MATCHED
uci_500344,uci_bank_500344,uci_ledger_500344,public_invoice,MATCHED
uci_500346,uci_bank_500346,uci_ledger_500346,public_invoice,MATCHED
uci_500347,uci_bank_500347,uci_ledger_500347,public_invoice,MATCHED
uci_500349,uci_bank_500349,uci_ledger_500349,public_invoice,MATCHED
uci_500350,uci_bank_500350,uci_ledger_500350,public_invoice,MATCHED
uci_500353,uci_bank_500353,uci_ledger_500353,public_invoice,MATCHED
uci_500353,uci_bank_500353,uci_ledger_500353,public_invoice,MATCHED
uci_500354,uci_bank_500354,uci_ledger_500354,public_invoice,MATCHED
uci_500355,uci_bank_500355,uci_ledger_500355,public_invoice,MATCHED
uci_500356,uci_bank_500356,uci_ledger_500356,public_invoice,MATCHED
uci_500357,uci_bank_500357,uci_ledger_500357,public_invoice,MATCHED
uci_500359,uci_bank_500359,uci_ledger_500359,public_invoice,MATCHED
uci_500358,uci_bank_500358,uci_ledger_500358,public_invoice,MATCHED
uci_500360,uci_bank_500360,uci_ledger_500360,public_invoice,MATCHED
uci_500361,uci_bank_500361,uci_ledger_500361,public_invoice,MATCHED
uci_500362,uci_bank_500362,uci_ledger_500362,public_invoice,MATCHED
uci_500367,uci_bank_500367,uci_ledger_500367,public_invoice,MATCHED
uci_500368,uci_bank_500368,uci_ledger_500368,public_invoice,MATCHED
uci_500369,uci_bank_500369,uci_ledger_500369,public_invoice,MATCHED
uci_500370,uci_bank_500370,uci_ledger_500370,public_invoice,MATCHED
uci_500371,uci_bank_500371,uci_ledger_500371,public_invoice,MATCHED
uci_500372,uci_bank_500372,uci_ledger_500372,public_invoice,MATCHED
uci_500373,uci_bank_500373,uci_ledger_500373,public_invoice,MATCHED
uci_500374,uci_bank_500374,uci_ledger_500374,public_invoice,MATCHED
uci_500375,uci_bank_500375,uci_ledger_500375,public_invoice,MATCHED
uci_500376,uci_bank_500376,uci_ledger_500376,public_invoice,MATCHED
uci_500377,uci_bank_500377,uci_ledger_500377,public_invoice,MATCHED
uci_500379,uci_bank_500379,uci_ledger_500379,public_invoice,MATCHED
uci_500378,uci_bank_500378,uci_ledger_500378,public_invoice,MATCHED
uci_500380,uci_bank_500380,uci_ledger_500380,public_invoice,MATCHED
uci_500381,uci_bank_500381,uci_ledger_500381,public_invoice,MATCHED
uci_500382,uci_bank_500382,uci_ledger_500382,public_invoice,MATCHED
uci_500383,uci_bank_500383,uci_ledger_500383,public_invoice,MATCHED
uci_500384,uci_bank_500384,uci_ledger_500384,public_invoice,MATCHED
uci_500385,uci_bank_500385,uci_ledger_500385,public_invoice,MATCHED
uci_500386,uci_bank_500386,uci_ledger_500386,public_invoice,MATCHED
uci_500389,uci_bank_500389,uci_ledger_500389,public_invoice,MATCHED
uci_500399,uci_bank_500399,uci_ledger_500399,public_invoice,MATCHED
uci_500400,uci_bank_500400,uci_ledger_500400,public_invoice,MATCHED
uci_500425,uci_bank_500425,uci_ledger_500425,public_invoice,MATCHED
uci_500428,uci_bank_500428,uci_ledger_500428,public_invoice,MATCHED
uci_500449,uci_bank_500449,uci_ledger_500449,public_invoice,MATCHED
uci_500448,uci_bank_500448,uci_ledger_500448,public_invoice,MATCHED
uci_500450,uci_bank_500450,uci_ledger_500450,public_invoice,MATCHED
uci_500451,uci_bank_500451,uci_ledger_500451,public_invoice,MATCHED
uci_500452,uci_bank_500452,uci_ledger_500452,public_invoice,MATCHED
uci_500453,uci_bank_500453,uci_ledger_500453,public_invoice,MATCHED
uci_500455,uci_bank_500455,uci_ledger_500455,public_invoice,MATCHED
uci_500454,uci_bank_500454,uci_ledger_500454,public_invoice,MATCHED
uci_500456,uci_bank_500456,uci_ledger_500456,public_invoice,MATCHED
uci_500457,uci_bank_500457,uci_ledger_500457,public_invoice,MATCHED
uci_500458,uci_bank_500458,uci_ledger_500458,public_invoice,MATCHED
uci_500459,uci_bank_500459,uci_ledger_500459,public_invoice,MATCHED
uci_500460,uci_bank_500460,uci_ledger_500460,public_invoice,MATCHED
uci_500476,uci_bank_500476,uci_ledger_500476,public_invoice,MATCHED
uci_500493,uci_bank_500493,uci_ledger_500493,public_invoice,MATCHED
uci_500495,uci_bank_500495,uci_ledger_500495,public_invoice,MATCHED
uci_500498,uci_bank_500498,uci_ledger_500498,public_invoice,MATCHED
uci_500500,uci_bank_500500,uci_ledger_500500,public_invoice,MATCHED
uci_500501,uci_bank_500501,uci_ledger_500501,public_invoice,MATCHED
uci_500502,uci_bank_500502,uci_ledger_500502,public_invoice,MATCHED
uci_500503,uci_bank_500503,uci_ledger_500503,public_invoice,MATCHED
uci_500504,uci_bank_500504,uci_ledger_500504,public_invoice,MATCHED
uci_500505,uci_bank_500505,uci_ledger_500505,public_invoice,MATCHED
uci_500506,uci_bank_500506,uci_ledger_500506,public_invoice,MATCHED
uci_500508,uci_bank_500508,uci_ledger_500508,public_invoice,MATCHED
uci_500509,uci_bank_500509,uci_ledger_500509,public_invoice,MATCHED
uci_500510,uci_bank_500510,uci_ledger_500510,public_invoice,MATCHED
uci_500511,uci_bank_500511,uci_ledger_500511,public_invoice,MATCHED
uci_500523,uci_bank_500523,uci_ledger_500523,public_invoice,MATCHED
uci_500533,uci_bank_500533,uci_ledger_500533,public_invoice,MATCHED
uci_500536,uci_bank_500536,uci_ledger_500536,public_invoice,MATCHED
uci_500535,uci_bank_500535,uci_ledger_500535,public_invoice,MATCHED
uci_500537,uci_bank_500537,uci_ledger_500537,public_invoice,MATCHED
uci_500538,uci_bank_500538,uci_ledger_500538,public_invoice,MATCHED
uci_500539,uci_bank_500539,uci_ledger_500539,public_invoice,MATCHED
uci_500540,uci_bank_500540,uci_ledger_500540,public_invoice,MATCHED
uci_500541,uci_bank_500541,uci_ledger_500541,public_invoice,MATCHED
uci_500564,uci_bank_500564,uci_ledger_500564,public_invoice,MATCHED
uci_500566,uci_bank_500566,uci_ledger_500566,public_invoice,MATCHED
uci_500567,uci_bank_500567,uci_ledger_500567,public_invoice,MATCHED
uci_500568,uci_bank_500568,uci_ledger_500568,public_invoice,MATCHED
uci_500574,uci_bank_500574,uci_ledger_500574,public_invoice,MATCHED
uci_500576,uci_bank_500576,uci_ledger_500576,public_invoice,MATCHED
uci_500577,uci_bank_500577,uci_ledger_500577,public_invoice,MATCHED
uci_500578,uci_bank_500578,uci_ledger_500578,public_invoice,MATCHED
uci_500579,uci_bank_500579,uci_ledger_500579,public_invoice,MATCHED
uci_500580,uci_bank_500580,uci_ledger_500580,public_invoice,MATCHED
uci_500581,uci_bank_500581,uci_ledger_500581,public_invoice,MATCHED
uci_500582,uci_bank_500582,uci_ledger_500582,public_invoice,MATCHED
uci_500583,uci_bank_500583,uci_ledger_500583,public_invoice,MATCHED
uci_500584,uci_bank_500584,uci_ledger_500584,public_invoice,MATCHED
uci_500585,uci_bank_500585,uci_ledger_500585,public_invoice,MATCHED
uci_500587,uci_bank_500587,uci_ledger_500587,public_invoice,MATCHED
uci_500588,uci_bank_500588,uci_ledger_500588,public_invoice,MATCHED
uci_500589,uci_bank_500589,uci_ledger_500589,public_invoice,MATCHED
uci_500590,uci_bank_500590,uci_ledger_500590,public_invoice,MATCHED
uci_500611,uci_bank_500611,uci_ledger_500611,public_invoice,MATCHED
uci_500615,uci_bank_500615,uci_ledger_500615,public_invoice,MATCHED
uci_500616,uci_bank_500616,uci_ledger_500616,public_invoice,MATCHED
uci_500639,uci_bank_500639,uci_ledger_500639,public_invoice,MATCHED
uci_500638,uci_bank_500638,uci_ledger_500638,public_invoice,MATCHED
uci_500652,uci_bank_500652,uci_ledger_500652,public_invoice,MATCHED
uci_500653,uci_bank_500653,uci_ledger_500653,public_invoice,MATCHED
uci_500654,uci_bank_500654,uci_ledger_500654,public_invoice,MATCHED
uci_500655,uci_bank_500655,uci_ledger_500655,public_invoice,MATCHED
uci_500656,uci_bank_500656,uci_ledger_500656,public_invoice,MATCHED
uci_500658,uci_bank_500658,uci_ledger_500658,public_invoice,MATCHED
uci_500659,uci_bank_500659,uci_ledger_500659,public_invoice,MATCHED
uci_500661,uci_bank_500661,uci_ledger_500661,public_invoice,MATCHED
uci_500662,uci_bank_500662,uci_ledger_500662,public_invoice,MATCHED
uci_500663,uci_bank_500663,uci_ledger_500663,public_invoice,MATCHED
uci_500664,uci_bank_500664,uci_ledger_500664,public_invoice,MATCHED
uci_500672,uci_bank_500672,uci_ledger_500672,public_invoice,MATCHED
uci_500673,uci_bank_500673,uci_ledger_500673,public_invoice,MATCHED
uci_500685,uci_bank_500685,uci_ledger_500685,public_invoice,MATCHED
uci_500696,uci_bank_500696,uci_ledger_500696,public_invoice,MATCHED
uci_500699,uci_bank_500699,uci_ledger_500699,public_invoice,MATCHED
uci_500701,uci_bank_500701,uci_ledger_500701,public_invoice,MATCHED
uci_500702,uci_bank_500702,uci_ledger_500702,public_invoice,MATCHED
uci_500703,uci_bank_500703,uci_ledger_500703,public_invoice,MATCHED
uci_500706,uci_bank_500706,uci_ledger_500706,public_invoice,MATCHED
uci_500711,uci_bank_500711,uci_ledger_500711,public_invoice,MATCHED
uci_500712,uci_bank_500712,uci_ledger_500712,public_invoice,MATCHED
uci_500713,uci_bank_500713,uci_ledger_500713,public_invoice,MATCHED
uci_500715,uci_bank_500715,uci_ledger_500715,public_invoice,MATCHED
uci_500716,uci_bank_500716,uci_ledger_500716,public_invoice,MATCHED
uci_500718,uci_bank_500718,uci_ledger_500718,public_invoice,MATCHED
uci_500719,uci_bank_500719,uci_ledger_500719,public_invoice,MATCHED
uci_500720,uci_bank_500720,uci_ledger_500720,public_invoice,MATCHED
uci_500721,uci_bank_500721,uci_ledger_500721,public_invoice,MATCHED
uci_500728,uci_bank_500728,uci_ledger_500728,public_invoice,MATCHED
uci_500730,uci_bank_500730,uci_ledger_500730,public_invoice,MATCHED
uci_500734,uci_bank_500734,uci_ledger_500734,public_invoice,MATCHED
uci_500737,uci_bank_500737,uci_ledger_500737,public_invoice,MATCHED
uci_500736,uci_bank_500736,uci_ledger_500736,public_invoice,MATCHED
uci_500739,uci_bank_500739,uci_ledger_500739,public_invoice,MATCHED
uci_500741,uci_bank_500741,uci_ledger_500741,public_invoice,MATCHED
uci_500744,uci_bank_500744,uci_ledger_500744,public_invoice,MATCHED
uci_500745,uci_bank_500745,uci_ledger_500745,public_invoice,MATCHED
uci_500746,uci_bank_500746,uci_ledger_500746,public_invoice,MATCHED
uci_500747,uci_bank_500747,uci_ledger_500747,public_invoice,MATCHED
uci_500749,uci_bank_500749,uci_ledger_500749,public_invoice,MATCHED
uci_500751,uci_bank_500751,uci_ledger_500751,public_invoice,MATCHED
uci_500754,uci_bank_500754,uci_ledger_500754,public_invoice,MATCHED
uci_500773,uci_bank_500773,uci_ledger_500773,public_invoice,MATCHED
uci_500778,uci_bank_500778,uci_ledger_500778,public_invoice,MATCHED
uci_500782,uci_bank_500782,uci_ledger_500782,public_invoice,MATCHED
uci_500781,uci_bank_500781,uci_ledger_500781,public_invoice,MATCHED
uci_500784,uci_bank_500784,uci_ledger_500784,public_invoice,MATCHED
uci_500788,uci_bank_500788,uci_ledger_500788,public_invoice,MATCHED
uci_500794,uci_bank_500794,uci_ledger_500794,public_invoice,MATCHED
uci_500828,uci_bank_500828,uci_ledger_500828,public_invoice,MATCHED
uci_500829,uci_bank_500829,uci_ledger_500829,public_invoice,MATCHED
uci_500830,uci_bank_500830,uci_ledger_500830,public_invoice,MATCHED
uci_500832,uci_bank_500832,uci_ledger_500832,public_invoice,MATCHED
uci_500834,uci_bank_500834,uci_ledger_500834,public_invoice,MATCHED
uci_500836,uci_bank_500836,uci_ledger_500836,public_invoice,MATCHED
uci_500838,uci_bank_500838,uci_ledger_500838,public_invoice,MATCHED
uci_500837,uci_bank_500837,uci_ledger_500837,public_invoice,MATCHED
uci_500839,uci_bank_500839,uci_ledger_500839,public_invoice,MATCHED
uci_500840,uci_bank_500840,uci_ledger_500840,public_invoice,MATCHED
uci_500843,uci_bank_500843,uci_ledger_500843,public_invoice,MATCHED
uci_500844,uci_bank_500844,uci_ledger_500844,public_invoice,MATCHED
uci_500845,uci_bank_500845,uci_ledger_500845,public_invoice,MATCHED
uci_500853,uci_bank_500853,uci_ledger_500853,public_invoice,MATCHED
uci_500857,uci_bank_500857,uci_ledger_500857,public_invoice,MATCHED
uci_500860,uci_bank_500860,uci_ledger_500860,public_invoice,MATCHED
uci_500861,uci_bank_500861,uci_ledger_500861,public_invoice,MATCHED
uci_500862,uci_bank_500862,uci_ledger_500862,public_invoice,MATCHED
uci_500863,uci_bank_500863,uci_ledger_500863,public_invoice,MATCHED
uci_500864,uci_bank_500864,uci_ledger_500864,public_invoice,MATCHED
uci_500866,uci_bank_500866,uci_ledger_500866,public_invoice,MATCHED
uci_500867,uci_bank_500867,uci_ledger_500867,public_invoice,MATCHED
uci_500868,uci_bank_500868,uci_ledger_500868,public_invoice,MATCHED
uci_500869,uci_bank_500869,uci_ledger_500869,public_invoice,MATCHED
uci_500871,uci_bank_500871,uci_ledger_500871,public_invoice,MATCHED
uci_500872,uci_bank_500872,uci_ledger_500872,public_invoice,MATCHED
uci_500873,uci_bank_500873,uci_ledger_500873,public_invoice,MATCHED
uci_500874,uci_bank_500874,uci_ledger_500874,public_invoice,MATCHED
uci_500875,uci_bank_500875,uci_ledger_500875,public_invoice,MATCHED
uci_500876,uci_bank_500876,uci_ledger_500876,public_invoice,MATCHED
uci_500878,uci_bank_500878,uci_ledger_500878,public_invoice,MATCHED
uci_500879,uci_bank_500879,uci_ledger_500879,public_invoice,MATCHED
uci_500881,uci_bank_500881,uci_ledger_500881,public_invoice,MATCHED
uci_500880,uci_bank_500880,uci_ledger_500880,public_invoice,MATCHED
uci_500882,uci_bank_500882,uci_ledger_500882,public_invoice,MATCHED
uci_500883,uci_bank_500883,uci_ledger_500883,public_invoice,MATCHED
uci_500884,uci_bank_500884,uci_ledger_500884,public_invoice,MATCHED
uci_500885,uci_bank_500885,uci_ledger_500885,public_invoice,MATCHED
uci_500886,uci_bank_500886,uci_ledger_500886,public_invoice,MATCHED
uci_500889,uci_bank_500889,uci_ledger_500889,public_invoice,MATCHED
uci_500890,uci_bank_500890,uci_ledger_500890,public_invoice,MATCHED
uci_500896,uci_bank_500896,uci_ledger_500896,public_invoice,MATCHED
uci_500899,uci_bank_500899,uci_ledger_500899,public_invoice,MATCHED
uci_500900,uci_bank_500900,uci_ledger_500900,public_invoice,MATCHED
uci_500901,uci_bank_500901,uci_ledger_500901,public_invoice,MATCHED
uci_500902,uci_bank_500902,uci_ledger_500902,public_invoice,MATCHED
uci_500903,uci_bank_500903,uci_ledger_500903,public_invoice,MATCHED
uci_500904,uci_bank_500904,uci_ledger_500904,public_invoice,MATCHED
uci_500917,uci_bank_500917,uci_ledger_500917,public_invoice,MATCHED
uci_500919,uci_bank_500919,uci_ledger_500919,public_invoice,MATCHED
uci_500920,uci_bank_500920,uci_ledger_500920,public_invoice,MATCHED
uci_500921,uci_bank_500921,uci_ledger_500921,public_invoice,MATCHED
uci_500922,uci_bank_500922,uci_ledger_500922,public_invoice,MATCHED
uci_500933,uci_bank_500933,uci_ledger_500933,public_invoice,MATCHED
uci_500940,uci_bank_500940,uci_ledger_500940,public_invoice,MATCHED
uci_500941,uci_bank_500941,uci_ledger_500941,public_invoice,MATCHED
uci_500943,uci_bank_500943,uci_ledger_500943,public_invoice,MATCHED
uci_500963,uci_bank_500963,uci_ledger_500963,public_invoice,MATCHED
uci_500964,uci_bank_500964,uci_ledger_500964,public_invoice,MATCHED
uci_500968,uci_bank_500968,uci_ledger_500968,public_invoice,MATCHED
uci_500971,uci_bank_500971,uci_ledger_500971,public_invoice,MATCHED
uci_500970,uci_bank_500970,uci_ledger_500970,public_invoice,MATCHED
uci_500973,uci_bank_500973,uci_ledger_500973,public_invoice,MATCHED
uci_500979,uci_bank_500979,uci_ledger_500979,public_invoice,MATCHED
uci_500986,uci_bank_500986,uci_ledger_500986,public_invoice,MATCHED
uci_500995,uci_bank_500995,uci_ledger_500995,public_invoice,MATCHED
uci_500996,uci_bank_500996,uci_ledger_500996,public_invoice,MATCHED
uci_500997,uci_bank_500997,uci_ledger_500997,public_invoice,MATCHED
uci_500998,uci_bank_500998,uci_ledger_500998,public_invoice,MATCHED
uci_501000,uci_bank_501000,uci_ledger_501000,public_invoice,MATCHED
uci_500999,uci_bank_500999,uci_ledger_500999,public_invoice,MATCHED
uci_501001,uci_bank_501001,uci_ledger_501001,public_invoice,MATCHED
uci_501002,uci_bank_501002,uci_ledger_501002,public_invoice,MATCHED
uci_501004,uci_bank_501004,uci_ledger_501004,public_invoice,MATCHED
uci_501005,uci_bank_501005,uci_ledger_501005,public_invoice,MATCHED
uci_501006,uci_bank_501006,uci_ledger_501006,public_invoice,MATCHED
uci_501007,uci_bank_501007,uci_ledger_501007,public_invoice,MATCHED
uci_501008,uci_bank_501008,uci_ledger_501008,public_invoice,MATCHED
uci_501009,uci_bank_501009,uci_ledger_501009,public_invoice,MATCHED
uci_501010,uci_bank_501010,uci_ledger_501010,public_invoice,MATCHED
uci_501011,uci_bank_501011,uci_ledger_501011,public_invoice,MATCHED
uci_501028,uci_bank_501028,uci_ledger_501028,public_invoice,MATCHED
uci_501029,uci_bank_501029,uci_ledger_501029,public_invoice,MATCHED
uci_501030,uci_bank_501030,uci_ledger_501030,public_invoice,MATCHED
uci_501031,uci_bank_501031,uci_ledger_501031,public_invoice,MATCHED
uci_501033,uci_bank_501033,uci_ledger_501033,public_invoice,MATCHED
uci_501034,uci_bank_501034,uci_ledger_501034,public_invoice,MATCHED
uci_501035,uci_bank_501035,uci_ledger_501035,public_invoice,MATCHED
uci_501037,uci_bank_501037,uci_ledger_501037,public_invoice,MATCHED
uci_501038,uci_bank_501038,uci_ledger_501038,public_invoice,MATCHED
uci_501039,uci_bank_501039,uci_ledger_501039,public_invoice,MATCHED
uci_501042,uci_bank_501042,uci_ledger_501042,public_invoice,MATCHED
uci_501043,uci_bank_501043,uci_ledger_501043,public_invoice,MATCHED
uci_501044,uci_bank_501044,uci_ledger_501044,public_invoice,MATCHED
uci_501045,uci_bank_501045,uci_ledger_501045,public_invoice,MATCHED
uci_501046,uci_bank_501046,uci_ledger_501046,public_invoice,MATCHED
uci_501047,uci_bank_501047,uci_ledger_501047,public_invoice,MATCHED
uci_501048,uci_bank_501048,uci_ledger_501048,public_invoice,MATCHED
uci_501049,uci_bank_501049,uci_ledger_501049,public_invoice,MATCHED
uci_501079,uci_bank_501079,uci_ledger_501079,public_invoice,MATCHED
uci_501082,uci_bank_501082,uci_ledger_501082,public_invoice,MATCHED
uci_501083,uci_bank_501083,uci_ledger_501083,public_invoice,MATCHED
uci_501084,uci_bank_501084,uci_ledger_501084,public_invoice,MATCHED
uci_501085,uci_bank_501085,uci_ledger_501085,public_invoice,MATCHED
uci_501086,uci_bank_501086,uci_ledger_501086,public_invoice,MATCHED
uci_501093,uci_bank_501093,uci_ledger_501093,public_invoice,MATCHED
uci_501098,uci_bank_501098,uci_ledger_501098,public_invoice,MATCHED
uci_501101,uci_bank_501101,uci_ledger_501101,public_invoice,MATCHED
uci_501102,uci_bank_501102,uci_ledger_501102,public_invoice,MATCHED
uci_501103,uci_bank_501103,uci_ledger_501103,public_invoice,MATCHED
uci_501104,uci_bank_501104,uci_ledger_501104,public_invoice,MATCHED
uci_501114,uci_bank_501114,uci_ledger_501114,public_invoice,MATCHED
uci_501117,uci_bank_501117,uci_ledger_501117,public_invoice,MATCHED
uci_501118,uci_bank_501118,uci_ledger_501118,public_invoice,MATCHED
uci_501119,uci_bank_501119,uci_ledger_501119,public_invoice,MATCHED
uci_501121,uci_bank_501121,uci_ledger_501121,public_invoice,MATCHED
uci_501123,uci_bank_501123,uci_ledger_501123,public_invoice,MATCHED
uci_501124,uci_bank_501124,uci_ledger_501124,public_invoice,MATCHED
uci_501126,uci_bank_501126,uci_ledger_501126,public_invoice,MATCHED
uci_501127,uci_bank_501127,uci_ledger_501127,public_invoice,MATCHED
uci_501128,uci_bank_501128,uci_ledger_501128,public_invoice,MATCHED
uci_501129,uci_bank_501129,uci_ledger_501129,public_invoice,MATCHED
uci_501132,uci_bank_501132,uci_ledger_501132,public_invoice,MATCHED
uci_501133,uci_bank_501133,uci_ledger_501133,public_invoice,MATCHED
uci_501134,uci_bank_501134,uci_ledger_501134,public_invoice,MATCHED
uci_501135,uci_bank_501135,uci_ledger_501135,public_invoice,MATCHED
uci_501136,uci_bank_501136,uci_ledger_501136,public_invoice,MATCHED
uci_501137,uci_bank_501137,uci_ledger_501137,public_invoice,MATCHED
uci_501138,uci_bank_501138,uci_ledger_501138,public_invoice,MATCHED
uci_501140,uci_bank_501140,uci_ledger_501140,public_invoice,MATCHED
uci_501141,uci_bank_501141,uci_ledger_501141,public_invoice,MATCHED
uci_501142,uci_bank_501142,uci_ledger_501142,public_invoice,MATCHED
uci_501143,uci_bank_501143,uci_ledger_501143,public_invoice,MATCHED
uci_501144,uci_bank_501144,uci_ledger_501144,public_invoice,MATCHED
uci_501145,uci_bank_501145,uci_ledger_501145,public_invoice,MATCHED
uci_501146,uci_bank_501146,uci_ledger_501146,public_invoice,MATCHED
uci_501147,uci_bank_501147,uci_ledger_501147,public_invoice,MATCHED
uci_501148,uci_bank_501148,uci_ledger_501148,public_invoice,MATCHED
uci_501149,uci_bank_501149,uci_ledger_501149,public_invoice,MATCHED
uci_501150,uci_bank_501150,uci_ledger_501150,public_invoice,MATCHED
uci_501151,uci_bank_501151,uci_ledger_501151,public_invoice,MATCHED
uci_501152,uci_bank_501152,uci_ledger_501152,public_invoice,MATCHED
uci_501153,uci_bank_501153,uci_ledger_501153,public_invoice,MATCHED
uci_501154,uci_bank_501154,uci_ledger_501154,public_invoice,MATCHED
uci_501155,uci_bank_501155,uci_ledger_501155,public_invoice,MATCHED
uci_501156,uci_bank_501156,uci_ledger_501156,public_invoice,MATCHED
uci_501157,uci_bank_501157,uci_ledger_501157,public_invoice,MATCHED
uci_501158,uci_bank_501158,uci_ledger_501158,public_invoice,MATCHED
uci_501159,uci_bank_501159,uci_ledger_501159,public_invoice,MATCHED
uci_501160,uci_bank_501160,uci_ledger_501160,public_invoice,MATCHED
uci_501167,uci_bank_501167,uci_ledger_501167,public_invoice,MATCHED
uci_501166,uci_bank_501166,uci_ledger_501166,public_invoice,MATCHED
uci_501168,uci_bank_501168,uci_ledger_501168,public_invoice,MATCHED
uci_501172,uci_bank_501172,uci_ledger_501172,public_invoice,MATCHED
uci_501176,uci_bank_501176,uci_ledger_501176,public_invoice,MATCHED
uci_501175,uci_bank_501175,uci_ledger_501175,public_invoice,MATCHED
uci_501177,uci_bank_501177,uci_ledger_501177,public_invoice,MATCHED
uci_501178,uci_bank_501178,uci_ledger_501178,public_invoice,MATCHED
uci_501181,uci_bank_501181,uci_ledger_501181,public_invoice,MATCHED
uci_501182,uci_bank_501182,uci_ledger_501182,public_invoice,MATCHED
uci_501186,uci_bank_501186,uci_ledger_501186,public_invoice,MATCHED
uci_501201,uci_bank_501201,uci_ledger_501201,public_invoice,MATCHED
uci_501251,uci_bank_501251,uci_ledger_501251,public_invoice,MATCHED
uci_501256,uci_bank_501256,uci_ledger_501256,public_invoice,MATCHED
uci_501257,uci_bank_501257,uci_ledger_501257,public_invoice,MATCHED
uci_501261,uci_bank_501261,uci_ledger_501261,public_invoice,MATCHED
uci_501263,uci_bank_501263,uci_ledger_501263,public_invoice,MATCHED
uci_501264,uci_bank_501264,uci_ledger_501264,public_invoice,MATCHED
uci_501265,uci_bank_501265,uci_ledger_501265,public_invoice,MATCHED
uci_501266,uci_bank_501266,uci_ledger_501266,public_invoice,MATCHED
uci_501267,uci_bank_501267,uci_ledger_501267,public_invoice,MATCHED
uci_501268,uci_bank_501268,uci_ledger_501268,public_invoice,MATCHED
uci_501272,uci_bank_501272,uci_ledger_501272,public_invoice,MATCHED
uci_501273,uci_bank_501273,uci_ledger_501273,public_invoice,MATCHED
uci_501274,uci_bank_501274,uci_ledger_501274,public_invoice,MATCHED
uci_501275,uci_bank_501275,uci_ledger_501275,public_invoice,MATCHED
uci_501276,uci_bank_501276,uci_ledger_501276,public_invoice,MATCHED
uci_501277,uci_bank_501277,uci_ledger_501277,public_invoice,MATCHED
uci_501278,uci_bank_501278,uci_ledger_501278,public_invoice,MATCHED
uci_501279,uci_bank_501279,uci_ledger_501279,public_invoice,MATCHED
uci_501280,uci_bank_501280,uci_ledger_501280,public_invoice,MATCHED
uci_501281,uci_bank_501281,uci_ledger_501281,public_invoice,MATCHED
uci_501282,uci_bank_501282,uci_ledger_501282,public_invoice,MATCHED
uci_501284,uci_bank_501284,uci_ledger_501284,public_invoice,MATCHED
uci_501291,uci_bank_501291,uci_ledger_501291,public_invoice,MATCHED
uci_501295,uci_bank_501295,uci_ledger_501295,public_invoice,MATCHED
uci_501296,uci_bank_501296,uci_ledger_501296,public_invoice,MATCHED
uci_501297,uci_bank_501297,uci_ledger_501297,public_invoice,MATCHED
uci_501298,uci_bank_501298,uci_ledger_501298,public_invoice,MATCHED
uci_501299,uci_bank_501299,uci_ledger_501299,public_invoice,MATCHED
uci_501300,uci_bank_501300,uci_ledger_501300,public_invoice,MATCHED
uci_501301,uci_bank_501301,uci_ledger_501301,public_invoice,MATCHED
uci_501302,uci_bank_501302,uci_ledger_501302,public_invoice,MATCHED
uci_501303,uci_bank_501303,uci_ledger_501303,public_invoice,MATCHED
uci_501304,uci_bank_501304,uci_ledger_501304,public_invoice,MATCHED
uci_501305,uci_bank_501305,uci_ledger_501305,public_invoice,MATCHED
uci_501308,uci_bank_501308,uci_ledger_501308,public_invoice,MATCHED
uci_501316,uci_bank_501316,uci_ledger_501316,public_invoice,MATCHED
uci_501318,uci_bank_501318,uci_ledger_501318,public_invoice,MATCHED
uci_501320,uci_bank_501320,uci_ledger_501320,public_invoice,MATCHED
uci_501333,uci_bank_501333,uci_ledger_501333,public_invoice,MATCHED
uci_501335,uci_bank_501335,uci_ledger_501335,public_invoice,MATCHED
uci_501345,uci_bank_501345,uci_ledger_501345,public_invoice,MATCHED
uci_501347,uci_bank_501347,uci_ledger_501347,public_invoice,MATCHED
uci_501369,uci_bank_501369,uci_ledger_501369,public_invoice,MATCHED
uci_501385,uci_bank_501385,uci_ledger_501385,public_invoice,MATCHED
uci_501386,uci_bank_501386,uci_ledger_501386,public_invoice,MATCHED
uci_501387,uci_bank_501387,uci_ledger_501387,public_invoice,MATCHED
uci_501403,uci_bank_501403,uci_ledger_501403,public_invoice,MATCHED
uci_501420,uci_bank_501420,uci_ledger_501420,public_invoice,MATCHED
uci_501422,uci_bank_501422,uci_ledger_501422,public_invoice,MATCHED
uci_501423,uci_bank_501423,uci_ledger_501423,public_invoice,MATCHED
uci_501425,uci_bank_501425,uci_ledger_501425,public_invoice,MATCHED
uci_501426,uci_bank_501426,uci_ledger_501426,public_invoice,MATCHED
uci_501427,uci_bank_501427,uci_ledger_501427,public_invoice,MATCHED
uci_501430,uci_bank_501430,uci_ledger_501430,public_invoice,MATCHED
uci_501431,uci_bank_501431,uci_ledger_501431,public_invoice,MATCHED
uci_501432,uci_bank_501432,uci_ledger_501432,public_invoice,MATCHED
uci_501434,uci_bank_501434,uci_ledger_501434,public_invoice,MATCHED
uci_501437,uci_bank_501437,uci_ledger_501437,public_invoice,MATCHED
uci_501438,uci_bank_501438,uci_ledger_501438,public_invoice,MATCHED
uci_501439,uci_bank_501439,uci_ledger_501439,public_invoice,MATCHED
uci_501440,uci_bank_501440,uci_ledger_501440,public_invoice,MATCHED
uci_501442,uci_bank_501442,uci_ledger_501442,public_invoice,MATCHED
uci_501443,uci_bank_501443,uci_ledger_501443,public_invoice,MATCHED
uci_501444,uci_bank_501444,uci_ledger_501444,public_invoice,MATCHED
uci_501445,uci_bank_501445,uci_ledger_501445,public_invoice,MATCHED
uci_501446,uci_bank_501446,uci_ledger_501446,public_invoice,MATCHED
uci_501447,uci_bank_501447,uci_ledger_501447,public_invoice,MATCHED
uci_501449,uci_bank_501449,uci_ledger_501449,public_invoice,MATCHED
uci_501461,uci_bank_501461,uci_ledger_501461,public_invoice,MATCHED
uci_501463,uci_bank_501463,uci_ledger_501463,public_invoice,MATCHED
uci_501464,uci_bank_501464,uci_ledger_501464,public_invoice,MATCHED
uci_501469,uci_bank_501469,uci_ledger_501469,public_invoice,MATCHED
uci_501470,uci_bank_501470,uci_ledger_501470,public_invoice,MATCHED
uci_501471,uci_bank_501471,uci_ledger_501471,public_invoice,MATCHED
uci_501472,uci_bank_501472,uci_ledger_501472,public_invoice,MATCHED
uci_501473,uci_bank_501473,uci_ledger_501473,public_invoice,MATCHED
uci_501474,uci_bank_501474,uci_ledger_501474,public_invoice,MATCHED
uci_501476,uci_bank_501476,uci_ledger_501476,public_invoice,MATCHED
uci_501477,uci_bank_501477,uci_ledger_501477,public_invoice,MATCHED
uci_501478,uci_bank_501478,uci_ledger_501478,public_invoice,MATCHED
uci_501479,uci_bank_501479,uci_ledger_501479,public_invoice,MATCHED
uci_501480,uci_bank_501480,uci_ledger_501480,public_invoice,MATCHED
uci_501482,uci_bank_501482,uci_ledger_501482,public_invoice,MATCHED
uci_501483,uci_bank_501483,uci_ledger_501483,public_invoice,MATCHED
uci_501484,uci_bank_501484,uci_ledger_501484,public_invoice,MATCHED
uci_501485,uci_bank_501485,uci_ledger_501485,public_invoice,MATCHED
uci_501505,uci_bank_501505,uci_ledger_501505,public_invoice,MATCHED
uci_501507,uci_bank_501507,uci_ledger_501507,public_invoice,MATCHED
uci_501508,uci_bank_501508,uci_ledger_501508,public_invoice,MATCHED
uci_501509,uci_bank_501509,uci_ledger_501509,public_invoice,MATCHED
uci_501515,uci_bank_501515,uci_ledger_501515,public_invoice,MATCHED
uci_501523,uci_bank_501523,uci_ledger_501523,public_invoice,MATCHED
uci_501524,uci_bank_501524,uci_ledger_501524,public_invoice,MATCHED
uci_501525,uci_bank_501525,uci_ledger_501525,public_invoice,MATCHED
uci_501526,uci_bank_501526,uci_ledger_501526,public_invoice,MATCHED
uci_501528,uci_bank_501528,uci_ledger_501528,public_invoice,MATCHED
uci_501529,uci_bank_501529,uci_ledger_501529,public_invoice,MATCHED
uci_501530,uci_bank_501530,uci_ledger_501530,public_invoice,MATCHED
uci_501531,uci_bank_501531,uci_ledger_501531,public_invoice,MATCHED
uci_501532,uci_bank_501532,uci_ledger_501532,public_invoice,MATCHED
uci_501533,uci_bank_501533,uci_ledger_501533,public_invoice,MATCHED
uci_501534,uci_bank_501534,uci_ledger_501534,public_invoice,MATCHED
uci_501535,uci_bank_501535,uci_ledger_501535,public_invoice,MATCHED
uci_501537,uci_bank_501537,uci_ledger_501537,public_invoice,MATCHED
uci_501539,uci_bank_501539,uci_ledger_501539,public_invoice,MATCHED
uci_501540,uci_bank_501540,uci_ledger_501540,public_invoice,MATCHED
uci_501541,uci_bank_501541,uci_ledger_501541,public_invoice,MATCHED
uci_501542,uci_bank_501542,uci_ledger_501542,public_invoice,MATCHED
uci_501543,uci_bank_501543,uci_ledger_501543,public_invoice,MATCHED
uci_501544,uci_bank_501544,uci_ledger_501544,public_invoice,MATCHED
uci_501545,uci_bank_501545,uci_ledger_501545,public_invoice,MATCHED
uci_501546,uci_bank_501546,uci_ledger_501546,public_invoice,MATCHED
uci_501547,uci_bank_501547,uci_ledger_501547,public_invoice,MATCHED
uci_501548,uci_bank_501548,uci_ledger_501548,public_invoice,MATCHED
uci_501550,uci_bank_501550,uci_ledger_501550,public_invoice,MATCHED
uci_501552,uci_bank_501552,uci_ledger_501552,public_invoice,MATCHED
uci_501553,uci_bank_501553,uci_ledger_501553,public_invoice,MATCHED
uci_501556,uci_bank_501556,uci_ledger_501556,public_invoice,MATCHED
uci_501557,uci_bank_501557,uci_ledger_501557,public_invoice,MATCHED
uci_501563,uci_bank_501563,uci_ledger_501563,public_invoice,MATCHED
uci_501564,uci_bank_501564,uci_ledger_501564,public_invoice,MATCHED
uci_501565,uci_bank_501565,uci_ledger_501565,public_invoice,MATCHED
uci_501566,uci_bank_501566,uci_ledger_501566,public_invoice,MATCHED
uci_501567,uci_bank_501567,uci_ledger_501567,public_invoice,MATCHED
uci_501568,uci_bank_501568,uci_ledger_501568,public_invoice,MATCHED
uci_501569,uci_bank_501569,uci_ledger_501569,public_invoice,MATCHED
uci_501570,uci_bank_501570,uci_ledger_501570,public_invoice,MATCHED
uci_501571,uci_bank_501571,uci_ledger_501571,public_invoice,MATCHED
uci_501572,uci_bank_501572,uci_ledger_501572,public_invoice,MATCHED
uci_501574,uci_bank_501574,uci_ledger_501574,public_invoice,MATCHED
uci_501573,uci_bank_501573,uci_ledger_501573,public_invoice,MATCHED
uci_501575,uci_bank_501575,uci_ledger_501575,public_invoice,MATCHED
uci_501576,uci_bank_501576,uci_ledger_501576,public_invoice,MATCHED
uci_501578,uci_bank_501578,uci_ledger_501578,public_invoice,MATCHED
uci_501611,uci_bank_501611,uci_ledger_501611,public_invoice,MATCHED
uci_501612,uci_bank_501612,uci_ledger_501612,public_invoice,MATCHED
uci_501613,uci_bank_501613,uci_ledger_501613,public_invoice,MATCHED
uci_501614,uci_bank_501614,uci_ledger_501614,public_invoice,MATCHED
uci_501616,uci_bank_501616,uci_ledger_501616,public_invoice,MATCHED
uci_501617,uci_bank_501617,uci_ledger_501617,public_invoice,MATCHED
uci_501618,uci_bank_501618,uci_ledger_501618,public_invoice,MATCHED
uci_501618,uci_bank_501618,uci_ledger_501618,public_invoice,MATCHED
uci_501619,uci_bank_501619,uci_ledger_501619,public_invoice,MATCHED
uci_501620,uci_bank_501620,uci_ledger_501620,public_invoice,MATCHED
uci_501621,uci_bank_501621,uci_ledger_501621,public_invoice,MATCHED
uci_501622,uci_bank_501622,uci_ledger_501622,public_invoice,MATCHED
uci_501623,uci_bank_501623,uci_ledger_501623,public_invoice,MATCHED
uci_501624,uci_bank_501624,uci_ledger_501624,public_invoice,MATCHED
uci_501625,uci_bank_501625,uci_ledger_501625,public_invoice,MATCHED
uci_501626,uci_bank_501626,uci_ledger_501626,public_invoice,MATCHED
uci_501627,uci_bank_501627,uci_ledger_501627,public_invoice,MATCHED
uci_501628,uci_bank_501628,uci_ledger_501628,public_invoice,MATCHED
uci_501629,uci_bank_501629,uci_ledger_501629,public_invoice,MATCHED
uci_501638,uci_bank_501638,uci_ledger_501638,public_invoice,MATCHED
uci_501637,uci_bank_501637,uci_ledger_501637,public_invoice,MATCHED
uci_501639,uci_bank_501639,uci_ledger_501639,public_invoice,MATCHED
uci_501640,uci_bank_501640,uci_ledger_501640,public_invoice,MATCHED
uci_501641,uci_bank_501641,uci_ledger_501641,public_invoice,MATCHED
uci_501645,uci_bank_501645,uci_ledger_501645,public_invoice,MATCHED
uci_501647,uci_bank_501647,uci_ledger_501647,public_invoice,MATCHED
uci_501646,uci_bank_501646,uci_ledger_501646,public_invoice,MATCHED
uci_501648,uci_bank_501648,uci_ledger_501648,public_invoice,MATCHED
uci_501649,uci_bank_501649,uci_ledger_501649,public_invoice,MATCHED
uci_501650,uci_bank_501650,uci_ledger_501650,public_invoice,MATCHED
uci_501651,uci_bank_501651,uci_ledger_501651,public_invoice,MATCHED
uci_501652,uci_bank_501652,uci_ledger_501652,public_invoice,MATCHED
uci_501653,uci_bank_501653,uci_ledger_501653,public_invoice,MATCHED
uci_501654,uci_bank_501654,uci_ledger_501654,public_invoice,MATCHED
uci_501656,uci_bank_501656,uci_ledger_501656,public_invoice,MATCHED
uci_501657,uci_bank_501657,uci_ledger_501657,public_invoice,MATCHED
uci_501658,uci_bank_501658,uci_ledger_501658,public_invoice,MATCHED
uci_501660,uci_bank_501660,uci_ledger_501660,public_invoice,MATCHED
uci_501661,uci_bank_501661,uci_ledger_501661,public_invoice,MATCHED
uci_501662,uci_bank_501662,uci_ledger_501662,public_invoice,MATCHED
uci_501663,uci_bank_501663,uci_ledger_501663,public_invoice,MATCHED
uci_501664,uci_bank_501664,uci_ledger_501664,public_invoice,MATCHED
uci_501665,uci_bank_501665,uci_ledger_501665,public_invoice,MATCHED
uci_501666,uci_bank_501666,uci_ledger_501666,public_invoice,MATCHED
uci_501667,uci_bank_501667,uci_ledger_501667,public_invoice,MATCHED
uci_501669,uci_bank_501669,uci_ledger_501669,public_invoice,MATCHED
uci_501670,uci_bank_501670,uci_ledger_501670,public_invoice,MATCHED
uci_501671,uci_bank_501671,uci_ledger_501671,public_invoice,MATCHED
uci_501672,uci_bank_501672,uci_ledger_501672,public_invoice,MATCHED
uci_501673,uci_bank_501673,uci_ledger_501673,public_invoice,MATCHED
uci_501674,uci_bank_501674,uci_ledger_501674,public_invoice,MATCHED
uci_501675,uci_bank_501675,uci_ledger_501675,public_invoice,MATCHED
uci_501676,uci_bank_501676,uci_ledger_501676,public_invoice,MATCHED
uci_501677,uci_bank_501677,uci_ledger_501677,public_invoice,MATCHED
uci_501679,uci_bank_501679,uci_ledger_501679,public_invoice,MATCHED
uci_501681,uci_bank_501681,uci_ledger_501681,public_invoice,MATCHED
uci_501682,uci_bank_501682,uci_ledger_501682,public_invoice,MATCHED
uci_501685,uci_bank_501685,uci_ledger_501685,public_invoice,MATCHED
uci_501687,uci_bank_501687,uci_ledger_501687,public_invoice,MATCHED
uci_501688,uci_bank_501688,uci_ledger_501688,public_invoice,MATCHED
uci_501689,uci_bank_501689,uci_ledger_501689,public_invoice,MATCHED
uci_501691,uci_bank_501691,uci_ledger_501691,public_invoice,MATCHED
uci_501693,uci_bank_501693,uci_ledger_501693,public_invoice,MATCHED
uci_501694,uci_bank_501694,uci_ledger_501694,public_invoice,MATCHED
uci_501695,uci_bank_501695,uci_ledger_501695,public_invoice,MATCHED
uci_501696,uci_bank_501696,uci_ledger_501696,public_invoice,MATCHED
uci_501697,uci_bank_501697,uci_ledger_501697,public_invoice,MATCHED
uci_501699,uci_bank_501699,uci_ledger_501699,public_invoice,MATCHED
uci_501700,uci_bank_501700,uci_ledger_501700,public_invoice,MATCHED
uci_501701,uci_bank_501701,uci_ledger_501701,public_invoice,MATCHED
uci_501706,uci_bank_501706,uci_ledger_501706,public_invoice,MATCHED
uci_501705,uci_bank_501705,uci_ledger_501705,public_invoice,MATCHED
uci_501707,uci_bank_501707,uci_ledger_501707,public_invoice,MATCHED
uci_501708,uci_bank_501708,uci_ledger_501708,public_invoice,MATCHED
uci_501709,uci_bank_501709,uci_ledger_501709,public_invoice,MATCHED
uci_501710,uci_bank_501710,uci_ledger_501710,public_invoice,MATCHED
uci_501711,uci_bank_501711,uci_ledger_501711,public_invoice,MATCHED
uci_501712,uci_bank_501712,uci_ledger_501712,public_invoice,MATCHED
uci_501713,uci_bank_501713,uci_ledger_501713,public_invoice,MATCHED
uci_501714,uci_bank_501714,uci_ledger_501714,public_invoice,MATCHED
uci_501715,uci_bank_501715,uci_ledger_501715,public_invoice,MATCHED
uci_501716,uci_bank_501716,uci_ledger_501716,public_invoice,MATCHED
uci_501717,uci_bank_501717,uci_ledger_501717,public_invoice,MATCHED
uci_501718,uci_bank_501718,uci_ledger_501718,public_invoice,MATCHED
uci_501719,uci_bank_501719,uci_ledger_501719,public_invoice,MATCHED
uci_501730,uci_bank_501730,uci_ledger_501730,public_invoice,MATCHED
uci_501729,uci_bank_501729,uci_ledger_501729,public_invoice,MATCHED
uci_501731,uci_bank_501731,uci_ledger_501731,public_invoice,MATCHED
uci_501732,uci_bank_501732,uci_ledger_501732,public_invoice,MATCHED
uci_501766,uci_bank_501766,uci_ledger_501766,public_invoice,MATCHED
uci_501767,uci_bank_501767,uci_ledger_501767,public_invoice,MATCHED
uci_501768,uci_bank_501768,uci_ledger_501768,public_invoice,MATCHED
uci_501770,uci_bank_501770,uci_ledger_501770,public_invoice,MATCHED
uci_501776,uci_bank_501776,uci_ledger_501776,public_invoice,MATCHED
uci_501785,uci_bank_501785,uci_ledger_501785,public_invoice,MATCHED
uci_501789,uci_bank_501789,uci_ledger_501789,public_invoice,MATCHED
uci_501790,uci_bank_501790,uci_ledger_501790,public_invoice,MATCHED
uci_501791,uci_bank_501791,uci_ledger_501791,public_invoice,MATCHED
uci_501792,uci_bank_501792,uci_ledger_501792,public_invoice,MATCHED
uci_501793,uci_bank_501793,uci_ledger_501793,public_invoice,MATCHED
uci_501795,uci_bank_501795,uci_ledger_501795,public_invoice,MATCHED
uci_501800,uci_bank_501800,uci_ledger_501800,public_invoice,MATCHED
uci_501805,uci_bank_501805,uci_ledger_501805,public_invoice,MATCHED
uci_501806,uci_bank_501806,uci_ledger_501806,public_invoice,MATCHED
uci_501807,uci_bank_501807,uci_ledger_501807,public_invoice,MATCHED
uci_501808,uci_bank_501808,uci_ledger_501808,public_invoice,MATCHED
uci_501810,uci_bank_501810,uci_ledger_501810,public_invoice,MATCHED
uci_501811,uci_bank_501811,uci_ledger_501811,public_invoice,MATCHED
uci_501813,uci_bank_501813,uci_ledger_501813,public_invoice,MATCHED
uci_501812,uci_bank_501812,uci_ledger_501812,public_invoice,MATCHED
uci_501815,uci_bank_501815,uci_ledger_501815,public_invoice,MATCHED
uci_501816,uci_bank_501816,uci_ledger_501816,public_invoice,MATCHED
uci_501818,uci_bank_501818,uci_ledger_501818,public_invoice,MATCHED
uci_501819,uci_bank_501819,uci_ledger_501819,public_invoice,MATCHED
uci_501822,uci_bank_501822,uci_ledger_501822,public_invoice,MATCHED
uci_501824,uci_bank_501824,uci_ledger_501824,public_invoice,MATCHED
uci_501825,uci_bank_501825,uci_ledger_501825,public_invoice,MATCHED
uci_501828,uci_bank_501828,uci_ledger_501828,public_invoice,MATCHED
uci_501830,uci_bank_501830,uci_ledger_501830,public_invoice,MATCHED
uci_501831,uci_bank_501831,uci_ledger_501831,public_invoice,MATCHED
uci_501836,uci_bank_501836,uci_ledger_501836,public_invoice,MATCHED
uci_501845,uci_bank_501845,uci_ledger_501845,public_invoice,MATCHED
uci_501846,uci_bank_501846,uci_ledger_501846,public_invoice,MATCHED
uci_501847,uci_bank_501847,uci_ledger_501847,public_invoice,MATCHED
uci_501848,uci_bank_501848,uci_ledger_501848,public_invoice,MATCHED
uci_501849,uci_bank_501849,uci_ledger_501849,public_invoice,MATCHED
uci_501850,uci_bank_501850,uci_ledger_501850,public_invoice,MATCHED
uci_501852,uci_bank_501852,uci_ledger_501852,public_invoice,MATCHED
uci_501853,uci_bank_501853,uci_ledger_501853,public_invoice,MATCHED
uci_501854,uci_bank_501854,uci_ledger_501854,public_invoice,MATCHED
uci_501855,uci_bank_501855,uci_ledger_501855,public_invoice,MATCHED
uci_501856,uci_bank_501856,uci_ledger_501856,public_invoice,MATCHED
uci_501858,uci_bank_501858,uci_ledger_501858,public_invoice,MATCHED
uci_501859,uci_bank_501859,uci_ledger_501859,public_invoice,MATCHED
uci_501860,uci_bank_501860,uci_ledger_501860,public_invoice,MATCHED
uci_501862,uci_bank_501862,uci_ledger_501862,public_invoice,MATCHED
uci_501863,uci_bank_501863,uci_ledger_501863,public_invoice,MATCHED
uci_501864,uci_bank_501864,uci_ledger_501864,public_invoice,MATCHED
uci_501866,uci_bank_501866,uci_ledger_501866,public_invoice,MATCHED
uci_501867,uci_bank_501867,uci_ledger_501867,public_invoice,MATCHED
uci_501868,uci_bank_501868,uci_ledger_501868,public_invoice,MATCHED
uci_501869,uci_bank_501869,uci_ledger_501869,public_invoice,MATCHED
uci_501870,uci_bank_501870,uci_ledger_501870,public_invoice,MATCHED
uci_501871,uci_bank_501871,uci_ledger_501871,public_invoice,MATCHED
uci_501871,uci_bank_501871,uci_ledger_501871,public_invoice,MATCHED
uci_501872,uci_bank_501872,uci_ledger_501872,public_invoice,MATCHED
uci_501874,uci_bank_501874,uci_ledger_501874,public_invoice,MATCHED
uci_501875,uci_bank_501875,uci_ledger_501875,public_invoice,MATCHED
uci_501876,uci_bank_501876,uci_ledger_501876,public_invoice,MATCHED
uci_501877,uci_bank_501877,uci_ledger_501877,public_invoice,MATCHED
uci_501879,uci_bank_501879,uci_ledger_501879,public_invoice,MATCHED
uci_501880,uci_bank_501880,uci_ledger_501880,public_invoice,MATCHED
uci_501881,uci_bank_501881,uci_ledger_501881,public_invoice,MATCHED
uci_501882,uci_bank_501882,uci_ledger_501882,public_invoice,MATCHED
uci_501883,uci_bank_501883,uci_ledger_501883,public_invoice,MATCHED
uci_501884,uci_bank_501884,uci_ledger_501884,public_invoice,MATCHED
uci_501885,uci_bank_501885,uci_ledger_501885,public_invoice,MATCHED
uci_501886,uci_bank_501886,uci_ledger_501886,public_invoice,MATCHED
uci_501887,uci_bank_501887,uci_ledger_501887,public_invoice,MATCHED
uci_501888,uci_bank_501888,uci_ledger_501888,public_invoice,MATCHED
uci_501889,uci_bank_501889,uci_ledger_501889,public_invoice,MATCHED
uci_501890,uci_bank_501890,uci_ledger_501890,public_invoice,MATCHED
uci_501891,uci_bank_501891,uci_ledger_501891,public_invoice,MATCHED
uci_501892,uci_bank_501892,uci_ledger_501892,public_invoice,MATCHED
uci_501893,uci_bank_501893,uci_ledger_501893,public_invoice,MATCHED
uci_501894,uci_bank_501894,uci_ledger_501894,public_invoice,MATCHED
uci_501895,uci_bank_501895,uci_ledger_501895,public_invoice,MATCHED
uci_501896,uci_bank_501896,uci_ledger_501896,public_invoice,MATCHED
uci_501897,uci_bank_501897,uci_ledger_501897,public_invoice,MATCHED
uci_501898,uci_bank_501898,uci_ledger_501898,public_invoice,MATCHED
uci_501899,uci_bank_501899,uci_ledger_501899,public_invoice,MATCHED
uci_501900,uci_bank_501900,uci_ledger_501900,public_invoice,MATCHED
uci_501902,uci_bank_501902,uci_ledger_501902,public_invoice,MATCHED
uci_501903,uci_bank_501903,uci_ledger_501903,public_invoice,MATCHED
uci_501904,uci_bank_501904,uci_ledger_501904,public_invoice,MATCHED
uci_501906,uci_bank_501906,uci_ledger_501906,public_invoice,MATCHED
uci_501907,uci_bank_501907,uci_ledger_501907,public_invoice,MATCHED
uci_501908,uci_bank_501908,uci_ledger_501908,public_invoice,MATCHED
uci_501909,uci_bank_501909,uci_ledger_501909,public_invoice,MATCHED
uci_501910,uci_bank_501910,uci_ledger_501910,public_invoice,MATCHED
uci_501911,uci_bank_501911,uci_ledger_501911,public_invoice,MATCHED
uci_501912,uci_bank_501912,uci_ledger_501912,public_invoice,MATCHED
uci_501913,uci_bank_501913,uci_ledger_501913,public_invoice,MATCHED
uci_501916,uci_bank_501916,uci_ledger_501916,public_invoice,MATCHED
uci_501917,uci_bank_501917,uci_ledger_501917,public_invoice,MATCHED
uci_501918,uci_bank_501918,uci_ledger_501918,public_invoice,MATCHED
uci_501919,uci_bank_501919,uci_ledger_501919,public_invoice,MATCHED
uci_501920,uci_bank_501920,uci_ledger_501920,public_invoice,MATCHED
uci_501921,uci_bank_501921,uci_ledger_501921,public_invoice,MATCHED
uci_501922,uci_bank_501922,uci_ledger_501922,public_invoice,MATCHED
uci_501923,uci_bank_501923,uci_ledger_501923,public_invoice,MATCHED
uci_501925,uci_bank_501925,uci_ledger_501925,public_invoice,MATCHED
uci_501926,uci_bank_501926,uci_ledger_501926,public_invoice,MATCHED
uci_501927,uci_bank_501927,uci_ledger_501927,public_invoice,MATCHED
uci_501928,uci_bank_501928,uci_ledger_501928,public_invoice,MATCHED
uci_501930,uci_bank_501930,uci_ledger_501930,public_invoice,MATCHED
uci_501929,uci_bank_501929,uci_ledger_501929,public_invoice,MATCHED
uci_501931,uci_bank_501931,uci_ledger_501931,public_invoice,MATCHED
uci_501938,uci_bank_501938,uci_ledger_501938,public_invoice,MATCHED
uci_501944,uci_bank_501944,uci_ledger_501944,public_invoice,MATCHED
uci_501945,uci_bank_501945,uci_ledger_501945,public_invoice,MATCHED
uci_501947,uci_bank_501947,uci_ledger_501947,public_invoice,MATCHED
uci_501959,uci_bank_501959,uci_ledger_501959,public_invoice,MATCHED
uci_501960,uci_bank_501960,uci_ledger_501960,public_invoice,MATCHED
uci_501996,uci_bank_501996,uci_ledger_501996,public_invoice,MATCHED
uci_502028,uci_bank_502028,uci_ledger_502028,public_invoice,MATCHED
uci_502035,uci_bank_502035,uci_ledger_502035,public_invoice,MATCHED
uci_502036,uci_bank_502036,uci_ledger_502036,public_invoice,MATCHED
uci_502037,uci_bank_502037,uci_ledger_502037,public_invoice,MATCHED
uci_502038,uci_bank_502038,uci_ledger_502038,public_invoice,MATCHED
uci_502039,uci_bank_502039,uci_ledger_502039,public_invoice,MATCHED
uci_502053,uci_bank_502053,uci_ledger_502053,public_invoice,MATCHED
uci_502055,uci_bank_502055,uci_ledger_502055,public_invoice,MATCHED
uci_502056,uci_bank_502056,uci_ledger_502056,public_invoice,MATCHED
uci_502057,uci_bank_502057,uci_ledger_502057,public_invoice,MATCHED
uci_502058,uci_bank_502058,uci_ledger_502058,public_invoice,MATCHED
uci_502059,uci_bank_502059,uci_ledger_502059,public_invoice,MATCHED
uci_502060,uci_bank_502060,uci_ledger_502060,public_invoice,MATCHED
uci_502063,uci_bank_502063,uci_ledger_502063,public_invoice,MATCHED
uci_502064,uci_bank_502064,uci_ledger_502064,public_invoice,MATCHED
uci_502069,uci_bank_502069,uci_ledger_502069,public_invoice,MATCHED
uci_502080,uci_bank_502080,uci_ledger_502080,public_invoice,MATCHED
uci_502082,uci_bank_502082,uci_ledger_502082,public_invoice,MATCHED
uci_502087,uci_bank_502087,uci_ledger_502087,public_invoice,MATCHED
uci_502089,uci_bank_502089,uci_ledger_502089,public_invoice,MATCHED
uci_502091,uci_bank_502091,uci_ledger_502091,public_invoice,MATCHED
uci_502093,uci_bank_502093,uci_ledger_502093,public_invoice,MATCHED
uci_502094,uci_bank_502094,uci_ledger_502094,public_invoice,MATCHED
uci_502096,uci_bank_502096,uci_ledger_502096,public_invoice,MATCHED
uci_502097,uci_bank_502097,uci_ledger_502097,public_invoice,MATCHED
uci_502098,uci_bank_502098,uci_ledger_502098,public_invoice,MATCHED
uci_502099,uci_bank_502099,uci_ledger_502099,public_invoice,MATCHED
uci_502100,uci_bank_502100,uci_ledger_502100,public_invoice,MATCHED
uci_502101,uci_bank_502101,uci_ledger_502101,public_invoice,MATCHED
uci_502102,uci_bank_502102,uci_ledger_502102,public_invoice,MATCHED
uci_502104,uci_bank_502104,uci_ledger_502104,public_invoice,MATCHED
uci_502106,uci_bank_502106,uci_ledger_502106,public_invoice,MATCHED
uci_502105,uci_bank_502105,uci_ledger_502105,public_invoice,MATCHED
uci_502107,uci_bank_502107,uci_ledger_502107,public_invoice,MATCHED
uci_502109,uci_bank_502109,uci_ledger_502109,public_invoice,MATCHED
uci_502108,uci_bank_502108,uci_ledger_502108,public_invoice,MATCHED
uci_502110,uci_bank_502110,uci_ledger_502110,public_invoice,MATCHED
uci_502111,uci_bank_502111,uci_ledger_502111,public_invoice,MATCHED
uci_502112,uci_bank_502112,uci_ledger_502112,public_invoice,MATCHED
uci_502113,uci_bank_502113,uci_ledger_502113,public_invoice,MATCHED
uci_502118,uci_bank_502118,uci_ledger_502118,public_invoice,MATCHED
uci_502138,uci_bank_502138,uci_ledger_502138,public_invoice,MATCHED
uci_502169,uci_bank_502169,uci_ledger_502169,public_invoice,MATCHED
uci_502189,uci_bank_502189,uci_ledger_502189,public_invoice,MATCHED
uci_502192,uci_bank_502192,uci_ledger_502192,public_invoice,MATCHED
uci_502219,uci_bank_502219,uci_ledger_502219,public_invoice,MATCHED
uci_502228,uci_bank_502228,uci_ledger_502228,public_invoice,MATCHED
uci_502229,uci_bank_502229,uci_ledger_502229,public_invoice,MATCHED
uci_502230,uci_bank_502230,uci_ledger_502230,public_invoice,MATCHED
uci_502232,uci_bank_502232,uci_ledger_502232,public_invoice,MATCHED
uci_502233,uci_bank_502233,uci_ledger_502233,public_invoice,MATCHED
uci_502234,uci_bank_502234,uci_ledger_502234,public_invoice,MATCHED
uci_502235,uci_bank_502235,uci_ledger_502235,public_invoice,MATCHED
uci_502236,uci_bank_502236,uci_ledger_502236,public_invoice,MATCHED
uci_502237,uci_bank_502237,uci_ledger_502237,public_invoice,MATCHED
uci_502238,uci_bank_502238,uci_ledger_502238,public_invoice,MATCHED
uci_502239,uci_bank_502239,uci_ledger_502239,public_invoice,MATCHED
uci_502240,uci_bank_502240,uci_ledger_502240,public_invoice,MATCHED
uci_502241,uci_bank_502241,uci_ledger_502241,public_invoice,MATCHED
uci_502242,uci_bank_502242,uci_ledger_502242,public_invoice,MATCHED
uci_502244,uci_bank_502244,uci_ledger_502244,public_invoice,MATCHED
uci_502245,uci_bank_502245,uci_ledger_502245,public_invoice,MATCHED
uci_502246,uci_bank_502246,uci_ledger_502246,public_invoice,MATCHED
uci_502247,uci_bank_502247,uci_ledger_502247,public_invoice,MATCHED
uci_502249,uci_bank_502249,uci_ledger_502249,public_invoice,MATCHED
uci_502251,uci_bank_502251,uci_ledger_502251,public_invoice,MATCHED
uci_502252,uci_bank_502252,uci_ledger_502252,public_invoice,MATCHED
uci_502255,uci_bank_502255,uci_ledger_502255,public_invoice,MATCHED
uci_502256,uci_bank_502256,uci_ledger_502256,public_invoice,MATCHED
uci_502257,uci_bank_502257,uci_ledger_502257,public_invoice,MATCHED
uci_502258,uci_bank_502258,uci_ledger_502258,public_invoice,MATCHED
uci_502259,uci_bank_502259,uci_ledger_502259,public_invoice,MATCHED
uci_502260,uci_bank_502260,uci_ledger_502260,public_invoice,MATCHED
uci_502261,uci_bank_502261,uci_ledger_502261,public_invoice,MATCHED
uci_502263,uci_bank_502263,uci_ledger_502263,public_invoice,MATCHED
uci_502266,uci_bank_502266,uci_ledger_502266,public_invoice,MATCHED
uci_502267,uci_bank_502267,uci_ledger_502267,public_invoice,MATCHED
uci_502269,uci_bank_502269,uci_ledger_502269,public_invoice,MATCHED
uci_502268,uci_bank_502268,uci_ledger_502268,public_invoice,MATCHED
uci_502272,uci_bank_502272,uci_ledger_502272,public_invoice,MATCHED
uci_502273,uci_bank_502273,uci_ledger_502273,public_invoice,MATCHED
uci_502274,uci_bank_502274,uci_ledger_502274,public_invoice,MATCHED
uci_502275,uci_bank_502275,uci_ledger_502275,public_invoice,MATCHED
uci_502278,uci_bank_502278,uci_ledger_502278,public_invoice,MATCHED
uci_502279,uci_bank_502279,uci_ledger_502279,public_invoice,MATCHED
uci_502280,uci_bank_502280,uci_ledger_502280,public_invoice,MATCHED
uci_502281,uci_bank_502281,uci_ledger_502281,public_invoice,MATCHED
uci_502286,uci_bank_502286,uci_ledger_502286,public_invoice,MATCHED
uci_502287,uci_bank_502287,uci_ledger_502287,public_invoice,MATCHED
uci_502288,uci_bank_502288,uci_ledger_502288,public_invoice,MATCHED
uci_502293,uci_bank_502293,uci_ledger_502293,public_invoice,MATCHED
uci_502300,uci_bank_502300,uci_ledger_502300,public_invoice,MATCHED
uci_502301,uci_bank_502301,uci_ledger_502301,public_invoice,MATCHED
uci_502303,uci_bank_502303,uci_ledger_502303,public_invoice,MATCHED
uci_502313,uci_bank_502313,uci_ledger_502313,public_invoice,MATCHED
uci_502314,uci_bank_502314,uci_ledger_502314,public_invoice,MATCHED
uci_502315,uci_bank_502315,uci_ledger_502315,public_invoice,MATCHED
uci_502316,uci_bank_502316,uci_ledger_502316,public_invoice,MATCHED
uci_502318,uci_bank_502318,uci_ledger_502318,public_invoice,MATCHED
uci_502317,uci_bank_502317,uci_ledger_502317,public_invoice,MATCHED
uci_502319,uci_bank_502319,uci_ledger_502319,public_invoice,MATCHED
uci_502320,uci_bank_502320,uci_ledger_502320,public_invoice,MATCHED
uci_502322,uci_bank_502322,uci_ledger_502322,public_invoice,MATCHED
uci_502323,uci_bank_502323,uci_ledger_502323,public_invoice,MATCHED
uci_502326,uci_bank_502326,uci_ledger_502326,public_invoice,MATCHED
uci_502328,uci_bank_502328,uci_ledger_502328,public_invoice,MATCHED
uci_502327,uci_bank_502327,uci_ledger_502327,public_invoice,MATCHED
uci_502331,uci_bank_502331,uci_ledger_502331,public_invoice,MATCHED
uci_502334,uci_bank_502334,uci_ledger_502334,public_invoice,MATCHED
uci_502333,uci_bank_502333,uci_ledger_502333,public_invoice,MATCHED
uci_502337,uci_bank_502337,uci_ledger_502337,public_invoice,MATCHED
uci_502336,uci_bank_502336,uci_ledger_502336,public_invoice,MATCHED
uci_502347,uci_bank_502347,uci_ledger_502347,public_invoice,MATCHED
uci_502363,uci_bank_502363,uci_ledger_502363,public_invoice,MATCHED
uci_502375,uci_bank_502375,uci_ledger_502375,public_invoice,MATCHED
uci_502393,uci_bank_502393,uci_ledger_502393,public_invoice,MATCHED
uci_502396,uci_bank_502396,uci_ledger_502396,public_invoice,MATCHED
uci_502399,uci_bank_502399,uci_ledger_502399,public_invoice,MATCHED
uci_502404,uci_bank_502404,uci_ledger_502404,public_invoice,MATCHED
uci_502418,uci_bank_502418,uci_ledger_502418,public_invoice,MATCHED
uci_502419,uci_bank_502419,uci_ledger_502419,public_invoice,MATCHED
uci_502420,uci_bank_502420,uci_ledger_502420,public_invoice,MATCHED
uci_502421,uci_bank_502421,uci_ledger_502421,public_invoice,MATCHED
uci_502422,uci_bank_502422,uci_ledger_502422,public_invoice,MATCHED
uci_502423,uci_bank_502423,uci_ledger_502423,public_invoice,MATCHED
uci_502424,uci_bank_502424,uci_ledger_502424,public_invoice,MATCHED
uci_502425,uci_bank_502425,uci_ledger_502425,public_invoice,MATCHED
uci_502427,uci_bank_502427,uci_ledger_502427,public_invoice,MATCHED
uci_502426,uci_bank_502426,uci_ledger_502426,public_invoice,MATCHED
uci_502429,uci_bank_502429,uci_ledger_502429,public_invoice,MATCHED
uci_502430,uci_bank_502430,uci_ledger_502430,public_invoice,MATCHED
uci_502432,uci_bank_502432,uci_ledger_502432,public_invoice,MATCHED
uci_502433,uci_bank_502433,uci_ledger_502433,public_invoice,MATCHED
uci_502436,uci_bank_502436,uci_ledger_502436,public_invoice,MATCHED
uci_502439,uci_bank_502439,uci_ledger_502439,public_invoice,MATCHED
uci_502440,uci_bank_502440,uci_ledger_502440,public_invoice,MATCHED
uci_502441,uci_bank_502441,uci_ledger_502441,public_invoice,MATCHED
uci_502443,uci_bank_502443,uci_ledger_502443,public_invoice,MATCHED
uci_502444,uci_bank_502444,uci_ledger_502444,public_invoice,MATCHED
uci_502445,uci_bank_502445,uci_ledger_502445,public_invoice,MATCHED
uci_502446,uci_bank_502446,uci_ledger_502446,public_invoice,MATCHED
uci_502448,uci_bank_502448,uci_ledger_502448,public_invoice,MATCHED
uci_502449,uci_bank_502449,uci_ledger_502449,public_invoice,MATCHED
uci_502450,uci_bank_502450,uci_ledger_502450,public_invoice,MATCHED
uci_502455,uci_bank_502455,uci_ledger_502455,public_invoice,MATCHED
uci_502456,uci_bank_502456,uci_ledger_502456,public_invoice,MATCHED
uci_502462,uci_bank_502462,uci_ledger_502462,public_invoice,MATCHED
uci_502463,uci_bank_502463,uci_ledger_502463,public_invoice,MATCHED
uci_502464,uci_bank_502464,uci_ledger_502464,public_invoice,MATCHED
uci_502465,uci_bank_502465,uci_ledger_502465,public_invoice,MATCHED
uci_502466,uci_bank_502466,uci_ledger_502466,public_invoice,MATCHED
uci_502467,uci_bank_502467,uci_ledger_502467,public_invoice,MATCHED
uci_502468,uci_bank_502468,uci_ledger_502468,public_invoice,MATCHED
uci_502484,uci_bank_502484,uci_ledger_502484,public_invoice,MATCHED
uci_502485,uci_bank_502485,uci_ledger_502485,public_invoice,MATCHED
uci_502487,uci_bank_502487,uci_ledger_502487,public_invoice,MATCHED
uci_502488,uci_bank_502488,uci_ledger_502488,public_invoice,MATCHED
uci_502489,uci_bank_502489,uci_ledger_502489,public_invoice,MATCHED
uci_502490,uci_bank_502490,uci_ledger_502490,public_invoice,MATCHED
uci_502491,uci_bank_502491,uci_ledger_502491,public_invoice,MATCHED
uci_502492,uci_bank_502492,uci_ledger_502492,public_invoice,MATCHED
uci_502493,uci_bank_502493,uci_ledger_502493,public_invoice,MATCHED
uci_502494,uci_bank_502494,uci_ledger_502494,public_invoice,MATCHED
uci_502496,uci_bank_502496,uci_ledger_502496,public_invoice,MATCHED
uci_502495,uci_bank_502495,uci_ledger_502495,public_invoice,MATCHED
uci_502498,uci_bank_502498,uci_ledger_502498,public_invoice,MATCHED
uci_502499,uci_bank_502499,uci_ledger_502499,public_invoice,MATCHED
uci_502500,uci_bank_502500,uci_ledger_502500,public_invoice,MATCHED
uci_502501,uci_bank_502501,uci_ledger_502501,public_invoice,MATCHED
uci_502509,uci_bank_502509,uci_ledger_502509,public_invoice,MATCHED
uci_502523,uci_bank_502523,uci_ledger_502523,public_invoice,MATCHED
uci_502525,uci_bank_502525,uci_ledger_502525,public_invoice,MATCHED
uci_502528,uci_bank_502528,uci_ledger_502528,public_invoice,MATCHED
uci_502532,uci_bank_502532,uci_ledger_502532,public_invoice,MATCHED
uci_502535,uci_bank_502535,uci_ledger_502535,public_invoice,MATCHED
uci_502534,uci_bank_502534,uci_ledger_502534,public_invoice,MATCHED
uci_502567,uci_bank_502567,uci_ledger_502567,public_invoice,MATCHED
uci_502565,uci_bank_502565,uci_ledger_502565,public_invoice,MATCHED
uci_502568,uci_bank_502568,uci_ledger_502568,public_invoice,MATCHED
uci_502569,uci_bank_502569,uci_ledger_502569,public_invoice,MATCHED
uci_502570,uci_bank_502570,uci_ledger_502570,public_invoice,MATCHED
uci_502583,uci_bank_502583,uci_ledger_502583,public_invoice,MATCHED
uci_502584,uci_bank_502584,uci_ledger_502584,public_invoice,MATCHED
uci_502586,uci_bank_502586,uci_ledger_502586,public_invoice,MATCHED
uci_502588,uci_bank_502588,uci_ledger_502588,public_invoice,MATCHED
uci_502590,uci_bank_502590,uci_ledger_502590,public_invoice,MATCHED
uci_502591,uci_bank_502591,uci_ledger_502591,public_invoice,MATCHED
uci_502592,uci_bank_502592,uci_ledger_502592,public_invoice,MATCHED
uci_502594,uci_bank_502594,uci_ledger_502594,public_invoice,MATCHED
uci_502595,uci_bank_502595,uci_ledger_502595,public_invoice,MATCHED
uci_502596,uci_bank_502596,uci_ledger_502596,public_invoice,MATCHED
uci_502597,uci_bank_502597,uci_ledger_502597,public_invoice,MATCHED
uci_502598,uci_bank_502598,uci_ledger_502598,public_invoice,MATCHED
uci_502599,uci_bank_502599,uci_ledger_502599,public_invoice,MATCHED
uci_502602,uci_bank_502602,uci_ledger_502602,public_invoice,MATCHED
uci_502604,uci_bank_502604,uci_ledger_502604,public_invoice,MATCHED
uci_502605,uci_bank_502605,uci_ledger_502605,public_invoice,MATCHED
uci_502606,uci_bank_502606,uci_ledger_502606,public_invoice,MATCHED
uci_502607,uci_bank_502607,uci_ledger_502607,public_invoice,MATCHED
uci_502608,uci_bank_502608,uci_ledger_502608,public_invoice,MATCHED
uci_502609,uci_bank_502609,uci_ledger_502609,public_invoice,MATCHED
uci_502610,uci_bank_502610,uci_ledger_502610,public_invoice,MATCHED
uci_502611,uci_bank_502611,uci_ledger_502611,public_invoice,MATCHED
uci_502613,uci_bank_502613,uci_ledger_502613,public_invoice,MATCHED
uci_502614,uci_bank_502614,uci_ledger_502614,public_invoice,MATCHED
uci_502615,uci_bank_502615,uci_ledger_502615,public_invoice,MATCHED
uci_502616,uci_bank_502616,uci_ledger_502616,public_invoice,MATCHED
uci_502617,uci_bank_502617,uci_ledger_502617,public_invoice,MATCHED
uci_502618,uci_bank_502618,uci_ledger_502618,public_invoice,MATCHED
uci_502620,uci_bank_502620,uci_ledger_502620,public_invoice,MATCHED
uci_502623,uci_bank_502623,uci_ledger_502623,public_invoice,MATCHED
uci_502624,uci_bank_502624,uci_ledger_502624,public_invoice,MATCHED
uci_502628,uci_bank_502628,uci_ledger_502628,public_invoice,MATCHED
uci_502632,uci_bank_502632,uci_ledger_502632,public_invoice,MATCHED
uci_502633,uci_bank_502633,uci_ledger_502633,public_invoice,MATCHED
uci_502636,uci_bank_502636,uci_ledger_502636,public_invoice,MATCHED
uci_502637,uci_bank_502637,uci_ledger_502637,public_invoice,MATCHED
uci_502638,uci_bank_502638,uci_ledger_502638,public_invoice,MATCHED
uci_502643,uci_bank_502643,uci_ledger_502643,public_invoice,MATCHED
uci_502648,uci_bank_502648,uci_ledger_502648,public_invoice,MATCHED
uci_502653,uci_bank_502653,uci_ledger_502653,public_invoice,MATCHED
uci_502659,uci_bank_502659,uci_ledger_502659,public_invoice,MATCHED
uci_502660,uci_bank_502660,uci_ledger_502660,public_invoice,MATCHED
uci_502661,uci_bank_502661,uci_ledger_502661,public_invoice,MATCHED
uci_502662,uci_bank_502662,uci_ledger_502662,public_invoice,MATCHED
uci_502663,uci_bank_502663,uci_ledger_502663,public_invoice,MATCHED
uci_502664,uci_bank_502664,uci_ledger_502664,public_invoice,MATCHED
uci_502665,uci_bank_502665,uci_ledger_502665,public_invoice,MATCHED
uci_502667,uci_bank_502667,uci_ledger_502667,public_invoice,MATCHED
uci_502668,uci_bank_502668,uci_ledger_502668,public_invoice,MATCHED
uci_502669,uci_bank_502669,uci_ledger_502669,public_invoice,MATCHED
uci_502670,uci_bank_502670,uci_ledger_502670,public_invoice,MATCHED
uci_502671,uci_bank_502671,uci_ledger_502671,public_invoice,MATCHED
uci_502672,uci_bank_502672,uci_ledger_502672,public_invoice,MATCHED
uci_502673,uci_bank_502673,uci_ledger_502673,public_invoice,MATCHED
uci_502674,uci_bank_502674,uci_ledger_502674,public_invoice,MATCHED
uci_502675,uci_bank_502675,uci_ledger_502675,public_invoice,MATCHED
uci_502677,uci_bank_502677,uci_ledger_502677,public_invoice,MATCHED
uci_502692,uci_bank_502692,uci_ledger_502692,public_invoice,MATCHED
uci_502716,uci_bank_502716,uci_ledger_502716,public_invoice,MATCHED
uci_502721,uci_bank_502721,uci_ledger_502721,public_invoice,MATCHED
uci_502723,uci_bank_502723,uci_ledger_502723,public_invoice,MATCHED
uci_502724,uci_bank_502724,uci_ledger_502724,public_invoice,MATCHED
uci_502725,uci_bank_502725,uci_ledger_502725,public_invoice,MATCHED
uci_502728,uci_bank_502728,uci_ledger_502728,public_invoice,MATCHED
uci_502730,uci_bank_502730,uci_ledger_502730,public_invoice,MATCHED
uci_502733,uci_bank_502733,uci_ledger_502733,public_invoice,MATCHED
uci_502734,uci_bank_502734,uci_ledger_502734,public_invoice,MATCHED
uci_502735,uci_bank_502735,uci_ledger_502735,public_invoice,MATCHED
uci_502736,uci_bank_502736,uci_ledger_502736,public_invoice,MATCHED
uci_502738,uci_bank_502738,uci_ledger_502738,public_invoice,MATCHED
uci_502739,uci_bank_502739,uci_ledger_502739,public_invoice,MATCHED
uci_502740,uci_bank_502740,uci_ledger_502740,public_invoice,MATCHED
uci_502743,uci_bank_502743,uci_ledger_502743,public_invoice,MATCHED
uci_502745,uci_bank_502745,uci_ledger_502745,public_invoice,MATCHED
uci_502747,uci_bank_502747,uci_ledger_502747,public_invoice,MATCHED
uci_502748,uci_bank_502748,uci_ledger_502748,public_invoice,MATCHED
uci_502749,uci_bank_502749,uci_ledger_502749,public_invoice,MATCHED
uci_502751,uci_bank_502751,uci_ledger_502751,public_invoice,MATCHED
uci_502752,uci_bank_502752,uci_ledger_502752,public_invoice,MATCHED
uci_502753,uci_bank_502753,uci_ledger_502753,public_invoice,MATCHED
uci_502755,uci_bank_502755,uci_ledger_502755,public_invoice,MATCHED
uci_502756,uci_bank_502756,uci_ledger_502756,public_invoice,MATCHED
uci_502757,uci_bank_502757,uci_ledger_502757,public_invoice,MATCHED
uci_502758,uci_bank_502758,uci_ledger_502758,public_invoice,MATCHED
uci_502759,uci_bank_502759,uci_ledger_502759,public_invoice,MATCHED
uci_502760,uci_bank_502760,uci_ledger_502760,public_invoice,MATCHED
uci_502761,uci_bank_502761,uci_ledger_502761,public_invoice,MATCHED
uci_502762,uci_bank_502762,uci_ledger_502762,public_invoice,MATCHED
uci_502763,uci_bank_502763,uci_ledger_502763,public_invoice,MATCHED
uci_502764,uci_bank_502764,uci_ledger_502764,public_invoice,MATCHED
uci_502765,uci_bank_502765,uci_ledger_502765,public_invoice,MATCHED
uci_502768,uci_bank_502768,uci_ledger_502768,public_invoice,MATCHED
uci_502771,uci_bank_502771,uci_ledger_502771,public_invoice,MATCHED
uci_502772,uci_bank_502772,uci_ledger_502772,public_invoice,MATCHED
uci_502779,uci_bank_502779,uci_ledger_502779,public_invoice,MATCHED
uci_502781,uci_bank_502781,uci_ledger_502781,public_invoice,MATCHED
uci_502784,uci_bank_502784,uci_ledger_502784,public_invoice,MATCHED
uci_502785,uci_bank_502785,uci_ledger_502785,public_invoice,MATCHED
uci_502792,uci_bank_502792,uci_ledger_502792,public_invoice,MATCHED
uci_502794,uci_bank_502794,uci_ledger_502794,public_invoice,MATCHED
uci_502796,uci_bank_502796,uci_ledger_502796,public_invoice,MATCHED
uci_502795,uci_bank_502795,uci_ledger_502795,public_invoice,MATCHED
uci_502799,uci_bank_502799,uci_ledger_502799,public_invoice,MATCHED
uci_502798,uci_bank_502798,uci_ledger_502798,public_invoice,MATCHED
uci_502810,uci_bank_502810,uci_ledger_502810,public_invoice,MATCHED
uci_502811,uci_bank_502811,uci_ledger_502811,public_invoice,MATCHED
uci_502812,uci_bank_502812,uci_ledger_502812,public_invoice,MATCHED
uci_502814,uci_bank_502814,uci_ledger_502814,public_invoice,MATCHED
uci_502813,uci_bank_502813,uci_ledger_502813,public_invoice,MATCHED
uci_502815,uci_bank_502815,uci_ledger_502815,public_invoice,MATCHED
uci_502816,uci_bank_502816,uci_ledger_502816,public_invoice,MATCHED
uci_502817,uci_bank_502817,uci_ledger_502817,public_invoice,MATCHED
uci_502818,uci_bank_502818,uci_ledger_502818,public_invoice,MATCHED
uci_502819,uci_bank_502819,uci_ledger_502819,public_invoice,MATCHED
uci_502820,uci_bank_502820,uci_ledger_502820,public_invoice,MATCHED
uci_502821,uci_bank_502821,uci_ledger_502821,public_invoice,MATCHED
uci_502822,uci_bank_502822,uci_ledger_502822,public_invoice,MATCHED
uci_502823,uci_bank_502823,uci_ledger_502823,public_invoice,MATCHED
uci_502824,uci_bank_502824,uci_ledger_502824,public_invoice,MATCHED
uci_502825,uci_bank_502825,uci_ledger_502825,public_invoice,MATCHED
uci_502826,uci_bank_502826,uci_ledger_502826,public_invoice,MATCHED
uci_502827,uci_bank_502827,uci_ledger_502827,public_invoice,MATCHED
uci_502828,uci_bank_502828,uci_ledger_502828,public_invoice,MATCHED
uci_502829,uci_bank_502829,uci_ledger_502829,public_invoice,MATCHED
uci_502830,uci_bank_502830,uci_ledger_502830,public_invoice,MATCHED
uci_502831,uci_bank_502831,uci_ledger_502831,public_invoice,MATCHED
uci_502832,uci_bank_502832,uci_ledger_502832,public_invoice,MATCHED
uci_502833,uci_bank_502833,uci_ledger_502833,public_invoice,MATCHED
uci_502835,uci_bank_502835,uci_ledger_502835,public_invoice,MATCHED
uci_502834,uci_bank_502834,uci_ledger_502834,public_invoice,MATCHED
uci_502836,uci_bank_502836,uci_ledger_502836,public_invoice,MATCHED
uci_502837,uci_bank_502837,uci_ledger_502837,public_invoice,MATCHED
uci_502838,uci_bank_502838,uci_ledger_502838,public_invoice,MATCHED
uci_502839,uci_bank_502839,uci_ledger_502839,public_invoice,MATCHED
uci_502840,uci_bank_502840,uci_ledger_502840,public_invoice,MATCHED
uci_502841,uci_bank_502841,uci_ledger_502841,public_invoice,MATCHED
uci_502842,uci_bank_502842,uci_ledger_502842,public_invoice,MATCHED
uci_502843,uci_bank_502843,uci_ledger_502843,public_invoice,MATCHED
uci_502844,uci_bank_502844,uci_ledger_502844,public_invoice,MATCHED
uci_502845,uci_bank_502845,uci_ledger_502845,public_invoice,MATCHED
uci_502846,uci_bank_502846,uci_ledger_502846,public_invoice,MATCHED
uci_502847,uci_bank_502847,uci_ledger_502847,public_invoice,MATCHED
uci_502848,uci_bank_502848,uci_ledger_502848,public_invoice,MATCHED
uci_502850,uci_bank_502850,uci_ledger_502850,public_invoice,MATCHED
uci_502851,uci_bank_502851,uci_ledger_502851,public_invoice,MATCHED
uci_502852,uci_bank_502852,uci_ledger_502852,public_invoice,MATCHED
uci_502853,uci_bank_502853,uci_ledger_502853,public_invoice,MATCHED
uci_502854,uci_bank_502854,uci_ledger_502854,public_invoice,MATCHED
uci_502855,uci_bank_502855,uci_ledger_502855,public_invoice,MATCHED
uci_502856,uci_bank_502856,uci_ledger_502856,public_invoice,MATCHED
uci_502857,uci_bank_502857,uci_ledger_502857,public_invoice,MATCHED
uci_502858,uci_bank_502858,uci_ledger_502858,public_invoice,MATCHED
uci_502859,uci_bank_502859,uci_ledger_502859,public_invoice,MATCHED
uci_502860,uci_bank_502860,uci_ledger_502860,public_invoice,MATCHED
uci_502861,uci_bank_502861,uci_ledger_502861,public_invoice,MATCHED
uci_502862,uci_bank_502862,uci_ledger_502862,public_invoice,MATCHED
uci_502863,uci_bank_502863,uci_ledger_502863,public_invoice,MATCHED
uci_502864,uci_bank_502864,uci_ledger_502864,public_invoice,MATCHED
uci_502865,uci_bank_502865,uci_ledger_502865,public_invoice,MATCHED
uci_502866,uci_bank_502866,uci_ledger_502866,public_invoice,MATCHED
uci_502867,uci_bank_502867,uci_ledger_502867,public_invoice,MATCHED
uci_502868,uci_bank_502868,uci_ledger_502868,public_invoice,MATCHED
uci_502869,uci_bank_502869,uci_ledger_502869,public_invoice,MATCHED
uci_502870,uci_bank_502870,uci_ledger_502870,public_invoice,MATCHED
uci_502871,uci_bank_502871,uci_ledger_502871,public_invoice,MATCHED
uci_502873,uci_bank_502873,uci_ledger_502873,public_invoice,MATCHED
uci_502874,uci_bank_502874,uci_ledger_502874,public_invoice,MATCHED
uci_502875,uci_bank_502875,uci_ledger_502875,public_invoice,MATCHED
uci_502876,uci_bank_502876,uci_ledger_502876,public_invoice,MATCHED
uci_502877,uci_bank_502877,uci_ledger_502877,public_invoice,MATCHED
uci_502880,uci_bank_502880,uci_ledger_502880,public_invoice,MATCHED
uci_502881,uci_bank_502881,uci_ledger_502881,public_invoice,MATCHED
uci_502882,uci_bank_502882,uci_ledger_502882,public_invoice,MATCHED
uci_502883,uci_bank_502883,uci_ledger_502883,public_invoice,MATCHED
uci_502884,uci_bank_502884,uci_ledger_502884,public_invoice,MATCHED
uci_502885,uci_bank_502885,uci_ledger_502885,public_invoice,MATCHED
uci_502886,uci_bank_502886,uci_ledger_502886,public_invoice,MATCHED
uci_502887,uci_bank_502887,uci_ledger_502887,public_invoice,MATCHED
uci_502888,uci_bank_502888,uci_ledger_502888,public_invoice,MATCHED
uci_502889,uci_bank_502889,uci_ledger_502889,public_invoice,MATCHED
uci_502890,uci_bank_502890,uci_ledger_502890,public_invoice,MATCHED
uci_502891,uci_bank_502891,uci_ledger_502891,public_invoice,MATCHED
uci_502892,uci_bank_502892,uci_ledger_502892,public_invoice,MATCHED
uci_502893,uci_bank_502893,uci_ledger_502893,public_invoice,MATCHED
uci_502895,uci_bank_502895,uci_ledger_502895,public_invoice,MATCHED
uci_502896,uci_bank_502896,uci_ledger_502896,public_invoice,MATCHED
uci_502897,uci_bank_502897,uci_ledger_502897,public_invoice,MATCHED
uci_502898,uci_bank_502898,uci_ledger_502898,public_invoice,MATCHED
uci_502901,uci_bank_502901,uci_ledger_502901,public_invoice,MATCHED
uci_502902,uci_bank_502902,uci_ledger_502902,public_invoice,MATCHED
uci_502905,uci_bank_502905,uci_ledger_502905,public_invoice,MATCHED
uci_502906,uci_bank_502906,uci_ledger_502906,public_invoice,MATCHED
uci_502908,uci_bank_502908,uci_ledger_502908,public_invoice,MATCHED
uci_502909,uci_bank_502909,uci_ledger_502909,public_invoice,MATCHED
uci_502911,uci_bank_502911,uci_ledger_502911,public_invoice,MATCHED
uci_502912,uci_bank_502912,uci_ledger_502912,public_invoice,MATCHED
uci_502913,uci_bank_502913,uci_ledger_502913,public_invoice,MATCHED
uci_502914,uci_bank_502914,uci_ledger_502914,public_invoice,MATCHED
uci_502915,uci_bank_502915,uci_ledger_502915,public_invoice,MATCHED
uci_502916,uci_bank_502916,uci_ledger_502916,public_invoice,MATCHED
uci_502917,uci_bank_502917,uci_ledger_502917,public_invoice,MATCHED
