ledger_entry_id,invoice_ref,expected_amount,customer_name,entry_date,status
uci_ledger_489434,UCI-489434,505.3,customer_13085,2009-12-01,open
uci_ledger_489435,UCI-489435,145.8,customer_13085,2009-12-01,open
uci_ledger_489436,UCI-489436,630.33,customer_13078,2009-12-01,open
uci_ledger_489437,UCI-489437,310.75,customer_15362,2009-12-01,open
uci_ledger_489438,UCI-489438,2286.24,customer_18102,2009-12-01,open
uci_ledger_489439,UCI-489439,426.3,customer_12682,2009-12-01,open
uci_ledger_489440,UCI-489440,50.4,customer_18087,2009-12-01,open
uci_ledger_489441,UCI-489441,344.34,customer_18087,2009-12-01,open
uci_ledger_489442,UCI-489442,382.37,customer_13635,2009-12-01,open
uci_ledger_489443,UCI-489443,285.06,customer_14110,2009-12-01,open
uci_ledger_489444,UCI-489444,141.0,customer_12636,2009-12-01,open
uci_ledger_489445,UCI-489445,308.44,customer_17519,2009-12-01,open
uci_ledger_489446,UCI-489446,996.1,customer_13758,2009-12-01,open
uci_ledger_489447,UCI-489447,130.0,customer_12362,2009-12-01,open
uci_ledger_489448,UCI-489448,570.24,customer_15413,2009-12-01,open
uci_ledger_489450,UCI-489450,196.1,customer_16321,2009-12-01,open
uci_ledger_489460,UCI-489460,485.79,customer_16167,2009-12-01,open
uci_ledger_489462,UCI-489462,148.3,customer_17592,2009-12-01,open
uci_ledger_489461,UCI-489461,589.33,customer_17865,2009-12-01,open
uci_ledger_489465,UCI-489465,1197.8,customer_13767,2009-12-01,open
uci_ledger_489488,UCI-489488,251.1,customer_17238,2009-12-01,open
uci_ledger_489505,UCI-489505,255.5,customer_15712,2009-12-01,open
uci_ledger_489514,UCI-489514,823.02,customer_15311,2009-12-01,open
uci_ledger_489517,UCI-489517,282.46,customer_16329,2009-12-01,open
uci_ledger_489519,UCI-489519,696.73,customer_17700,2009-12-01,open
uci_ledger_489520,UCI-489520,733.63,customer_14911,2009-12-01,open
uci_ledger_489522,UCI-489522,700.31,customer_15998,2009-12-01,open
uci_ledger_489523,UCI-489523,1160.0,customer_12931,2009-12-01,open
uci_ledger_489526,UCI-489526,929.92,customer_12533,2009-12-01,open
uci_ledger_489529,UCI-489529,229.46,customer_17984,2009-12-01,open
uci_ledger_489531,UCI-489531,145.0,customer_14871,2009-12-01,open
uci_ledger_489532,UCI-489532,304.53,customer_13394,2009-12-01,open
uci_ledger_489533,UCI-489533,192.75,customer_16011,2009-12-01,open
uci_ledger_489536,UCI-489536,367.41,customer_16393,2009-12-01,open
uci_ledger_489537,UCI-489537,633.33,customer_14040,2009-12-01,open
uci_ledger_489539,UCI-489539,2887.14,customer_15061,2009-12-01,open
uci_ledger_489540,UCI-489540,537.96,customer_12913,2009-12-01,open
uci_ledger_489542,UCI-489542,387.6,customer_15061,2009-12-01,open
uci_ledger_489544,UCI-489544,281.82,customer_14341,2009-12-01,open
uci_ledger_489545,UCI-489545,124.95,customer_17804,2009-12-01,open
uci_ledger_489546,UCI-489546,584.5,customer_14156,2009-12-01,open
uci_ledger_489547,UCI-489547,641.45,customer_13599,2009-12-01,open
uci_ledger_489550,UCI-489550,482.3,customer_14156,2009-12-01,open
uci_ledger_489552,UCI-489552,278.61,customer_17063,2009-12-01,open
uci_ledger_489556,UCI-489556,379.65,customer_15719,2009-12-01,open
uci_ledger_489557,UCI-489557,603.94,customer_12490,2009-12-01,open
uci_ledger_489558,UCI-489558,291.58,customer_15793,2009-12-01,open
uci_ledger_489559,UCI-489559,128.6,customer_17056,2009-12-01,open
uci_ledger_489560,UCI-489560,859.1,customer_13526,2009-12-01,open
uci_ledger_489561,UCI-489561,246.86,customer_14654,2009-12-01,open
uci_ledger_489562,UCI-489562,229.6,customer_17998,2009-12-01,open
uci_ledger_489564,UCI-489564,322.9,customer_13526,2009-12-01,open
uci_ledger_489566,UCI-489566,218.55,customer_17742,2009-12-01,open
uci_ledger_489567,UCI-489567,307.8,customer_15326,2009-12-01,open
uci_ledger_489569,UCI-489569,282.28,customer_14478,2009-12-01,open
uci_ledger_489571,UCI-489571,156.71,customer_15967,2009-12-01,open
uci_ledger_489572,UCI-489572,507.49,customer_17611,2009-12-01,open
uci_ledger_489573,UCI-489573,580.02,customer_15051,2009-12-01,open
uci_ledger_489574,UCI-489574,551.33,customer_13097,2009-12-01,open
uci_ledger_489575,UCI-489575,367.28,customer_13590,2009-12-01,open
uci_ledger_489576,UCI-489576,319.66,customer_15984,2009-12-01,open
uci_ledger_489579,UCI-489579,219.82,customer_16887,2009-12-01,open
uci_ledger_489580,UCI-489580,261.0,customer_12921,2009-12-01,open
uci_ledger_489582,UCI-489582,293.95,customer_14543,2009-12-01,open
uci_ledger_489581,UCI-489581,124.83,customer_15945,2009-12-01,open
uci_ledger_489584,UCI-489584,21.95,customer_18037,2009-12-01,open
uci_ledger_489585,UCI-489585,105.85,customer_15662,2009-12-01,open
uci_ledger_489586,UCI-489586,263.42,customer_15380,2009-12-01,open
uci_ledger_489590,UCI-489590,362.78,customer_13110,2009-12-01,open
uci_ledger_489593,UCI-489593,423.87,customer_12836,2009-12-01,open
uci_ledger_489594,UCI-489594,322.33,customer_15005,2009-12-01,open
uci_ledger_489598,UCI-489598,822.37,customer_16620,2009-12-01,open
uci_ledger_489599,UCI-489599,2454.68,customer_12758,2009-12-01,open
uci_ledger_489606,UCI-489606,2.1,customer_17961,2009-12-01,open
uci_ledger_489611,UCI-489611,2.95,customer_15601,2009-12-01,open
uci_ledger_489613,UCI-489613,12.75,customer_13585,2009-12-01,open
uci_ledger_489617,UCI-489617,198.0,customer_13442,2009-12-01,open
uci_ledger_489634,UCI-489634,17.4,customer_13381,2009-12-01,open
uci_ledger_489635,UCI-489635,352.85,customer_16763,2009-12-01,open
uci_ledger_489637,UCI-489637,535.9,customer_17243,2009-12-01,open
uci_ledger_489639,UCI-489639,31.2,customer_14865,2009-12-01,open
uci_ledger_489640,UCI-489640,329.91,customer_17345,2009-12-01,open
uci_ledger_489641,UCI-489641,622.1,customer_13819,2009-12-01,open
uci_ledger_489644,UCI-489644,896.54,customer_15808,2009-12-01,open
uci_ledger_489645,UCI-489645,261.74,customer_17191,2009-12-01,open
uci_ledger_489650,UCI-489650,173.1,customer_13748,2009-12-01,open
uci_ledger_489652,UCI-489652,294.14,customer_15265,2009-12-01,open
uci_ledger_489654,UCI-489654,222.12,customer_15750,2009-12-01,open
uci_ledger_489657,UCI-489657,55.2,customer_17428,2009-12-01,open
uci_ledger_489656,UCI-489656,1237.3,customer_17428,2009-12-01,open
uci_ledger_489658,UCI-489658,828.09,customer_15485,2009-12-01,open
uci_ledger_489661,UCI-489661,23.48,customer_17246,2009-12-01,open
uci_ledger_489662,UCI-489662,73.75,customer_15485,2009-12-01,open
uci_ledger_489664,UCI-489664,374.43,customer_14061,2009-12-01,open
uci_ledger_489665,UCI-489665,252.3,customer_14108,2009-12-01,open
uci_ledger_489666,UCI-489666,263.09,customer_13648,2009-12-01,open
uci_ledger_489667,UCI-489667,538.46,customer_16563,2009-12-01,open
uci_ledger_489668,UCI-489668,378.12,customer_16701,2009-12-01,open
uci_ledger_489669,UCI-489669,397.2,customer_12842,2009-12-02,open
uci_ledger_489670,UCI-489670,114.6,customer_14302,2009-12-02,open
uci_ledger_489671,UCI-489671,740.3,customer_14135,2009-12-02,open
uci_ledger_489672,UCI-489672,772.65,customer_14831,2009-12-02,open
uci_ledger_489673,UCI-489673,61.1,customer_14831,2009-12-02,open
uci_ledger_489674,UCI-489674,261.3,customer_15602,2009-12-02,open
uci_ledger_489675,UCI-489675,4939.22,customer_13777,2009-12-02,open
uci_ledger_489676,UCI-489676,1210.8,customer_13777,2009-12-02,open
uci_ledger_489677,UCI-489677,192.0,customer_14000,2009-12-02,open
uci_ledger_489678,UCI-489678,189.3,customer_16823,2009-12-02,open
uci_ledger_489679,UCI-489679,795.98,customer_16163,2009-12-02,open
uci_ledger_489681,UCI-489681,89.59,customer_17998,2009-12-02,open
uci_ledger_489680,UCI-489680,45.0,customer_17193,2009-12-02,open
uci_ledger_489682,UCI-489682,125.73,customer_15759,2009-12-02,open
uci_ledger_489683,UCI-489683,1317.97,customer_16131,2009-12-02,open
uci_ledger_489684,UCI-489684,266.6,customer_14560,2009-12-02,open
uci_ledger_489687,UCI-489687,221.53,customer_17087,2009-12-02,open
uci_ledger_489688,UCI-489688,299.7,customer_14894,2009-12-02,open
uci_ledger_489695,UCI-489695,306.95,customer_16202,2009-12-02,open
uci_ledger_489699,UCI-489699,401.7,customer_16700,2009-12-02,open
uci_ledger_489705,UCI-489705,17.0,customer_16700,2009-12-02,open
uci_ledger_489702,UCI-489702,3108.64,customer_17511,2009-12-02,open
uci_ledger_489723,UCI-489723,2052.12,customer_14299,2009-12-02,open
uci_ledger_489726,UCI-489726,750.0,customer_17949,2009-12-02,open
uci_ledger_489725,UCI-489725,216.0,customer_17949,2009-12-02,open
uci_ledger_489727,UCI-489727,900.0,customer_17949,2009-12-02,open
uci_ledger_489728,UCI-489728,180.45,customer_14799,2009-12-02,open
uci_ledger_489733,UCI-489733,168.0,customer_15311,2009-12-02,open
uci_ledger_489743,UCI-489743,538.77,customer_16550,2009-12-02,open
uci_ledger_489748,UCI-489748,754.2,customer_12980,2009-12-02,open
uci_ledger_489764,UCI-489764,223.1,customer_14425,2009-12-02,open
uci_ledger_489765,UCI-489765,285.59,customer_15353,2009-12-02,open
uci_ledger_489766,UCI-489766,130.18,customer_17818,2009-12-02,open
uci_ledger_489780,UCI-489780,159.98,customer_13654,2009-12-02,open
uci_ledger_489782,UCI-489782,230.46,customer_17189,2009-12-02,open
uci_ledger_489783,UCI-489783,162.04,customer_13269,2009-12-02,open
uci_ledger_489784,UCI-489784,40.8,customer_13269,2009-12-02,open
uci_ledger_489785,UCI-489785,333.67,customer_14653,2009-12-02,open
uci_ledger_489786,UCI-489786,216.86,customer_17019,2009-12-02,open
uci_ledger_489787,UCI-489787,319.54,customer_15542,2009-12-02,open
uci_ledger_489788,UCI-489788,119.16,customer_13564,2009-12-02,open
uci_ledger_489790,UCI-489790,131.12,customer_16467,2009-12-02,open
uci_ledger_489789,UCI-489789,80.4,customer_15833,2009-12-02,open
uci_ledger_489791,UCI-489791,221.19,customer_15542,2009-12-02,open
uci_ledger_489792,UCI-489792,923.79,customer_14527,2009-12-02,open
uci_ledger_489793,UCI-489793,260.36,customer_17476,2009-12-02,open
uci_ledger_489794,UCI-489794,58.2,customer_15287,2009-12-02,open
uci_ledger_489795,UCI-489795,935.01,customer_14440,2009-12-02,open
uci_ledger_489796,UCI-489796,311.5,customer_15680,2009-12-02,open
uci_ledger_489797,UCI-489797,200.63,customer_15581,2009-12-02,open
uci_ledger_489798,UCI-489798,311.69,customer_13740,2009-12-02,open
uci_ledger_489800,UCI-489800,408.07,customer_17768,2009-12-02,open
uci_ledger_489801,UCI-489801,128.48,customer_12948,2009-12-02,open
uci_ledger_489802,UCI-489802,174.52,customer_15581,2009-12-02,open
uci_ledger_489804,UCI-489804,251.17,customer_14667,2009-12-02,open
uci_ledger_489805,UCI-489805,454.35,customer_17377,2009-12-02,open
uci_ledger_489807,UCI-489807,180.13,customer_15581,2009-12-02,open
uci_ledger_489808,UCI-489808,109.84,customer_14467,2009-12-02,open
uci_ledger_489809,UCI-489809,112.5,customer_13457,2009-12-02,open
uci_ledger_489810,UCI-489810,493.25,customer_18108,2009-12-02,open
uci_ledger_489811,UCI-489811,634.29,customer_16210,2009-12-02,open
uci_ledger_489812,UCI-489812,597.69,customer_17377,2009-12-02,open
uci_ledger_489814,UCI-489814,824.18,customer_14669,2009-12-02,open
uci_ledger_489815,UCI-489815,132.55,customer_17909,2009-12-02,open
uci_ledger_489816,UCI-489816,284.55,customer_16086,2009-12-02,open
uci_ledger_489817,UCI-489817,340.2,customer_16711,2009-12-02,open
uci_ledger_489819,UCI-489819,618.43,customer_14739,2009-12-02,open
uci_ledger_489818,UCI-489818,294.3,customer_16233,2009-12-02,open
uci_ledger_489822,UCI-489822,371.27,customer_14204,2009-12-02,open
uci_ledger_489823,UCI-489823,87.3,customer_17606,2009-12-02,open
uci_ledger_489824,UCI-489824,176.88,customer_16797,2009-12-02,open
uci_ledger_489825,UCI-489825,174.1,customer_16126,2009-12-02,open
uci_ledger_489826,UCI-489826,85.95,customer_17867,2009-12-02,open
uci_ledger_489827,UCI-489827,445.7,customer_17412,2009-12-02,open
uci_ledger_489829,UCI-489829,472.47,customer_16525,2009-12-02,open
uci_ledger_489830,UCI-489830,637.04,customer_13623,2009-12-02,open
uci_ledger_489831,UCI-489831,1008.0,customer_12435,2009-12-02,open
uci_ledger_489832,UCI-489832,316.22,customer_14549,2009-12-02,open
uci_ledger_489834,UCI-489834,214.8,customer_14106,2009-12-02,open
uci_ledger_489833,UCI-489833,150.68,customer_14980,2009-12-02,open
uci_ledger_489835,UCI-489835,714.0,customer_15061,2009-12-02,open
uci_ledger_489837,UCI-489837,514.97,customer_14396,2009-12-02,open
uci_ledger_489840,UCI-489840,89.7,customer_14122,2009-12-02,open
uci_ledger_489855,UCI-489855,157.91,customer_16987,2009-12-02,open
uci_ledger_489862,UCI-489862,734.7,customer_17809,2009-12-02,open
uci_ledger_489863,UCI-489863,66.82,customer_15917,2009-12-02,open
uci_ledger_489864,UCI-489864,206.85,customer_14987,2009-12-02,open
uci_ledger_489865,UCI-489865,234.87,customer_14080,2009-12-02,open
uci_ledger_489866,UCI-489866,1003.83,customer_16200,2009-12-02,open
uci_ledger_489868,UCI-489868,675.0,customer_15794,2009-12-02,open
uci_ledger_489869,UCI-489869,39.98,customer_16200,2009-12-02,open
uci_ledger_489870,UCI-489870,162.1,customer_15523,2009-12-02,open
uci_ledger_489871,UCI-489871,735.7,customer_15523,2009-12-02,open
uci_ledger_489872,UCI-489872,632.9,customer_15615,2009-12-02,open
uci_ledger_489873,UCI-489873,10.2,customer_15615,2009-12-02,open
uci_ledger_489874,UCI-489874,176.6,customer_18001,2009-12-02,open
uci_ledger_489875,UCI-489875,530.76,customer_17841,2009-12-02,open
uci_ledger_489877,UCI-489877,368.1,customer_13089,2009-12-02,open
uci_ledger_489876,UCI-489876,39.85,customer_15917,2009-12-02,open
uci_ledger_489878,UCI-489878,143.11,customer_15989,2009-12-02,open
uci_ledger_489879,UCI-489879,163.47,customer_17660,2009-12-02,open
uci_ledger_489880,UCI-489880,380.28,customer_13313,2009-12-02,open
uci_ledger_489883,UCI-489883,578.28,customer_12437,2009-12-02,open
uci_ledger_489884,UCI-489884,3.61,customer_13313,2009-12-02,open
uci_ledger_489888,UCI-489888,597.4,customer_14841,2009-12-02,open
uci_ledger_489889,UCI-489889,4734.24,customer_14646,2009-12-02,open
uci_ledger_489890,UCI-489890,976.8,customer_14646,2009-12-02,open
uci_ledger_489891,UCI-489891,181.08,customer_15482,2009-12-02,open
uci_ledger_489893,UCI-489893,300.1,customer_16156,2009-12-02,open
uci_ledger_489894,UCI-489894,520.2,customer_17716,2009-12-02,open
uci_ledger_489895,UCI-489895,371.82,customer_12779,2009-12-03,open
uci_ledger_489896,UCI-489896,337.93,customer_13611,2009-12-03,open
uci_ledger_489897,UCI-489897,260.44,customer_15255,2009-12-03,open
uci_ledger_489900,UCI-489900,287.37,customer_14771,2009-12-03,open
uci_ledger_489902,UCI-489902,119.1,customer_14838,2009-12-03,open
uci_ledger_489904,UCI-489904,203.78,customer_13979,2009-12-03,open
uci_ledger_489905,UCI-489905,478.7,customer_13800,2009-12-03,open
uci_ledger_489906,UCI-489906,120.0,customer_14483,2009-12-03,open
uci_ledger_489907,UCI-489907,202.06,customer_14915,2009-12-03,open
uci_ledger_489909,UCI-489909,642.2,customer_13753,2009-12-03,open
uci_ledger_489908,UCI-489908,107.33,customer_16301,2009-12-03,open
uci_ledger_489910,UCI-489910,144.0,customer_15482,2009-12-03,open
uci_ledger_489912,UCI-489912,1146.1,customer_13931,2009-12-03,open
uci_ledger_489913,UCI-489913,69.6,customer_13931,2009-12-03,open
uci_ledger_489914,UCI-489914,993.0,customer_12921,2009-12-03,open
uci_ledger_489916,UCI-489916,336.0,customer_15194,2009-12-03,open
uci_ledger_489915,UCI-489915,54.6,customer_17035,2009-12-03,open
uci_ledger_489932,UCI-489932,82.6,customer_14347,2009-12-03,open
uci_ledger_489935,UCI-489935,181.65,customer_12934,2009-12-03,open
uci_ledger_489994,UCI-489994,430.9,customer_15291,2009-12-03,open
uci_ledger_489996,UCI-489996,320.4,customer_17209,2009-12-03,open
uci_ledger_489998,UCI-489998,321.65,customer_15658,2009-12-03,open
uci_ledger_489999,UCI-489999,154.2,customer_17314,2009-12-03,open
uci_ledger_490000,UCI-490000,143.06,customer_17155,2009-12-03,open
uci_ledger_490001,UCI-490001,169.5,customer_15965,2009-12-03,open
uci_ledger_490002,UCI-490002,114.55,customer_17322,2009-12-03,open
uci_ledger_490003,UCI-490003,317.55,customer_16159,2009-12-03,open
uci_ledger_490004,UCI-490004,912.56,customer_14051,2009-12-03,open
uci_ledger_490005,UCI-490005,556.75,customer_13993,2009-12-03,open
uci_ledger_490006,UCI-490006,344.4,customer_17411,2009-12-03,open
uci_ledger_490008,UCI-490008,503.93,customer_15768,2009-12-03,open
uci_ledger_490009,UCI-490009,285.09,customer_12835,2009-12-03,open
uci_ledger_490010,UCI-490010,1008.0,customer_15061,2009-12-03,open
uci_ledger_490011,UCI-490011,221.69,customer_16918,2009-12-03,open
uci_ledger_490013,UCI-490013,500.55,customer_17069,2009-12-03,open
uci_ledger_490012,UCI-490012,763.35,customer_15179,2009-12-03,open
uci_ledger_490014,UCI-490014,744.21,customer_15466,2009-12-03,open
uci_ledger_490017,UCI-490017,393.65,customer_14159,2009-12-03,open
uci_ledger_490018,UCI-490018,4380.0,customer_17940,2009-12-03,open
uci_ledger_490019,UCI-490019,308.6,customer_17581,2009-12-03,open
uci_ledger_490021,UCI-490021,10.2,customer_17581,2009-12-03,open
uci_ledger_490020,UCI-490020,37.8,customer_17581,2009-12-03,open
uci_ledger_490022,UCI-490022,45.6,customer_17581,2009-12-03,open
uci_ledger_490023,UCI-490023,189.15,customer_16168,2009-12-03,open
uci_ledger_490024,UCI-490024,215.0,customer_14606,2009-12-03,open
uci_ledger_490034,UCI-490034,69.82,customer_17287,2009-12-03,open
uci_ledger_490045,UCI-490045,180.39,customer_17287,2009-12-03,open
uci_ledger_490047,UCI-490047,263.85,customer_17913,2009-12-03,open
uci_ledger_490046,UCI-490046,228.3,customer_13416,2009-12-03,open
uci_ledger_490048,UCI-490048,1146.71,customer_16779,2009-12-03,open
uci_ledger_490049,UCI-490049,102.0,customer_15794,2009-12-03,open
uci_ledger_490050,UCI-490050,13.5,customer_17913,2009-12-03,open
uci_ledger_490052,UCI-490052,831.0,customer_13895,2009-12-03,open
uci_ledger_490053,UCI-490053,119.54,customer_14057,2009-12-03,open
uci_ledger_490054,UCI-490054,277.5,customer_17017,2009-12-03,open
uci_ledger_490056,UCI-490056,61.12,customer_13208,2009-12-03,open
uci_ledger_490057,UCI-490057,360.52,customer_17465,2009-12-03,open
uci_ledger_490058,UCI-490058,47.85,customer_17465,2009-12-03,open
uci_ledger_490059,UCI-490059,14475.0,customer_18102,2009-12-03,open
uci_ledger_490060,UCI-490060,314.22,customer_13468,2009-12-03,open
uci_ledger_490061,UCI-490061,4000.0,customer_18102,2009-12-03,open
uci_ledger_490062,UCI-490062,165.3,customer_13485,2009-12-03,open
uci_ledger_490063,UCI-490063,210.39,customer_17271,2009-12-03,open
uci_ledger_490064,UCI-490064,355.59,customer_16139,2009-12-03,open
uci_ledger_490065,UCI-490065,1260.0,customer_15061,2009-12-03,open
uci_ledger_490066,UCI-490066,372.2,customer_15953,2009-12-03,open
uci_ledger_490067,UCI-490067,952.61,customer_15856,2009-12-03,open
uci_ledger_490068,UCI-490068,284.3,customer_13085,2009-12-03,open
uci_ledger_490069,UCI-490069,161.4,customer_13085,2009-12-03,open
uci_ledger_490070,UCI-490070,236.25,customer_14967,2009-12-03,open
uci_ledger_490071,UCI-490071,294.85,customer_16497,2009-12-03,open
uci_ledger_490072,UCI-490072,194.65,customer_17764,2009-12-03,open
uci_ledger_490073,UCI-490073,258.1,customer_14905,2009-12-03,open
uci_ledger_490075,UCI-490075,381.0,customer_18229,2009-12-03,open
uci_ledger_490077,UCI-490077,115.51,customer_17293,2009-12-03,open
uci_ledger_490078,UCI-490078,584.35,customer_17853,2009-12-03,open
uci_ledger_490079,UCI-490079,160.35,customer_15550,2009-12-03,open
uci_ledger_490080,UCI-490080,311.7,customer_13531,2009-12-03,open
uci_ledger_490081,UCI-490081,723.09,customer_13786,2009-12-03,open
uci_ledger_490082,UCI-490082,337.9,customer_14952,2009-12-03,open
uci_ledger_490083,UCI-490083,2506.14,customer_14031,2009-12-03,open
uci_ledger_490085,UCI-490085,170.06,customer_12937,2009-12-03,open
uci_ledger_490086,UCI-490086,799.2,customer_17949,2009-12-03,open
uci_ledger_490087,UCI-490087,898.18,customer_15601,2009-12-03,open
uci_ledger_490088,UCI-490088,17.0,customer_15581,2009-12-03,open
uci_ledger_490089,UCI-490089,466.2,customer_17949,2009-12-03,open
uci_ledger_490090,UCI-490090,45.55,customer_15581,2009-12-03,open
uci_ledger_490092,UCI-490092,510.87,customer_16612,2009-12-03,open
uci_ledger_490091,UCI-490091,636.0,customer_17949,2009-12-03,open
uci_ledger_490093,UCI-490093,1794.7,customer_12949,2009-12-03,open
uci_ledger_490094,UCI-490094,851.76,customer_17949,2009-12-03,open
uci_ledger_490095,UCI-490095,186.36,customer_14958,2009-12-03,open
uci_ledger_490097,UCI-490097,279.42,customer_17329,2009-12-03,open
uci_ledger_490099,UCI-490099,1225.98,customer_16736,2009-12-03,open
uci_ledger_490100,UCI-490100,869.93,customer_13001,2009-12-03,open
uci_ledger_490101,UCI-490101,338.5,customer_14644,2009-12-03,open
uci_ledger_490106,UCI-490106,314.37,customer_14898,2009-12-03,open
uci_ledger_490107,UCI-490107,110.7,customer_14662,2009-12-03,open
uci_ledger_490108,UCI-490108,239.68,customer_17414,2009-12-03,open
uci_ledger_490109,UCI-490109,415.0,customer_14755,2009-12-03,open
uci_ledger_490110,UCI-490110,30.15,customer_14755,2009-12-03,open
uci_ledger_490111,UCI-490111,321.21,customer_17576,2009-12-03,open
uci_ledger_490112,UCI-490112,313.19,customer_13037,2009-12-03,open
uci_ledger_490113,UCI-490113,39.2,customer_14710,2009-12-03,open
uci_ledger_490114,UCI-490114,257.62,customer_18168,2009-12-03,open
uci_ledger_490115,UCI-490115,342.6,customer_17679,2009-12-03,open
uci_ledger_490116,UCI-490116,122.4,customer_17679,2009-12-03,open
uci_ledger_490118,UCI-490118,317.04,customer_17851,2009-12-03,open
uci_ledger_490119,UCI-490119,108.75,customer_12931,2009-12-03,open
uci_ledger_490121,UCI-490121,112.03,customer_14750,2009-12-03,open
uci_ledger_490124,UCI-490124,319.87,customer_16791,2009-12-03,open
uci_ledger_490125,UCI-490125,297.05,customer_16558,2009-12-03,open
uci_ledger_490127,UCI-490127,569.18,customer_14156,2009-12-03,open
uci_ledger_490128,UCI-490128,241.8,customer_15884,2009-12-03,open
uci_ledger_490132,UCI-490132,197.3,customer_17343,2009-12-03,open
uci_ledger_490134,UCI-490134,151.65,customer_17372,2009-12-03,open
uci_ledger_490135,UCI-490135,387.87,customer_16003,2009-12-03,open
uci_ledger_490136,UCI-490136,174.85,customer_17432,2009-12-03,open
uci_ledger_490137,UCI-490137,160.69,customer_14713,2009-12-03,open
uci_ledger_490138,UCI-490138,339.78,customer_16722,2009-12-03,open
uci_ledger_490139,UCI-490139,210.55,customer_12577,2009-12-03,open
uci_ledger_490140,UCI-490140,407.22,customer_12872,2009-12-03,open
uci_ledger_490141,UCI-490141,308.75,customer_15755,2009-12-04,open
uci_ledger_490142,UCI-490142,1261.0,customer_14258,2009-12-04,open
uci_ledger_490143,UCI-490143,1610.52,customer_14286,2009-12-04,open
uci_ledger_490144,UCI-490144,337.1,customer_13154,2009-12-04,open
uci_ledger_490145,UCI-490145,989.18,customer_14564,2009-12-04,open
uci_ledger_490147,UCI-490147,510.64,customer_13408,2009-12-04,open
uci_ledger_490151,UCI-490151,160.39,customer_16645,2009-12-04,open
uci_ledger_490152,UCI-490152,682.65,customer_12714,2009-12-04,open
uci_ledger_490154,UCI-490154,290.48,customer_16335,2009-12-04,open
uci_ledger_490156,UCI-490156,455.36,customer_13093,2009-12-04,open
uci_ledger_490157,UCI-490157,138.0,customer_16736,2009-12-04,open
uci_ledger_490158,UCI-490158,508.26,customer_12759,2009-12-04,open
uci_ledger_490159,UCI-490159,19.5,customer_13666,2009-12-04,open
uci_ledger_490160,UCI-490160,244.8,customer_13777,2009-12-04,open
uci_ledger_490161,UCI-490161,825.94,customer_17160,2009-12-04,open
uci_ledger_490162,UCI-490162,280.2,customer_13946,2009-12-04,open
uci_ledger_490163,UCI-490163,141.63,customer_14723,2009-12-04,open
uci_ledger_490164,UCI-490164,1058.4,customer_14961,2009-12-04,open
uci_ledger_490166,UCI-490166,371.85,customer_14735,2009-12-04,open
uci_ledger_490167,UCI-490167,312.21,customer_18061,2009-12-04,open
uci_ledger_490171,UCI-490171,29.28,customer_15581,2009-12-04,open
uci_ledger_490202,UCI-490202,410.0,customer_15078,2009-12-04,open
uci_ledger_490209,UCI-490209,908.04,customer_17389,2009-12-04,open
uci_ledger_490212,UCI-490212,108.95,customer_16883,2009-12-04,open
uci_ledger_490214,UCI-490214,319.15,customer_13175,2009-12-04,open
uci_ledger_490218,UCI-490218,67.68,customer_17076,2009-12-04,open
uci_ledger_490219,UCI-490219,155.65,customer_13948,2009-12-04,open
uci_ledger_490229,UCI-490229,1185.16,customer_18223,2009-12-04,open
uci_ledger_490247,UCI-490247,351.3,customer_16192,2009-12-04,open
uci_ledger_490258,UCI-490258,20.4,customer_15999,2009-12-04,open
uci_ledger_490266,UCI-490266,231.2,customer_15109,2009-12-04,open
uci_ledger_490272,UCI-490272,521.38,customer_14680,2009-12-04,open
uci_ledger_490277,UCI-490277,1077.6,customer_18092,2009-12-04,open
uci_ledger_490279,UCI-490279,317.83,customer_16891,2009-12-04,open
uci_ledger_490281,UCI-490281,311.2,customer_13481,2009-12-04,open
uci_ledger_490282,UCI-490282,107.95,customer_13807,2009-12-04,open
uci_ledger_490284,UCI-490284,439.46,customer_14979,2009-12-04,open
uci_ledger_490286,UCI-490286,762.1,customer_14527,2009-12-04,open
uci_ledger_490285,UCI-490285,373.74,customer_16656,2009-12-04,open
uci_ledger_490288,UCI-490288,332.16,customer_17157,2009-12-04,open
uci_ledger_490287,UCI-490287,367.1,customer_16746,2009-12-04,open
uci_ledger_490289,UCI-490289,273.75,customer_15309,2009-12-04,open
uci_ledger_490290,UCI-490290,164.03,customer_16325,2009-12-04,open
uci_ledger_490291,UCI-490291,424.03,customer_16541,2009-12-04,open
uci_ledger_490292,UCI-490292,460.55,customer_16723,2009-12-04,open
uci_ledger_490293,UCI-490293,137.4,customer_16699,2009-12-04,open
uci_ledger_490294,UCI-490294,378.96,customer_16710,2009-12-04,open
uci_ledger_490295,UCI-490295,435.88,customer_12510,2009-12-04,open
uci_ledger_490297,UCI-490297,694.2,customer_13162,2009-12-04,open
uci_ledger_490298,UCI-490298,1523.2,customer_15382,2009-12-04,open
uci_ledger_490299,UCI-490299,621.22,customer_13680,2009-12-04,open
uci_ledger_490300,UCI-490300,260.64,customer_12970,2009-12-04,open
uci_ledger_490301,UCI-490301,345.27,customer_15311,2009-12-04,open
uci_ledger_490302,UCI-490302,303.62,customer_17841,2009-12-04,open
uci_ledger_490303,UCI-490303,106.25,customer_17935,2009-12-04,open
uci_ledger_490304,UCI-490304,843.01,customer_17593,2009-12-04,open
uci_ledger_490305,UCI-490305,726.57,customer_17243,2009-12-04,open
uci_ledger_490308,UCI-490308,194.53,customer_12835,2009-12-04,open
uci_ledger_490310,UCI-490310,231.9,customer_17151,2009-12-04,open
uci_ledger_490311,UCI-490311,307.65,customer_16451,2009-12-04,open
uci_ledger_490312,UCI-490312,326.13,customer_17961,2009-12-04,open
uci_ledger_490313,UCI-490313,137.95,customer_17127,2009-12-04,open
uci_ledger_490320,UCI-490320,867.89,customer_13694,2009-12-04,open
uci_ledger_490323,UCI-490323,236.69,customer_14087,2009-12-04,open
uci_ledger_490324,UCI-490324,672.0,customer_13694,2009-12-04,open
uci_ledger_490326,UCI-490326,149.1,customer_13733,2009-12-04,open
uci_ledger_490327,UCI-490327,990.0,customer_13694,2009-12-04,open
uci_ledger_490331,UCI-490331,298.99,customer_18181,2009-12-04,open
uci_ledger_490340,UCI-490340,630.39,customer_13174,2009-12-04,open
uci_ledger_490341,UCI-490341,334.65,customer_13329,2009-12-04,open
uci_ledger_490342,UCI-490342,130.8,customer_17421,2009-12-04,open
uci_ledger_490346,UCI-490346,216.6,customer_16351,2009-12-04,open
uci_ledger_490347,UCI-490347,109.4,customer_15684,2009-12-04,open
uci_ledger_490349,UCI-490349,32.25,customer_17884,2009-12-04,open
uci_ledger_490353,UCI-490353,532.28,customer_15514,2009-12-04,open
uci_ledger_490355,UCI-490355,538.11,customer_13093,2009-12-04,open
uci_ledger_490356,UCI-490356,117.13,customer_17884,2009-12-04,open
uci_ledger_490360,UCI-490360,126.8,customer_13679,2009-12-04,open
uci_ledger_490359,UCI-490359,59.5,customer_18225,2009-12-04,open
uci_ledger_490362,UCI-490362,220.9,customer_12748,2009-12-04,open
uci_ledger_490363,UCI-490363,138.24,customer_13199,2009-12-05,open
uci_ledger_490364,UCI-490364,103.95,customer_13487,2009-12-05,open
uci_ledger_490365,UCI-490365,351.6,customer_17018,2009-12-05,open
uci_ledger_490366,UCI-490366,227.25,customer_18071,2009-12-05,open
uci_ledger_490367,UCI-490367,79.6,customer_16593,2009-12-05,open
uci_ledger_490368,UCI-490368,159.1,customer_14238,2009-12-05,open
uci_ledger_490369,UCI-490369,230.2,customer_15223,2009-12-05,open
uci_ledger_490370,UCI-490370,452.95,customer_17593,2009-12-05,open
uci_ledger_490371,UCI-490371,233.71,customer_13021,2009-12-05,open
uci_ledger_490372,UCI-490372,434.15,customer_17115,2009-12-05,open
uci_ledger_490373,UCI-490373,502.54,customer_17850,2009-12-05,open
uci_ledger_490374,UCI-490374,136.75,customer_14239,2009-12-05,open
uci_ledger_490375,UCI-490375,350.55,customer_13999,2009-12-05,open
uci_ledger_490376,UCI-490376,796.55,customer_13958,2009-12-05,open
uci_ledger_490377,UCI-490377,15.0,customer_13958,2009-12-05,open
uci_ledger_490378,UCI-490378,224.1,customer_13641,2009-12-05,open
uci_ledger_490380,UCI-490380,478.74,customer_17850,2009-12-05,open
uci_ledger_490381,UCI-490381,97.11,customer_15420,2009-12-05,open
uci_ledger_490382,UCI-490382,760.69,customer_12359,2009-12-05,open
uci_ledger_490383,UCI-490383,148.3,customer_12820,2009-12-05,open
uci_ledger_490385,UCI-490385,130.32,customer_16410,2009-12-05,open
uci_ledger_490386,UCI-490386,549.77,customer_15240,2009-12-05,open
uci_ledger_490387,UCI-490387,450.84,customer_17850,2009-12-05,open
uci_ledger_490388,UCI-490388,146.62,customer_16158,2009-12-05,open
uci_ledger_490389,UCI-490389,689.5,customer_15484,2009-12-05,open
uci_ledger_490390,UCI-490390,256.2,customer_14709,2009-12-05,open
uci_ledger_490391,UCI-490391,304.1,customer_15057,2009-12-05,open
uci_ledger_490392,UCI-490392,203.32,customer_14867,2009-12-05,open
uci_ledger_490393,UCI-490393,281.02,customer_17642,2009-12-05,open
uci_ledger_490394,UCI-490394,870.28,customer_17850,2009-12-05,open
uci_ledger_490395,UCI-490395,283.15,customer_13813,2009-12-06,open
uci_ledger_490396,UCI-490396,269.15,customer_13589,2009-12-06,open
uci_ledger_490397,UCI-490397,309.1,customer_12417,2009-12-06,open
uci_ledger_490398,UCI-490398,567.71,customer_17920,2009-12-06,open
uci_ledger_490399,UCI-490399,441.63,customer_12975,2009-12-06,open
uci_ledger_490400,UCI-490400,689.9,customer_16104,2009-12-06,open
uci_ledger_490401,UCI-490401,139.25,customer_17150,2009-12-06,open
uci_ledger_490403,UCI-490403,316.74,customer_17920,2009-12-06,open
uci_ledger_490404,UCI-490404,188.69,customer_16277,2009-12-06,open
uci_ledger_490405,UCI-490405,260.65,customer_17244,2009-12-06,open
uci_ledger_490408,UCI-490408,413.44,customer_17850,2009-12-06,open
uci_ledger_490430,UCI-490430,253.55,customer_15260,2009-12-06,open
uci_ledger_490458,UCI-490458,817.44,customer_12583,2009-12-06,open
uci_ledger_490459,UCI-490459,950.69,customer_15555,2009-12-06,open
uci_ledger_490461,UCI-490461,720.79,customer_13736,2009-12-06,open
uci_ledger_490463,UCI-490463,305.5,customer_14133,2009-12-06,open
uci_ledger_490464,UCI-490464,118.26,customer_15571,2009-12-06,open
uci_ledger_490465,UCI-490465,933.35,customer_13448,2009-12-06,open
uci_ledger_490466,UCI-490466,183.6,customer_17085,2009-12-06,open
uci_ledger_490467,UCI-490467,280.94,customer_15059,2009-12-06,open
uci_ledger_490468,UCI-490468,204.24,customer_14468,2009-12-06,open
uci_ledger_490470,UCI-490470,242.96,customer_16395,2009-12-06,open
uci_ledger_490472,UCI-490472,619.24,customer_16485,2009-12-06,open
uci_ledger_490471,UCI-490471,212.13,customer_15878,2009-12-06,open
uci_ledger_490473,UCI-490473,204.65,customer_15860,2009-12-06,open
uci_ledger_490474,UCI-490474,748.42,customer_13373,2009-12-06,open
uci_ledger_490476,UCI-490476,211.62,customer_14608,2009-12-06,open
uci_ledger_490477,UCI-490477,533.14,customer_17850,2009-12-06,open
uci_ledger_490478,UCI-490478,302.5,customer_14896,2009-12-06,open
uci_ledger_490479,UCI-490479,1450.2,customer_16779,2009-12-06,open
uci_ledger_490481,UCI-490481,21.25,customer_16964,2009-12-06,open
uci_ledger_490482,UCI-490482,289.3,customer_15983,2009-12-06,open
uci_ledger_490483,UCI-490483,132.4,customer_13782,2009-12-06,open
uci_ledger_490484,UCI-490484,186.6,customer_16964,2009-12-06,open
uci_ledger_490485,UCI-490485,125.94,customer_14454,2009-12-06,open
uci_ledger_490486,UCI-490486,90.0,customer_16779,2009-12-06,open
uci_ledger_490487,UCI-490487,81.3,customer_14717,2009-12-06,open
uci_ledger_490488,UCI-490488,647.82,customer_16718,2009-12-06,open
uci_ledger_490489,UCI-490489,266.19,customer_15751,2009-12-06,open
uci_ledger_490490,UCI-490490,547.73,customer_14546,2009-12-06,open
uci_ledger_490491,UCI-490491,175.2,customer_17848,2009-12-06,open
uci_ledger_490493,UCI-490493,12.75,customer_15751,2009-12-06,open
uci_ledger_490494,UCI-490494,192.27,customer_17561,2009-12-06,open
uci_ledger_490496,UCI-490496,671.56,customer_15547,2009-12-06,open
uci_ledger_490499,UCI-490499,406.7,customer_17406,2009-12-06,open
uci_ledger_490500,UCI-490500,355.13,customer_14479,2009-12-06,open
uci_ledger_490501,UCI-490501,285.64,customer_16710,2009-12-06,open
uci_ledger_490502,UCI-490502,101.4,customer_17969,2009-12-06,open
uci_ledger_490503,UCI-490503,582.12,customer_14548,2009-12-06,open
uci_ledger_490504,UCI-490504,391.92,customer_15311,2009-12-06,open
uci_ledger_490505,UCI-490505,98.16,customer_14548,2009-12-06,open
uci_ledger_490506,UCI-490506,25.46,customer_17916,2009-12-06,open
uci_ledger_490508,UCI-490508,450.84,customer_17850,2009-12-06,open
uci_ledger_490511,UCI-490511,626.6,customer_13319,2009-12-06,open
uci_ledger_490512,UCI-490512,235.13,customer_14606,2009-12-06,open
uci_ledger_490514,UCI-490514,137.75,customer_16773,2009-12-06,open
uci_ledger_490515,UCI-490515,147.4,customer_15479,2009-12-06,open
uci_ledger_490516,UCI-490516,504.54,customer_17850,2009-12-06,open
uci_ledger_490518,UCI-490518,474.32,customer_15822,2009-12-06,open
uci_ledger_490519,UCI-490519,213.65,customer_13890,2009-12-06,open
uci_ledger_490521,UCI-490521,235.84,customer_13211,2009-12-06,open
uci_ledger_490522,UCI-490522,150.4,customer_15641,2009-12-06,open
uci_ledger_490524,UCI-490524,436.18,customer_14123,2009-12-06,open
uci_ledger_490525,UCI-490525,255.0,customer_13019,2009-12-06,open
uci_ledger_490526,UCI-490526,533.97,customer_17858,2009-12-06,open
uci_ledger_490527,UCI-490527,182.01,customer_14940,2009-12-06,open
uci_ledger_490528,UCI-490528,118.25,customer_16686,2009-12-06,open
uci_ledger_490529,UCI-490529,48.89,customer_16686,2009-12-06,open
uci_ledger_490530,UCI-490530,161.8,customer_15691,2009-12-06,open
uci_ledger_490531,UCI-490531,166.95,customer_16436,2009-12-06,open
uci_ledger_490533,UCI-490533,378.05,customer_17610,2009-12-06,open
uci_ledger_490534,UCI-490534,263.68,customer_17530,2009-12-06,open
uci_ledger_490535,UCI-490535,560.58,customer_17850,2009-12-07,open
uci_ledger_490536,UCI-490536,221.9,customer_13491,2009-12-07,open
uci_ledger_490537,UCI-490537,209.41,customer_14003,2009-12-07,open
uci_ledger_490538,UCI-490538,504.54,customer_17850,2009-12-07,open
uci_ledger_490539,UCI-490539,346.0,customer_12839,2009-12-07,open
uci_ledger_490542,UCI-490542,716.35,customer_14911,2009-12-07,open
uci_ledger_490545,UCI-490545,34.0,customer_17557,2009-12-07,open
uci_ledger_490547,UCI-490547,311.2,customer_14738,2009-12-07,open
uci_ledger_490548,UCI-490548,504.54,customer_17850,2009-12-07,open
uci_ledger_490557,UCI-490557,463.0,customer_16124,2009-12-07,open
uci_ledger_490561,UCI-490561,41.3,customer_15260,2009-12-07,open
uci_ledger_490563,UCI-490563,808.12,customer_12471,2009-12-07,open
uci_ledger_490564,UCI-490564,367.9,customer_12471,2009-12-07,open
uci_ledger_490569,UCI-490569,411.2,customer_17739,2009-12-07,open
uci_ledger_490577,UCI-490577,187.19,customer_16556,2009-12-07,open
uci_ledger_490603,UCI-490603,287.49,customer_14695,2009-12-07,open
uci_ledger_490604,UCI-490604,682.4,customer_14828,2009-12-07,open
uci_ledger_490605,UCI-490605,191.74,customer_15115,2009-12-07,open
uci_ledger_490606,UCI-490606,426.0,customer_17850,2009-12-07,open
uci_ledger_490607,UCI-490607,173.55,customer_13693,2009-12-07,open
uci_ledger_490608,UCI-490608,163.77,customer_14955,2009-12-07,open
uci_ledger_490609,UCI-490609,218.33,customer_14037,2009-12-07,open
uci_ledger_490610,UCI-490610,211.62,customer_18077,2009-12-07,open
uci_ledger_490611,UCI-490611,312.65,customer_13905,2009-12-07,open
uci_ledger_490612,UCI-490612,610.95,customer_17508,2009-12-07,open
uci_ledger_490613,UCI-490613,224.98,customer_16768,2009-12-07,open
uci_ledger_490616,UCI-490616,214.8,customer_13984,2009-12-07,open
uci_ledger_490618,UCI-490618,44.7,customer_13984,2009-12-07,open
uci_ledger_490625,UCI-490625,362.6,customer_14543,2009-12-07,open
uci_ledger_490636,UCI-490636,425.09,customer_13564,2009-12-07,open
uci_ledger_490637,UCI-490637,452.16,customer_13495,2009-12-07,open
uci_ledger_490638,UCI-490638,147.1,customer_13190,2009-12-07,open
uci_ledger_490640,UCI-490640,321.0,customer_14408,2009-12-07,open
uci_ledger_490642,UCI-490642,446.4,customer_15358,2009-12-07,open
uci_ledger_490641,UCI-490641,51.0,customer_17707,2009-12-07,open
uci_ledger_490653,UCI-490653,990.48,customer_17044,2009-12-07,open
uci_ledger_490659,UCI-490659,380.84,customer_17850,2009-12-07,open
uci_ledger_490657,UCI-490657,208.83,customer_14471,2009-12-07,open
uci_ledger_490665,UCI-490665,76.5,customer_17436,2009-12-07,open
uci_ledger_490667,UCI-490667,238.85,customer_13234,2009-12-07,open
uci_ledger_490668,UCI-490668,312.33,customer_16525,2009-12-07,open
uci_ledger_490670,UCI-490670,143.7,customer_14574,2009-12-07,open
uci_ledger_490669,UCI-490669,214.17,customer_15716,2009-12-07,open
uci_ledger_490671,UCI-490671,488.16,customer_16684,2009-12-07,open
uci_ledger_490672,UCI-490672,660.96,customer_16684,2009-12-07,open
uci_ledger_490673,UCI-490673,156.5,customer_14540,2009-12-07,open
uci_ledger_490674,UCI-490674,242.1,customer_14307,2009-12-07,open
uci_ledger_490675,UCI-490675,696.54,customer_14695,2009-12-07,open
uci_ledger_490676,UCI-490676,451.44,customer_17850,2009-12-07,open
uci_ledger_490677,UCI-490677,151.72,customer_18219,2009-12-07,open
uci_ledger_490678,UCI-490678,380.65,customer_12747,2009-12-07,open
uci_ledger_490679,UCI-490679,379.16,customer_18162,2009-12-07,open
uci_ledger_490680,UCI-490680,293.35,customer_17441,2009-12-07,open
uci_ledger_490681,UCI-490681,164.75,customer_17988,2009-12-07,open
uci_ledger_490682,UCI-490682,285.9,customer_12600,2009-12-07,open
uci_ledger_490683,UCI-490683,413.0,customer_17865,2009-12-07,open
uci_ledger_490684,UCI-490684,74.56,customer_12523,2009-12-07,open
uci_ledger_490685,UCI-490685,1066.82,customer_13206,2009-12-07,open
uci_ledger_490687,UCI-490687,924.95,customer_14911,2009-12-07,open
uci_ledger_490686,UCI-490686,153.28,customer_14512,2009-12-07,open
uci_ledger_490689,UCI-490689,307.91,customer_17865,2009-12-07,open
uci_ledger_490690,UCI-490690,207.9,customer_16353,2009-12-07,open
uci_ledger_490691,UCI-490691,306.0,customer_16353,2009-12-07,open
uci_ledger_490692,UCI-490692,195.78,customer_16018,2009-12-07,open
uci_ledger_490693,UCI-490693,190.47,customer_14670,2009-12-07,open
uci_ledger_490694,UCI-490694,1244.32,customer_13089,2009-12-07,open
uci_ledger_490695,UCI-490695,108.4,customer_14590,2009-12-07,open
uci_ledger_490697,UCI-490697,378.84,customer_17850,2009-12-07,open
uci_ledger_490703,UCI-490703,154.2,customer_13070,2009-12-07,open
uci_ledger_490704,UCI-490704,355.38,customer_17457,2009-12-07,open
uci_ledger_490705,UCI-490705,204.0,customer_12913,2009-12-07,open
uci_ledger_490706,UCI-490706,1088.63,customer_17865,2009-12-07,open
uci_ledger_490707,UCI-490707,45.9,customer_17865,2009-12-07,open
uci_ledger_490708,UCI-490708,241.05,customer_15421,2009-12-07,open
uci_ledger_490709,UCI-490709,198.98,customer_17884,2009-12-07,open
uci_ledger_490710,UCI-490710,332.7,customer_17990,2009-12-07,open
uci_ledger_490711,UCI-490711,448.96,customer_17841,2009-12-07,open
uci_ledger_490712,UCI-490712,331.4,customer_13148,2009-12-07,open
uci_ledger_490714,UCI-490714,4.95,customer_17841,2009-12-07,open
uci_ledger_490717,UCI-490717,449.95,customer_17364,2009-12-07,open
uci_ledger_490719,UCI-490719,668.1,customer_13042,2009-12-07,open
uci_ledger_490718,UCI-490718,485.31,customer_12443,2009-12-07,open
uci_ledger_490720,UCI-490720,357.87,customer_15694,2009-12-07,open
uci_ledger_490722,UCI-490722,386.39,customer_16717,2009-12-07,open
uci_ledger_490724,UCI-490724,716.04,customer_13767,2009-12-07,open
uci_ledger_490725,UCI-490725,343.44,customer_13694,2009-12-07,open
uci_ledger_490726,UCI-490726,561.6,customer_13694,2009-12-07,open
uci_ledger_490727,UCI-490727,285.35,customer_17231,2009-12-07,open
uci_ledger_490728,UCI-490728,221.52,customer_16702,2009-12-07,open
uci_ledger_490734,UCI-490734,306.55,customer_13267,2009-12-07,open
uci_ledger_490733,UCI-490733,412.6,customer_12540,2009-12-07,open
uci_ledger_490737,UCI-490737,389.62,customer_17270,2009-12-07,open
uci_ledger_490738,UCI-490738,25.5,customer_16436,2009-12-07,open
uci_ledger_490747,UCI-490747,8.92,customer_13393,2009-12-07,open
uci_ledger_490749,UCI-490749,580.64,customer_14113,2009-12-08,open
uci_ledger_490750,UCI-490750,312.96,customer_15369,2009-12-08,open
uci_ledger_490751,UCI-490751,1429.83,customer_12358,2009-12-08,open
uci_ledger_490752,UCI-490752,356.4,customer_18259,2009-12-08,open
uci_ledger_490753,UCI-490753,322.65,customer_17047,2009-12-08,open
uci_ledger_490754,UCI-490754,302.78,customer_14136,2009-12-08,open
uci_ledger_490755,UCI-490755,338.34,customer_16735,2009-12-08,open
uci_ledger_490757,UCI-490757,425.59,customer_14215,2009-12-08,open
uci_ledger_490759,UCI-490759,182.88,customer_15971,2009-12-08,open
uci_ledger_490760,UCI-490760,10.0,customer_14295,2009-12-08,open
uci_ledger_490761,UCI-490761,255.04,customer_13382,2009-12-08,open
uci_ledger_490762,UCI-490762,323.39,customer_13025,2009-12-08,open
uci_ledger_490763,UCI-490763,1020.0,customer_16013,2009-12-08,open
uci_ledger_490764,UCI-490764,306.45,customer_14558,2009-12-08,open
uci_ledger_490767,UCI-490767,44.32,customer_18002,2009-12-08,open
uci_ledger_490770,UCI-490770,135.94,customer_17854,2009-12-08,open
uci_ledger_490769,UCI-490769,221.0,customer_16013,2009-12-08,open
uci_ledger_490782,UCI-490782,707.93,customer_15079,2009-12-08,open
uci_ledger_490785,UCI-490785,2590.8,customer_16029,2009-12-08,open
uci_ledger_490786,UCI-490786,30.6,customer_15079,2009-12-08,open
uci_ledger_490789,UCI-490789,192.55,customer_18271,2009-12-08,open
uci_ledger_490796,UCI-490796,870.63,customer_14290,2009-12-08,open
uci_ledger_490797,UCI-490797,155.7,customer_17268,2009-12-08,open
uci_ledger_490800,UCI-490800,7.8,customer_14735,2009-12-08,open
uci_ledger_490802,UCI-490802,19.5,customer_17067,2009-12-08,open
uci_ledger_490801,UCI-490801,660.0,customer_16029,2009-12-08,open
uci_ledger_490803,UCI-490803,207.32,customer_17067,2009-12-08,open
uci_ledger_490804,UCI-490804,487.09,customer_16560,2009-12-08,open
uci_ledger_490805,UCI-490805,215.0,customer_14861,2009-12-08,open
uci_ledger_490806,UCI-490806,39.4,customer_13485,2009-12-08,open
uci_ledger_490808,UCI-490808,134.04,customer_17371,2009-12-08,open
uci_ledger_490809,UCI-490809,159.0,customer_13408,2009-12-08,open
uci_ledger_490810,UCI-490810,259.92,customer_13408,2009-12-08,open
uci_ledger_490811,UCI-490811,309.7,customer_18145,2009-12-08,open
uci_ledger_490817,UCI-490817,1806.19,customer_15311,2009-12-08,open
uci_ledger_490823,UCI-490823,304.8,customer_14841,2009-12-08,open
uci_ledger_490834,UCI-490834,564.38,customer_16400,2009-12-08,open
uci_ledger_490836,UCI-490836,2.9,customer_17988,2009-12-08,open
uci_ledger_490838,UCI-490838,20.25,customer_17371,2009-12-08,open
uci_ledger_490846,UCI-490846,129.3,customer_17155,2009-12-08,open
uci_ledger_490847,UCI-490847,249.64,customer_15093,2009-12-08,open
uci_ledger_490851,UCI-490851,311.8,customer_13643,2009-12-08,open
uci_ledger_490855,UCI-490855,363.6,customer_13777,2009-12-08,open
uci_ledger_490863,UCI-490863,88.05,customer_17852,2009-12-08,open
uci_ledger_490871,UCI-490871,211.41,customer_15456,2009-12-08,open
uci_ledger_490881,UCI-490881,10.0,customer_16210,2009-12-08,open
uci_ledger_490893,UCI-490893,111.24,customer_13571,2009-12-08,open
uci_ledger_490899,UCI-490899,792.84,customer_16732,2009-12-08,open
uci_ledger_490905,UCI-490905,656.85,customer_16940,2009-12-08,open
uci_ledger_490917,UCI-490917,312.9,customer_15162,2009-12-08,open
uci_ledger_490920,UCI-490920,109.08,customer_18203,2009-12-08,open
uci_ledger_490921,UCI-490921,42.3,customer_16163,2009-12-08,open
uci_ledger_490922,UCI-490922,114.3,customer_14494,2009-12-08,open
uci_ledger_490924,UCI-490924,123.1,customer_17978,2009-12-08,open
uci_ledger_490925,UCI-490925,648.5,customer_13078,2009-12-08,open
uci_ledger_490926,UCI-490926,250.02,customer_15031,2009-12-08,open
uci_ledger_490928,UCI-490928,404.44,customer_14085,2009-12-08,open
uci_ledger_490927,UCI-490927,304.2,customer_17230,2009-12-08,open
uci_ledger_490930,UCI-490930,81.12,customer_13410,2009-12-08,open
uci_ledger_490932,UCI-490932,12.4,customer_14085,2009-12-08,open
uci_ledger_490933,UCI-490933,2452.56,customer_14063,2009-12-08,open
uci_ledger_490936,UCI-490936,366.9,customer_12785,2009-12-08,open
uci_ledger_490937,UCI-490937,2285.58,customer_13081,2009-12-08,open
uci_ledger_490938,UCI-490938,215.3,customer_14605,2009-12-08,open
uci_ledger_490940,UCI-490940,0.95,customer_14605,2009-12-08,open
uci_ledger_490941,UCI-490941,644.52,customer_14527,2009-12-08,open
uci_ledger_490944,UCI-490944,151.2,customer_14285,2009-12-08,open
uci_ledger_490945,UCI-490945,97.55,customer_16892,2009-12-08,open
uci_ledger_490948,UCI-490948,15.0,customer_16805,2009-12-08,open
uci_ledger_490953,UCI-490953,966.66,customer_13204,2009-12-08,open
uci_ledger_490954,UCI-490954,102.82,customer_15924,2009-12-08,open
uci_ledger_490956,UCI-490956,2442.72,customer_15413,2009-12-08,open
uci_ledger_490957,UCI-490957,3796.37,customer_15823,2009-12-08,open
uci_ledger_490958,UCI-490958,328.8,customer_13576,2009-12-08,open
uci_ledger_490959,UCI-490959,507.9,customer_12682,2009-12-08,open
uci_ledger_490961,UCI-490961,194.75,customer_14108,2009-12-08,open
uci_ledger_490962,UCI-490962,683.14,customer_15061,2009-12-08,open
uci_ledger_490964,UCI-490964,104.15,customer_14646,2009-12-08,open
uci_ledger_490966,UCI-490966,436.71,customer_17178,2009-12-08,open
uci_ledger_490968,UCI-490968,484.0,customer_13798,2009-12-08,open
uci_ledger_490971,UCI-490971,372.64,customer_18275,2009-12-08,open
uci_ledger_490972,UCI-490972,728.05,customer_14911,2009-12-08,open
uci_ledger_490978,UCI-490978,193.08,customer_17329,2009-12-08,open
uci_ledger_490981,UCI-490981,313.45,customer_13855,2009-12-08,open
uci_ledger_490982,UCI-490982,8.82,customer_17329,2009-12-08,open
uci_ledger_490984,UCI-490984,303.45,customer_15298,2009-12-08,open
uci_ledger_490989,UCI-490989,462.46,customer_15674,2009-12-08,open
uci_ledger_490990,UCI-490990,271.85,customer_14606,2009-12-08,open
uci_ledger_490992,UCI-490992,438.74,customer_14679,2009-12-08,open
uci_ledger_490998,UCI-490998,379.13,customer_16253,2009-12-08,open
uci_ledger_490999,UCI-490999,24.65,customer_13883,2009-12-08,open
uci_ledger_491006,UCI-491006,272.5,customer_13557,2009-12-08,open
uci_ledger_491007,UCI-491007,213.27,customer_16204,2009-12-08,open
uci_ledger_491008,UCI-491008,191.89,customer_15633,2009-12-08,open
uci_ledger_491009,UCI-491009,255.68,customer_15203,2009-12-08,open
uci_ledger_491010,UCI-491010,318.0,customer_15194,2009-12-08,open
uci_ledger_491011,UCI-491011,389.99,customer_16210,2009-12-08,open
uci_ledger_491014,UCI-491014,549.09,customer_13136,2009-12-08,open
uci_ledger_491024,UCI-491024,383.04,customer_17157,2009-12-08,open
uci_ledger_491025,UCI-491025,325.44,customer_17157,2009-12-08,open
uci_ledger_491026,UCI-491026,162.72,customer_15181,2009-12-08,open
uci_ledger_491033,UCI-491033,328.02,customer_17188,2009-12-08,open
uci_ledger_491034,UCI-491034,305.5,customer_13491,2009-12-09,open
uci_ledger_491035,UCI-491035,295.35,customer_13455,2009-12-09,open
uci_ledger_491038,UCI-491038,528.9,customer_13097,2009-12-09,open
uci_ledger_491039,UCI-491039,301.0,customer_15291,2009-12-09,open
uci_ledger_491044,UCI-491044,234.38,customer_13114,2009-12-09,open
uci_ledger_491045,UCI-491045,303.2,customer_12747,2009-12-09,open
uci_ledger_491048,UCI-491048,519.42,customer_13768,2009-12-09,open
uci_ledger_491049,UCI-491049,748.9,customer_14135,2009-12-09,open
uci_ledger_491051,UCI-491051,408.51,customer_14291,2009-12-09,open
uci_ledger_491050,UCI-491050,333.8,customer_12712,2009-12-09,open
uci_ledger_491055,UCI-491055,219.55,customer_14732,2009-12-09,open
uci_ledger_491054,UCI-491054,320.2,customer_13202,2009-12-09,open
uci_ledger_491056,UCI-491056,1007.74,customer_17428,2009-12-09,open
uci_ledger_491057,UCI-491057,77.8,customer_14239,2009-12-09,open
uci_ledger_491058,UCI-491058,307.95,customer_16945,2009-12-09,open
uci_ledger_491059,UCI-491059,285.3,customer_12487,2009-12-09,open
uci_ledger_491061,UCI-491061,233.53,customer_13672,2009-12-09,open
uci_ledger_491060,UCI-491060,392.4,customer_17929,2009-12-09,open
uci_ledger_491062,UCI-491062,124.0,customer_12948,2009-12-09,open
uci_ledger_491063,UCI-491063,203.3,customer_16771,2009-12-09,open
uci_ledger_491064,UCI-491064,185.9,customer_16782,2009-12-09,open
uci_ledger_491067,UCI-491067,333.3,customer_18051,2009-12-09,open
uci_ledger_491068,UCI-491068,700.4,customer_15768,2009-12-09,open
uci_ledger_491069,UCI-491069,521.05,customer_12921,2009-12-09,open
uci_ledger_491070,UCI-491070,383.8,customer_16912,2009-12-09,open
uci_ledger_491071,UCI-491071,194.1,customer_12924,2009-12-09,open
uci_ledger_491072,UCI-491072,15.45,customer_12924,2009-12-09,open
uci_ledger_491073,UCI-491073,95.76,customer_15403,2009-12-09,open
uci_ledger_491074,UCI-491074,23.6,customer_14173,2009-12-09,open
uci_ledger_491075,UCI-491075,187.8,customer_14211,2009-12-09,open
uci_ledger_491077,UCI-491077,433.05,customer_14593,2009-12-09,open
uci_ledger_491078,UCI-491078,259.11,customer_16802,2009-12-09,open
uci_ledger_491079,UCI-491079,588.85,customer_14295,2009-12-09,open
uci_ledger_491081,UCI-491081,308.0,customer_15302,2009-12-09,open
uci_ledger_491082,UCI-491082,1273.5,customer_16709,2009-12-09,open
uci_ledger_491083,UCI-491083,322.98,customer_17954,2009-12-09,open
uci_ledger_491085,UCI-491085,130.6,customer_13727,2009-12-09,open
uci_ledger_491086,UCI-491086,267.26,customer_15911,2009-12-09,open
uci_ledger_491089,UCI-491089,200.24,customer_14990,2009-12-09,open
uci_ledger_491091,UCI-491091,3249.32,customer_16705,2009-12-09,open
uci_ledger_491090,UCI-491090,351.45,customer_13141,2009-12-09,open
uci_ledger_491092,UCI-491092,844.12,customer_13680,2009-12-09,open
uci_ledger_491094,UCI-491094,216.0,customer_12709,2009-12-09,open
uci_ledger_491093,UCI-491093,1445.56,customer_12709,2009-12-09,open
uci_ledger_491095,UCI-491095,135.0,customer_14171,2009-12-09,open
uci_ledger_491096,UCI-491096,175.95,customer_13983,2009-12-09,open
uci_ledger_491097,UCI-491097,338.13,customer_17296,2009-12-09,open
uci_ledger_491098,UCI-491098,179.78,customer_14080,2009-12-09,open
uci_ledger_491100,UCI-491100,63.5,customer_17631,2009-12-09,open
uci_ledger_491101,UCI-491101,298.68,customer_17449,2009-12-09,open
uci_ledger_491102,UCI-491102,50.55,customer_17184,2009-12-09,open
uci_ledger_491103,UCI-491103,163.26,customer_14107,2009-12-09,open
uci_ledger_491104,UCI-491104,1552.9,customer_12917,2009-12-09,open
uci_ledger_491105,UCI-491105,212.58,customer_16755,2009-12-09,open
uci_ledger_491109,UCI-491109,143.36,customer_13825,2009-12-09,open
uci_ledger_491111,UCI-491111,321.67,customer_15005,2009-12-09,open
uci_ledger_491112,UCI-491112,174.33,customer_13770,2009-12-09,open
uci_ledger_491113,UCI-491113,893.33,customer_14505,2009-12-09,open
uci_ledger_491116,UCI-491116,301.57,customer_15441,2009-12-09,open
uci_ledger_491118,UCI-491118,580.79,customer_16933,2009-12-09,open
uci_ledger_491122,UCI-491122,601.6,customer_13426,2009-12-09,open
uci_ledger_491123,UCI-491123,380.36,customer_17043,2009-12-09,open
uci_ledger_491124,UCI-491124,327.38,customer_13498,2009-12-09,open
uci_ledger_491125,UCI-491125,966.24,customer_15311,2009-12-09,open
uci_ledger_491126,UCI-491126,389.34,customer_16186,2009-12-09,open
uci_ledger_491127,UCI-491127,256.2,customer_18065,2009-12-09,open
uci_ledger_491129,UCI-491129,50.7,customer_18065,2009-12-09,open
uci_ledger_491131,UCI-491131,1.7,customer_16395,2009-12-09,open
uci_ledger_491132,UCI-491132,171.6,customer_17880,2009-12-09,open
uci_ledger_491133,UCI-491133,480.0,customer_13848,2009-12-09,open
uci_ledger_491136,UCI-491136,343.52,customer_16746,2009-12-09,open
uci_ledger_491138,UCI-491138,179.85,customer_16168,2009-12-09,open
uci_ledger_491143,UCI-491143,476.04,customer_16029,2009-12-09,open
uci_ledger_491144,UCI-491144,873.48,customer_15077,2009-12-09,open
uci_ledger_491145,UCI-491145,135.0,customer_13728,2009-12-09,open
uci_ledger_491146,UCI-491146,178.98,customer_15209,2009-12-09,open
uci_ledger_491147,UCI-491147,34.3,customer_14710,2009-12-09,open
uci_ledger_491148,UCI-491148,3882.66,customer_15061,2009-12-10,open
uci_ledger_491149,UCI-491149,289.92,customer_15841,2009-12-10,open
uci_ledger_491150,UCI-491150,435.6,customer_16525,2009-12-10,open
uci_ledger_491151,UCI-491151,661.16,customer_14134,2009-12-10,open
uci_ledger_491152,UCI-491152,436.8,customer_15465,2009-12-10,open
uci_ledger_491154,UCI-491154,289.85,customer_17603,2009-12-10,open
uci_ledger_491153,UCI-491153,300.35,customer_16143,2009-12-10,open
uci_ledger_491158,UCI-491158,275.73,customer_15523,2009-12-10,open
uci_ledger_491159,UCI-491159,291.0,customer_15311,2009-12-10,open
uci_ledger_491160,UCI-491160,377.57,customer_14911,2009-12-10,open
uci_ledger_491161,UCI-491161,109.35,customer_14942,2009-12-10,open
uci_ledger_491163,UCI-491163,179.6,customer_13693,2009-12-10,open
uci_ledger_491164,UCI-491164,33.55,customer_15581,2009-12-10,open
uci_ledger_491165,UCI-491165,737.7,customer_14293,2009-12-10,open
uci_ledger_491169,UCI-491169,8.5,customer_12417,2009-12-10,open
uci_ledger_491170,UCI-491170,328.99,customer_17861,2009-12-10,open
uci_ledger_491171,UCI-491171,203.85,customer_15039,2009-12-10,open
uci_ledger_491172,UCI-491172,730.59,customer_16843,2009-12-10,open
uci_ledger_491173,UCI-491173,248.49,customer_15858,2009-12-10,open
uci_ledger_491174,UCI-491174,228.96,customer_17388,2009-12-10,open
uci_ledger_491175,UCI-491175,347.54,customer_15085,2009-12-10,open
uci_ledger_491176,UCI-491176,1213.02,customer_13091,2009-12-10,open
uci_ledger_491177,UCI-491177,105.78,customer_15642,2009-12-10,open
uci_ledger_491178,UCI-491178,390.44,customer_14099,2009-12-10,open
uci_ledger_491180,UCI-491180,294.52,customer_15719,2009-12-10,open
uci_ledger_491181,UCI-491181,592.2,customer_15854,2009-12-10,open
uci_ledger_491182,UCI-491182,190.3,customer_13019,2009-12-10,open
uci_ledger_491184,UCI-491184,139.85,customer_17027,2009-12-10,open
uci_ledger_491183,UCI-491183,945.58,customer_12978,2009-12-10,open
uci_ledger_491185,UCI-491185,421.17,customer_17377,2009-12-10,open
uci_ledger_491186,UCI-491186,288.49,customer_15889,2009-12-10,open
uci_ledger_491187,UCI-491187,97.5,customer_16748,2009-12-10,open
uci_ledger_491188,UCI-491188,79.7,customer_17377,2009-12-10,open
uci_ledger_491189,UCI-491189,31.2,customer_14113,2009-12-10,open
uci_ledger_491191,UCI-491191,71.79,customer_16459,2009-12-10,open
uci_ledger_491193,UCI-491193,762.98,customer_13091,2009-12-10,open
uci_ledger_491192,UCI-491192,509.3,customer_14527,2009-12-10,open
uci_ledger_491194,UCI-491194,302.7,customer_13173,2009-12-10,open
uci_ledger_491195,UCI-491195,658.5,customer_15805,2009-12-10,open
uci_ledger_491196,UCI-491196,165.5,customer_15912,2009-12-10,open
uci_ledger_491197,UCI-491197,126.57,customer_15912,2009-12-10,open
uci_ledger_491198,UCI-491198,95.55,customer_16596,2009-12-10,open
uci_ledger_491199,UCI-491199,143.72,customer_15912,2009-12-10,open
uci_ledger_491200,UCI-491200,165.0,customer_16663,2009-12-10,open
uci_ledger_491201,UCI-491201,413.1,customer_12989,2009-12-10,open
uci_ledger_491203,UCI-491203,580.15,customer_16985,2009-12-10,open
uci_ledger_491204,UCI-491204,224.36,customer_14648,2009-12-10,open
uci_ledger_491205,UCI-491205,1391.91,customer_16779,2009-12-10,open
uci_ledger_491207,UCI-491207,105.76,customer_17884,2009-12-10,open
uci_ledger_491209,UCI-491209,278.08,customer_15573,2009-12-10,open
uci_ledger_491210,UCI-491210,785.62,customer_15367,2009-12-10,open
uci_ledger_491211,UCI-491211,1766.28,customer_14895,2009-12-10,open
uci_ledger_491212,UCI-491212,873.61,customer_14062,2009-12-10,open
uci_ledger_491226,UCI-491226,448.2,customer_15157,2009-12-10,open
uci_ledger_491235,UCI-491235,307.2,customer_15623,2009-12-10,open
uci_ledger_491238,UCI-491238,170.45,customer_16011,2009-12-10,open
uci_ledger_491240,UCI-491240,936.26,customer_13831,2009-12-10,open
uci_ledger_491247,UCI-491247,436.4,customer_14626,2009-12-10,open
uci_ledger_491314,UCI-491314,1505.4,customer_15032,2009-12-10,open
uci_ledger_491317,UCI-491317,683.91,customer_16670,2009-12-10,open
uci_ledger_491318,UCI-491318,369.6,customer_14608,2009-12-10,open
uci_ledger_491319,UCI-491319,181.63,customer_15882,2009-12-10,open
uci_ledger_491320,UCI-491320,178.2,customer_15380,2009-12-10,open
uci_ledger_491321,UCI-491321,844.45,customer_17032,2009-12-10,open
uci_ledger_491340,UCI-491340,517.7,customer_12979,2009-12-10,open
uci_ledger_491356,UCI-491356,282.03,customer_15738,2009-12-10,open
uci_ledger_491358,UCI-491358,99.6,customer_14590,2009-12-10,open
uci_ledger_491368,UCI-491368,164.31,customer_14043,2009-12-10,open
uci_ledger_491385,UCI-491385,328.7,customer_17675,2009-12-10,open
uci_ledger_491394,UCI-491394,404.82,customer_15916,2009-12-10,open
uci_ledger_491395,UCI-491395,204.26,customer_16901,2009-12-10,open
uci_ledger_491396,UCI-491396,435.51,customer_17610,2009-12-10,open
uci_ledger_491397,UCI-491397,155.79,customer_12933,2009-12-10,open
uci_ledger_491399,UCI-491399,171.5,customer_14507,2009-12-10,open
uci_ledger_491400,UCI-491400,427.52,customer_17696,2009-12-10,open
uci_ledger_491401,UCI-491401,218.05,customer_18276,2009-12-10,open
uci_ledger_491403,UCI-491403,616.53,customer_14030,2009-12-10,open
uci_ledger_491405,UCI-491405,70.8,customer_15823,2009-12-10,open
uci_ledger_491406,UCI-491406,792.02,customer_14081,2009-12-10,open
uci_ledger_491407,UCI-491407,130.62,customer_14030,2009-12-10,open
uci_ledger_491408,UCI-491408,133.75,customer_17351,2009-12-10,open
uci_ledger_491422,UCI-491422,864.89,customer_17512,2009-12-10,open
uci_ledger_491421,UCI-491421,208.9,customer_16798,2009-12-10,open
uci_ledger_491424,UCI-491424,177.91,customer_13542,2009-12-10,open
uci_ledger_491425,UCI-491425,230.0,customer_16905,2009-12-10,open
uci_ledger_491426,UCI-491426,917.76,customer_15494,2009-12-10,open
uci_ledger_491427,UCI-491427,583.7,customer_14702,2009-12-10,open
uci_ledger_491429,UCI-491429,375.66,customer_17165,2009-12-11,open
uci_ledger_491432,UCI-491432,325.64,customer_16293,2009-12-11,open
uci_ledger_491431,UCI-491431,1980.0,customer_15769,2009-12-11,open
uci_ledger_491433,UCI-491433,233.1,customer_18172,2009-12-11,open
uci_ledger_491434,UCI-491434,327.32,customer_17412,2009-12-11,open
uci_ledger_491435,UCI-491435,244.42,customer_14606,2009-12-11,open
uci_ledger_491436,UCI-491436,10.14,customer_14606,2009-12-11,open
uci_ledger_491437,UCI-491437,439.18,customer_13408,2009-12-11,open
uci_ledger_491438,UCI-491438,375.18,customer_18268,2009-12-11,open
uci_ledger_491439,UCI-491439,306.0,customer_15291,2009-12-11,open
uci_ledger_491440,UCI-491440,1350.0,customer_16029,2009-12-11,open
uci_ledger_491442,UCI-491442,102.0,customer_16156,2009-12-11,open
uci_ledger_491443,UCI-491443,574.07,customer_15311,2009-12-11,open
uci_ledger_491444,UCI-491444,41.89,customer_14122,2009-12-11,open
uci_ledger_491445,UCI-491445,122.95,customer_14519,2009-12-11,open
uci_ledger_491447,UCI-491447,15.9,customer_14191,2009-12-11,open
uci_ledger_491448,UCI-491448,459.58,customer_15983,2009-12-11,open
uci_ledger_491449,UCI-491449,1641.9,customer_17230,2009-12-11,open
uci_ledger_491450,UCI-491450,634.88,customer_14739,2009-12-11,open
uci_ledger_491452,UCI-491452,222.05,customer_17238,2009-12-11,open
uci_ledger_491453,UCI-491453,86.75,customer_17238,2009-12-11,open
uci_ledger_491454,UCI-491454,218.44,customer_13077,2009-12-11,open
uci_ledger_491456,UCI-491456,11016.0,customer_18102,2009-12-11,open
uci_ledger_491457,UCI-491457,362.93,customer_15998,2009-12-11,open
uci_ledger_491462,UCI-491462,718.83,customer_17243,2009-12-11,open
uci_ledger_491463,UCI-491463,7.5,customer_17243,2009-12-11,open
uci_ledger_491464,UCI-491464,52.8,customer_17209,2009-12-11,open
uci_ledger_491465,UCI-491465,350.68,customer_14643,2009-12-11,open
uci_ledger_491468,UCI-491468,1107.95,customer_12957,2009-12-11,open
uci_ledger_491474,UCI-491474,217.34,customer_14577,2009-12-11,open
uci_ledger_491479,UCI-491479,391.16,customer_14680,2009-12-11,open
uci_ledger_491497,UCI-491497,899.64,customer_17409,2009-12-11,open
uci_ledger_491498,UCI-491498,209.59,customer_12835,2009-12-11,open
uci_ledger_491506,UCI-491506,199.68,customer_16470,2009-12-11,open
uci_ledger_491508,UCI-491508,348.6,customer_16191,2009-12-11,open
uci_ledger_491516,UCI-491516,51.27,customer_14895,2009-12-11,open
uci_ledger_491528,UCI-491528,307.54,customer_17344,2009-12-11,open
uci_ledger_491554,UCI-491554,198.77,customer_16365,2009-12-11,open
uci_ledger_491555,UCI-491555,513.54,customer_15194,2009-12-11,open
uci_ledger_491570,UCI-491570,811.76,customer_13418,2009-12-11,open
uci_ledger_491584,UCI-491584,525.34,customer_12854,2009-12-11,open
uci_ledger_491586,UCI-491586,117.96,customer_15197,2009-12-11,open
uci_ledger_491587,UCI-491587,500.0,customer_13953,2009-12-11,open
uci_ledger_491603,UCI-491603,539.47,customer_17243,2009-12-11,open
uci_ledger_491607,UCI-491607,289.53,customer_17293,2009-12-11,open
uci_ledger_491612,UCI-491612,849.94,customer_14298,2009-12-11,open
uci_ledger_491613,UCI-491613,252.04,customer_16952,2009-12-11,open
uci_ledger_491622,UCI-491622,483.42,customer_13415,2009-12-11,open
uci_ledger_491625,UCI-491625,615.3,customer_13668,2009-12-11,open
uci_ledger_491627,UCI-491627,460.3,customer_13819,2009-12-11,open
uci_ledger_491629,UCI-491629,308.81,customer_14790,2009-12-11,open
uci_ledger_491630,UCI-491630,438.22,customer_17851,2009-12-11,open
uci_ledger_491631,UCI-491631,160.55,customer_17487,2009-12-11,open
uci_ledger_491633,UCI-491633,465.42,customer_17958,2009-12-11,open
uci_ledger_491634,UCI-491634,574.09,customer_17841,2009-12-11,open
uci_ledger_491635,UCI-491635,1323.86,customer_14298,2009-12-11,open
uci_ledger_491636,UCI-491636,285.48,customer_17754,2009-12-11,open
uci_ledger_491637,UCI-491637,638.52,customer_15984,2009-12-11,open
uci_ledger_491640,UCI-491640,406.12,customer_15898,2009-12-11,open
uci_ledger_491642,UCI-491642,358.32,customer_14130,2009-12-11,open
uci_ledger_491643,UCI-491643,1056.86,customer_15856,2009-12-11,open
uci_ledger_491644,UCI-491644,100.55,customer_17860,2009-12-11,open
uci_ledger_491645,UCI-491645,156.14,customer_17860,2009-12-11,open
uci_ledger_491646,UCI-491646,641.51,customer_14031,2009-12-11,open
uci_ledger_491647,UCI-491647,15.5,customer_14031,2009-12-11,open
uci_ledger_491648,UCI-491648,214.09,customer_17243,2009-12-13,open
uci_ledger_491649,UCI-491649,549.08,customer_12664,2009-12-13,open
uci_ledger_491651,UCI-491651,356.55,customer_13768,2009-12-13,open
uci_ledger_491652,UCI-491652,510.36,customer_16335,2009-12-13,open
uci_ledger_491653,UCI-491653,164.48,customer_18077,2009-12-13,open
uci_ledger_491654,UCI-491654,469.49,customer_16104,2009-12-13,open
uci_ledger_491655,UCI-491655,15.5,customer_16104,2009-12-13,open
uci_ledger_491656,UCI-491656,344.65,customer_16719,2009-12-13,open
uci_ledger_491658,UCI-491658,155.06,customer_16442,2009-12-13,open
uci_ledger_491659,UCI-491659,416.82,customer_13317,2009-12-13,open
uci_ledger_491660,UCI-491660,152.25,customer_15196,2009-12-13,open
uci_ledger_491662,UCI-491662,356.17,customer_15169,2009-12-13,open
uci_ledger_491661,UCI-491661,326.4,customer_15956,2009-12-13,open
uci_ledger_491663,UCI-491663,90.95,customer_15860,2009-12-13,open
uci_ledger_491664,UCI-491664,450.71,customer_15983,2009-12-13,open
uci_ledger_491665,UCI-491665,1184.61,customer_14685,2009-12-13,open
uci_ledger_491667,UCI-491667,120.06,customer_15503,2009-12-13,open
uci_ledger_491666,UCI-491666,335.98,customer_13026,2009-12-13,open
uci_ledger_491668,UCI-491668,370.2,customer_15144,2009-12-13,open
uci_ledger_491669,UCI-491669,76.84,customer_12843,2009-12-13,open
uci_ledger_491670,UCI-491670,650.88,customer_13089,2009-12-13,open
uci_ledger_491671,UCI-491671,505.13,customer_14161,2009-12-13,open
uci_ledger_491672,UCI-491672,336.82,customer_17172,2009-12-13,open
uci_ledger_491673,UCI-491673,126.7,customer_17085,2009-12-13,open
uci_ledger_491675,UCI-491675,374.04,customer_16710,2009-12-13,open
uci_ledger_491674,UCI-491674,591.48,customer_17593,2009-12-13,open
uci_ledger_491677,UCI-491677,15.0,customer_14685,2009-12-13,open
uci_ledger_491678,UCI-491678,300.42,customer_16830,2009-12-13,open
uci_ledger_491679,UCI-491679,145.06,customer_16127,2009-12-13,open
uci_ledger_491680,UCI-491680,244.8,customer_14987,2009-12-13,open
uci_ledger_491681,UCI-491681,272.4,customer_15751,2009-12-13,open
uci_ledger_491682,UCI-491682,21.95,customer_15751,2009-12-13,open
uci_ledger_491683,UCI-491683,361.55,customer_17539,2009-12-13,open
uci_ledger_491684,UCI-491684,228.8,customer_17287,2009-12-13,open
uci_ledger_491685,UCI-491685,5.1,customer_17287,2009-12-13,open
uci_ledger_491686,UCI-491686,452.5,customer_17920,2009-12-13,open
uci_ledger_491687,UCI-491687,588.4,customer_15944,2009-12-13,open
uci_ledger_491688,UCI-491688,197.98,customer_14606,2009-12-13,open
uci_ledger_491690,UCI-491690,511.64,customer_13206,2009-12-13,open
uci_ledger_491691,UCI-491691,386.73,customer_17211,2009-12-13,open
uci_ledger_491692,UCI-491692,856.78,customer_14514,2009-12-13,open
uci_ledger_491694,UCI-491694,228.34,customer_17066,2009-12-13,open
uci_ledger_491695,UCI-491695,106.65,customer_15850,2009-12-13,open
uci_ledger_491696,UCI-491696,56.45,customer_17290,2009-12-13,open
uci_ledger_491697,UCI-491697,493.37,customer_13735,2009-12-13,open
uci_ledger_491698,UCI-491698,1014.54,customer_12681,2009-12-13,open
uci_ledger_491699,UCI-491699,286.28,customer_15628,2009-12-13,open
uci_ledger_491700,UCI-491700,507.65,customer_17802,2009-12-13,open
uci_ledger_491701,UCI-491701,123.43,customer_15446,2009-12-13,open
uci_ledger_491703,UCI-491703,399.8,customer_14525,2009-12-13,open
uci_ledger_491704,UCI-491704,65.1,customer_14751,2009-12-13,open
uci_ledger_491706,UCI-491706,15.3,customer_17802,2009-12-13,open
uci_ledger_491707,UCI-491707,98.25,customer_17969,2009-12-13,open
uci_ledger_491708,UCI-491708,100.8,customer_14685,2009-12-13,open
uci_ledger_491709,UCI-491709,147.99,customer_12600,2009-12-13,open
uci_ledger_491710,UCI-491710,258.3,customer_12683,2009-12-13,open
uci_ledger_491711,UCI-491711,313.64,customer_13087,2009-12-13,open
uci_ledger_491712,UCI-491712,360.51,customer_15562,2009-12-13,open
uci_ledger_491713,UCI-491713,545.1,customer_17819,2009-12-13,open
uci_ledger_491714,UCI-491714,526.46,customer_16409,2009-12-13,open
uci_ledger_491715,UCI-491715,233.42,customer_14277,2009-12-13,open
uci_ledger_491716,UCI-491716,217.8,customer_14466,2009-12-13,open
uci_ledger_491717,UCI-491717,213.88,customer_16725,2009-12-13,open
uci_ledger_491718,UCI-491718,181.51,customer_16325,2009-12-13,open
uci_ledger_491719,UCI-491719,348.61,customer_17799,2009-12-13,open
uci_ledger_491720,UCI-491720,261.7,customer_17910,2009-12-13,open
uci_ledger_491721,UCI-491721,354.29,customer_14898,2009-12-13,open
uci_ledger_491722,UCI-491722,292.98,customer_16551,2009-12-13,open
uci_ledger_491724,UCI-491724,124.9,customer_15577,2009-12-13,open
uci_ledger_491725,UCI-491725,45.0,customer_12346,2009-12-14,open
uci_ledger_491726,UCI-491726,1081.66,customer_12439,2009-12-14,open
uci_ledger_491729,UCI-491729,171.82,customer_13462,2009-12-14,open
uci_ledger_491730,UCI-491730,252.12,customer_13872,2009-12-14,open
uci_ledger_491731,UCI-491731,228.6,customer_18087,2009-12-14,open
uci_ledger_491733,UCI-491733,366.4,customer_18087,2009-12-14,open
uci_ledger_491734,UCI-491734,950.0,customer_13093,2009-12-14,open
uci_ledger_491735,UCI-491735,225.8,customer_15550,2009-12-14,open
uci_ledger_491736,UCI-491736,756.51,customer_13013,2009-12-14,open
uci_ledger_491737,UCI-491737,31.93,customer_14977,2009-12-14,open
uci_ledger_491738,UCI-491738,1286.43,customer_12472,2009-12-14,open
uci_ledger_491743,UCI-491743,597.56,customer_13767,2009-12-14,open
uci_ledger_491742,UCI-491742,22.5,customer_12346,2009-12-14,open
uci_ledger_491744,UCI-491744,22.5,customer_12346,2009-12-14,open
uci_ledger_491745,UCI-491745,66.75,customer_16769,2009-12-14,open
uci_ledger_491746,UCI-491746,327.71,customer_16769,2009-12-14,open
uci_ledger_491747,UCI-491747,187.7,customer_17075,2009-12-14,open
uci_ledger_491748,UCI-491748,319.38,customer_17157,2009-12-14,open
uci_ledger_491750,UCI-491750,572.05,customer_14527,2009-12-14,open
uci_ledger_491751,UCI-491751,196.92,customer_16190,2009-12-14,open
uci_ledger_491752,UCI-491752,309.3,customer_14032,2009-12-14,open
uci_ledger_491753,UCI-491753,348.85,customer_17825,2009-12-14,open
uci_ledger_491754,UCI-491754,38.66,customer_17825,2009-12-14,open
uci_ledger_491755,UCI-491755,79.95,customer_17825,2009-12-14,open
uci_ledger_491756,UCI-491756,318.36,customer_15329,2009-12-14,open
uci_ledger_491757,UCI-491757,705.6,customer_17949,2009-12-14,open
uci_ledger_491758,UCI-491758,400.91,customer_17908,2009-12-14,open
uci_ledger_491759,UCI-491759,15.0,customer_12748,2009-12-14,open
uci_ledger_491760,UCI-491760,170.05,customer_15311,2009-12-14,open
uci_ledger_491780,UCI-491780,615.22,customer_12471,2009-12-14,open
uci_ledger_491784,UCI-491784,675.05,customer_12471,2009-12-14,open
uci_ledger_491782,UCI-491782,162.25,customer_15534,2009-12-14,open
uci_ledger_491800,UCI-491800,5259.17,customer_17511,2009-12-14,open
uci_ledger_491803,UCI-491803,698.61,customer_16327,2009-12-14,open
uci_ledger_491804,UCI-491804,112.64,customer_15920,2009-12-14,open
uci_ledger_491805,UCI-491805,1350.81,customer_12613,2009-12-14,open
uci_ledger_491806,UCI-491806,8.95,customer_15920,2009-12-14,open
uci_ledger_491807,UCI-491807,164.28,customer_17318,2009-12-14,open
uci_ledger_491809,UCI-491809,272.02,customer_17965,2009-12-14,open
uci_ledger_491811,UCI-491811,290.15,customer_12835,2009-12-14,open
uci_ledger_491810,UCI-491810,619.67,customer_14401,2009-12-14,open
uci_ledger_491812,UCI-491812,13854.2,customer_13694,2009-12-14,open
uci_ledger_491813,UCI-491813,157.5,customer_13694,2009-12-14,open
uci_ledger_491814,UCI-491814,310.43,customer_15188,2009-12-14,open
uci_ledger_491816,UCI-491816,1550.07,customer_14961,2009-12-14,open
uci_ledger_491815,UCI-491815,177.84,customer_13694,2009-12-14,open
uci_ledger_491825,UCI-491825,414.36,customer_13931,2009-12-14,open
uci_ledger_491826,UCI-491826,850.83,customer_16019,2009-12-14,open
uci_ledger_491828,UCI-491828,409.2,customer_13089,2009-12-14,open
uci_ledger_491829,UCI-491829,325.44,customer_16711,2009-12-14,open
uci_ledger_491831,UCI-491831,137.73,customer_17961,2009-12-14,open
uci_ledger_491832,UCI-491832,132.51,customer_15420,2009-12-14,open
uci_ledger_491833,UCI-491833,390.66,customer_12926,2009-12-14,open
uci_ledger_491834,UCI-491834,197.05,customer_17623,2009-12-14,open
uci_ledger_491840,UCI-491840,129.6,customer_15015,2009-12-14,open
uci_ledger_491861,UCI-491861,266.02,customer_14796,2009-12-14,open
uci_ledger_491868,UCI-491868,431.98,customer_14042,2009-12-14,open
uci_ledger_491888,UCI-491888,626.0,customer_15867,2009-12-14,open
uci_ledger_491893,UCI-491893,274.0,customer_16805,2009-12-14,open
uci_ledger_491894,UCI-491894,1126.81,customer_14062,2009-12-14,open
uci_ledger_491923,UCI-491923,307.24,customer_12839,2009-12-14,open
uci_ledger_491924,UCI-491924,700.83,customer_17364,2009-12-14,open
uci_ledger_491935,UCI-491935,689.71,customer_16125,2009-12-14,open
uci_ledger_491941,UCI-491941,70.8,customer_12924,2009-12-14,open
uci_ledger_491949,UCI-491949,53.2,customer_13591,2009-12-14,open
uci_ledger_491950,UCI-491950,238.05,customer_16280,2009-12-14,open
uci_ledger_491951,UCI-491951,926.31,customer_13206,2009-12-14,open
uci_ledger_491953,UCI-491953,2308.5,customer_15061,2009-12-14,open
uci_ledger_491954,UCI-491954,88.5,customer_12920,2009-12-14,open
uci_ledger_491955,UCI-491955,50.4,customer_12920,2009-12-14,open
uci_ledger_491956,UCI-491956,381.4,customer_16985,2009-12-14,open
uci_ledger_491957,UCI-491957,149.5,customer_17866,2009-12-14,open
uci_ledger_491958,UCI-491958,99.86,customer_13577,2009-12-14,open
uci_ledger_491959,UCI-491959,111.0,customer_16064,2009-12-14,open
uci_ledger_491960,UCI-491960,659.4,customer_17416,2009-12-14,open
uci_ledger_491961,UCI-491961,1456.2,customer_15640,2009-12-14,open
uci_ledger_491963,UCI-491963,93.35,customer_12992,2009-12-14,open
uci_ledger_491964,UCI-491964,45.3,customer_15672,2009-12-14,open
uci_ledger_491965,UCI-491965,497.65,customer_13000,2009-12-14,open
uci_ledger_491967,UCI-491967,384.16,customer_17012,2009-12-14,open
uci_ledger_491979,UCI-491979,891.41,customer_13162,2009-12-15,open
uci_ledger_491980,UCI-491980,227.72,customer_17067,2009-12-15,open
uci_ledger_491981,UCI-491981,381.22,customer_13468,2009-12-15,open
uci_ledger_491982,UCI-491982,154.69,customer_16098,2009-12-15,open
uci_ledger_491983,UCI-491983,415.49,customer_16554,2009-12-15,open
uci_ledger_491984,UCI-491984,306.54,customer_13004,2009-12-15,open
uci_ledger_491986,UCI-491986,495.0,customer_15838,2009-12-15,open
uci_ledger_491987,UCI-491987,62.31,customer_17572,2009-12-15,open
uci_ledger_491988,UCI-491988,429.66,customer_13902,2009-12-15,open
uci_ledger_491991,UCI-491991,27.0,customer_17809,2009-12-15,open
uci_ledger_491992,UCI-491992,57.9,customer_16158,2009-12-15,open
uci_ledger_491993,UCI-491993,304.7,customer_17213,2009-12-15,open
uci_ledger_491994,UCI-491994,306.4,customer_17251,2009-12-15,open
uci_ledger_491996,UCI-491996,1337.0,customer_14063,2009-12-15,open
uci_ledger_491995,UCI-491995,367.75,customer_13495,2009-12-15,open
uci_ledger_491997,UCI-491997,292.31,customer_17852,2009-12-15,open
uci_ledger_491998,UCI-491998,297.86,customer_16858,2009-12-15,open
uci_ledger_491999,UCI-491999,310.87,customer_14341,2009-12-15,open
uci_ledger_492003,UCI-492003,253.42,customer_15039,2009-12-15,open
uci_ledger_492004,UCI-492004,847.0,customer_17082,2009-12-15,open
uci_ledger_492005,UCI-492005,2320.2,customer_14607,2009-12-15,open
uci_ledger_492007,UCI-492007,169.5,customer_17262,2009-12-15,open
uci_ledger_492008,UCI-492008,61.2,customer_17082,2009-12-15,open
uci_ledger_492009,UCI-492009,174.65,customer_14871,2009-12-15,open
uci_ledger_492011,UCI-492011,253.64,customer_18220,2009-12-15,open
uci_ledger_492012,UCI-492012,675.12,customer_17625,2009-12-15,open
uci_ledger_492014,UCI-492014,13.5,customer_13577,2009-12-15,open
uci_ledger_492015,UCI-492015,1413.34,customer_14911,2009-12-15,open
uci_ledger_492016,UCI-492016,179.36,customer_17233,2009-12-15,open
uci_ledger_492017,UCI-492017,394.42,customer_16210,2009-12-15,open
uci_ledger_492018,UCI-492018,531.3,customer_16550,2009-12-15,open
uci_ledger_492020,UCI-492020,414.78,customer_13635,2009-12-15,open
uci_ledger_492021,UCI-492021,208.8,customer_17949,2009-12-15,open
uci_ledger_492022,UCI-492022,216.0,customer_17949,2009-12-15,open
uci_ledger_492035,UCI-492035,285.22,customer_16202,2009-12-15,open
uci_ledger_492039,UCI-492039,301.9,customer_17095,2009-12-15,open
uci_ledger_492051,UCI-492051,870.84,customer_13758,2009-12-15,open
uci_ledger_492064,UCI-492064,558.17,customer_16713,2009-12-15,open
uci_ledger_492071,UCI-492071,6.75,customer_16713,2009-12-15,open
uci_ledger_492073,UCI-492073,1500.46,customer_15413,2009-12-15,open
uci_ledger_492074,UCI-492074,377.49,customer_12941,2009-12-15,open
uci_ledger_492075,UCI-492075,477.36,customer_17596,2009-12-15,open
uci_ledger_492076,UCI-492076,152.0,customer_17675,2009-12-15,open
uci_ledger_492077,UCI-492077,290.72,customer_15812,2009-12-15,open
uci_ledger_492078,UCI-492078,147.68,customer_14966,2009-12-15,open
uci_ledger_492079,UCI-492079,324.8,customer_15070,2009-12-15,open
uci_ledger_492080,UCI-492080,308.38,customer_18260,2009-12-15,open
uci_ledger_492092,UCI-492092,698.2,customer_14156,2009-12-15,open
uci_ledger_492098,UCI-492098,2343.72,customer_16749,2009-12-15,open
uci_ledger_492117,UCI-492117,1021.53,customer_15808,2009-12-15,open
uci_ledger_492125,UCI-492125,146.46,customer_13405,2009-12-15,open
uci_ledger_492127,UCI-492127,538.77,customer_13319,2009-12-15,open
uci_ledger_492133,UCI-492133,1737.2,customer_16684,2009-12-15,open
uci_ledger_492153,UCI-492153,208.68,customer_17797,2009-12-15,open
uci_ledger_492168,UCI-492168,391.55,customer_13823,2009-12-15,open
uci_ledger_492169,UCI-492169,823.81,customer_13680,2009-12-15,open
uci_ledger_492170,UCI-492170,138.22,customer_15566,2009-12-15,open
uci_ledger_492172,UCI-492172,327.91,customer_13050,2009-12-15,open
uci_ledger_492173,UCI-492173,316.39,customer_13267,2009-12-15,open
uci_ledger_492174,UCI-492174,478.16,customer_13798,2009-12-15,open
uci_ledger_492175,UCI-492175,182.25,customer_13756,2009-12-15,open
uci_ledger_492176,UCI-492176,466.88,customer_17841,2009-12-15,open
uci_ledger_492177,UCI-492177,598.2,customer_15311,2009-12-15,open
uci_ledger_492179,UCI-492179,24.63,customer_17816,2009-12-15,open
uci_ledger_492178,UCI-492178,340.39,customer_18168,2009-12-15,open
uci_ledger_492181,UCI-492181,380.78,customer_13393,2009-12-15,open
uci_ledger_492185,UCI-492185,960.0,customer_16308,2009-12-15,open
uci_ledger_492202,UCI-492202,774.21,customer_15514,2009-12-15,open
uci_ledger_492203,UCI-492203,204.0,customer_16353,2009-12-15,open
uci_ledger_492204,UCI-492204,322.92,customer_15785,2009-12-15,open
uci_ledger_492208,UCI-492208,334.14,customer_13599,2009-12-15,open
uci_ledger_492209,UCI-492209,236.17,customer_15768,2009-12-15,open
uci_ledger_492210,UCI-492210,263.4,customer_15971,2009-12-15,open
uci_ledger_492214,UCI-492214,301.16,customer_14897,2009-12-15,open
uci_ledger_492216,UCI-492216,939.21,customer_15641,2009-12-15,open
uci_ledger_492218,UCI-492218,297.86,customer_15527,2009-12-15,open
uci_ledger_492220,UCI-492220,205.32,customer_17368,2009-12-15,open
uci_ledger_492221,UCI-492221,288.88,customer_15637,2009-12-15,open
uci_ledger_492222,UCI-492222,187.84,customer_15393,2009-12-15,open
uci_ledger_492223,UCI-492223,179.0,customer_14061,2009-12-15,open
uci_ledger_492224,UCI-492224,801.3,customer_12748,2009-12-15,open
uci_ledger_492225,UCI-492225,1084.08,customer_14134,2009-12-15,open
uci_ledger_492227,UCI-492227,334.5,customer_18177,2009-12-15,open
uci_ledger_492228,UCI-492228,343.66,customer_15078,2009-12-15,open
uci_ledger_492229,UCI-492229,388.74,customer_13473,2009-12-15,open
uci_ledger_492230,UCI-492230,60.48,customer_16605,2009-12-15,open
uci_ledger_492231,UCI-492231,53.0,customer_12956,2009-12-15,open
uci_ledger_492233,UCI-492233,126.5,customer_13711,2009-12-15,open
uci_ledger_492232,UCI-492232,61.45,customer_12971,2009-12-15,open
uci_ledger_492234,UCI-492234,297.4,customer_15394,2009-12-15,open
uci_ledger_492235,UCI-492235,155.34,customer_14460,2009-12-15,open
uci_ledger_492236,UCI-492236,2156.0,customer_18102,2009-12-15,open
uci_ledger_492237,UCI-492237,3480.0,customer_18102,2009-12-15,open
uci_ledger_492238,UCI-492238,520.46,customer_18102,2009-12-15,open
uci_ledger_492239,UCI-492239,313.8,customer_14543,2009-12-16,open
uci_ledger_492240,UCI-492240,575.64,customer_13078,2009-12-16,open
uci_ledger_492241,UCI-492241,969.66,customer_14769,2009-12-16,open
uci_ledger_492242,UCI-492242,321.65,customer_15312,2009-12-16,open
uci_ledger_492244,UCI-492244,435.5,customer_17646,2009-12-16,open
uci_ledger_492246,UCI-492246,1226.79,customer_13952,2009-12-16,open
uci_ledger_492245,UCI-492245,243.86,customer_15713,2009-12-16,open
uci_ledger_492247,UCI-492247,307.15,customer_16736,2009-12-16,open
uci_ledger_492248,UCI-492248,511.2,customer_14646,2009-12-16,open
uci_ledger_492249,UCI-492249,243.65,customer_16366,2009-12-16,open
uci_ledger_492250,UCI-492250,462.95,customer_18286,2009-12-16,open
uci_ledger_492251,UCI-492251,825.32,customer_14156,2009-12-16,open
uci_ledger_492252,UCI-492252,357.0,customer_13999,2009-12-16,open
uci_ledger_492253,UCI-492253,223.7,customer_12956,2009-12-16,open
uci_ledger_492269,UCI-492269,855.45,customer_17677,2009-12-16,open
uci_ledger_492270,UCI-492270,96.3,customer_17677,2009-12-16,open
uci_ledger_492271,UCI-492271,68.7,customer_17677,2009-12-16,open
uci_ledger_492272,UCI-492272,141.66,customer_14590,2009-12-16,open
uci_ledger_492273,UCI-492273,10.2,customer_17677,2009-12-16,open
uci_ledger_492281,UCI-492281,306.3,customer_13047,2009-12-16,open
uci_ledger_492282,UCI-492282,371.48,customer_14869,2009-12-16,open
uci_ledger_492283,UCI-492283,117.3,customer_16197,2009-12-16,open
uci_ledger_492285,UCI-492285,164.1,customer_13097,2009-12-16,open
uci_ledger_492287,UCI-492287,313.3,customer_13074,2009-12-16,open
uci_ledger_492290,UCI-492290,187.44,customer_14966,2009-12-16,open
uci_ledger_492296,UCI-492296,499.15,customer_14667,2009-12-16,open
uci_ledger_492297,UCI-492297,307.95,customer_13289,2009-12-16,open
uci_ledger_492300,UCI-492300,348.15,customer_12747,2009-12-16,open
uci_ledger_492302,UCI-492302,183.4,customer_16119,2009-12-16,open
uci_ledger_492304,UCI-492304,214.25,customer_13769,2009-12-16,open
uci_ledger_492312,UCI-492312,123.19,customer_15184,2009-12-16,open
uci_ledger_492313,UCI-492313,407.69,customer_14680,2009-12-16,open
uci_ledger_492314,UCI-492314,336.6,customer_14732,2009-12-16,open
uci_ledger_492318,UCI-492318,214.21,customer_17189,2009-12-16,open
uci_ledger_492317,UCI-492317,593.4,customer_15615,2009-12-16,open
uci_ledger_492321,UCI-492321,1181.5,customer_15061,2009-12-16,open
uci_ledger_492319,UCI-492319,161.6,customer_15499,2009-12-16,open
uci_ledger_492322,UCI-492322,352.0,customer_13694,2009-12-16,open
uci_ledger_492325,UCI-492325,212.1,customer_13641,2009-12-16,open
uci_ledger_492328,UCI-492328,271.56,customer_13641,2009-12-16,open
uci_ledger_492340,UCI-492340,311.99,customer_17954,2009-12-16,open
uci_ledger_492342,UCI-492342,1221.97,customer_14527,2009-12-16,open
uci_ledger_492347,UCI-492347,1209.58,customer_13694,2009-12-16,open
uci_ledger_492348,UCI-492348,540.66,customer_13694,2009-12-16,open
uci_ledger_492349,UCI-492349,306.2,customer_13831,2009-12-16,open
uci_ledger_492351,UCI-492351,35.45,customer_17954,2009-12-16,open
uci_ledger_492356,UCI-492356,422.35,customer_12586,2009-12-16,open
uci_ledger_492357,UCI-492357,115.3,customer_18012,2009-12-16,open
uci_ledger_492358,UCI-492358,1750.43,customer_16779,2009-12-16,open
uci_ledger_492359,UCI-492359,78.6,customer_13403,2009-12-16,open
uci_ledger_492360,UCI-492360,584.1,customer_14625,2009-12-16,open
uci_ledger_492361,UCI-492361,342.36,customer_17833,2009-12-16,open
uci_ledger_492362,UCI-492362,436.56,customer_15222,2009-12-16,open
uci_ledger_492367,UCI-492367,618.79,customer_13178,2009-12-16,open
uci_ledger_492368,UCI-492368,519.53,customer_14415,2009-12-16,open
uci_ledger_492369,UCI-492369,323.25,customer_16195,2009-12-16,open
uci_ledger_492370,UCI-492370,130.51,customer_16891,2009-12-16,open
uci_ledger_492371,UCI-492371,252.2,customer_14952,2009-12-16,open
uci_ledger_492372,UCI-492372,195.5,customer_13693,2009-12-16,open
uci_ledger_492374,UCI-492374,425.95,customer_15984,2009-12-16,open
uci_ledger_492375,UCI-492375,14.2,customer_15577,2009-12-16,open
uci_ledger_492376,UCI-492376,215.75,customer_17776,2009-12-16,open
uci_ledger_492378,UCI-492378,422.15,customer_16569,2009-12-16,open
uci_ledger_492379,UCI-492379,338.31,customer_17469,2009-12-16,open
uci_ledger_492380,UCI-492380,274.32,customer_14055,2009-12-16,open
uci_ledger_492383,UCI-492383,542.36,customer_17873,2009-12-16,open
uci_ledger_492387,UCI-492387,1088.8,customer_15044,2009-12-16,open
uci_ledger_492391,UCI-492391,340.67,customer_13426,2009-12-16,open
uci_ledger_492395,UCI-492395,22.67,customer_17988,2009-12-16,open
uci_ledger_492397,UCI-492397,78.2,customer_12359,2009-12-16,open
uci_ledger_492398,UCI-492398,50.4,customer_17873,2009-12-16,open
uci_ledger_492399,UCI-492399,320.65,customer_14329,2009-12-16,open
uci_ledger_492401,UCI-492401,324.87,customer_15311,2009-12-16,open
uci_ledger_492403,UCI-492403,276.5,customer_17091,2009-12-16,open
uci_ledger_492404,UCI-492404,98.3,customer_16694,2009-12-16,open
uci_ledger_492405,UCI-492405,255.37,customer_15055,2009-12-16,open
uci_ledger_492406,UCI-492406,597.5,customer_18144,2009-12-16,open
uci_ledger_492407,UCI-492407,278.07,customer_15750,2009-12-16,open
uci_ledger_492408,UCI-492408,133.0,customer_16987,2009-12-16,open
uci_ledger_492409,UCI-492409,189.31,customer_13008,2009-12-16,open
uci_ledger_492410,UCI-492410,781.1,customer_13941,2009-12-16,open
uci_ledger_492412,UCI-492412,136.2,customer_14092,2009-12-16,open
uci_ledger_492413,UCI-492413,295.64,customer_12867,2009-12-16,open
uci_ledger_492415,UCI-492415,904.38,customer_17428,2009-12-16,open
uci_ledger_492417,UCI-492417,220.07,customer_16742,2009-12-16,open
uci_ledger_492418,UCI-492418,3416.72,customer_15498,2009-12-16,open
uci_ledger_492419,UCI-492419,426.09,customer_14540,2009-12-16,open
uci_ledger_492421,UCI-492421,125.95,customer_17402,2009-12-16,open
uci_ledger_492423,UCI-492423,124.57,customer_12748,2009-12-16,open
uci_ledger_492424,UCI-492424,3.75,customer_17402,2009-12-16,open
uci_ledger_492426,UCI-492426,301.02,customer_17157,2009-12-17,open
uci_ledger_492427,UCI-492427,342.55,customer_14113,2009-12-17,open
uci_ledger_492428,UCI-492428,447.53,customer_18201,2009-12-17,open
uci_ledger_492429,UCI-492429,1425.3,customer_13225,2009-12-17,open
uci_ledger_492430,UCI-492430,100.8,customer_14113,2009-12-17,open
uci_ledger_492431,UCI-492431,353.0,customer_17662,2009-12-17,open
uci_ledger_492432,UCI-492432,273.88,customer_13491,2009-12-17,open
uci_ledger_492433,UCI-492433,176.4,customer_17150,2009-12-17,open
uci_ledger_492434,UCI-492434,589.34,customer_15601,2009-12-17,open
uci_ledger_492435,UCI-492435,140.9,customer_15863,2009-12-17,open
uci_ledger_492436,UCI-492436,329.58,customer_18186,2009-12-17,open
uci_ledger_492437,UCI-492437,323.78,customer_13269,2009-12-17,open
uci_ledger_492438,UCI-492438,164.59,customer_13875,2009-12-17,open
uci_ledger_492439,UCI-492439,1952.64,customer_12557,2009-12-17,open
uci_ledger_492440,UCI-492440,295.55,customer_13266,2009-12-17,open
uci_ledger_492441,UCI-492441,435.45,customer_14484,2009-12-17,open
uci_ledger_492442,UCI-492442,323.0,customer_13798,2009-12-17,open
uci_ledger_492443,UCI-492443,366.62,customer_13777,2009-12-17,open
uci_ledger_492444,UCI-492444,171.26,customer_18097,2009-12-17,open
uci_ledger_492445,UCI-492445,1594.85,customer_17230,2009-12-17,open
uci_ledger_492446,UCI-492446,589.4,customer_13520,2009-12-17,open
uci_ledger_492448,UCI-492448,699.08,customer_17243,2009-12-17,open
uci_ledger_492449,UCI-492449,120.15,customer_16139,2009-12-17,open
uci_ledger_492465,UCI-492465,193.85,customer_13564,2009-12-17,open
uci_ledger_492462,UCI-492462,233.94,customer_15862,2009-12-17,open
uci_ledger_492472,UCI-492472,172.07,customer_15862,2009-12-17,open
uci_ledger_492484,UCI-492484,176.71,customer_15862,2009-12-17,open
uci_ledger_492499,UCI-492499,400.76,customer_17739,2009-12-17,open
uci_ledger_492500,UCI-492500,6.6,customer_13564,2009-12-17,open
uci_ledger_492512,UCI-492512,199.19,customer_14425,2009-12-17,open
uci_ledger_492516,UCI-492516,226.74,customer_13448,2009-12-17,open
uci_ledger_492517,UCI-492517,233.4,customer_17612,2009-12-17,open
uci_ledger_492518,UCI-492518,809.62,customer_13408,2009-12-17,open
uci_ledger_492519,UCI-492519,299.65,customer_14543,2009-12-17,open
uci_ledger_492520,UCI-492520,420.41,customer_14422,2009-12-17,open
uci_ledger_492521,UCI-492521,71.4,customer_18006,2009-12-17,open
uci_ledger_492522,UCI-492522,160.83,customer_14051,2009-12-17,open
uci_ledger_492524,UCI-492524,391.44,customer_14110,2009-12-17,open
uci_ledger_492525,UCI-492525,74.94,customer_12748,2009-12-17,open
uci_ledger_492526,UCI-492526,7.8,customer_12748,2009-12-17,open
uci_ledger_492527,UCI-492527,437.96,customer_14040,2009-12-17,open
uci_ledger_492528,UCI-492528,302.06,customer_16945,2009-12-17,open
uci_ledger_492529,UCI-492529,433.96,customer_17377,2009-12-17,open
uci_ledger_492530,UCI-492530,2.95,customer_14095,2009-12-17,open
uci_ledger_492534,UCI-492534,78.33,customer_17961,2009-12-17,open
uci_ledger_492535,UCI-492535,286.04,customer_13577,2009-12-17,open
uci_ledger_492536,UCI-492536,343.96,customer_16701,2009-12-17,open
uci_ledger_492537,UCI-492537,411.7,customer_16560,2009-12-17,open
uci_ledger_492538,UCI-492538,255.15,customer_18061,2009-12-17,open
uci_ledger_492539,UCI-492539,252.59,customer_16908,2009-12-17,open
uci_ledger_492540,UCI-492540,256.66,customer_15005,2009-12-17,open
uci_ledger_492542,UCI-492542,88.28,customer_15889,2009-12-17,open
uci_ledger_492544,UCI-492544,96.0,customer_13427,2009-12-17,open
uci_ledger_492545,UCI-492545,139.0,customer_16019,2009-12-17,open
uci_ledger_492546,UCI-492546,141.0,customer_13557,2009-12-17,open
uci_ledger_492547,UCI-492547,424.3,customer_17103,2009-12-17,open
uci_ledger_492549,UCI-492549,339.9,customer_13203,2009-12-17,open
uci_ledger_492571,UCI-492571,310.7,customer_16439,2009-12-17,open
uci_ledger_492578,UCI-492578,319.5,customer_15194,2009-12-17,open
uci_ledger_492579,UCI-492579,1707.48,customer_15311,2009-12-17,open
uci_ledger_492580,UCI-492580,144.51,customer_12937,2009-12-17,open
uci_ledger_492581,UCI-492581,251.3,customer_15270,2009-12-17,open
uci_ledger_492582,UCI-492582,322.6,customer_18223,2009-12-17,open
uci_ledger_492583,UCI-492583,263.9,customer_15270,2009-12-17,open
uci_ledger_492585,UCI-492585,754.75,customer_14085,2009-12-17,open
uci_ledger_492588,UCI-492588,348.2,customer_16150,2009-12-17,open
uci_ledger_492589,UCI-492589,95.4,customer_13319,2009-12-17,open
uci_ledger_492591,UCI-492591,282.3,customer_16661,2009-12-17,open
uci_ledger_492592,UCI-492592,799.3,customer_17400,2009-12-17,open
uci_ledger_492593,UCI-492593,208.66,customer_15917,2009-12-17,open
uci_ledger_492594,UCI-492594,117.35,customer_17631,2009-12-17,open
uci_ledger_492635,UCI-492635,729.12,customer_17526,2009-12-17,open
uci_ledger_492640,UCI-492640,421.4,customer_13077,2009-12-17,open
uci_ledger_492641,UCI-492641,162.8,customer_13039,2009-12-17,open
uci_ledger_492643,UCI-492643,234.54,customer_17576,2009-12-17,open
uci_ledger_492644,UCI-492644,950.04,customer_16200,2009-12-17,open
uci_ledger_492650,UCI-492650,803.25,customer_14911,2009-12-17,open
uci_ledger_492652,UCI-492652,184.44,customer_15428,2009-12-17,open
uci_ledger_492659,UCI-492659,173.22,customer_16720,2009-12-17,open
uci_ledger_492680,UCI-492680,157.43,customer_14606,2009-12-17,open
uci_ledger_492684,UCI-492684,144.6,customer_16351,2009-12-17,open
uci_ledger_492687,UCI-492687,10.1,customer_17961,2009-12-17,open
uci_ledger_492705,UCI-492705,429.8,customer_14702,2009-12-17,open
uci_ledger_492707,UCI-492707,133.34,customer_15879,2009-12-17,open
uci_ledger_492708,UCI-492708,428.44,customer_16556,2009-12-18,open
uci_ledger_492710,UCI-492710,608.4,customer_17638,2009-12-18,open
uci_ledger_492711,UCI-492711,6.75,customer_12471,2009-12-18,open
uci_ledger_492713,UCI-492713,6.75,customer_12471,2009-12-18,open
uci_ledger_492714,UCI-492714,351.69,customer_17913,2009-12-18,open
uci_ledger_492716,UCI-492716,205.47,customer_12708,2009-12-18,open
uci_ledger_492717,UCI-492717,458.2,customer_12826,2009-12-18,open
uci_ledger_492718,UCI-492718,22.5,customer_12346,2009-12-18,open
uci_ledger_492720,UCI-492720,896.85,customer_16772,2009-12-18,open
uci_ledger_492722,UCI-492722,1.0,customer_12346,2009-12-18,open
uci_ledger_492723,UCI-492723,8.4,customer_15858,2009-12-18,open
uci_ledger_492724,UCI-492724,8370.08,customer_14646,2009-12-18,open
uci_ledger_492726,UCI-492726,294.0,customer_17927,2009-12-18,open
uci_ledger_492727,UCI-492727,567.0,customer_16029,2009-12-18,open
uci_ledger_492728,UCI-492728,622.48,customer_15311,2009-12-18,open
uci_ledger_492729,UCI-492729,366.58,customer_15911,2009-12-18,open
uci_ledger_492730,UCI-492730,64.17,customer_14083,2009-12-18,open
uci_ledger_492731,UCI-492731,290.65,customer_14555,2009-12-18,open
uci_ledger_492732,UCI-492732,486.0,customer_16210,2009-12-18,open
uci_ledger_492733,UCI-492733,376.0,customer_16296,2009-12-18,open
uci_ledger_492734,UCI-492734,70.8,customer_18036,2009-12-18,open
uci_ledger_492735,UCI-492735,668.65,customer_12921,2009-12-18,open
uci_ledger_492736,UCI-492736,102.75,customer_13921,2009-12-18,open
uci_ledger_492737,UCI-492737,356.95,customer_17243,2009-12-18,open
uci_ledger_492738,UCI-492738,1010.55,customer_14527,2009-12-18,open
uci_ledger_492741,UCI-492741,3.75,customer_18037,2009-12-18,open
uci_ledger_492740,UCI-492740,1839.6,customer_14063,2009-12-18,open
uci_ledger_492742,UCI-492742,1636.43,customer_12455,2009-12-18,open
uci_ledger_492743,UCI-492743,143.7,customer_13995,2009-12-18,open
uci_ledger_492744,UCI-492744,75.0,customer_12422,2009-12-18,open
uci_ledger_492745,UCI-492745,310.01,customer_16600,2009-12-18,open
uci_ledger_492747,UCI-492747,187.55,customer_17372,2009-12-18,open
uci_ledger_492749,UCI-492749,757.45,customer_14911,2009-12-18,open
uci_ledger_492750,UCI-492750,285.3,customer_15768,2009-12-18,open
uci_ledger_492751,UCI-492751,316.59,customer_15768,2009-12-18,open
uci_ledger_492752,UCI-492752,1.95,customer_18037,2009-12-18,open
uci_ledger_492753,UCI-492753,779.04,customer_14156,2009-12-18,open
uci_ledger_492761,UCI-492761,664.65,customer_14911,2009-12-18,open
uci_ledger_492760,UCI-492760,180.3,customer_18071,2009-12-18,open
uci_ledger_492762,UCI-492762,914.24,customer_14031,2009-12-18,open
uci_ledger_492763,UCI-492763,307.91,customer_17028,2009-12-18,open
uci_ledger_492764,UCI-492764,498.5,customer_16222,2009-12-18,open
uci_ledger_492765,UCI-492765,495.65,customer_13855,2009-12-18,open
uci_ledger_492766,UCI-492766,211.36,customer_14401,2009-12-18,open
uci_ledger_492767,UCI-492767,340.5,customer_16746,2009-12-18,open
uci_ledger_492768,UCI-492768,316.54,customer_12839,2009-12-18,open
uci_ledger_492769,UCI-492769,272.0,customer_15497,2009-12-18,open
uci_ledger_492770,UCI-492770,86.46,customer_14949,2009-12-18,open
uci_ledger_492771,UCI-492771,101.04,customer_17324,2009-12-18,open
uci_ledger_492772,UCI-492772,131.25,customer_15409,2009-12-18,open
uci_ledger_492773,UCI-492773,914.16,customer_13327,2009-12-18,open
uci_ledger_492774,UCI-492774,314.44,customer_13781,2009-12-18,open
uci_ledger_492775,UCI-492775,312.6,customer_16592,2009-12-18,open
uci_ledger_492776,UCI-492776,410.42,customer_15326,2009-12-18,open
uci_ledger_492777,UCI-492777,207.71,customer_13468,2009-12-18,open
uci_ledger_492778,UCI-492778,376.85,customer_18252,2009-12-18,open
uci_ledger_492779,UCI-492779,107.3,customer_17969,2009-12-18,open
uci_ledger_492780,UCI-492780,3.9,customer_14031,2009-12-18,open
uci_ledger_492781,UCI-492781,646.3,customer_14105,2009-12-18,open
uci_ledger_492784,UCI-492784,403.56,customer_17841,2009-12-18,open
uci_ledger_492785,UCI-492785,485.4,customer_15856,2009-12-18,open
uci_ledger_492792,UCI-492792,330.05,customer_17243,2009-12-20,open
uci_ledger_492793,UCI-492793,313.83,customer_15841,2009-12-20,open
uci_ledger_492794,UCI-492794,310.72,customer_13847,2009-12-20,open
uci_ledger_492795,UCI-492795,158.6,customer_18077,2009-12-20,open
uci_ledger_492796,UCI-492796,153.2,customer_17372,2009-12-20,open
uci_ledger_492797,UCI-492797,353.25,customer_17412,2009-12-20,open
uci_ledger_492798,UCI-492798,193.53,customer_16011,2009-12-20,open
uci_ledger_492799,UCI-492799,511.14,customer_17865,2009-12-20,open
uci_ledger_492800,UCI-492800,243.0,customer_13542,2009-12-20,open
uci_ledger_492801,UCI-492801,254.54,customer_17231,2009-12-20,open
uci_ledger_492803,UCI-492803,383.86,customer_17851,2009-12-20,open
uci_ledger_492804,UCI-492804,264.64,customer_15456,2009-12-20,open
uci_ledger_492806,UCI-492806,756.15,customer_14299,2009-12-20,open
uci_ledger_492805,UCI-492805,243.65,customer_15518,2009-12-20,open
uci_ledger_492807,UCI-492807,229.37,customer_17211,2009-12-20,open
uci_ledger_492807,UCI-492807,113.45,customer_17211,2009-12-20,open
uci_ledger_492808,UCI-492808,464.56,customer_13078,2009-12-20,open
uci_ledger_492809,UCI-492809,316.83,customer_17624,2009-12-20,open
uci_ledger_492810,UCI-492810,602.4,customer_17858,2009-12-20,open
uci_ledger_492811,UCI-492811,226.54,customer_17085,2009-12-20,open
uci_ledger_492812,UCI-492812,554.0,customer_13871,2009-12-20,open
uci_ledger_492813,UCI-492813,622.65,customer_17920,2009-12-20,open
uci_ledger_492814,UCI-492814,412.62,customer_14560,2009-12-20,open
uci_ledger_492815,UCI-492815,111.68,customer_17841,2009-12-20,open
uci_ledger_492816,UCI-492816,330.6,customer_12609,2009-12-20,open
uci_ledger_492817,UCI-492817,199.13,customer_16593,2009-12-20,open
uci_ledger_492818,UCI-492818,259.15,customer_14790,2009-12-20,open
uci_ledger_492819,UCI-492819,913.15,customer_16779,2009-12-20,open
uci_ledger_492820,UCI-492820,192.09,customer_14404,2009-12-20,open
uci_ledger_492822,UCI-492822,46.8,customer_14404,2009-12-20,open
uci_ledger_492823,UCI-492823,379.72,customer_15358,2009-12-20,open
uci_ledger_492824,UCI-492824,3.37,customer_17961,2009-12-20,open
uci_ledger_492830,UCI-492830,975.06,customer_12683,2009-12-20,open
uci_ledger_492832,UCI-492832,321.88,customer_13111,2009-12-21,open
uci_ledger_492834,UCI-492834,367.8,customer_18051,2009-12-21,open
uci_ledger_492836,UCI-492836,200.0,customer_18102,2009-12-21,open
uci_ledger_492837,UCI-492837,633.22,customer_17675,2009-12-21,open
uci_ledger_492839,UCI-492839,673.12,customer_14085,2009-12-21,open
uci_ledger_492840,UCI-492840,107.1,customer_14987,2009-12-21,open
uci_ledger_492841,UCI-492841,7.95,customer_14987,2009-12-21,open
uci_ledger_492842,UCI-492842,607.0,customer_12748,2009-12-21,open
uci_ledger_492843,UCI-492843,456.0,customer_13089,2009-12-21,open
uci_ledger_492869,UCI-492869,122.25,customer_15039,2009-12-21,open
uci_ledger_492875,UCI-492875,270.0,customer_16282,2009-12-21,open
uci_ledger_492878,UCI-492878,266.7,customer_13510,2009-12-21,open
uci_ledger_492891,UCI-492891,318.66,customer_13408,2009-12-21,open
uci_ledger_492929,UCI-492929,371.55,customer_16713,2009-12-21,open
uci_ledger_492935,UCI-492935,74.1,customer_13641,2009-12-21,open
uci_ledger_492940,UCI-492940,209.4,customer_17696,2009-12-21,open
uci_ledger_492942,UCI-492942,305.95,customer_17213,2009-12-21,open
uci_ledger_492943,UCI-492943,7112.68,customer_14156,2009-12-21,open
uci_ledger_492944,UCI-492944,138.75,customer_12682,2009-12-21,open
uci_ledger_492945,UCI-492945,308.34,customer_14032,2009-12-21,open
uci_ledger_492948,UCI-492948,154.65,customer_14606,2009-12-21,open
uci_ledger_492949,UCI-492949,66.48,customer_14119,2009-12-21,open
uci_ledger_492950,UCI-492950,801.43,customer_12471,2009-12-21,open
uci_ledger_492951,UCI-492951,433.99,customer_16525,2009-12-21,open
uci_ledger_492953,UCI-492953,487.3,customer_14505,2009-12-21,open
uci_ledger_492954,UCI-492954,178.5,customer_17182,2009-12-21,open
uci_ledger_492975,UCI-492975,50.25,customer_17961,2009-12-21,open
uci_ledger_492993,UCI-492993,30.64,customer_14819,2009-12-21,open
uci_ledger_493050,UCI-493050,122.3,customer_17377,2009-12-21,open
uci_ledger_493052,UCI-493052,303.85,customer_14480,2009-12-21,open
uci_ledger_493053,UCI-493053,66.2,customer_17888,2009-12-21,open
uci_ledger_493069,UCI-493069,196.75,customer_14293,2009-12-22,open
uci_ledger_493071,UCI-493071,398.7,customer_18092,2009-12-22,open
uci_ledger_493076,UCI-493076,24.45,customer_17961,2009-12-22,open
uci_ledger_493077,UCI-493077,313.6,customer_14841,2009-12-22,open
uci_ledger_493139,UCI-493139,581.45,customer_15311,2009-12-22,open
uci_ledger_493157,UCI-493157,212.21,customer_15911,2009-12-22,open
uci_ledger_493181,UCI-493181,3284.88,customer_18251,2009-12-22,open
uci_ledger_493183,UCI-493183,568.51,customer_12440,2009-12-22,open
uci_ledger_493187,UCI-493187,192.42,customer_18190,2009-12-22,open
uci_ledger_493188,UCI-493188,22.96,customer_15581,2009-12-22,open
uci_ledger_493189,UCI-493189,68.14,customer_15581,2009-12-22,open
uci_ledger_493200,UCI-493200,66.01,customer_17961,2009-12-22,open
uci_ledger_493257,UCI-493257,1072.44,customer_14063,2009-12-22,open
uci_ledger_493258,UCI-493258,2872.04,customer_18102,2009-12-22,open
uci_ledger_493266,UCI-493266,136.3,customer_13455,2009-12-22,open
uci_ledger_493300,UCI-493300,131.8,customer_17969,2009-12-22,open
uci_ledger_493301,UCI-493301,179.46,customer_13082,2009-12-22,open
uci_ledger_493302,UCI-493302,21.51,customer_17961,2009-12-22,open
uci_ledger_493303,UCI-493303,12.72,customer_13082,2009-12-22,open
uci_ledger_493304,UCI-493304,21.4,customer_17961,2009-12-22,open
uci_ledger_493308,UCI-493308,324.99,customer_15064,2009-12-22,open
uci_ledger_493325,UCI-493325,701.2,customer_13694,2009-12-23,open
uci_ledger_493326,UCI-493326,799.92,customer_18092,2009-12-23,open
uci_ledger_493360,UCI-493360,113.12,customer_18252,2009-12-23,open
uci_ledger_493371,UCI-493371,352.05,customer_14151,2009-12-23,open
uci_ledger_493372,UCI-493372,643.7,customer_15044,2009-12-23,open
uci_ledger_493375,UCI-493375,163.2,customer_15514,2009-12-23,open
uci_ledger_493376,UCI-493376,1.95,customer_17961,2009-12-23,open
uci_ledger_493393,UCI-493393,2565.83,customer_12539,2009-12-23,open
uci_ledger_493395,UCI-493395,2583.23,customer_12539,2009-12-23,open
uci_ledger_493398,UCI-493398,66.9,customer_12835,2009-12-23,open
uci_ledger_493399,UCI-493399,879.72,customer_15856,2009-12-23,open
uci_ledger_493407,UCI-493407,24.6,customer_17867,2009-12-23,open
uci_ledger_493409,UCI-493409,612.0,customer_17819,2009-12-23,open
uci_ledger_493410,UCI-493410,22.5,customer_12346,2010-01-04,open
uci_ledger_493412,UCI-493412,22.5,customer_12346,2010-01-04,open
uci_ledger_493414,UCI-493414,290.2,customer_14590,2010-01-04,open
uci_ledger_493427,UCI-493427,264.38,customer_13287,2010-01-04,open
uci_ledger_493428,UCI-493428,230.9,customer_16550,2010-01-04,open
uci_ledger_493432,UCI-493432,481.38,customer_14680,2010-01-04,open
uci_ledger_493433,UCI-493433,405.3,customer_14709,2010-01-04,open
uci_ledger_493434,UCI-493434,1021.02,customer_13798,2010-01-04,open
uci_ledger_493435,UCI-493435,797.65,customer_13206,2010-01-04,open
uci_ledger_493436,UCI-493436,3000.24,customer_13694,2010-01-04,open
uci_ledger_493437,UCI-493437,758.4,customer_13694,2010-01-04,open
uci_ledger_493438,UCI-493438,360.0,customer_13694,2010-01-04,open
uci_ledger_493439,UCI-493439,2021.72,customer_13694,2010-01-04,open
uci_ledger_493442,UCI-493442,309.2,customer_13821,2010-01-04,open
uci_ledger_493443,UCI-493443,567.5,customer_14527,2010-01-04,open
uci_ledger_493444,UCI-493444,211.29,customer_16792,2010-01-04,open
uci_ledger_493446,UCI-493446,189.68,customer_17807,2010-01-04,open
uci_ledger_493463,UCI-493463,30.37,customer_15581,2010-01-04,open
uci_ledger_493467,UCI-493467,415.85,customer_13004,2010-01-04,open
uci_ledger_493536,UCI-493536,412.17,customer_17841,2010-01-04,open
uci_ledger_493537,UCI-493537,660.0,customer_16029,2010-01-04,open
uci_ledger_493540,UCI-493540,165.0,customer_14477,2010-01-04,open
uci_ledger_493542,UCI-493542,118.75,customer_15867,2010-01-04,open
uci_ledger_493543,UCI-493543,425.06,customer_14839,2010-01-04,open
uci_ledger_493546,UCI-493546,136.28,customer_17969,2010-01-04,open
uci_ledger_493565,UCI-493565,133.2,customer_17950,2010-01-04,open
uci_ledger_493566,UCI-493566,316.7,customer_15291,2010-01-05,open
uci_ledger_493568,UCI-493568,644.58,customer_16875,2010-01-05,open
uci_ledger_493569,UCI-493569,279.11,customer_13901,2010-01-05,open
uci_ledger_493571,UCI-493571,135.25,customer_14198,2010-01-05,open
uci_ledger_493573,UCI-493573,364.04,customer_18145,2010-01-05,open
uci_ledger_493574,UCI-493574,531.72,customer_15521,2010-01-05,open
uci_ledger_493575,UCI-493575,302.2,customer_18171,2010-01-05,open
uci_ledger_493577,UCI-493577,311.42,customer_13557,2010-01-05,open
uci_ledger_493609,UCI-493609,42.0,customer_17949,2010-01-05,open
uci_ledger_493613,UCI-493613,510.0,customer_17949,2010-01-05,open
uci_ledger_493619,UCI-493619,309.46,customer_18051,2010-01-05,open
uci_ledger_493666,UCI-493666,585.85,customer_16017,2010-01-05,open
uci_ledger_493667,UCI-493667,974.39,customer_13253,2010-01-05,open
uci_ledger_493670,UCI-493670,614.05,customer_14653,2010-01-05,open
uci_ledger_493671,UCI-493671,757.1,customer_13338,2010-01-05,open
uci_ledger_493672,UCI-493672,464.37,customer_17861,2010-01-05,open
uci_ledger_493685,UCI-493685,906.23,customer_14969,2010-01-05,open
uci_ledger_493695,UCI-493695,386.93,customer_14606,2010-01-05,open
uci_ledger_493696,UCI-493696,2054.79,customer_16779,2010-01-05,open
uci_ledger_493699,UCI-493699,256.7,customer_13831,2010-01-05,open
uci_ledger_493700,UCI-493700,255.05,customer_14422,2010-01-05,open
uci_ledger_493701,UCI-493701,714.05,customer_15865,2010-01-05,open
uci_ledger_493702,UCI-493702,1600.0,customer_18102,2010-01-05,open
uci_ledger_493703,UCI-493703,1560.0,customer_18102,2010-01-05,open
uci_ledger_493704,UCI-493704,346.75,customer_13610,2010-01-05,open
uci_ledger_493706,UCI-493706,848.75,customer_15768,2010-01-05,open
uci_ledger_493707,UCI-493707,588.31,customer_13965,2010-01-05,open
uci_ledger_493708,UCI-493708,980.63,customer_15311,2010-01-05,open
uci_ledger_493709,UCI-493709,442.44,customer_17754,2010-01-05,open
uci_ledger_493710,UCI-493710,118.1,customer_13442,2010-01-05,open
uci_ledger_493715,UCI-493715,167.27,customer_14954,2010-01-05,open
uci_ledger_493716,UCI-493716,468.56,customer_17364,2010-01-05,open
uci_ledger_493717,UCI-493717,299.34,customer_12835,2010-01-05,open
uci_ledger_493718,UCI-493718,421.16,customer_13267,2010-01-06,open
uci_ledger_493719,UCI-493719,627.91,customer_14210,2010-01-06,open
uci_ledger_493720,UCI-493720,551.45,customer_17675,2010-01-06,open
uci_ledger_493721,UCI-493721,151.1,customer_17362,2010-01-06,open
uci_ledger_493722,UCI-493722,1640.58,customer_16467,2010-01-06,open
uci_ledger_493738,UCI-493738,586.16,customer_13408,2010-01-06,open
uci_ledger_493739,UCI-493739,689.82,customer_14194,2010-01-06,open
uci_ledger_493755,UCI-493755,57.6,customer_18008,2010-01-06,open
uci_ledger_493757,UCI-493757,635.85,customer_15712,2010-01-06,open
uci_ledger_493759,UCI-493759,754.81,customer_17965,2010-01-06,open
uci_ledger_493760,UCI-493760,30.45,customer_17753,2010-01-06,open
uci_ledger_493761,UCI-493761,2179.08,customer_14258,2010-01-06,open
uci_ledger_493762,UCI-493762,414.72,customer_17941,2010-01-06,open
uci_ledger_493765,UCI-493765,1390.52,customer_14828,2010-01-07,open
uci_ledger_493793,UCI-493793,750.0,customer_17949,2010-01-07,open
uci_ledger_493794,UCI-493794,318.0,customer_17949,2010-01-07,open
uci_ledger_493797,UCI-493797,306.0,customer_16029,2010-01-07,open
uci_ledger_493796,UCI-493796,2287.2,customer_16029,2010-01-07,open
uci_ledger_493798,UCI-493798,1377.88,customer_16029,2010-01-07,open
uci_ledger_493799,UCI-493799,2427.6,customer_16029,2010-01-07,open
uci_ledger_493800,UCI-493800,854.72,customer_18094,2010-01-07,open
uci_ledger_493801,UCI-493801,9.9,customer_15684,2010-01-07,open
uci_ledger_493802,UCI-493802,935.55,customer_16985,2010-01-07,open
uci_ledger_493804,UCI-493804,332.58,customer_14626,2010-01-07,open
uci_ledger_493806,UCI-493806,26.05,customer_17404,2010-01-07,open
uci_ledger_493810,UCI-493810,93.05,customer_13727,2010-01-07,open
uci_ledger_493812,UCI-493812,3677.9,customer_13081,2010-01-07,open
uci_ledger_493813,UCI-493813,392.95,customer_14051,2010-01-07,open
uci_ledger_493814,UCI-493814,202.73,customer_14541,2010-01-07,open
uci_ledger_493815,UCI-493815,108.37,customer_12978,2010-01-07,open
uci_ledger_493816,UCI-493816,212.0,customer_15266,2010-01-07,open
uci_ledger_493817,UCI-493817,323.4,customer_16641,2010-01-07,open
uci_ledger_493818,UCI-493818,360.76,customer_16525,2010-01-07,open
uci_ledger_493819,UCI-493819,44051.6,customer_14156,2010-01-07,open
uci_ledger_493820,UCI-493820,262.05,customer_13821,2010-01-07,open
uci_ledger_493824,UCI-493824,165.6,customer_16862,2010-01-07,open
uci_ledger_493825,UCI-493825,200.09,customer_16888,2010-01-07,open
uci_ledger_493826,UCI-493826,49.2,customer_13173,2010-01-07,open
uci_ledger_493827,UCI-493827,324.24,customer_16746,2010-01-07,open
uci_ledger_493828,UCI-493828,316.2,customer_14732,2010-01-07,open
uci_ledger_493834,UCI-493834,334.35,customer_14527,2010-01-07,open
uci_ledger_493840,UCI-493840,614.5,customer_15874,2010-01-07,open
uci_ledger_493841,UCI-493841,699.83,customer_13394,2010-01-07,open
uci_ledger_493843,UCI-493843,217.2,customer_15100,2010-01-07,open
uci_ledger_493844,UCI-493844,140.22,customer_15324,2010-01-07,open
uci_ledger_493846,UCI-493846,284.52,customer_14465,2010-01-07,open
uci_ledger_493847,UCI-493847,518.14,customer_15152,2010-01-07,open
uci_ledger_493848,UCI-493848,158.0,customer_16351,2010-01-07,open
uci_ledger_493860,UCI-493860,452.6,customer_13767,2010-01-07,open
uci_ledger_493863,UCI-493863,2130.3,customer_12678,2010-01-07,open
uci_ledger_493865,UCI-493865,1251.7,customer_15808,2010-01-07,open
uci_ledger_493866,UCI-493866,439.28,customer_16057,2010-01-07,open
uci_ledger_493872,UCI-493872,314.46,customer_16296,2010-01-07,open
uci_ledger_493873,UCI-493873,589.07,customer_13711,2010-01-07,open
uci_ledger_493874,UCI-493874,302.9,customer_13468,2010-01-07,open
uci_ledger_493875,UCI-493875,237.45,customer_13693,2010-01-07,open
uci_ledger_493876,UCI-493876,205.75,customer_12648,2010-01-07,open
uci_ledger_493877,UCI-493877,2388.82,customer_14911,2010-01-07,open
uci_ledger_493878,UCI-493878,508.72,customer_14769,2010-01-08,open
uci_ledger_493880,UCI-493880,563.98,customer_13047,2010-01-08,open
uci_ledger_493881,UCI-493881,357.0,customer_17018,2010-01-08,open
uci_ledger_493882,UCI-493882,680.22,customer_15586,2010-01-08,open
uci_ledger_493883,UCI-493883,3528.0,customer_18102,2010-01-08,open
uci_ledger_493884,UCI-493884,396.0,customer_14045,2010-01-08,open
uci_ledger_493885,UCI-493885,6624.0,customer_18102,2010-01-08,open
uci_ledger_493886,UCI-493886,500.89,customer_16497,2010-01-08,open
uci_ledger_493887,UCI-493887,760.02,customer_17457,2010-01-08,open
uci_ledger_493897,UCI-493897,780.52,customer_14911,2010-01-08,open
uci_ledger_493899,UCI-493899,404.55,customer_12417,2010-01-08,open
uci_ledger_493900,UCI-493900,780.52,customer_14911,2010-01-08,open
uci_ledger_493922,UCI-493922,194.1,customer_13728,2010-01-08,open
uci_ledger_493923,UCI-493923,702.55,customer_13360,2010-01-08,open
uci_ledger_493925,UCI-493925,228.3,customer_15827,2010-01-08,open
uci_ledger_493924,UCI-493924,180.0,customer_12678,2010-01-08,open
uci_ledger_493926,UCI-493926,228.67,customer_13854,2010-01-08,open
uci_ledger_493927,UCI-493927,358.68,customer_14063,2010-01-08,open
uci_ledger_493929,UCI-493929,281.25,customer_14735,2010-01-08,open
uci_ledger_493930,UCI-493930,141.6,customer_15369,2010-01-08,open
uci_ledger_493941,UCI-493941,382.32,customer_13199,2010-01-08,open
uci_ledger_493945,UCI-493945,200.45,customer_16103,2010-01-08,open
uci_ledger_493946,UCI-493946,363.74,customer_15607,2010-01-08,open
uci_ledger_493947,UCI-493947,284.34,customer_17243,2010-01-08,open
uci_ledger_493948,UCI-493948,1104.25,customer_16772,2010-01-08,open
uci_ledger_493949,UCI-493949,174.1,customer_16325,2010-01-08,open
uci_ledger_493950,UCI-493950,740.63,customer_12681,2010-01-08,open
uci_ledger_493951,UCI-493951,114.6,customer_16027,2010-01-08,open
uci_ledger_493952,UCI-493952,212.4,customer_12971,2010-01-08,open
uci_ledger_493953,UCI-493953,328.62,customer_14327,2010-01-08,open
uci_ledger_493954,UCI-493954,258.39,customer_18170,2010-01-08,open
uci_ledger_493955,UCI-493955,1190.46,customer_14016,2010-01-08,open
uci_ledger_493956,UCI-493956,101.85,customer_15465,2010-01-08,open
uci_ledger_493957,UCI-493957,304.76,customer_18087,2010-01-08,open
uci_ledger_493959,UCI-493959,177.35,customer_13044,2010-01-08,open
uci_ledger_493960,UCI-493960,483.57,customer_16556,2010-01-08,open
uci_ledger_493961,UCI-493961,354.69,customer_17841,2010-01-08,open
uci_ledger_493962,UCI-493962,673.0,customer_15311,2010-01-08,open
uci_ledger_493963,UCI-493963,465.8,customer_13078,2010-01-08,open
uci_ledger_493964,UCI-493964,1970.19,customer_12714,2010-01-08,open
uci_ledger_493965,UCI-493965,236.8,customer_14573,2010-01-08,open
uci_ledger_493968,UCI-493968,691.04,customer_15640,2010-01-08,open
uci_ledger_493969,UCI-493969,1007.78,customer_14031,2010-01-08,open
uci_ledger_493970,UCI-493970,297.1,customer_15856,2010-01-08,open
uci_ledger_493971,UCI-493971,152.05,customer_13259,2010-01-10,open
uci_ledger_493972,UCI-493972,327.6,customer_16109,2010-01-10,open
uci_ledger_493973,UCI-493973,91.28,customer_17539,2010-01-10,open
uci_ledger_493974,UCI-493974,241.54,customer_16787,2010-01-10,open
uci_ledger_493975,UCI-493975,760.24,customer_12540,2010-01-10,open
uci_ledger_493976,UCI-493976,497.2,customer_14849,2010-01-10,open
uci_ledger_493977,UCI-493977,275.95,customer_14532,2010-01-10,open
uci_ledger_493978,UCI-493978,1276.23,customer_17920,2010-01-10,open
uci_ledger_493979,UCI-493979,147.6,customer_17323,2010-01-10,open
uci_ledger_493980,UCI-493980,601.8,customer_13410,2010-01-10,open
uci_ledger_493981,UCI-493981,3654.38,customer_14160,2010-01-10,open
uci_ledger_493983,UCI-493983,447.36,customer_13762,2010-01-10,open
uci_ledger_493982,UCI-493982,268.3,customer_18231,2010-01-10,open
uci_ledger_493985,UCI-493985,328.05,customer_15527,2010-01-10,open
uci_ledger_493987,UCI-493987,716.43,customer_15413,2010-01-10,open
uci_ledger_493988,UCI-493988,300.6,customer_14299,2010-01-10,open
uci_ledger_493989,UCI-493989,1192.9,customer_14685,2010-01-10,open
uci_ledger_493990,UCI-493990,168.3,customer_12951,2010-01-10,open
uci_ledger_493991,UCI-493991,238.8,customer_14685,2010-01-10,open
uci_ledger_493993,UCI-493993,635.88,customer_13089,2010-01-10,open
uci_ledger_493994,UCI-493994,5520.0,customer_14091,2010-01-10,open
uci_ledger_493995,UCI-493995,2699.44,customer_13694,2010-01-10,open
uci_ledger_493996,UCI-493996,307.06,customer_15601,2010-01-10,open
uci_ledger_493997,UCI-493997,137.79,customer_17372,2010-01-10,open
uci_ledger_493998,UCI-493998,305.8,customer_13999,2010-01-10,open
uci_ledger_494000,UCI-494000,443.48,customer_15061,2010-01-10,open
uci_ledger_494001,UCI-494001,552.79,customer_13319,2010-01-10,open
uci_ledger_494002,UCI-494002,290.12,customer_13634,2010-01-10,open
uci_ledger_494003,UCI-494003,194.25,customer_17222,2010-01-10,open
uci_ledger_494004,UCI-494004,338.71,customer_15601,2010-01-10,open
uci_ledger_494007,UCI-494007,136.15,customer_14606,2010-01-10,open
uci_ledger_494008,UCI-494008,326.54,customer_18242,2010-01-11,open
uci_ledger_494009,UCI-494009,345.18,customer_12471,2010-01-11,open
uci_ledger_494010,UCI-494010,126.15,customer_12471,2010-01-11,open
uci_ledger_494020,UCI-494020,249.6,customer_17147,2010-01-11,open
uci_ledger_494021,UCI-494021,357.17,customer_15738,2010-01-11,open
uci_ledger_494022,UCI-494022,1980.0,customer_15769,2010-01-11,open
uci_ledger_494023,UCI-494023,488.68,customer_13162,2010-01-11,open
uci_ledger_494026,UCI-494026,365.04,customer_15369,2010-01-11,open
uci_ledger_494027,UCI-494027,209.0,customer_17113,2010-01-11,open
uci_ledger_494028,UCI-494028,306.62,customer_17113,2010-01-11,open
uci_ledger_494029,UCI-494029,478.77,customer_12913,2010-01-11,open
uci_ledger_494032,UCI-494032,306.74,customer_13709,2010-01-11,open
uci_ledger_494035,UCI-494035,521.05,customer_15044,2010-01-11,open
uci_ledger_494036,UCI-494036,595.0,customer_17139,2010-01-11,open
uci_ledger_494037,UCI-494037,565.0,customer_15291,2010-01-11,open
uci_ledger_494040,UCI-494040,9.7,customer_18115,2010-01-11,open
uci_ledger_494042,UCI-494042,975.11,customer_12510,2010-01-11,open
uci_ledger_494046,UCI-494046,47.4,customer_15044,2010-01-11,open
uci_ledger_494045,UCI-494045,435.88,customer_12510,2010-01-11,open
uci_ledger_494047,UCI-494047,473.56,customer_13093,2010-01-11,open
uci_ledger_494048,UCI-494048,499.36,customer_13093,2010-01-11,open
uci_ledger_494079,UCI-494079,150.31,customer_12835,2010-01-11,open
uci_ledger_494108,UCI-494108,858.27,customer_17529,2010-01-11,open
uci_ledger_494110,UCI-494110,408.42,customer_12549,2010-01-11,open
uci_ledger_494113,UCI-494113,150.0,customer_12549,2010-01-11,open
uci_ledger_494118,UCI-494118,305.28,customer_12875,2010-01-11,open
uci_ledger_494119,UCI-494119,559.96,customer_17739,2010-01-11,open
uci_ledger_494120,UCI-494120,1642.5,customer_14156,2010-01-11,open
uci_ledger_494128,UCI-494128,60.3,customer_17740,2010-01-11,open
uci_ledger_494139,UCI-494139,271.2,customer_15549,2010-01-11,open
uci_ledger_494140,UCI-494140,117.0,customer_14984,2010-01-11,open
uci_ledger_494141,UCI-494141,256.8,customer_18252,2010-01-11,open
uci_ledger_494142,UCI-494142,165.8,customer_17978,2010-01-11,open
uci_ledger_494143,UCI-494143,881.2,customer_12406,2010-01-11,open
uci_ledger_494146,UCI-494146,152.88,customer_14646,2010-01-11,open
uci_ledger_494148,UCI-494148,803.76,customer_15311,2010-01-11,open
uci_ledger_494149,UCI-494149,321.52,customer_16569,2010-01-11,open
uci_ledger_494150,UCI-494150,726.6,customer_12980,2010-01-11,open
uci_ledger_494153,UCI-494153,142.35,customer_17023,2010-01-11,open
uci_ledger_494154,UCI-494154,384.49,customer_17188,2010-01-11,open
uci_ledger_494157,UCI-494157,463.11,customer_13089,2010-01-11,open
uci_ledger_494160,UCI-494160,368.1,customer_18061,2010-01-11,open
uci_ledger_494161,UCI-494161,833.94,customer_16019,2010-01-11,open
uci_ledger_494163,UCI-494163,95.2,customer_13433,2010-01-12,open
uci_ledger_494164,UCI-494164,24.45,customer_17961,2010-01-12,open
uci_ledger_494165,UCI-494165,235.8,customer_15380,2010-01-12,open
uci_ledger_494167,UCI-494167,133.52,customer_14867,2010-01-12,open
uci_ledger_494169,UCI-494169,163.4,customer_15186,2010-01-12,open
uci_ledger_494170,UCI-494170,484.54,customer_12600,2010-01-12,open
uci_ledger_494206,UCI-494206,495.0,customer_12939,2010-01-12,open
uci_ledger_494207,UCI-494207,293.35,customer_16841,2010-01-12,open
uci_ledger_494208,UCI-494208,137.7,customer_17945,2010-01-12,open
uci_ledger_494209,UCI-494209,260.15,customer_14239,2010-01-12,open
uci_ledger_494210,UCI-494210,731.52,customer_15299,2010-01-12,open
uci_ledger_494211,UCI-494211,120.7,customer_17945,2010-01-12,open
uci_ledger_494213,UCI-494213,101.95,customer_17945,2010-01-12,open
uci_ledger_494212,UCI-494212,690.52,customer_15002,2010-01-12,open
uci_ledger_494214,UCI-494214,1579.72,customer_12623,2010-01-12,open
uci_ledger_494216,UCI-494216,446.1,customer_16422,2010-01-12,open
uci_ledger_494217,UCI-494217,308.24,customer_16525,2010-01-12,open
uci_ledger_494218,UCI-494218,204.28,customer_17841,2010-01-12,open
uci_ledger_494227,UCI-494227,658.95,customer_13622,2010-01-12,open
uci_ledger_494228,UCI-494228,285.83,customer_14861,2010-01-12,open
uci_ledger_494229,UCI-494229,1218.8,customer_16779,2010-01-12,open
uci_ledger_494230,UCI-494230,32.5,customer_17961,2010-01-12,open
uci_ledger_494233,UCI-494233,1254.56,customer_15093,2010-01-12,open
uci_ledger_494234,UCI-494234,5.0,customer_12549,2010-01-12,open
uci_ledger_494235,UCI-494235,643.5,customer_14225,2010-01-12,open
uci_ledger_494236,UCI-494236,120.0,customer_14241,2010-01-12,open
uci_ledger_494237,UCI-494237,219.89,customer_15550,2010-01-12,open
uci_ledger_494239,UCI-494239,584.08,customer_14081,2010-01-12,open
uci_ledger_494241,UCI-494241,326.98,customer_17165,2010-01-12,open
uci_ledger_494240,UCI-494240,665.1,customer_16858,2010-01-12,open
uci_ledger_494243,UCI-494243,18532.3,customer_18102,2010-01-12,open
uci_ledger_494244,UCI-494244,6711.0,customer_18102,2010-01-12,open
uci_ledger_494246,UCI-494246,36.25,customer_17352,2010-01-12,open
uci_ledger_494264,UCI-494264,432.83,customer_17576,2010-01-12,open
uci_ledger_494267,UCI-494267,363.12,customer_14606,2010-01-12,open
uci_ledger_494268,UCI-494268,306.3,customer_12649,2010-01-12,open
uci_ledger_494269,UCI-494269,334.99,customer_12820,2010-01-13,open
uci_ledger_494272,UCI-494272,321.44,customer_15358,2010-01-13,open
uci_ledger_494275,UCI-494275,534.6,customer_15497,2010-01-13,open
uci_ledger_494276,UCI-494276,305.1,customer_17679,2010-01-13,open
uci_ledger_494277,UCI-494277,1335.92,customer_14063,2010-01-13,open
uci_ledger_494278,UCI-494278,708.2,customer_13162,2010-01-13,open
uci_ledger_494280,UCI-494280,854.35,customer_12682,2010-01-13,open
uci_ledger_494281,UCI-494281,317.64,customer_13798,2010-01-13,open
uci_ledger_494327,UCI-494327,430.83,customer_13576,2010-01-13,open
uci_ledger_494335,UCI-494335,288.85,customer_14092,2010-01-13,open
uci_ledger_494336,UCI-494336,332.7,customer_14137,2010-01-13,open
uci_ledger_494338,UCI-494338,403.06,customer_15311,2010-01-13,open
uci_ledger_494339,UCI-494339,530.34,customer_14154,2010-01-13,open
uci_ledger_494342,UCI-494342,177.9,customer_14826,2010-01-13,open
uci_ledger_494343,UCI-494343,143.22,customer_15456,2010-01-13,open
uci_ledger_494344,UCI-494344,89.32,customer_16585,2010-01-13,open
uci_ledger_494345,UCI-494345,374.11,customer_15755,2010-01-13,open
uci_ledger_494348,UCI-494348,546.95,customer_14156,2010-01-13,open
uci_ledger_494349,UCI-494349,117.8,customer_15015,2010-01-13,open
uci_ledger_494351,UCI-494351,354.45,customer_14277,2010-01-13,open
uci_ledger_494354,UCI-494354,1273.5,customer_15513,2010-01-13,open
uci_ledger_494357,UCI-494357,1383.41,customer_12647,2010-01-13,open
uci_ledger_494359,UCI-494359,383.02,customer_17962,2010-01-13,open
uci_ledger_494362,UCI-494362,119.38,customer_17757,2010-01-13,open
uci_ledger_494364,UCI-494364,748.91,customer_14146,2010-01-13,open
uci_ledger_494383,UCI-494383,179.7,customer_13929,2010-01-14,open
uci_ledger_494384,UCI-494384,381.66,customer_16304,2010-01-14,open
uci_ledger_494385,UCI-494385,486.64,customer_18268,2010-01-14,open
uci_ledger_494389,UCI-494389,480.47,customer_13152,2010-01-14,open
uci_ledger_494390,UCI-494390,520.24,customer_18041,2010-01-14,open
uci_ledger_494391,UCI-494391,164.34,customer_13787,2010-01-14,open
uci_ledger_494392,UCI-494392,129.09,customer_16414,2010-01-14,open
uci_ledger_494394,UCI-494394,274.2,customer_15312,2010-01-14,open
uci_ledger_494395,UCI-494395,953.5,customer_14256,2010-01-14,open
uci_ledger_494416,UCI-494416,371.47,customer_17469,2010-01-14,open
uci_ledger_494419,UCI-494419,39.8,customer_15903,2010-01-14,open
uci_ledger_494429,UCI-494429,141.6,customer_16660,2010-01-14,open
uci_ledger_494432,UCI-494432,1240.0,customer_13694,2010-01-14,open
uci_ledger_494433,UCI-494433,244.8,customer_14423,2010-01-14,open
uci_ledger_494434,UCI-494434,302.15,customer_18134,2010-01-14,open
uci_ledger_494435,UCI-494435,201.05,customer_14590,2010-01-14,open
uci_ledger_494436,UCI-494436,419.65,customer_16013,2010-01-14,open
uci_ledger_494437,UCI-494437,222.85,customer_14466,2010-01-14,open
uci_ledger_494439,UCI-494439,328.5,customer_12931,2010-01-14,open
uci_ledger_494440,UCI-494440,290.72,customer_17850,2010-01-14,open
uci_ledger_494441,UCI-494441,182.46,customer_13491,2010-01-14,open
uci_ledger_494442,UCI-494442,671.93,customer_12644,2010-01-14,open
uci_ledger_494443,UCI-494443,272.73,customer_15898,2010-01-14,open
uci_ledger_494445,UCI-494445,280.82,customer_17850,2010-01-14,open
uci_ledger_494447,UCI-494447,354.66,customer_17496,2010-01-14,open
uci_ledger_494451,UCI-494451,355.62,customer_14527,2010-01-14,open
uci_ledger_494450,UCI-494450,22.5,customer_12346,2010-01-14,open
uci_ledger_494454,UCI-494454,127.7,customer_15605,2010-01-14,open
uci_ledger_494455,UCI-494455,532.1,customer_17850,2010-01-14,open
uci_ledger_494456,UCI-494456,290.63,customer_13233,2010-01-14,open
uci_ledger_494458,UCI-494458,15.0,customer_14667,2010-01-14,open
uci_ledger_494459,UCI-494459,925.85,customer_14667,2010-01-14,open
uci_ledger_494467,UCI-494467,475.88,customer_15046,2010-01-14,open
uci_ledger_494468,UCI-494468,343.2,customer_13050,2010-01-14,open
uci_ledger_494470,UCI-494470,130.8,customer_12748,2010-01-14,open
uci_ledger_494469,UCI-494469,429.64,customer_16210,2010-01-14,open
uci_ledger_494471,UCI-494471,1639.12,customer_13680,2010-01-14,open
uci_ledger_494473,UCI-494473,859.27,customer_17508,2010-01-14,open
uci_ledger_494475,UCI-494475,125.97,customer_17377,2010-01-14,open
uci_ledger_494476,UCI-494476,367.68,customer_15222,2010-01-14,open
uci_ledger_494478,UCI-494478,975.76,customer_14062,2010-01-14,open
uci_ledger_494479,UCI-494479,858.25,customer_17032,2010-01-14,open
uci_ledger_494480,UCI-494480,855.9,customer_15768,2010-01-14,open
uci_ledger_494482,UCI-494482,1131.62,customer_13983,2010-01-14,open
uci_ledger_494481,UCI-494481,532.1,customer_17850,2010-01-14,open
uci_ledger_494483,UCI-494483,939.4,customer_13562,2010-01-14,open
uci_ledger_494484,UCI-494484,327.19,customer_17754,2010-01-14,open
uci_ledger_494490,UCI-494490,498.12,customer_17850,2010-01-14,open
uci_ledger_494498,UCI-494498,12.6,customer_13360,2010-01-14,open
uci_ledger_494499,UCI-494499,470.22,customer_17850,2010-01-14,open
uci_ledger_494503,UCI-494503,485.52,customer_17850,2010-01-14,open
uci_ledger_494504,UCI-494504,93.47,customer_17848,2010-01-14,open
uci_ledger_494505,UCI-494505,169.33,customer_13711,2010-01-14,open
uci_ledger_494506,UCI-494506,439.62,customer_17850,2010-01-14,open
uci_ledger_494507,UCI-494507,278.38,customer_15031,2010-01-14,open
uci_ledger_494508,UCI-494508,113.8,customer_16353,2010-01-15,open
uci_ledger_494509,UCI-494509,45.6,customer_16353,2010-01-15,open
uci_ledger_494510,UCI-494510,439.62,customer_17850,2010-01-15,open
uci_ledger_494511,UCI-494511,1075.27,customer_12431,2010-01-15,open
uci_ledger_494512,UCI-494512,301.6,customer_14755,2010-01-15,open
uci_ledger_494513,UCI-494513,45.0,customer_12431,2010-01-15,open
uci_ledger_494514,UCI-494514,694.2,customer_17850,2010-01-15,open
uci_ledger_494515,UCI-494515,2370.78,customer_13694,2010-01-15,open
uci_ledger_494516,UCI-494516,306.4,customer_14136,2010-01-15,open
uci_ledger_494518,UCI-494518,330.0,customer_16029,2010-01-15,open
uci_ledger_494529,UCI-494529,280.05,customer_15738,2010-01-15,open
uci_ledger_494533,UCI-494533,137.1,customer_18065,2010-01-15,open
uci_ledger_494585,UCI-494585,7.1,customer_15359,2010-01-15,open
uci_ledger_494586,UCI-494586,244.19,customer_18106,2010-01-15,open
uci_ledger_494587,UCI-494587,60.12,customer_18106,2010-01-15,open
uci_ledger_494588,UCI-494588,347.0,customer_17681,2010-01-15,open
uci_ledger_494589,UCI-494589,482.8,customer_17850,2010-01-15,open
uci_ledger_494590,UCI-494590,2.95,customer_12755,2010-01-15,open
uci_ledger_494591,UCI-494591,89.25,customer_12789,2010-01-15,open
uci_ledger_494594,UCI-494594,316.25,customer_15771,2010-01-15,open
uci_ledger_494603,UCI-494603,193.68,customer_16452,2010-01-15,open
uci_ledger_494605,UCI-494605,120.95,customer_13821,2010-01-15,open
uci_ledger_494606,UCI-494606,347.34,customer_15607,2010-01-15,open
uci_ledger_494607,UCI-494607,91.5,customer_16858,2010-01-15,open
uci_ledger_494608,UCI-494608,521.9,customer_17850,2010-01-15,open
uci_ledger_494611,UCI-494611,79.2,customer_12649,2010-01-15,open
uci_ledger_494612,UCI-494612,148.15,customer_15311,2010-01-15,open
uci_ledger_494613,UCI-494613,361.81,customer_14324,2010-01-15,open
uci_ledger_494614,UCI-494614,506.6,customer_17850,2010-01-15,open
uci_ledger_494616,UCI-494616,110.72,customer_17364,2010-01-15,open
uci_ledger_494617,UCI-494617,290.0,customer_13319,2010-01-15,open
uci_ledger_494618,UCI-494618,235.52,customer_17871,2010-01-15,open
uci_ledger_494619,UCI-494619,738.18,customer_12631,2010-01-15,open
uci_ledger_494620,UCI-494620,208.1,customer_17227,2010-01-15,open
uci_ledger_494621,UCI-494621,195.2,customer_15059,2010-01-15,open
uci_ledger_494622,UCI-494622,55.47,customer_12860,2010-01-15,open
uci_ledger_494623,UCI-494623,175.37,customer_15393,2010-01-15,open
uci_ledger_494624,UCI-494624,158.9,customer_17454,2010-01-15,open
uci_ledger_494625,UCI-494625,205.48,customer_17851,2010-01-15,open
uci_ledger_494627,UCI-494627,83.4,customer_15224,2010-01-15,open
uci_ledger_494630,UCI-494630,244.2,customer_12813,2010-01-15,open
uci_ledger_494632,UCI-494632,306.3,customer_15633,2010-01-15,open
uci_ledger_494634,UCI-494634,214.0,customer_15489,2010-01-15,open
uci_ledger_494635,UCI-494635,226.49,customer_15945,2010-01-15,open
uci_ledger_494636,UCI-494636,224.09,customer_16335,2010-01-17,open
uci_ledger_494637,UCI-494637,113.33,customer_14451,2010-01-17,open
uci_ledger_494638,UCI-494638,278.47,customer_16782,2010-01-17,open
uci_ledger_494639,UCI-494639,975.0,customer_14421,2010-01-17,open
uci_ledger_494640,UCI-494640,409.69,customer_17801,2010-01-17,open
uci_ledger_494641,UCI-494641,1568.87,customer_15413,2010-01-17,open
uci_ledger_494642,UCI-494642,521.9,customer_17850,2010-01-17,open
uci_ledger_494643,UCI-494643,1936.74,customer_13694,2010-01-17,open
uci_ledger_494644,UCI-494644,519.18,customer_16595,2010-01-17,open
uci_ledger_494645,UCI-494645,242.5,customer_16017,2010-01-17,open
uci_ledger_494646,UCI-494646,136.8,customer_13907,2010-01-17,open
uci_ledger_494647,UCI-494647,1185.81,customer_17920,2010-01-17,open
uci_ledger_494648,UCI-494648,454.9,customer_17850,2010-01-17,open
uci_ledger_494649,UCI-494649,156.33,customer_17969,2010-01-17,open
uci_ledger_494651,UCI-494651,685.9,customer_16510,2010-01-17,open
uci_ledger_494652,UCI-494652,560.23,customer_14527,2010-01-17,open
uci_ledger_494653,UCI-494653,400.8,customer_14420,2010-01-17,open
uci_ledger_494654,UCI-494654,587.52,customer_13777,2010-01-17,open
uci_ledger_494655,UCI-494655,240.0,customer_17850,2010-01-17,open
uci_ledger_494656,UCI-494656,294.4,customer_17850,2010-01-17,open
uci_ledger_494657,UCI-494657,101.3,customer_16524,2010-01-17,open
uci_ledger_494658,UCI-494658,135.58,customer_13782,2010-01-17,open
uci_ledger_494659,UCI-494659,383.5,customer_17850,2010-01-17,open
uci_ledger_494660,UCI-494660,185.8,customer_13831,2010-01-17,open
uci_ledger_494661,UCI-494661,150.18,customer_13634,2010-01-17,open
uci_ledger_494662,UCI-494662,377.32,customer_13004,2010-01-17,open
uci_ledger_494663,UCI-494663,239.84,customer_16166,2010-01-17,open
uci_ledger_494664,UCI-494664,443.83,customer_17213,2010-01-17,open
uci_ledger_494665,UCI-494665,488.68,customer_16434,2010-01-17,open
uci_ledger_494666,UCI-494666,1258.38,customer_13869,2010-01-17,open
uci_ledger_494667,UCI-494667,206.4,customer_15223,2010-01-17,open
uci_ledger_494668,UCI-494668,182.25,customer_13616,2010-01-17,open
uci_ledger_494669,UCI-494669,146.81,customer_15916,2010-01-17,open
uci_ledger_494670,UCI-494670,608.75,customer_13178,2010-01-17,open
uci_ledger_494671,UCI-494671,185.7,customer_14560,2010-01-17,open
uci_ledger_494672,UCI-494672,151.49,customer_14404,2010-01-17,open
uci_ledger_494673,UCI-494673,514.81,customer_15311,2010-01-17,open
uci_ledger_494674,UCI-494674,151.11,customer_14606,2010-01-17,open
uci_ledger_494676,UCI-494676,144.1,customer_17591,2010-01-17,open
uci_ledger_494677,UCI-494677,202.35,customer_14892,2010-01-18,open
uci_ledger_494678,UCI-494678,3151.0,customer_16684,2010-01-18,open
uci_ledger_494679,UCI-494679,299.49,customer_12877,2010-01-18,open
uci_ledger_494680,UCI-494680,263.83,customer_17343,2010-01-18,open
uci_ledger_494681,UCI-494681,369.44,customer_14441,2010-01-18,open
uci_ledger_494682,UCI-494682,359.16,customer_14754,2010-01-18,open
uci_ledger_494683,UCI-494683,226.08,customer_15747,2010-01-18,open
uci_ledger_494684,UCI-494684,112.95,customer_15795,2010-01-18,open
uci_ledger_494686,UCI-494686,206.44,customer_15039,2010-01-18,open
uci_ledger_494687,UCI-494687,83.4,customer_15039,2010-01-18,open
uci_ledger_494732,UCI-494732,658.73,customer_16670,2010-01-18,open
uci_ledger_494762,UCI-494762,181.44,customer_17841,2010-01-18,open
uci_ledger_494768,UCI-494768,297.32,customer_18057,2010-01-18,open
uci_ledger_494778,UCI-494778,308.39,customer_14461,2010-01-18,open
uci_ledger_494779,UCI-494779,216.72,customer_18041,2010-01-18,open
uci_ledger_494780,UCI-494780,838.75,customer_14442,2010-01-18,open
uci_ledger_494783,UCI-494783,482.4,customer_17581,2010-01-18,open
uci_ledger_494785,UCI-494785,380.52,customer_17966,2010-01-18,open
uci_ledger_494787,UCI-494787,206.38,customer_15164,2010-01-18,open
uci_ledger_494788,UCI-494788,11.9,customer_17966,2010-01-18,open
uci_ledger_494789,UCI-494789,125.63,customer_14949,2010-01-18,open
uci_ledger_494790,UCI-494790,213.53,customer_17048,2010-01-18,open
uci_ledger_494792,UCI-494792,235.89,customer_13173,2010-01-18,open
uci_ledger_494794,UCI-494794,291.5,customer_13037,2010-01-18,open
uci_ledger_494795,UCI-494795,189.3,customer_13110,2010-01-18,open
uci_ledger_494797,UCI-494797,181.3,customer_18036,2010-01-18,open
uci_ledger_494798,UCI-494798,376.25,customer_17773,2010-01-18,open
uci_ledger_494799,UCI-494799,443.13,customer_16954,2010-01-18,open
uci_ledger_494803,UCI-494803,205.82,customer_15005,2010-01-18,open
uci_ledger_494804,UCI-494804,463.0,customer_15298,2010-01-18,open
uci_ledger_494805,UCI-494805,7.5,customer_18037,2010-01-18,open
uci_ledger_494807,UCI-494807,60.96,customer_15375,2010-01-18,open
uci_ledger_494808,UCI-494808,223.54,customer_17231,2010-01-18,open
uci_ledger_494809,UCI-494809,8.5,customer_17231,2010-01-18,open
uci_ledger_494811,UCI-494811,250.15,customer_14343,2010-01-18,open
uci_ledger_494815,UCI-494815,246.75,customer_15697,2010-01-19,open
uci_ledger_494816,UCI-494816,76.74,customer_16867,2010-01-19,open
uci_ledger_494817,UCI-494817,226.62,customer_16287,2010-01-19,open
uci_ledger_494818,UCI-494818,80.8,customer_15198,2010-01-19,open
uci_ledger_494819,UCI-494819,320.7,customer_13074,2010-01-19,open
uci_ledger_494823,UCI-494823,100.8,customer_16353,2010-01-19,open
uci_ledger_494827,UCI-494827,332.5,customer_15623,2010-01-19,open
uci_ledger_494836,UCI-494836,205.7,customer_13462,2010-01-19,open
uci_ledger_494847,UCI-494847,154.83,customer_13877,2010-01-19,open
uci_ledger_494860,UCI-494860,211.95,customer_12470,2010-01-19,open
uci_ledger_494866,UCI-494866,676.4,customer_16253,2010-01-19,open
uci_ledger_494867,UCI-494867,270.8,customer_17769,2010-01-19,open
uci_ledger_494868,UCI-494868,1537.31,customer_17706,2010-01-19,open
uci_ledger_494870,UCI-494870,673.15,customer_15998,2010-01-19,open
uci_ledger_494871,UCI-494871,740.76,customer_17706,2010-01-19,open
uci_ledger_494872,UCI-494872,286.43,customer_14715,2010-01-19,open
uci_ledger_494873,UCI-494873,715.5,customer_12589,2010-01-19,open
uci_ledger_494874,UCI-494874,346.36,customer_16087,2010-01-19,open
uci_ledger_494875,UCI-494875,4448.09,customer_17511,2010-01-19,open
uci_ledger_494876,UCI-494876,155.55,customer_15465,2010-01-19,open
uci_ledger_494878,UCI-494878,113.28,customer_16596,2010-01-19,open
uci_ledger_494887,UCI-494887,196.65,customer_14525,2010-01-19,open
uci_ledger_494888,UCI-494888,45.0,customer_16027,2010-01-19,open
uci_ledger_494889,UCI-494889,291.38,customer_14472,2010-01-19,open
uci_ledger_494890,UCI-494890,92.35,customer_13555,2010-01-19,open
uci_ledger_494891,UCI-494891,1130.22,customer_12733,2010-01-19,open
uci_ledger_494892,UCI-494892,8.7,customer_12748,2010-01-19,open
uci_ledger_494893,UCI-494893,940.74,customer_14156,2010-01-19,open
uci_ledger_494894,UCI-494894,279.0,customer_18229,2010-01-19,open
uci_ledger_494895,UCI-494895,724.13,customer_13555,2010-01-19,open
uci_ledger_494896,UCI-494896,360.87,customer_16156,2010-01-19,open
uci_ledger_494897,UCI-494897,537.78,customer_12437,2010-01-19,open
uci_ledger_494898,UCI-494898,122.7,customer_14413,2010-01-19,open
uci_ledger_494899,UCI-494899,72.0,customer_12437,2010-01-19,open
uci_ledger_494900,UCI-494900,684.48,customer_15311,2010-01-19,open
uci_ledger_494904,UCI-494904,310.26,customer_13315,2010-01-19,open
uci_ledger_494905,UCI-494905,200.18,customer_17245,2010-01-19,open
uci_ledger_494906,UCI-494906,273.56,customer_15984,2010-01-19,open
uci_ledger_494908,UCI-494908,152.64,customer_17307,2010-01-19,open
uci_ledger_494912,UCI-494912,1376.46,customer_16705,2010-01-19,open
uci_ledger_494913,UCI-494913,189.95,customer_17576,2010-01-19,open
uci_ledger_494914,UCI-494914,771.64,customer_16705,2010-01-19,open
uci_ledger_494915,UCI-494915,972.44,customer_13564,2010-01-19,open
uci_ledger_494916,UCI-494916,174.12,customer_17963,2010-01-19,open
uci_ledger_494917,UCI-494917,183.2,customer_14983,2010-01-19,open
uci_ledger_494919,UCI-494919,1352.4,customer_17404,2010-01-20,open
uci_ledger_494920,UCI-494920,35.72,customer_13457,2010-01-20,open
uci_ledger_494921,UCI-494921,323.0,customer_13397,2010-01-20,open
uci_ledger_494922,UCI-494922,282.33,customer_12987,2010-01-20,open
uci_ledger_494930,UCI-494930,480.0,customer_13027,2010-01-20,open
uci_ledger_494931,UCI-494931,1135.01,customer_17920,2010-01-20,open
uci_ledger_494946,UCI-494946,554.94,customer_16727,2010-01-20,open
uci_ledger_494966,UCI-494966,278.17,customer_14680,2010-01-20,open
uci_ledger_494971,UCI-494971,221.32,customer_14156,2010-01-20,open
uci_ledger_494987,UCI-494987,777.53,customer_18223,2010-01-20,open
uci_ledger_494989,UCI-494989,348.71,customer_14556,2010-01-20,open
uci_ledger_494990,UCI-494990,322.29,customer_14388,2010-01-20,open
uci_ledger_494991,UCI-494991,211.85,customer_17220,2010-01-20,open
uci_ledger_494993,UCI-494993,133.25,customer_17220,2010-01-20,open
uci_ledger_494994,UCI-494994,216.0,customer_13668,2010-01-20,open
uci_ledger_494995,UCI-494995,301.58,customer_17356,2010-01-20,open
uci_ledger_494997,UCI-494997,228.96,customer_17307,2010-01-20,open
uci_ledger_494996,UCI-494996,133.8,customer_17794,2010-01-20,open
uci_ledger_495009,UCI-495009,171.46,customer_15812,2010-01-20,open
uci_ledger_495010,UCI-495010,181.45,customer_15191,2010-01-20,open
uci_ledger_495011,UCI-495011,161.3,customer_15191,2010-01-20,open
uci_ledger_495016,UCI-495016,529.01,customer_14649,2010-01-20,open
uci_ledger_495020,UCI-495020,846.46,customer_16200,2010-01-20,open
uci_ledger_495022,UCI-495022,9.7,customer_16200,2010-01-20,open
uci_ledger_495028,UCI-495028,202.35,customer_14595,2010-01-20,open
uci_ledger_495029,UCI-495029,255.64,customer_16085,2010-01-20,open
uci_ledger_495030,UCI-495030,835.45,customer_13982,2010-01-20,open
uci_ledger_495031,UCI-495031,463.16,customer_16933,2010-01-20,open
uci_ledger_495033,UCI-495033,81.75,customer_15912,2010-01-20,open
uci_ledger_495053,UCI-495053,101.43,customer_17351,2010-01-20,open
uci_ledger_495055,UCI-495055,756.85,customer_14911,2010-01-20,open
uci_ledger_495056,UCI-495056,756.85,customer_14911,2010-01-20,open
uci_ledger_495057,UCI-495057,282.75,customer_14040,2010-01-20,open
uci_ledger_495058,UCI-495058,167.1,customer_17875,2010-01-20,open
uci_ledger_495059,UCI-495059,226.89,customer_13756,2010-01-20,open
uci_ledger_495071,UCI-495071,455.0,customer_13798,2010-01-21,open
uci_ledger_495072,UCI-495072,833.52,customer_14215,2010-01-21,open
uci_ledger_495073,UCI-495073,3590.07,customer_14911,2010-01-21,open
uci_ledger_495074,UCI-495074,108.72,customer_16019,2010-01-21,open
uci_ledger_495075,UCI-495075,411.92,customer_16019,2010-01-21,open
uci_ledger_495077,UCI-495077,303.8,customer_16634,2010-01-21,open
uci_ledger_495078,UCI-495078,157.8,customer_14207,2010-01-21,open
uci_ledger_495079,UCI-495079,274.89,customer_15095,2010-01-21,open
uci_ledger_495080,UCI-495080,54.95,customer_17526,2010-01-21,open
uci_ledger_495085,UCI-495085,303.87,customer_12986,2010-01-21,open
uci_ledger_495090,UCI-495090,537.25,customer_14431,2010-01-21,open
uci_ledger_495102,UCI-495102,686.22,customer_15547,2010-01-21,open
uci_ledger_495110,UCI-495110,199.53,customer_14530,2010-01-21,open
uci_ledger_495148,UCI-495148,523.48,customer_16735,2010-01-21,open
uci_ledger_495149,UCI-495149,216.22,customer_14320,2010-01-21,open
uci_ledger_495151,UCI-495151,104.38,customer_15910,2010-01-21,open
uci_ledger_495150,UCI-495150,149.0,customer_14714,2010-01-21,open
uci_ledger_495152,UCI-495152,393.88,customer_12978,2010-01-21,open
uci_ledger_495153,UCI-495153,438.05,customer_14527,2010-01-21,open
uci_ledger_495154,UCI-495154,130.8,customer_12971,2010-01-21,open
uci_ledger_495158,UCI-495158,218.8,customer_13527,2010-01-21,open
uci_ledger_495171,UCI-495171,133.15,customer_15885,2010-01-21,open
uci_ledger_495176,UCI-495176,413.0,customer_13623,2010-01-21,open
uci_ledger_495177,UCI-495177,412.15,customer_14064,2010-01-21,open
uci_ledger_495178,UCI-495178,534.7,customer_13735,2010-01-21,open
uci_ledger_495179,UCI-495179,260.0,customer_12836,2010-01-21,open
uci_ledger_495182,UCI-495182,269.91,customer_15311,2010-01-21,open
uci_ledger_495183,UCI-495183,1210.43,customer_15296,2010-01-21,open
uci_ledger_495184,UCI-495184,345.29,customer_17841,2010-01-21,open
uci_ledger_495185,UCI-495185,2507.06,customer_14439,2010-01-21,open
uci_ledger_495188,UCI-495188,588.45,customer_13543,2010-01-21,open
uci_ledger_495187,UCI-495187,527.3,customer_13148,2010-01-21,open
uci_ledger_495189,UCI-495189,127.48,customer_15682,2010-01-21,open
uci_ledger_495192,UCI-495192,324.9,customer_14293,2010-01-21,open
uci_ledger_495193,UCI-495193,227.1,customer_14606,2010-01-21,open
uci_ledger_495194,UCI-495194,6989.4,customer_13902,2010-01-21,open
uci_ledger_495195,UCI-495195,368.8,customer_13089,2010-01-21,open
uci_ledger_495196,UCI-495196,25.3,customer_12748,2010-01-21,open
uci_ledger_495197,UCI-495197,284.2,customer_16233,2010-01-21,open
uci_ledger_495198,UCI-495198,373.8,customer_14160,2010-01-21,open
uci_ledger_495200,UCI-495200,323.66,customer_17320,2010-01-21,open
uci_ledger_495206,UCI-495206,258.09,customer_16126,2010-01-21,open
uci_ledger_495208,UCI-495208,11.25,customer_18037,2010-01-21,open
uci_ledger_495215,UCI-495215,192.45,customer_15126,2010-01-21,open
uci_ledger_495225,UCI-495225,173.66,customer_17180,2010-01-21,open
uci_ledger_495224,UCI-495224,17.49,customer_13413,2010-01-21,open
uci_ledger_495226,UCI-495226,212.25,customer_17351,2010-01-21,open
uci_ledger_495227,UCI-495227,188.54,customer_14713,2010-01-21,open
uci_ledger_495228,UCI-495228,8951.24,customer_14646,2010-01-22,open
uci_ledger_495229,UCI-495229,1222.32,customer_14646,2010-01-22,open
uci_ledger_495230,UCI-495230,724.92,customer_13192,2010-01-22,open
uci_ledger_495232,UCI-495232,1193.89,customer_14156,2010-01-22,open
uci_ledger_495233,UCI-495233,96.0,customer_13027,2010-01-22,open
uci_ledger_495235,UCI-495235,1193.89,customer_14156,2010-01-22,open
uci_ledger_495236,UCI-495236,812.44,customer_17409,2010-01-22,open
uci_ledger_495237,UCI-495237,526.96,customer_17160,2010-01-22,open
uci_ledger_495238,UCI-495238,302.06,customer_14854,2010-01-22,open
uci_ledger_495240,UCI-495240,555.0,customer_17949,2010-01-22,open
uci_ledger_495241,UCI-495241,436.3,customer_13078,2010-01-22,open
uci_ledger_495242,UCI-495242,13.5,customer_17794,2010-01-22,open
uci_ledger_495243,UCI-495243,256.95,customer_14209,2010-01-22,open
uci_ledger_495244,UCI-495244,920.95,customer_15179,2010-01-22,open
uci_ledger_495276,UCI-495276,1075.3,customer_14063,2010-01-22,open
uci_ledger_495277,UCI-495277,210.05,customer_14911,2010-01-22,open
uci_ledger_495279,UCI-495279,597.44,customer_14440,2010-01-22,open
uci_ledger_495280,UCI-495280,323.65,customer_12708,2010-01-22,open
uci_ledger_495289,UCI-495289,302.4,customer_17519,2010-01-22,open
uci_ledger_495290,UCI-495290,299.89,customer_15867,2010-01-22,open
uci_ledger_495291,UCI-495291,256.6,customer_14274,2010-01-22,open
uci_ledger_495292,UCI-495292,231.55,customer_15465,2010-01-22,open
uci_ledger_495293,UCI-495293,192.51,customer_16125,2010-01-22,open
uci_ledger_495294,UCI-495294,238.78,customer_17460,2010-01-22,open
uci_ledger_495295,UCI-495295,22.5,customer_12346,2010-01-22,open
uci_ledger_495300,UCI-495300,1120.46,customer_12510,2010-01-22,open
uci_ledger_495302,UCI-495302,189.0,customer_13694,2010-01-22,open
uci_ledger_495304,UCI-495304,701.55,customer_14156,2010-01-22,open
uci_ledger_495307,UCI-495307,908.14,customer_16779,2010-01-22,open
uci_ledger_495308,UCI-495308,20.45,customer_15863,2010-01-22,open
uci_ledger_495310,UCI-495310,1807.98,customer_12531,2010-01-22,open
uci_ledger_495311,UCI-495311,237.65,customer_17243,2010-01-22,open
uci_ledger_495312,UCI-495312,181.39,customer_16822,2010-01-22,open
uci_ledger_495313,UCI-495313,319.38,customer_13889,2010-01-22,open
uci_ledger_495314,UCI-495314,115.49,customer_17888,2010-01-22,open
uci_ledger_495316,UCI-495316,48.2,customer_15581,2010-01-22,open
uci_ledger_495317,UCI-495317,787.35,customer_16327,2010-01-22,open
uci_ledger_495318,UCI-495318,80.2,customer_15266,2010-01-22,open
uci_ledger_495322,UCI-495322,286.18,customer_14640,2010-01-22,open
uci_ledger_495331,UCI-495331,614.19,customer_17799,2010-01-22,open
uci_ledger_495333,UCI-495333,16.95,customer_16158,2010-01-22,open
uci_ledger_495340,UCI-495340,982.83,customer_14031,2010-01-22,open
uci_ledger_495344,UCI-495344,277.68,customer_14837,2010-01-24,open
uci_ledger_495345,UCI-495345,441.26,customer_17242,2010-01-24,open
uci_ledger_495346,UCI-495346,137.12,customer_12956,2010-01-24,open
uci_ledger_495347,UCI-495347,162.25,customer_17920,2010-01-24,open
uci_ledger_495348,UCI-495348,238.89,customer_14037,2010-01-24,open
uci_ledger_495349,UCI-495349,315.55,customer_15641,2010-01-24,open
uci_ledger_495350,UCI-495350,118.31,customer_13693,2010-01-24,open
uci_ledger_495351,UCI-495351,436.35,customer_17618,2010-01-24,open
uci_ledger_495352,UCI-495352,154.77,customer_17335,2010-01-24,open
uci_ledger_495353,UCI-495353,159.1,customer_17780,2010-01-24,open
uci_ledger_495354,UCI-495354,394.6,customer_16950,2010-01-24,open
uci_ledger_495355,UCI-495355,379.33,customer_12916,2010-01-24,open
uci_ledger_495356,UCI-495356,307.1,customer_13036,2010-01-24,open
uci_ledger_495357,UCI-495357,185.06,customer_14879,2010-01-24,open
uci_ledger_495358,UCI-495358,924.64,customer_13089,2010-01-24,open
uci_ledger_495359,UCI-495359,1018.98,customer_16422,2010-01-24,open
uci_ledger_495360,UCI-495360,557.53,customer_12703,2010-01-24,open
uci_ledger_495361,UCI-495361,76.4,customer_13249,2010-01-24,open
uci_ledger_495362,UCI-495362,950.72,customer_15727,2010-01-24,open
uci_ledger_495364,UCI-495364,106.65,customer_15711,2010-01-24,open
uci_ledger_495365,UCI-495365,501.23,customer_14701,2010-01-24,open
uci_ledger_495366,UCI-495366,297.63,customer_16255,2010-01-24,open
uci_ledger_495367,UCI-495367,326.55,customer_14070,2010-01-24,open
uci_ledger_495369,UCI-495369,565.79,customer_13527,2010-01-24,open
uci_ledger_495370,UCI-495370,16.44,customer_12748,2010-01-24,open
uci_ledger_495371,UCI-495371,378.71,customer_17675,2010-01-24,open
uci_ledger_495372,UCI-495372,260.84,customer_14396,2010-01-24,open
uci_ledger_495374,UCI-495374,308.01,customer_17071,2010-01-24,open
uci_ledger_495375,UCI-495375,409.93,customer_16523,2010-01-24,open
uci_ledger_495376,UCI-495376,139.65,customer_15581,2010-01-24,open
uci_ledger_495377,UCI-495377,475.0,customer_14194,2010-01-24,open
uci_ledger_495378,UCI-495378,61.35,customer_14751,2010-01-24,open
uci_ledger_495379,UCI-495379,435.54,customer_17611,2010-01-24,open
uci_ledger_495380,UCI-495380,296.68,customer_16592,2010-01-24,open
uci_ledger_495381,UCI-495381,397.05,customer_13327,2010-01-24,open
uci_ledger_495382,UCI-495382,200.2,customer_14522,2010-01-24,open
uci_ledger_495383,UCI-495383,281.1,customer_17141,2010-01-24,open
uci_ledger_495384,UCI-495384,125.34,customer_17141,2010-01-24,open
uci_ledger_495385,UCI-495385,257.3,customer_13209,2010-01-24,open
uci_ledger_495386,UCI-495386,162.65,customer_15696,2010-01-24,open
uci_ledger_495387,UCI-495387,357.88,customer_13729,2010-01-24,open
uci_ledger_495388,UCI-495388,364.73,customer_15680,2010-01-24,open
uci_ledger_495389,UCI-495389,245.17,customer_14044,2010-01-24,open
uci_ledger_495390,UCI-495390,225.5,customer_17142,2010-01-24,open
uci_ledger_495391,UCI-495391,340.17,customer_16206,2010-01-24,open
uci_ledger_495392,UCI-495392,285.35,customer_15434,2010-01-24,open
uci_ledger_495393,UCI-495393,175.26,customer_15483,2010-01-24,open
uci_ledger_495394,UCI-495394,135.0,customer_13711,2010-01-24,open
uci_ledger_495395,UCI-495395,323.38,customer_14986,2010-01-24,open
uci_ledger_495396,UCI-495396,462.05,customer_17584,2010-01-25,open
uci_ledger_495397,UCI-495397,332.55,customer_14870,2010-01-25,open
uci_ledger_495398,UCI-495398,518.35,customer_14621,2010-01-25,open
uci_ledger_495399,UCI-495399,521.77,customer_12949,2010-01-25,open
uci_ledger_495400,UCI-495400,262.95,customer_14540,2010-01-25,open
uci_ledger_495401,UCI-495401,627.77,customer_14329,2010-01-25,open
uci_ledger_495402,UCI-495402,302.2,customer_15303,2010-01-25,open
uci_ledger_495404,UCI-495404,1432.02,customer_14439,2010-01-25,open
uci_ledger_495405,UCI-495405,247.55,customer_16125,2010-01-25,open
uci_ledger_495407,UCI-495407,350.73,customer_13488,2010-01-25,open
uci_ledger_495408,UCI-495408,140.55,customer_14735,2010-01-25,open
uci_ledger_495409,UCI-495409,310.67,customer_17810,2010-01-25,open
uci_ledger_495414,UCI-495414,83.14,customer_14519,2010-01-25,open
uci_ledger_495415,UCI-495415,344.75,customer_18199,2010-01-25,open
uci_ledger_495439,UCI-495439,422.7,customer_13477,2010-01-25,open
uci_ledger_495456,UCI-495456,312.1,customer_13313,2010-01-25,open
uci_ledger_495467,UCI-495467,1051.92,customer_13001,2010-01-25,open
uci_ledger_495487,UCI-495487,772.87,customer_15311,2010-01-25,open
uci_ledger_495488,UCI-495488,627.43,customer_14911,2010-01-25,open
uci_ledger_495501,UCI-495501,352.2,customer_15719,2010-01-25,open
uci_ledger_495503,UCI-495503,342.42,customer_15858,2010-01-25,open
uci_ledger_495504,UCI-495504,617.97,customer_16795,2010-01-25,open
uci_ledger_495505,UCI-495505,215.7,customer_17419,2010-01-25,open
uci_ledger_495506,UCI-495506,46.5,customer_14421,2010-01-25,open
uci_ledger_495507,UCI-495507,536.85,customer_14514,2010-01-25,open
uci_ledger_495508,UCI-495508,1025.46,customer_13141,2010-01-25,open
uci_ledger_495509,UCI-495509,454.74,customer_16004,2010-01-25,open
uci_ledger_495510,UCI-495510,183.93,customer_17841,2010-01-25,open
uci_ledger_495512,UCI-495512,616.18,customer_16700,2010-01-25,open
uci_ledger_495514,UCI-495514,144.65,customer_13564,2010-01-25,open
uci_ledger_495524,UCI-495524,19.95,customer_17961,2010-01-25,open
uci_ledger_495526,UCI-495526,379.13,customer_14628,2010-01-25,open
uci_ledger_495527,UCI-495527,180.45,customer_15611,2010-01-25,open
uci_ledger_495529,UCI-495529,445.34,customer_17610,2010-01-25,open
uci_ledger_495530,UCI-495530,730.94,customer_15768,2010-01-25,open
uci_ledger_495531,UCI-495531,170.81,customer_14606,2010-01-25,open
uci_ledger_495533,UCI-495533,215.46,customer_14376,2010-01-25,open
uci_ledger_495534,UCI-495534,305.34,customer_14032,2010-01-25,open
uci_ledger_495536,UCI-495536,204.6,customer_12857,2010-01-25,open
uci_ledger_495544,UCI-495544,452.6,customer_14538,2010-01-25,open
uci_ledger_495546,UCI-495546,818.01,customer_13206,2010-01-25,open
uci_ledger_495547,UCI-495547,235.5,customer_18061,2010-01-25,open
uci_ledger_495548,UCI-495548,13.2,customer_18061,2010-01-25,open
uci_ledger_495549,UCI-495549,387.74,customer_17218,2010-01-25,open
uci_ledger_495551,UCI-495551,155.45,customer_17085,2010-01-25,open
uci_ledger_495575,UCI-495575,505.13,customer_13650,2010-01-26,open
uci_ledger_495576,UCI-495576,302.55,customer_15259,2010-01-26,open
uci_ledger_495577,UCI-495577,301.8,customer_13767,2010-01-26,open
uci_ledger_495578,UCI-495578,267.22,customer_13971,2010-01-26,open
uci_ledger_495580,UCI-495580,132.2,customer_17681,2010-01-26,open
uci_ledger_495581,UCI-495581,441.23,customer_12468,2010-01-26,open
uci_ledger_495584,UCI-495584,229.59,customer_16719,2010-01-26,open
uci_ledger_495591,UCI-495591,18570.88,customer_14646,2010-01-26,open
uci_ledger_495605,UCI-495605,455.02,customer_12471,2010-01-26,open
uci_ledger_495609,UCI-495609,54.0,customer_12471,2010-01-26,open
uci_ledger_495633,UCI-495633,133.01,customer_15039,2010-01-26,open
uci_ledger_495634,UCI-495634,221.5,customer_15046,2010-01-26,open
uci_ledger_495676,UCI-495676,388.24,customer_17700,2010-01-26,open
uci_ledger_495677,UCI-495677,220.6,customer_14211,2010-01-26,open
uci_ledger_495678,UCI-495678,374.35,customer_15218,2010-01-26,open
uci_ledger_495681,UCI-495681,495.72,customer_15805,2010-01-26,open
uci_ledger_495680,UCI-495680,556.66,customer_15950,2010-01-26,open
uci_ledger_495682,UCI-495682,389.86,customer_15002,2010-01-26,open
uci_ledger_495683,UCI-495683,140.95,customer_16742,2010-01-26,open
uci_ledger_495684,UCI-495684,34.78,customer_17536,2010-01-26,open
uci_ledger_495686,UCI-495686,633.25,customer_15044,2010-01-26,open
uci_ledger_495687,UCI-495687,76.52,customer_12439,2010-01-26,open
uci_ledger_495688,UCI-495688,352.29,customer_14527,2010-01-26,open
uci_ledger_495689,UCI-495689,565.15,customer_14680,2010-01-26,open
uci_ledger_495699,UCI-495699,1834.14,customer_12709,2010-01-26,open
uci_ledger_495700,UCI-495700,20.4,customer_12709,2010-01-26,open
uci_ledger_495702,UCI-495702,125.3,customer_12839,2010-01-26,open
uci_ledger_495703,UCI-495703,261.88,customer_15518,2010-01-26,open
uci_ledger_495706,UCI-495706,371.91,customer_15003,2010-01-26,open
uci_ledger_495707,UCI-495707,296.4,customer_14478,2010-01-26,open
uci_ledger_495708,UCI-495708,453.38,customer_16481,2010-01-26,open
uci_ledger_495710,UCI-495710,630.79,customer_13459,2010-01-26,open
uci_ledger_495711,UCI-495711,544.22,customer_13097,2010-01-26,open
uci_ledger_495712,UCI-495712,781.52,customer_16281,2010-01-26,open
uci_ledger_495713,UCI-495713,177.0,customer_17075,2010-01-26,open
uci_ledger_495715,UCI-495715,114.28,customer_13610,2010-01-26,open
uci_ledger_495716,UCI-495716,593.66,customer_12905,2010-01-26,open
uci_ledger_495718,UCI-495718,234.57,customer_16791,2010-01-26,open
uci_ledger_495719,UCI-495719,109.2,customer_12361,2010-01-26,open
uci_ledger_495720,UCI-495720,430.3,customer_17059,2010-01-26,open
uci_ledger_495721,UCI-495721,216.04,customer_15845,2010-01-26,open
uci_ledger_495722,UCI-495722,301.54,customer_17050,2010-01-26,open
uci_ledger_495724,UCI-495724,108.84,customer_17726,2010-01-26,open
uci_ledger_495725,UCI-495725,533.44,customer_12681,2010-01-26,open
uci_ledger_495726,UCI-495726,346.3,customer_13514,2010-01-26,open
uci_ledger_495727,UCI-495727,201.6,customer_15766,2010-01-26,open
uci_ledger_495731,UCI-495731,267.79,customer_15959,2010-01-26,open
uci_ledger_495733,UCI-495733,68.34,customer_14911,2010-01-26,open
uci_ledger_495734,UCI-495734,205.82,customer_14911,2010-01-26,open
uci_ledger_495735,UCI-495735,201.56,customer_12745,2010-01-26,open
uci_ledger_495736,UCI-495736,21.0,customer_12606,2010-01-26,open
uci_ledger_495742,UCI-495742,63.24,customer_12404,2010-01-26,open
uci_ledger_495746,UCI-495746,281.75,customer_15959,2010-01-26,open
uci_ledger_495745,UCI-495745,56.73,customer_12466,2010-01-26,open
uci_ledger_495748,UCI-495748,117.72,customer_16291,2010-01-26,open
uci_ledger_495747,UCI-495747,129.23,customer_12555,2010-01-26,open
uci_ledger_495750,UCI-495750,132.79,customer_14156,2010-01-26,open
uci_ledger_495754,UCI-495754,15.58,customer_12846,2010-01-26,open
uci_ledger_495753,UCI-495753,178.31,customer_14653,2010-01-26,open
uci_ledger_495755,UCI-495755,342.8,customer_14413,2010-01-26,open
uci_ledger_495756,UCI-495756,39.67,customer_14912,2010-01-26,open
uci_ledger_495758,UCI-495758,274.2,customer_14911,2010-01-26,open
uci_ledger_495760,UCI-495760,64.13,customer_14156,2010-01-26,open
uci_ledger_495763,UCI-495763,107.14,customer_16047,2010-01-26,open
uci_ledger_495765,UCI-495765,29.95,customer_15959,2010-01-26,open
uci_ledger_495766,UCI-495766,84.58,customer_12709,2010-01-26,open
uci_ledger_495773,UCI-495773,4.57,customer_12600,2010-01-26,open
uci_ledger_495776,UCI-495776,49.35,customer_17940,2010-01-26,open
uci_ledger_495777,UCI-495777,179.45,customer_14156,2010-01-26,open
uci_ledger_495780,UCI-495780,16.33,customer_17867,2010-01-26,open
uci_ledger_495782,UCI-495782,139.71,customer_14156,2010-01-26,open
uci_ledger_495783,UCI-495783,48.96,customer_14380,2010-01-26,open
uci_ledger_495784,UCI-495784,11.31,customer_14156,2010-01-26,open
uci_ledger_495788,UCI-495788,11.9,customer_14156,2010-01-26,open
uci_ledger_495791,UCI-495791,243.63,customer_14079,2010-01-26,open
uci_ledger_495792,UCI-495792,114.89,customer_17672,2010-01-26,open
uci_ledger_495794,UCI-495794,41.09,customer_12471,2010-01-26,open
uci_ledger_495795,UCI-495795,27.82,customer_15702,2010-01-26,open
uci_ledger_495799,UCI-495799,81.61,customer_13327,2010-01-26,open
uci_ledger_495801,UCI-495801,77.52,customer_12570,2010-01-26,open
uci_ledger_495802,UCI-495802,387.54,customer_12748,2010-01-26,open
uci_ledger_495806,UCI-495806,478.9,customer_15073,2010-01-27,open
uci_ledger_495807,UCI-495807,184.3,customer_13698,2010-01-27,open
uci_ledger_495808,UCI-495808,188.44,customer_16051,2010-01-27,open
uci_ledger_495809,UCI-495809,324.5,customer_14365,2010-01-27,open
uci_ledger_495810,UCI-495810,492.4,customer_12873,2010-01-27,open
uci_ledger_495811,UCI-495811,304.1,customer_15222,2010-01-27,open
uci_ledger_495812,UCI-495812,345.72,customer_18051,2010-01-27,open
uci_ledger_495815,UCI-495815,595.95,customer_12549,2010-01-27,open
uci_ledger_495818,UCI-495818,148.63,customer_14299,2010-01-27,open
uci_ledger_495819,UCI-495819,158.4,customer_14299,2010-01-27,open
uci_ledger_495854,UCI-495854,348.61,customer_15695,2010-01-27,open
uci_ledger_495875,UCI-495875,398.16,customer_16550,2010-01-27,open
uci_ledger_495880,UCI-495880,1020.0,customer_18008,2010-01-27,open
uci_ledger_495882,UCI-495882,332.04,customer_13941,2010-01-27,open
uci_ledger_495883,UCI-495883,366.28,customer_15798,2010-01-27,open
uci_ledger_495884,UCI-495884,148.85,customer_14551,2010-01-27,open
uci_ledger_495885,UCI-495885,337.67,customer_12869,2010-01-27,open
uci_ledger_495886,UCI-495886,106.4,customer_14577,2010-01-27,open
uci_ledger_495887,UCI-495887,106.05,customer_17797,2010-01-27,open
uci_ledger_495889,UCI-495889,157.08,customer_17604,2010-01-27,open
uci_ledger_495898,UCI-495898,236.75,customer_16713,2010-01-27,open
uci_ledger_495906,UCI-495906,4385.71,customer_13694,2010-01-27,open
uci_ledger_495907,UCI-495907,602.3,customer_13694,2010-01-27,open
uci_ledger_495908,UCI-495908,854.8,customer_15389,2010-01-27,open
uci_ledger_495909,UCI-495909,104.95,customer_16430,2010-01-27,open
uci_ledger_495910,UCI-495910,198.84,customer_15911,2010-01-27,open
uci_ledger_495912,UCI-495912,558.14,customer_13590,2010-01-27,open
uci_ledger_495913,UCI-495913,394.6,customer_13048,2010-01-27,open
uci_ledger_495915,UCI-495915,300.68,customer_15797,2010-01-27,open
uci_ledger_495916,UCI-495916,346.95,customer_12921,2010-01-27,open
uci_ledger_495917,UCI-495917,533.72,customer_12921,2010-01-27,open
uci_ledger_495918,UCI-495918,15.9,customer_15885,2010-01-27,open
uci_ledger_495919,UCI-495919,823.15,customer_16320,2010-01-27,open
uci_ledger_495920,UCI-495920,770.15,customer_15808,2010-01-27,open
uci_ledger_495921,UCI-495921,357.59,customer_15311,2010-01-27,open
uci_ledger_495925,UCI-495925,325.38,customer_17861,2010-01-27,open
uci_ledger_495928,UCI-495928,1072.4,customer_14258,2010-01-27,open
uci_ledger_495929,UCI-495929,321.08,customer_15485,2010-01-27,open
uci_ledger_495935,UCI-495935,251.68,customer_13468,2010-01-27,open
uci_ledger_495936,UCI-495936,1356.63,customer_17865,2010-01-27,open
uci_ledger_495937,UCI-495937,363.1,customer_13798,2010-01-27,open
uci_ledger_495938,UCI-495938,582.3,customer_13798,2010-01-27,open
uci_ledger_495939,UCI-495939,168.55,customer_13101,2010-01-27,open
uci_ledger_495940,UCI-495940,201.2,customer_18016,2010-01-27,open
uci_ledger_495941,UCI-495941,151.95,customer_14167,2010-01-27,open
uci_ledger_495942,UCI-495942,67.6,customer_15549,2010-01-27,open
uci_ledger_495945,UCI-495945,1025.87,customer_13758,2010-01-27,open
uci_ledger_495946,UCI-495946,110.5,customer_14279,2010-01-27,open
uci_ledger_495947,UCI-495947,565.3,customer_12484,2010-01-27,open
uci_ledger_495949,UCI-495949,151.87,customer_14606,2010-01-27,open
uci_ledger_495950,UCI-495950,15.9,customer_12843,2010-01-27,open
uci_ledger_495954,UCI-495954,911.44,customer_14828,2010-01-28,open
uci_ledger_495955,UCI-495955,449.97,customer_14625,2010-01-28,open
uci_ledger_495956,UCI-495956,654.0,customer_17809,2010-01-28,open
uci_ledger_495957,UCI-495957,303.9,customer_17695,2010-01-28,open
uci_ledger_495958,UCI-495958,138.18,customer_17982,2010-01-28,open
uci_ledger_495960,UCI-495960,586.88,customer_14952,2010-01-28,open
uci_ledger_495962,UCI-495962,305.7,customer_14465,2010-01-28,open
uci_ledger_495963,UCI-495963,489.31,customer_13448,2010-01-28,open
uci_ledger_495993,UCI-495993,155.86,customer_14672,2010-01-28,open
uci_ledger_495994,UCI-495994,428.8,customer_15563,2010-01-28,open
uci_ledger_495995,UCI-495995,37.05,customer_13694,2010-01-28,open
uci_ledger_496002,UCI-496002,317.64,customer_16746,2010-01-28,open
uci_ledger_496003,UCI-496003,113.19,customer_16905,2010-01-28,open
uci_ledger_496004,UCI-496004,235.12,customer_13820,2010-01-28,open
uci_ledger_496007,UCI-496007,490.39,customer_15203,2010-01-28,open
uci_ledger_496008,UCI-496008,1034.67,customer_14911,2010-01-28,open
uci_ledger_496010,UCI-496010,186.82,customer_17841,2010-01-28,open
uci_ledger_496011,UCI-496011,46.08,customer_12989,2010-01-28,open
uci_ledger_496012,UCI-496012,553.06,customer_16779,2010-01-28,open
uci_ledger_496013,UCI-496013,665.24,customer_16366,2010-01-28,open
uci_ledger_496014,UCI-496014,76.32,customer_14613,2010-01-28,open
uci_ledger_496017,UCI-496017,279.07,customer_16326,2010-01-28,open
uci_ledger_496019,UCI-496019,75.2,customer_12835,2010-01-28,open
uci_ledger_496020,UCI-496020,37.2,customer_12835,2010-01-28,open
uci_ledger_496022,UCI-496022,3.38,customer_12835,2010-01-28,open
uci_ledger_496023,UCI-496023,131.9,customer_15602,2010-01-28,open
uci_ledger_496024,UCI-496024,873.44,customer_13089,2010-01-28,open
uci_ledger_496033,UCI-496033,246.78,customer_12872,2010-01-28,open
uci_ledger_496042,UCI-496042,286.15,customer_17646,2010-01-28,open
uci_ledger_496047,UCI-496047,842.82,customer_14831,2010-01-28,open
uci_ledger_496054,UCI-496054,463.22,customer_15544,2010-01-28,open
uci_ledger_496056,UCI-496056,81.6,customer_14558,2010-01-28,open
uci_ledger_496057,UCI-496057,422.7,customer_16137,2010-01-28,open
uci_ledger_496058,UCI-496058,846.81,customer_17115,2010-01-28,open
uci_ledger_496059,UCI-496059,20.0,customer_16535,2010-01-28,open
uci_ledger_496060,UCI-496060,630.32,customer_18194,2010-01-28,open
uci_ledger_496061,UCI-496061,318.98,customer_15738,2010-01-28,open
uci_ledger_496062,UCI-496062,808.15,customer_13615,2010-01-28,open
uci_ledger_496063,UCI-496063,392.82,customer_15137,2010-01-28,open
uci_ledger_496065,UCI-496065,110.88,customer_17768,2010-01-28,open
uci_ledger_496066,UCI-496066,346.56,customer_13831,2010-01-28,open
uci_ledger_496067,UCI-496067,76.32,customer_17768,2010-01-28,open
uci_ledger_496068,UCI-496068,176.7,customer_12931,2010-01-28,open
uci_ledger_496069,UCI-496069,517.16,customer_13093,2010-01-28,open
uci_ledger_496070,UCI-496070,306.3,customer_18259,2010-01-28,open
uci_ledger_496072,UCI-496072,571.84,customer_15615,2010-01-28,open
uci_ledger_496073,UCI-496073,795.68,customer_13174,2010-01-28,open
uci_ledger_496074,UCI-496074,272.45,customer_17612,2010-01-28,open
uci_ledger_496075,UCI-496075,121.1,customer_13174,2010-01-28,open
uci_ledger_496081,UCI-496081,171.33,customer_17905,2010-01-28,open
uci_ledger_496083,UCI-496083,5.1,customer_17905,2010-01-28,open
uci_ledger_496085,UCI-496085,124.1,customer_14702,2010-01-28,open
uci_ledger_496086,UCI-496086,413.75,customer_15861,2010-01-28,open
uci_ledger_496088,UCI-496088,301.4,customer_13557,2010-01-29,open
uci_ledger_496089,UCI-496089,676.5,customer_17465,2010-01-29,open
uci_ledger_496092,UCI-496092,430.2,customer_13085,2010-01-29,open
uci_ledger_496093,UCI-496093,909.5,customer_12949,2010-01-29,open
uci_ledger_496094,UCI-496094,311.24,customer_15192,2010-01-29,open
uci_ledger_496095,UCI-496095,96.5,customer_12484,2010-01-29,open
uci_ledger_496096,UCI-496096,777.9,customer_18225,2010-01-29,open
uci_ledger_496097,UCI-496097,360.0,customer_17949,2010-01-29,open
uci_ledger_496099,UCI-496099,529.0,customer_16029,2010-01-29,open
uci_ledger_496103,UCI-496103,18.75,customer_15359,2010-01-29,open
uci_ledger_496107,UCI-496107,10.6,customer_15359,2010-01-29,open
uci_ledger_496110,UCI-496110,15.9,customer_15359,2010-01-29,open
uci_ledger_496112,UCI-496112,18.75,customer_15359,2010-01-29,open
uci_ledger_496113,UCI-496113,10.5,customer_15359,2010-01-29,open
uci_ledger_496115,UCI-496115,8985.6,customer_17949,2010-01-29,open
uci_ledger_496130,UCI-496130,439.15,customer_14469,2010-01-29,open
uci_ledger_496155,UCI-496155,305.4,customer_16027,2010-01-29,open
uci_ledger_496166,UCI-496166,490.2,customer_13085,2010-01-29,open
uci_ledger_496167,UCI-496167,368.55,customer_14560,2010-01-29,open
uci_ledger_496168,UCI-496168,214.2,customer_15311,2010-01-29,open
uci_ledger_496170,UCI-496170,5.0,customer_15311,2010-01-29,open
uci_ledger_496171,UCI-496171,199.3,customer_13851,2010-01-29,open
uci_ledger_496172,UCI-496172,92.16,customer_12989,2010-01-29,open
uci_ledger_496173,UCI-496173,208.57,customer_14796,2010-01-29,open
uci_ledger_496174,UCI-496174,231.32,customer_15487,2010-01-29,open
uci_ledger_496198,UCI-496198,497.93,customer_15785,2010-01-29,open
uci_ledger_496201,UCI-496201,309.76,customer_15898,2010-01-29,open
uci_ledger_496200,UCI-496200,493.94,customer_13480,2010-01-29,open
uci_ledger_496203,UCI-496203,2.5,customer_15898,2010-01-29,open
uci_ledger_496204,UCI-496204,869.88,customer_15251,2010-01-29,open
uci_ledger_496205,UCI-496205,416.5,customer_12823,2010-01-29,open
uci_ledger_496216,UCI-496216,323.5,customer_16802,2010-01-29,open
uci_ledger_496217,UCI-496217,345.44,customer_13267,2010-01-29,open
uci_ledger_496220,UCI-496220,509.12,customer_15421,2010-01-29,open
uci_ledger_496222,UCI-496222,664.0,customer_13583,2010-01-29,open
uci_ledger_496221,UCI-496221,276.07,customer_17191,2010-01-29,open
uci_ledger_496230,UCI-496230,10.5,customer_16434,2010-01-29,open
uci_ledger_496232,UCI-496232,327.95,customer_14249,2010-01-29,open
uci_ledger_496233,UCI-496233,188.83,customer_16673,2010-01-29,open
uci_ledger_496237,UCI-496237,2646.4,customer_17677,2010-01-29,open
uci_ledger_496236,UCI-496236,75.9,customer_18190,2010-01-29,open
uci_ledger_496235,UCI-496235,414.92,customer_14099,2010-01-29,open
uci_ledger_496238,UCI-496238,72.6,customer_15611,2010-01-29,open
uci_ledger_496245,UCI-496245,193.8,customer_16390,2010-01-29,open
uci_ledger_496288,UCI-496288,782.26,customer_17603,2010-01-29,open
uci_ledger_496291,UCI-496291,339.3,customer_16104,2010-01-31,open
uci_ledger_496292,UCI-496292,185.23,customer_13259,2010-01-31,open
uci_ledger_496293,UCI-496293,487.77,customer_14068,2010-01-31,open
uci_ledger_496294,UCI-496294,227.95,customer_17243,2010-01-31,open
uci_ledger_496296,UCI-496296,129.75,customer_13542,2010-01-31,open
uci_ledger_496297,UCI-496297,319.55,customer_14896,2010-01-31,open
uci_ledger_496299,UCI-496299,694.5,customer_16705,2010-01-31,open
uci_ledger_496300,UCI-496300,151.32,customer_17412,2010-01-31,open
uci_ledger_496301,UCI-496301,696.45,customer_16718,2010-01-31,open
uci_ledger_496302,UCI-496302,125.7,customer_15943,2010-01-31,open
uci_ledger_496303,UCI-496303,543.93,customer_16923,2010-01-31,open
uci_ledger_496304,UCI-496304,508.27,customer_14532,2010-01-31,open
uci_ledger_496305,UCI-496305,304.47,customer_14110,2010-01-31,open
uci_ledger_496306,UCI-496306,310.39,customer_16955,2010-01-31,open
uci_ledger_496307,UCI-496307,95.9,customer_17314,2010-01-31,open
uci_ledger_496308,UCI-496308,973.82,customer_17625,2010-01-31,open
uci_ledger_496309,UCI-496309,732.2,customer_13093,2010-01-31,open
uci_ledger_496310,UCI-496310,110.82,customer_15420,2010-01-31,open
uci_ledger_496311,UCI-496311,214.95,customer_13190,2010-01-31,open
uci_ledger_496313,UCI-496313,225.86,customer_15013,2010-01-31,open
uci_ledger_496315,UCI-496315,127.06,customer_12748,2010-01-31,open
uci_ledger_496316,UCI-496316,579.6,customer_15588,2010-01-31,open
uci_ledger_496317,UCI-496317,317.62,customer_17137,2010-01-31,open
uci_ledger_496318,UCI-496318,82.7,customer_17137,2010-01-31,open
uci_ledger_496319,UCI-496319,128.0,customer_15751,2010-01-31,open
uci_ledger_496322,UCI-496322,416.32,customer_14481,2010-01-31,open
uci_ledger_496321,UCI-496321,257.71,customer_16014,2010-01-31,open
uci_ledger_496323,UCI-496323,115.2,customer_14820,2010-01-31,open
uci_ledger_496324,UCI-496324,307.8,customer_15385,2010-01-31,open
uci_ledger_496325,UCI-496325,320.26,customer_12490,2010-01-31,open
uci_ledger_496326,UCI-496326,301.7,customer_12483,2010-01-31,open
uci_ledger_496327,UCI-496327,229.77,customer_13443,2010-01-31,open
uci_ledger_496329,UCI-496329,91.14,customer_13392,2010-01-31,open
uci_ledger_496330,UCI-496330,302.08,customer_14306,2010-01-31,open
uci_ledger_496331,UCI-496331,482.67,customer_13897,2010-01-31,open
uci_ledger_496333,UCI-496333,283.43,customer_15338,2010-01-31,open
uci_ledger_496334,UCI-496334,1026.38,customer_14911,2010-01-31,open
uci_ledger_496335,UCI-496335,298.3,customer_18212,2010-01-31,open
uci_ledger_496337,UCI-496337,161.39,customer_17372,2010-01-31,open
uci_ledger_496338,UCI-496338,283.8,customer_17230,2010-01-31,open
uci_ledger_496339,UCI-496339,314.99,customer_16655,2010-01-31,open
uci_ledger_496340,UCI-496340,1755.74,customer_12668,2010-01-31,open
uci_ledger_496341,UCI-496341,1614.39,customer_17107,2010-01-31,open
uci_ledger_496342,UCI-496342,286.34,customer_17176,2010-01-31,open
uci_ledger_496343,UCI-496343,386.19,customer_13478,2010-01-31,open
uci_ledger_496344,UCI-496344,106.68,customer_14637,2010-01-31,open
uci_ledger_496345,UCI-496345,129.75,customer_15317,2010-01-31,open
uci_ledger_496348,UCI-496348,281.05,customer_15022,2010-01-31,open
uci_ledger_496349,UCI-496349,435.32,customer_14739,2010-02-01,open
uci_ledger_496351,UCI-496351,257.05,customer_14370,2010-02-01,open
uci_ledger_496354,UCI-496354,159.66,customer_12810,2010-02-01,open
uci_ledger_496355,UCI-496355,730.08,customer_16684,2010-02-01,open
uci_ledger_496356,UCI-496356,528.24,customer_14047,2010-02-01,open
uci_ledger_496357,UCI-496357,436.04,customer_12540,2010-02-01,open
uci_ledger_496359,UCI-496359,56.0,customer_12540,2010-02-01,open
uci_ledger_496361,UCI-496361,107.9,customer_17969,2010-02-01,open
uci_ledger_496363,UCI-496363,347.33,customer_12800,2010-02-01,open
uci_ledger_496370,UCI-496370,388.88,customer_13510,2010-02-01,open
uci_ledger_496373,UCI-496373,549.3,customer_12711,2010-02-01,open
uci_ledger_496374,UCI-496374,138.3,customer_13259,2010-02-01,open
uci_ledger_496381,UCI-496381,274.9,customer_12647,2010-02-01,open
uci_ledger_496399,UCI-496399,389.03,customer_15416,2010-02-01,open
uci_ledger_496400,UCI-496400,452.9,customer_17365,2010-02-01,open
uci_ledger_496407,UCI-496407,188.15,customer_15527,2010-02-01,open
uci_ledger_496412,UCI-496412,325.44,customer_16087,2010-02-01,open
uci_ledger_496425,UCI-496425,282.76,customer_13511,2010-02-01,open
uci_ledger_496426,UCI-496426,35.4,customer_17888,2010-02-01,open
uci_ledger_496427,UCI-496427,291.14,customer_17841,2010-02-01,open
uci_ledger_496428,UCI-496428,218.4,customer_17949,2010-02-01,open
uci_ledger_496429,UCI-496429,246.75,customer_14527,2010-02-01,open
uci_ledger_496430,UCI-496430,111.82,customer_17362,2010-02-01,open
uci_ledger_496431,UCI-496431,188.65,customer_16415,2010-02-01,open
uci_ledger_496434,UCI-496434,279.51,customer_17884,2010-02-01,open
uci_ledger_496436,UCI-496436,217.2,customer_14667,2010-02-01,open
uci_ledger_496438,UCI-496438,129.76,customer_17884,2010-02-01,open
uci_ledger_496439,UCI-496439,56.0,customer_12800,2010-02-01,open
uci_ledger_496440,UCI-496440,39.0,customer_15512,2010-02-01,open
uci_ledger_496441,UCI-496441,241.1,customer_17377,2010-02-01,open
uci_ledger_496442,UCI-496442,45.2,customer_14821,2010-02-01,open
uci_ledger_496443,UCI-496443,793.92,customer_13156,2010-02-01,open
uci_ledger_496444,UCI-496444,293.02,customer_15311,2010-02-01,open
uci_ledger_496445,UCI-496445,759.1,customer_13206,2010-02-01,open
uci_ledger_496446,UCI-496446,217.71,customer_17211,2010-02-01,open
uci_ledger_496459,UCI-496459,364.29,customer_17361,2010-02-01,open
uci_ledger_496460,UCI-496460,28.15,customer_17361,2010-02-01,open
uci_ledger_496461,UCI-496461,312.16,customer_18231,2010-02-01,open
uci_ledger_496462,UCI-496462,310.14,customer_13628,2010-02-01,open
uci_ledger_496463,UCI-496463,818.19,customer_15480,2010-02-01,open
uci_ledger_496464,UCI-496464,452.4,customer_18064,2010-02-01,open
uci_ledger_496465,UCI-496465,708.7,customer_15555,2010-02-01,open
uci_ledger_496466,UCI-496466,15.9,customer_15555,2010-02-01,open
uci_ledger_496467,UCI-496467,818.19,customer_15480,2010-02-01,open
uci_ledger_496469,UCI-496469,113.4,customer_16353,2010-02-01,open
uci_ledger_496470,UCI-496470,298.37,customer_14540,2010-02-01,open
uci_ledger_496471,UCI-496471,231.56,customer_17905,2010-02-01,open
uci_ledger_496473,UCI-496473,342.25,customer_17350,2010-02-01,open
uci_ledger_496474,UCI-496474,206.15,customer_13173,2010-02-01,open
uci_ledger_496475,UCI-496475,300.4,customer_15369,2010-02-01,open
uci_ledger_496476,UCI-496476,44.25,customer_14821,2010-02-01,open
uci_ledger_496477,UCI-496477,35.04,customer_15564,2010-02-01,open
uci_ledger_496480,UCI-496480,603.8,customer_15803,2010-02-01,open
uci_ledger_496486,UCI-496486,166.31,customer_15882,2010-02-01,open
uci_ledger_496488,UCI-496488,156.3,customer_14606,2010-02-01,open
uci_ledger_496491,UCI-496491,117.22,customer_16888,2010-02-01,open
uci_ledger_496493,UCI-496493,1.3,customer_13584,2010-02-02,open
uci_ledger_496496,UCI-496496,1.3,customer_15222,2010-02-02,open
uci_ledger_496500,UCI-496500,179.97,customer_16830,2010-02-02,open
uci_ledger_496502,UCI-496502,1023.6,customer_17146,2010-02-02,open
uci_ledger_496503,UCI-496503,288.95,customer_13319,2010-02-02,open
uci_ledger_496504,UCI-496504,337.5,customer_13319,2010-02-02,open
uci_ledger_496505,UCI-496505,364.5,customer_13916,2010-02-02,open
uci_ledger_496506,UCI-496506,352.13,customer_15279,2010-02-02,open
uci_ledger_496507,UCI-496507,176.1,customer_18175,2010-02-02,open
uci_ledger_496509,UCI-496509,141.24,customer_17163,2010-02-02,open
uci_ledger_496510,UCI-496510,740.43,customer_14016,2010-02-02,open
uci_ledger_496512,UCI-496512,420.26,customer_16300,2010-02-02,open
uci_ledger_496513,UCI-496513,737.22,customer_13162,2010-02-02,open
uci_ledger_496514,UCI-496514,361.83,customer_17377,2010-02-02,open
uci_ledger_496516,UCI-496516,594.75,customer_14680,2010-02-02,open
uci_ledger_496517,UCI-496517,550.8,customer_13767,2010-02-02,open
uci_ledger_496518,UCI-496518,270.06,customer_13854,2010-02-02,open
uci_ledger_496519,UCI-496519,304.35,customer_17581,2010-02-02,open
uci_ledger_496520,UCI-496520,1445.67,customer_15311,2010-02-02,open
uci_ledger_496528,UCI-496528,674.4,customer_15061,2010-02-02,open
uci_ledger_496529,UCI-496529,208.0,customer_12848,2010-02-02,open
uci_ledger_496530,UCI-496530,623.78,customer_13538,2010-02-02,open
uci_ledger_496534,UCI-496534,777.4,customer_17876,2010-02-02,open
uci_ledger_496551,UCI-496551,553.66,customer_13975,2010-02-02,open
uci_ledger_496564,UCI-496564,608.5,customer_14911,2010-02-02,open
uci_ledger_496577,UCI-496577,524.6,customer_13078,2010-02-02,open
uci_ledger_496578,UCI-496578,365.16,customer_12748,2010-02-02,open
uci_ledger_496579,UCI-496579,214.48,customer_12748,2010-02-02,open
uci_ledger_496580,UCI-496580,63.15,customer_15898,2010-02-02,open
uci_ledger_496581,UCI-496581,207.83,customer_12748,2010-02-02,open
uci_ledger_496582,UCI-496582,50.94,customer_12748,2010-02-02,open
uci_ledger_496584,UCI-496584,608.5,customer_14911,2010-02-02,open
uci_ledger_496587,UCI-496587,94.67,customer_15550,2010-02-02,open
uci_ledger_496588,UCI-496588,366.2,customer_17675,2010-02-02,open
uci_ledger_496589,UCI-496589,583.08,customer_17675,2010-02-02,open
uci_ledger_496590,UCI-496590,37.5,customer_17675,2010-02-02,open
uci_ledger_496592,UCI-496592,849.86,customer_17920,2010-02-02,open
uci_ledger_496595,UCI-496595,354.1,customer_13042,2010-02-02,open
uci_ledger_496597,UCI-496597,1399.92,customer_16843,2010-02-02,open
uci_ledger_496609,UCI-496609,287.26,customer_17092,2010-02-02,open
uci_ledger_496611,UCI-496611,1970.76,customer_16067,2010-02-02,open
uci_ledger_496612,UCI-496612,907.4,customer_15061,2010-02-03,open
uci_ledger_496613,UCI-496613,664.8,customer_15270,2010-02-03,open
uci_ledger_496614,UCI-496614,501.96,customer_15270,2010-02-03,open
uci_ledger_496616,UCI-496616,714.21,customer_12682,2010-02-03,open
uci_ledger_496617,UCI-496617,266.5,customer_12805,2010-02-03,open
uci_ledger_496618,UCI-496618,17.0,customer_12510,2010-02-03,open
uci_ledger_496623,UCI-496623,598.91,customer_15497,2010-02-03,open
uci_ledger_496624,UCI-496624,411.66,customer_15321,2010-02-03,open
uci_ledger_496625,UCI-496625,595.58,customer_14051,2010-02-03,open
uci_ledger_496626,UCI-496626,1045.45,customer_13599,2010-02-03,open
uci_ledger_496627,UCI-496627,87.0,customer_14867,2010-02-03,open
uci_ledger_496628,UCI-496628,219.41,customer_16755,2010-02-03,open
uci_ledger_496629,UCI-496629,20.4,customer_12647,2010-02-03,open
uci_ledger_496631,UCI-496631,385.2,customer_14146,2010-02-03,open
uci_ledger_496641,UCI-496641,328.0,customer_15091,2010-02-03,open
uci_ledger_496642,UCI-496642,237.9,customer_15091,2010-02-03,open
uci_ledger_496643,UCI-496643,1143.42,customer_13408,2010-02-03,open
uci_ledger_496644,UCI-496644,110.88,customer_15003,2010-02-03,open
uci_ledger_496651,UCI-496651,517.8,customer_13553,2010-02-03,open
uci_ledger_496652,UCI-496652,112.2,customer_16928,2010-02-03,open
uci_ledger_496662,UCI-496662,195.55,customer_13757,2010-02-03,open
uci_ledger_496665,UCI-496665,509.46,customer_17311,2010-02-03,open
uci_ledger_496675,UCI-496675,107.75,customer_16840,2010-02-03,open
uci_ledger_496677,UCI-496677,105.88,customer_16081,2010-02-03,open
uci_ledger_496690,UCI-496690,458.4,customer_14399,2010-02-03,open
uci_ledger_496703,UCI-496703,931.43,customer_12396,2010-02-03,open
uci_ledger_496704,UCI-496704,652.65,customer_16709,2010-02-03,open
uci_ledger_496705,UCI-496705,294.17,customer_15448,2010-02-03,open
uci_ledger_496706,UCI-496706,710.65,customer_15874,2010-02-03,open
uci_ledger_496710,UCI-496710,112.5,customer_18101,2010-02-03,open
uci_ledger_496725,UCI-496725,102.74,customer_13619,2010-02-03,open
uci_ledger_496728,UCI-496728,346.75,customer_14709,2010-02-03,open
uci_ledger_496730,UCI-496730,485.5,customer_16834,2010-02-03,open
uci_ledger_496737,UCI-496737,294.65,customer_17690,2010-02-03,open
uci_ledger_496745,UCI-496745,306.1,customer_16722,2010-02-03,open
uci_ledger_496750,UCI-496750,150.0,customer_12840,2010-02-03,open
uci_ledger_496768,UCI-496768,307.74,customer_14327,2010-02-03,open
uci_ledger_496770,UCI-496770,191.02,customer_15015,2010-02-03,open
uci_ledger_496771,UCI-496771,349.25,customer_14545,2010-02-03,open
uci_ledger_496772,UCI-496772,315.0,customer_16945,2010-02-03,open
uci_ledger_496773,UCI-496773,687.08,customer_15023,2010-02-03,open
uci_ledger_496774,UCI-496774,300.3,customer_13562,2010-02-03,open
uci_ledger_496775,UCI-496775,360.3,customer_13562,2010-02-03,open
uci_ledger_496792,UCI-496792,105.0,customer_16353,2010-02-03,open
uci_ledger_496802,UCI-496802,704.55,customer_14038,2010-02-04,open
uci_ledger_496803,UCI-496803,41.3,customer_15591,2010-02-04,open
uci_ledger_496816,UCI-496816,221.69,customer_14497,2010-02-04,open
uci_ledger_496817,UCI-496817,299.86,customer_13468,2010-02-04,open
uci_ledger_496818,UCI-496818,231.4,customer_15732,2010-02-04,open
uci_ledger_496821,UCI-496821,450.38,customer_13875,2010-02-04,open
uci_ledger_496822,UCI-496822,606.3,customer_13107,2010-02-04,open
uci_ledger_496829,UCI-496829,965.78,customer_14607,2010-02-04,open
uci_ledger_496850,UCI-496850,286.42,customer_17406,2010-02-04,open
uci_ledger_496851,UCI-496851,487.12,customer_15768,2010-02-04,open
uci_ledger_496862,UCI-496862,125.65,customer_16891,2010-02-04,open
uci_ledger_496863,UCI-496863,585.03,customer_16771,2010-02-04,open
uci_ledger_496864,UCI-496864,437.9,customer_12373,2010-02-04,open
uci_ledger_496865,UCI-496865,64.5,customer_16583,2010-02-04,open
uci_ledger_496866,UCI-496866,237.65,customer_15046,2010-02-04,open
uci_ledger_496867,UCI-496867,625.0,customer_13953,2010-02-04,open
uci_ledger_496868,UCI-496868,127.15,customer_14590,2010-02-04,open
uci_ledger_496869,UCI-496869,662.4,customer_16779,2010-02-04,open
uci_ledger_496870,UCI-496870,112.5,customer_17281,2010-02-04,open
uci_ledger_496871,UCI-496871,460.39,customer_16383,2010-02-04,open
uci_ledger_496872,UCI-496872,260.74,customer_14648,2010-02-04,open
uci_ledger_496873,UCI-496873,78.5,customer_14040,2010-02-04,open
uci_ledger_496876,UCI-496876,94.55,customer_16412,2010-02-04,open
uci_ledger_496877,UCI-496877,488.88,customer_13783,2010-02-04,open
uci_ledger_496881,UCI-496881,164.83,customer_17841,2010-02-04,open
uci_ledger_496882,UCI-496882,686.03,customer_15167,2010-02-04,open
uci_ledger_496900,UCI-496900,1728.58,customer_17138,2010-02-04,open
uci_ledger_496904,UCI-496904,389.25,customer_16986,2010-02-04,open
uci_ledger_496907,UCI-496907,475.3,customer_16986,2010-02-04,open
uci_ledger_496911,UCI-496911,311.43,customer_12500,2010-02-04,open
uci_ledger_496912,UCI-496912,475.3,customer_16986,2010-02-04,open
uci_ledger_496913,UCI-496913,399.75,customer_16986,2010-02-04,open
uci_ledger_496914,UCI-496914,90.0,customer_12500,2010-02-04,open
uci_ledger_496915,UCI-496915,701.51,customer_15856,2010-02-04,open
uci_ledger_496916,UCI-496916,51.0,customer_12490,2010-02-04,open
uci_ledger_496917,UCI-496917,327.4,customer_14151,2010-02-04,open
uci_ledger_496918,UCI-496918,376.95,customer_16986,2010-02-04,open
uci_ledger_496919,UCI-496919,475.3,customer_16986,2010-02-04,open
uci_ledger_496921,UCI-496921,433.55,customer_14081,2010-02-04,open
uci_ledger_496920,UCI-496920,220.09,customer_17309,2010-02-04,open
uci_ledger_496925,UCI-496925,47.65,customer_14081,2010-02-04,open
uci_ledger_496926,UCI-496926,461.65,customer_17965,2010-02-04,open
uci_ledger_496927,UCI-496927,164.95,customer_17293,2010-02-04,open
uci_ledger_496928,UCI-496928,152.17,customer_16266,2010-02-04,open
uci_ledger_496929,UCI-496929,399.72,customer_16569,2010-02-04,open
uci_ledger_496930,UCI-496930,311.14,customer_17873,2010-02-04,open
uci_ledger_496931,UCI-496931,325.12,customer_15365,2010-02-04,open
uci_ledger_496932,UCI-496932,390.65,customer_17873,2010-02-04,open
uci_ledger_496933,UCI-496933,243.65,customer_13491,2010-02-04,open
uci_ledger_496934,UCI-496934,105.53,customer_14861,2010-02-04,open
uci_ledger_496935,UCI-496935,104.7,customer_17328,2010-02-04,open
uci_ledger_496944,UCI-496944,129.88,customer_14606,2010-02-04,open
uci_ledger_496945,UCI-496945,1042.88,customer_15061,2010-02-04,open
uci_ledger_496946,UCI-496946,283.43,customer_14307,2010-02-04,open
uci_ledger_496947,UCI-496947,832.48,customer_14030,2010-02-04,open
uci_ledger_496948,UCI-496948,313.67,customer_15810,2010-02-04,open
uci_ledger_496949,UCI-496949,150.35,customer_13874,2010-02-04,open
uci_ledger_496959,UCI-496959,318.0,customer_17949,2010-02-04,open
uci_ledger_496961,UCI-496961,231.05,customer_17231,2010-02-04,open
uci_ledger_496962,UCI-496962,318.0,customer_17949,2010-02-04,open
uci_ledger_496963,UCI-496963,60.48,customer_17949,2010-02-04,open
uci_ledger_496972,UCI-496972,312.74,customer_15031,2010-02-04,open
uci_ledger_496973,UCI-496973,269.37,customer_18267,2010-02-05,open
uci_ledger_496974,UCI-496974,1138.84,customer_14298,2010-02-05,open
uci_ledger_496975,UCI-496975,228.58,customer_12712,2010-02-05,open
uci_ledger_496976,UCI-496976,124.45,customer_12500,2010-02-05,open
uci_ledger_496977,UCI-496977,532.93,customer_13823,2010-02-05,open
uci_ledger_496978,UCI-496978,372.15,customer_15326,2010-02-05,open
uci_ledger_496980,UCI-496980,300.5,customer_17157,2010-02-05,open
uci_ledger_496981,UCI-496981,247.2,customer_15482,2010-02-05,open
uci_ledger_496982,UCI-496982,97.95,customer_17969,2010-02-05,open
uci_ledger_496987,UCI-496987,497.16,customer_14607,2010-02-05,open
uci_ledger_496990,UCI-496990,1328.77,customer_14607,2010-02-05,open
uci_ledger_496994,UCI-496994,1653.76,customer_13694,2010-02-05,open
uci_ledger_496996,UCI-496996,315.6,customer_18087,2010-02-05,open
uci_ledger_497000,UCI-497000,118.1,customer_13234,2010-02-05,open
uci_ledger_497002,UCI-497002,413.0,customer_12853,2010-02-05,open
uci_ledger_497004,UCI-497004,376.0,customer_15291,2010-02-05,open
uci_ledger_497005,UCI-497005,234.0,customer_13009,2010-02-05,open
uci_ledger_497006,UCI-497006,674.64,customer_16147,2010-02-05,open
uci_ledger_497007,UCI-497007,130.75,customer_15465,2010-02-05,open
uci_ledger_497025,UCI-497025,125.27,customer_15311,2010-02-05,open
uci_ledger_497027,UCI-497027,982.26,customer_13658,2010-02-05,open
uci_ledger_497029,UCI-497029,354.87,customer_13141,2010-02-05,open
uci_ledger_497030,UCI-497030,458.42,customer_18102,2010-02-05,open
uci_ledger_497031,UCI-497031,113.38,customer_12835,2010-02-05,open
uci_ledger_497033,UCI-497033,302.46,customer_18170,2010-02-05,open
uci_ledger_497035,UCI-497035,573.81,customer_16704,2010-02-05,open
uci_ledger_497036,UCI-497036,258.7,customer_15738,2010-02-05,open
uci_ledger_497039,UCI-497039,102.84,customer_13758,2010-02-05,open
uci_ledger_497043,UCI-497043,466.19,customer_15784,2010-02-05,open
uci_ledger_497056,UCI-497056,387.02,customer_14682,2010-02-05,open
uci_ledger_497073,UCI-497073,88.98,customer_16168,2010-02-05,open
uci_ledger_497084,UCI-497084,176.66,customer_18168,2010-02-05,open
uci_ledger_497100,UCI-497100,33.66,customer_14298,2010-02-05,open
uci_ledger_497106,UCI-497106,37.07,customer_17961,2010-02-05,open
uci_ledger_497124,UCI-497124,661.34,customer_13564,2010-02-05,open
uci_ledger_497152,UCI-497152,109.0,customer_15660,2010-02-05,open
uci_ledger_497157,UCI-497157,5206.5,customer_18102,2010-02-05,open
uci_ledger_497163,UCI-497163,15.0,customer_16550,2010-02-05,open
uci_ledger_497195,UCI-497195,54.3,customer_13700,2010-02-07,open
uci_ledger_497196,UCI-497196,301.25,customer_15712,2010-02-07,open
uci_ledger_497197,UCI-497197,368.27,customer_16714,2010-02-07,open
uci_ledger_497198,UCI-497198,99.69,customer_15580,2010-02-07,open
uci_ledger_497200,UCI-497200,110.27,customer_13984,2010-02-07,open
uci_ledger_497201,UCI-497201,987.64,customer_12681,2010-02-07,open
uci_ledger_497202,UCI-497202,212.78,customer_15059,2010-02-07,open
uci_ledger_497203,UCI-497203,484.91,customer_14546,2010-02-07,open
uci_ledger_497204,UCI-497204,298.99,customer_15422,2010-02-07,open
uci_ledger_497205,UCI-497205,268.1,customer_17841,2010-02-07,open
uci_ledger_497207,UCI-497207,197.96,customer_14454,2010-02-07,open
uci_ledger_497208,UCI-497208,357.04,customer_15584,2010-02-07,open
uci_ledger_497209,UCI-497209,418.65,customer_16788,2010-02-07,open
uci_ledger_497211,UCI-497211,181.6,customer_16225,2010-02-07,open
uci_ledger_497210,UCI-497210,191.7,customer_12402,2010-02-07,open
uci_ledger_497212,UCI-497212,309.7,customer_18051,2010-02-07,open
uci_ledger_497213,UCI-497213,349.31,customer_14735,2010-02-07,open
uci_ledger_497214,UCI-497214,129.7,customer_14562,2010-02-07,open
uci_ledger_497215,UCI-497215,310.44,customer_13648,2010-02-07,open
uci_ledger_497218,UCI-497218,196.2,customer_12644,2010-02-07,open
uci_ledger_497216,UCI-497216,407.91,customer_14685,2010-02-07,open
uci_ledger_497217,UCI-497217,7497.64,customer_14156,2010-02-07,open
uci_ledger_497219,UCI-497219,388.8,customer_16656,2010-02-07,open
uci_ledger_497221,UCI-497221,301.56,customer_17550,2010-02-07,open
uci_ledger_497222,UCI-497222,106.75,customer_16082,2010-02-07,open
uci_ledger_497223,UCI-497223,261.0,customer_16212,2010-02-07,open
uci_ledger_497225,UCI-497225,304.32,customer_16422,2010-02-07,open
uci_ledger_497226,UCI-497226,288.5,customer_13394,2010-02-07,open
uci_ledger_497227,UCI-497227,1690.32,customer_13798,2010-02-07,open
uci_ledger_497228,UCI-497228,341.78,customer_13004,2010-02-08,open
uci_ledger_497229,UCI-497229,312.59,customer_17342,2010-02-08,open
uci_ledger_497230,UCI-497230,328.75,customer_17504,2010-02-08,open
uci_ledger_497233,UCI-497233,438.03,customer_14227,2010-02-08,open
uci_ledger_497234,UCI-497234,344.18,customer_17230,2010-02-08,open
uci_ledger_497235,UCI-497235,426.87,customer_18223,2010-02-08,open
uci_ledger_497236,UCI-497236,147.0,customer_18061,2010-02-08,open
uci_ledger_497237,UCI-497237,216.95,customer_13497,2010-02-08,open
uci_ledger_497238,UCI-497238,748.98,customer_12472,2010-02-08,open
uci_ledger_497240,UCI-497240,217.8,customer_16161,2010-02-08,open
uci_ledger_497242,UCI-497242,163.8,customer_16351,2010-02-08,open
uci_ledger_497244,UCI-497244,2.95,customer_15015,2010-02-08,open
uci_ledger_497247,UCI-497247,113.0,customer_15015,2010-02-08,open
uci_ledger_497249,UCI-497249,183.55,customer_14560,2010-02-08,open
uci_ledger_497250,UCI-497250,129.96,customer_14590,2010-02-08,open
uci_ledger_497251,UCI-497251,611.54,customer_13870,2010-02-08,open
uci_ledger_497252,UCI-497252,404.91,customer_15601,2010-02-08,open
uci_ledger_497253,UCI-497253,297.64,customer_14527,2010-02-08,open
uci_ledger_497254,UCI-497254,166.9,customer_16246,2010-02-08,open
uci_ledger_497256,UCI-497256,604.1,customer_13417,2010-02-08,open
uci_ledger_497257,UCI-497257,307.85,customer_13304,2010-02-08,open
uci_ledger_497258,UCI-497258,202.45,customer_13834,2010-02-08,open
uci_ledger_497259,UCI-497259,120.6,customer_14884,2010-02-08,open
uci_ledger_497261,UCI-497261,154.38,customer_16710,2010-02-08,open
uci_ledger_497263,UCI-497263,85.68,customer_17965,2010-02-08,open
uci_ledger_497264,UCI-497264,115.03,customer_15967,2010-02-08,open
uci_ledger_497265,UCI-497265,314.1,customer_18070,2010-02-08,open
uci_ledger_497266,UCI-497266,150.03,customer_15867,2010-02-08,open
uci_ledger_497267,UCI-497267,283.79,customer_16078,2010-02-08,open
uci_ledger_497269,UCI-497269,135.4,customer_15339,2010-02-08,open
uci_ledger_497272,UCI-497272,327.33,customer_17160,2010-02-08,open
uci_ledger_497274,UCI-497274,311.75,customer_16781,2010-02-08,open
uci_ledger_497284,UCI-497284,334.18,customer_17514,2010-02-08,open
uci_ledger_497312,UCI-497312,399.59,customer_17294,2010-02-08,open
uci_ledger_497334,UCI-497334,99.9,customer_17647,2010-02-08,open
uci_ledger_497335,UCI-497335,98.7,customer_17647,2010-02-08,open
uci_ledger_497336,UCI-497336,558.9,customer_12524,2010-02-08,open
uci_ledger_497337,UCI-497337,365.1,customer_14911,2010-02-08,open
uci_ledger_497339,UCI-497339,365.1,customer_14911,2010-02-08,open
uci_ledger_497340,UCI-497340,168.8,customer_12665,2010-02-08,open
uci_ledger_497341,UCI-497341,419.6,customer_13819,2010-02-08,open
uci_ledger_497342,UCI-497342,142.9,customer_15311,2010-02-08,open
uci_ledger_497345,UCI-497345,29.1,customer_17319,2010-02-08,open
uci_ledger_497346,UCI-497346,259.15,customer_16551,2010-02-08,open
uci_ledger_497347,UCI-497347,546.15,customer_17774,2010-02-08,open
uci_ledger_497348,UCI-497348,197.7,customer_13965,2010-02-08,open
uci_ledger_497349,UCI-497349,68.2,customer_17294,2010-02-08,open
uci_ledger_497351,UCI-497351,128.2,customer_15892,2010-02-08,open
uci_ledger_497358,UCI-497358,156.62,customer_14606,2010-02-08,open
uci_ledger_497359,UCI-497359,134.9,customer_13119,2010-02-09,open
uci_ledger_497360,UCI-497360,1885.61,customer_12437,2010-02-09,open
uci_ledger_497362,UCI-497362,1701.66,customer_14160,2010-02-09,open
uci_ledger_497363,UCI-497363,562.96,customer_12370,2010-02-09,open
uci_ledger_497364,UCI-497364,651.41,customer_13131,2010-02-09,open
uci_ledger_497365,UCI-497365,53.28,customer_14609,2010-02-09,open
uci_ledger_497366,UCI-497366,157.2,customer_18268,2010-02-09,open
uci_ledger_497367,UCI-497367,279.5,customer_17742,2010-02-09,open
uci_ledger_497368,UCI-497368,112.4,customer_17577,2010-02-09,open
uci_ledger_497369,UCI-497369,668.15,customer_16746,2010-02-09,open
uci_ledger_497370,UCI-497370,93.35,customer_15082,2010-02-09,open
uci_ledger_497371,UCI-497371,368.15,customer_12471,2010-02-09,open
uci_ledger_497372,UCI-497372,64.14,customer_17810,2010-02-09,open
uci_ledger_497373,UCI-497373,119.85,customer_16748,2010-02-09,open
uci_ledger_497374,UCI-497374,373.65,customer_12645,2010-02-09,open
uci_ledger_497376,UCI-497376,324.3,customer_12683,2010-02-09,open
uci_ledger_497377,UCI-497377,534.26,customer_12490,2010-02-09,open
uci_ledger_497378,UCI-497378,742.38,customer_13089,2010-02-09,open
uci_ledger_497379,UCI-497379,124.78,customer_15039,2010-02-09,open
uci_ledger_497380,UCI-497380,548.9,customer_17083,2010-02-09,open
uci_ledger_497382,UCI-497382,632.02,customer_14680,2010-02-09,open
uci_ledger_497383,UCI-497383,274.44,customer_12621,2010-02-09,open
uci_ledger_497384,UCI-497384,892.72,customer_12647,2010-02-09,open
uci_ledger_497385,UCI-497385,236.6,customer_13293,2010-02-09,open
uci_ledger_497386,UCI-497386,142.33,customer_15953,2010-02-09,open
uci_ledger_497387,UCI-497387,209.1,customer_16344,2010-02-09,open
uci_ledger_497388,UCI-497388,103.52,customer_15003,2010-02-09,open
uci_ledger_497389,UCI-497389,54.75,customer_15359,2010-02-09,open
uci_ledger_497390,UCI-497390,373.1,customer_17731,2010-02-09,open
uci_ledger_497391,UCI-497391,405.4,customer_12523,2010-02-09,open
uci_ledger_497392,UCI-497392,213.05,customer_13993,2010-02-09,open
uci_ledger_497393,UCI-497393,275.41,customer_13976,2010-02-09,open
uci_ledger_497394,UCI-497394,242.94,customer_12681,2010-02-09,open
uci_ledger_497395,UCI-497395,179.68,customer_18231,2010-02-09,open
uci_ledger_497396,UCI-497396,117.0,customer_13242,2010-02-09,open
uci_ledger_497397,UCI-497397,154.91,customer_17631,2010-02-09,open
uci_ledger_497398,UCI-497398,136.89,customer_16436,2010-02-09,open
uci_ledger_497399,UCI-497399,250.95,customer_16103,2010-02-09,open
uci_ledger_497400,UCI-497400,224.38,customer_16419,2010-02-09,open
uci_ledger_497401,UCI-497401,224.35,customer_13985,2010-02-09,open
uci_ledger_497402,UCI-497402,1460.7,customer_16873,2010-02-09,open
uci_ledger_497403,UCI-497403,548.17,customer_14422,2010-02-09,open
uci_ledger_497405,UCI-497405,187.95,customer_14735,2010-02-09,open
uci_ledger_497404,UCI-497404,153.75,customer_12663,2010-02-09,open
uci_ledger_497433,UCI-497433,105.0,customer_16353,2010-02-09,open
uci_ledger_497473,UCI-497473,445.68,customer_13156,2010-02-09,open
uci_ledger_497475,UCI-497475,48.35,customer_16530,2010-02-09,open
uci_ledger_497485,UCI-497485,66.06,customer_14460,2010-02-09,open
uci_ledger_497486,UCI-497486,291.86,customer_16841,2010-02-09,open
uci_ledger_497488,UCI-497488,27.25,customer_13700,2010-02-09,open
uci_ledger_497489,UCI-497489,266.84,customer_17841,2010-02-09,open
uci_ledger_497494,UCI-497494,448.05,customer_13092,2010-02-10,open
uci_ledger_497495,UCI-497495,424.72,customer_12932,2010-02-10,open
uci_ledger_497496,UCI-497496,87.4,customer_12483,2010-02-10,open
uci_ledger_497497,UCI-497497,301.2,customer_18058,2010-02-10,open
uci_ledger_497498,UCI-497498,332.4,customer_13777,2010-02-10,open
uci_ledger_497499,UCI-497499,988.04,customer_15176,2010-02-10,open
uci_ledger_497500,UCI-497500,192.42,customer_13767,2010-02-10,open
uci_ledger_497501,UCI-497501,124.77,customer_14606,2010-02-10,open
uci_ledger_497504,UCI-497504,215.15,customer_14593,2010-02-10,open
uci_ledger_497506,UCI-497506,151.55,customer_14593,2010-02-10,open
uci_ledger_497508,UCI-497508,85.5,customer_16768,2010-02-10,open
uci_ledger_497509,UCI-497509,275.8,customer_13164,2010-02-10,open
uci_ledger_497510,UCI-497510,55.5,customer_12776,2010-02-10,open
uci_ledger_497511,UCI-497511,101.4,customer_16742,2010-02-10,open
uci_ledger_497512,UCI-497512,480.82,customer_17201,2010-02-10,open
uci_ledger_497517,UCI-497517,283.98,customer_13813,2010-02-10,open
uci_ledger_497518,UCI-497518,199.04,customer_15312,2010-02-10,open
uci_ledger_497519,UCI-497519,195.4,customer_15311,2010-02-10,open
uci_ledger_497521,UCI-497521,143.01,customer_17780,2010-02-10,open
uci_ledger_497522,UCI-497522,50.8,customer_17780,2010-02-10,open
uci_ledger_497523,UCI-497523,171.7,customer_17575,2010-02-10,open
uci_ledger_497525,UCI-497525,103.77,customer_13442,2010-02-10,open
uci_ledger_497572,UCI-497572,89.32,customer_12747,2010-02-10,open
uci_ledger_497574,UCI-497574,297.66,customer_14739,2010-02-10,open
uci_ledger_497583,UCI-497583,190.1,customer_12951,2010-02-10,open
uci_ledger_497588,UCI-497588,132.94,customer_17377,2010-02-10,open
uci_ledger_497589,UCI-497589,0.95,customer_17377,2010-02-10,open
uci_ledger_497592,UCI-497592,1402.43,customer_17139,2010-02-11,open
uci_ledger_497594,UCI-497594,477.68,customer_13520,2010-02-11,open
uci_ledger_497593,UCI-497593,158.7,customer_12474,2010-02-11,open
uci_ledger_497596,UCI-497596,380.0,customer_16577,2010-02-11,open
uci_ledger_497597,UCI-497597,310.29,customer_15628,2010-02-11,open
uci_ledger_497600,UCI-497600,202.57,customer_17085,2010-02-11,open
uci_ledger_497601,UCI-497601,225.6,customer_12670,2010-02-11,open
uci_ledger_497602,UCI-497602,370.63,customer_15765,2010-02-11,open
uci_ledger_497603,UCI-497603,522.28,customer_12567,2010-02-11,open
uci_ledger_497604,UCI-497604,213.4,customer_17696,2010-02-11,open
uci_ledger_497605,UCI-497605,6.35,customer_17961,2010-02-11,open
uci_ledger_497606,UCI-497606,351.99,customer_12682,2010-02-11,open
uci_ledger_497607,UCI-497607,6.35,customer_17961,2010-02-11,open
uci_ledger_497608,UCI-497608,236.61,customer_13468,2010-02-11,open
uci_ledger_497609,UCI-497609,117.8,customer_14115,2010-02-11,open
uci_ledger_497610,UCI-497610,6.35,customer_17961,2010-02-11,open
uci_ledger_497612,UCI-497612,131.78,customer_12523,2010-02-11,open
uci_ledger_497615,UCI-497615,286.55,customer_14527,2010-02-11,open
uci_ledger_497618,UCI-497618,374.2,customer_15044,2010-02-11,open
uci_ledger_497619,UCI-497619,276.15,customer_14451,2010-02-11,open
uci_ledger_497620,UCI-497620,67.34,customer_12835,2010-02-11,open
uci_ledger_497622,UCI-497622,534.96,customer_16525,2010-02-11,open
uci_ledger_497623,UCI-497623,390.85,customer_14072,2010-02-11,open
uci_ledger_497624,UCI-497624,114.88,customer_16992,2010-02-11,open
uci_ledger_497625,UCI-497625,311.87,customer_15738,2010-02-11,open
uci_ledger_497628,UCI-497628,236.07,customer_15005,2010-02-11,open
uci_ledger_497629,UCI-497629,307.25,customer_14301,2010-02-11,open
uci_ledger_497630,UCI-497630,268.14,customer_17243,2010-02-11,open
uci_ledger_497632,UCI-497632,416.2,customer_16918,2010-02-11,open
uci_ledger_497636,UCI-497636,636.9,customer_17685,2010-02-11,open
uci_ledger_497644,UCI-497644,245.49,customer_16125,2010-02-11,open
uci_ledger_497652,UCI-497652,41.3,customer_16918,2010-02-11,open
uci_ledger_497662,UCI-497662,190.7,customer_12677,2010-02-11,open
uci_ledger_497670,UCI-497670,15.0,customer_15874,2010-02-11,open
uci_ledger_497677,UCI-497677,306.0,customer_13696,2010-02-11,open
uci_ledger_497678,UCI-497678,79.9,customer_14190,2010-02-11,open
uci_ledger_497680,UCI-497680,280.51,customer_15244,2010-02-11,open
uci_ledger_497681,UCI-497681,365.76,customer_13288,2010-02-11,open
uci_ledger_497682,UCI-497682,152.4,customer_13551,2010-02-11,open
uci_ledger_497683,UCI-497683,324.82,customer_16839,2010-02-11,open
uci_ledger_497684,UCI-497684,193.71,customer_14401,2010-02-11,open
uci_ledger_497690,UCI-497690,334.7,customer_15291,2010-02-11,open
uci_ledger_497691,UCI-497691,582.35,customer_14040,2010-02-11,open
uci_ledger_497692,UCI-497692,401.94,customer_15807,2010-02-11,open
uci_ledger_497696,UCI-497696,220.99,customer_18041,2010-02-11,open
uci_ledger_497706,UCI-497706,402.75,customer_16978,2010-02-11,open
uci_ledger_497711,UCI-497711,21.8,customer_16978,2010-02-11,open
uci_ledger_497715,UCI-497715,102.0,customer_15061,2010-02-11,open
uci_ledger_497716,UCI-497716,660.0,customer_13629,2010-02-11,open
uci_ledger_497732,UCI-497732,179.37,customer_13291,2010-02-11,open
uci_ledger_497733,UCI-497733,63.5,customer_13199,2010-02-11,open
uci_ledger_497734,UCI-497734,15.0,customer_13199,2010-02-11,open
uci_ledger_497735,UCI-497735,471.84,customer_16553,2010-02-11,open
uci_ledger_497736,UCI-497736,102.0,customer_16553,2010-02-11,open
uci_ledger_497738,UCI-497738,175.96,customer_17675,2010-02-12,open
uci_ledger_497739,UCI-497739,204.49,customer_14606,2010-02-12,open
uci_ledger_497740,UCI-497740,738.86,customer_13815,2010-02-12,open
uci_ledger_497741,UCI-497741,304.3,customer_15755,2010-02-12,open
uci_ledger_497742,UCI-497742,484.44,customer_16029,2010-02-12,open
uci_ledger_497743,UCI-497743,150.39,customer_16895,2010-02-12,open
uci_ledger_497786,UCI-497786,310.7,customer_16858,2010-02-12,open
uci_ledger_497787,UCI-497787,247.5,customer_15293,2010-02-12,open
uci_ledger_497788,UCI-497788,329.23,customer_18065,2010-02-12,open
uci_ledger_497791,UCI-497791,393.74,customer_16713,2010-02-12,open
uci_ledger_497794,UCI-497794,147.71,customer_15504,2010-02-12,open
uci_ledger_497795,UCI-497795,935.83,customer_16954,2010-02-12,open
uci_ledger_497796,UCI-497796,407.15,customer_15633,2010-02-12,open
uci_ledger_497798,UCI-497798,493.66,customer_12695,2010-02-12,open
uci_ledger_497799,UCI-497799,216.6,customer_13223,2010-02-12,open
uci_ledger_497802,UCI-497802,576.0,customer_13027,2010-02-12,open
uci_ledger_497807,UCI-497807,399.3,customer_12971,2010-02-12,open
uci_ledger_497808,UCI-497808,425.63,customer_17226,2010-02-12,open
uci_ledger_497809,UCI-497809,404.55,customer_17547,2010-02-12,open
uci_ledger_497812,UCI-497812,682.79,customer_14415,2010-02-12,open
uci_ledger_497816,UCI-497816,136.92,customer_15278,2010-02-12,open
uci_ledger_497817,UCI-497817,120.8,customer_15278,2010-02-12,open
uci_ledger_497839,UCI-497839,236.46,customer_17954,2010-02-12,open
uci_ledger_497840,UCI-497840,334.5,customer_15288,2010-02-12,open
uci_ledger_497842,UCI-497842,377.62,customer_12976,2010-02-12,open
uci_ledger_497844,UCI-497844,283.85,customer_17258,2010-02-12,open
uci_ledger_497846,UCI-497846,25.0,customer_17955,2010-02-12,open
uci_ledger_497874,UCI-497874,198.18,customer_15527,2010-02-12,open
uci_ledger_497875,UCI-497875,271.0,customer_17029,2010-02-14,open
uci_ledger_497876,UCI-497876,304.65,customer_13050,2010-02-14,open
uci_ledger_497879,UCI-497879,662.25,customer_12422,2010-02-14,open
uci_ledger_497880,UCI-497880,254.92,customer_16560,2010-02-14,open
uci_ledger_497881,UCI-497881,432.24,customer_15372,2010-02-14,open
uci_ledger_497882,UCI-497882,100.0,customer_12748,2010-02-14,open
uci_ledger_497883,UCI-497883,541.19,customer_13446,2010-02-14,open
uci_ledger_497884,UCI-497884,687.4,customer_16608,2010-02-14,open
uci_ledger_497885,UCI-497885,736.44,customer_15093,2010-02-14,open
uci_ledger_497887,UCI-497887,184.34,customer_14341,2010-02-14,open
uci_ledger_497888,UCI-497888,130.5,customer_14341,2010-02-14,open
uci_ledger_497889,UCI-497889,345.21,customer_17230,2010-02-14,open
uci_ledger_497891,UCI-497891,336.27,customer_15561,2010-02-14,open
uci_ledger_497892,UCI-497892,174.49,customer_13542,2010-02-14,open
uci_ledger_497890,UCI-497890,174.95,customer_17108,2010-02-14,open
uci_ledger_497893,UCI-497893,148.9,customer_15965,2010-02-14,open
uci_ledger_497894,UCI-497894,762.69,customer_15425,2010-02-14,open
uci_ledger_497895,UCI-497895,237.6,customer_12989,2010-02-14,open
uci_ledger_497896,UCI-497896,261.6,customer_12989,2010-02-14,open
uci_ledger_497897,UCI-497897,545.9,customer_15538,2010-02-14,open
uci_ledger_497898,UCI-497898,218.53,customer_18077,2010-02-14,open
uci_ledger_497899,UCI-497899,237.42,customer_16136,2010-02-14,open
uci_ledger_497901,UCI-497901,293.59,customer_12872,2010-02-14,open
uci_ledger_497902,UCI-497902,252.0,customer_15795,2010-02-14,open
uci_ledger_497903,UCI-497903,214.38,customer_15795,2010-02-14,open
uci_ledger_497905,UCI-497905,568.3,customer_13587,2010-02-14,open
uci_ledger_497906,UCI-497906,881.86,customer_14156,2010-02-14,open
uci_ledger_497907,UCI-497907,394.25,customer_14970,2010-02-14,open
uci_ledger_497908,UCI-497908,1.55,customer_14970,2010-02-14,open
uci_ledger_497909,UCI-497909,464.57,customer_15272,2010-02-14,open
uci_ledger_497910,UCI-497910,404.66,customer_15260,2010-02-14,open
uci_ledger_497911,UCI-497911,212.9,customer_17285,2010-02-14,open
uci_ledger_497912,UCI-497912,699.93,customer_12867,2010-02-14,open
uci_ledger_497913,UCI-497913,1585.18,customer_16713,2010-02-14,open
uci_ledger_497914,UCI-497914,174.8,customer_13421,2010-02-14,open
uci_ledger_497915,UCI-497915,133.0,customer_13421,2010-02-14,open
uci_ledger_497916,UCI-497916,866.99,customer_17340,2010-02-14,open
uci_ledger_497917,UCI-497917,511.69,customer_13421,2010-02-14,open
uci_ledger_497918,UCI-497918,343.3,customer_17841,2010-02-14,open
uci_ledger_497919,UCI-497919,341.23,customer_16838,2010-02-14,open
uci_ledger_497920,UCI-497920,272.96,customer_15964,2010-02-14,open
uci_ledger_497921,UCI-497921,770.93,customer_14869,2010-02-14,open
uci_ledger_497922,UCI-497922,352.5,customer_14909,2010-02-14,open
uci_ledger_497923,UCI-497923,304.38,customer_18179,2010-02-14,open
uci_ledger_497925,UCI-497925,107.62,customer_14943,2010-02-14,open
uci_ledger_497926,UCI-497926,762.48,customer_12426,2010-02-15,open
uci_ledger_497928,UCI-497928,102.3,customer_16225,2010-02-15,open
uci_ledger_497929,UCI-497929,356.65,customer_14302,2010-02-15,open
uci_ledger_497931,UCI-497931,1709.0,customer_14258,2010-02-15,open
uci_ledger_497932,UCI-497932,712.39,customer_12391,2010-02-15,open
uci_ledger_497933,UCI-497933,526.08,customer_16422,2010-02-15,open
uci_ledger_497934,UCI-497934,129.05,customer_16905,2010-02-15,open
uci_ledger_497935,UCI-497935,1486.06,customer_13408,2010-02-15,open
uci_ledger_497936,UCI-497936,45.0,customer_15359,2010-02-15,open
uci_ledger_497937,UCI-497937,2805.0,customer_15769,2010-02-15,open
uci_ledger_497939,UCI-497939,348.38,customer_17091,2010-02-15,open
uci_ledger_497941,UCI-497941,897.0,customer_14282,2010-02-15,open
uci_ledger_497942,UCI-497942,128.28,customer_14238,2010-02-15,open
uci_ledger_497943,UCI-497943,1381.95,customer_13225,2010-02-15,open
uci_ledger_497944,UCI-497944,339.84,customer_13225,2010-02-15,open
uci_ledger_497946,UCI-497946,16973.1,customer_13902,2010-02-15,open
uci_ledger_497947,UCI-497947,1508.65,customer_12380,2010-02-15,open
uci_ledger_497948,UCI-497948,1009.94,customer_13081,2010-02-15,open
uci_ledger_497949,UCI-497949,1331.22,customer_16327,2010-02-15,open
uci_ledger_497950,UCI-497950,89.7,customer_16027,2010-02-15,open
uci_ledger_497952,UCI-497952,1508.65,customer_12380,2010-02-15,open
uci_ledger_497953,UCI-497953,51.43,customer_16330,2010-02-15,open
uci_ledger_497954,UCI-497954,340.97,customer_16225,2010-02-15,open
uci_ledger_497955,UCI-497955,1212.5,customer_14543,2010-02-15,open
uci_ledger_497956,UCI-497956,231.68,customer_17136,2010-02-15,open
uci_ledger_497957,UCI-497957,59.4,customer_15371,2010-02-15,open
uci_ledger_497958,UCI-497958,1100.72,customer_14680,2010-02-15,open
uci_ledger_497959,UCI-497959,171.6,customer_16544,2010-02-15,open
uci_ledger_497963,UCI-497963,255.42,customer_14527,2010-02-15,open
uci_ledger_497966,UCI-497966,47.4,customer_16544,2010-02-15,open
uci_ledger_497969,UCI-497969,47.4,customer_16544,2010-02-15,open
uci_ledger_497983,UCI-497983,517.12,customer_16860,2010-02-15,open
uci_ledger_498012,UCI-498012,541.8,customer_17241,2010-02-15,open
uci_ledger_498013,UCI-498013,171.79,customer_15311,2010-02-15,open
uci_ledger_498014,UCI-498014,442.8,customer_15805,2010-02-15,open
uci_ledger_498015,UCI-498015,517.57,customer_17442,2010-02-15,open
uci_ledger_498018,UCI-498018,239.14,customer_12835,2010-02-15,open
uci_ledger_498019,UCI-498019,1482.95,customer_13089,2010-02-15,open
uci_ledger_498020,UCI-498020,62.7,customer_13089,2010-02-15,open
uci_ledger_498021,UCI-498021,129.34,customer_14911,2010-02-15,open
uci_ledger_498022,UCI-498022,63.5,customer_13089,2010-02-15,open
uci_ledger_498025,UCI-498025,181.24,customer_15640,2010-02-15,open
uci_ledger_498026,UCI-498026,591.37,customer_15640,2010-02-15,open
uci_ledger_498027,UCI-498027,623.93,customer_17644,2010-02-16,open
uci_ledger_498028,UCI-498028,108.2,customer_15323,2010-02-16,open
uci_ledger_498029,UCI-498029,59.92,customer_17662,2010-02-16,open
uci_ledger_498035,UCI-498035,1083.01,customer_18172,2010-02-16,open
uci_ledger_498037,UCI-498037,404.76,customer_13802,2010-02-16,open
uci_ledger_498041,UCI-498041,211.94,customer_16098,2010-02-16,open
uci_ledger_498042,UCI-498042,169.69,customer_14369,2010-02-16,open
uci_ledger_498043,UCI-498043,178.43,customer_16359,2010-02-16,open
uci_ledger_498044,UCI-498044,342.4,customer_14989,2010-02-16,open
uci_ledger_498045,UCI-498045,931.72,customer_16584,2010-02-16,open
uci_ledger_498046,UCI-498046,186.1,customer_15051,2010-02-16,open
uci_ledger_498047,UCI-498047,962.99,customer_13381,2010-02-16,open
uci_ledger_498048,UCI-498048,194.3,customer_14606,2010-02-16,open
uci_ledger_498049,UCI-498049,1384.02,customer_13407,2010-02-16,open
uci_ledger_498052,UCI-498052,1677.42,customer_17404,2010-02-16,open
uci_ledger_498053,UCI-498053,159.68,customer_17171,2010-02-16,open
uci_ledger_498054,UCI-498054,68.6,customer_16158,2010-02-16,open
uci_ledger_498055,UCI-498055,434.6,customer_14669,2010-02-16,open
uci_ledger_498060,UCI-498060,204.36,customer_17287,2010-02-16,open
uci_ledger_498070,UCI-498070,207.15,customer_14669,2010-02-16,open
uci_ledger_498078,UCI-498078,345.99,customer_14320,2010-02-16,open
uci_ledger_498089,UCI-498089,393.14,customer_13397,2010-02-16,open
uci_ledger_498090,UCI-498090,48.8,customer_17287,2010-02-16,open
uci_ledger_498091,UCI-498091,745.47,customer_14639,2010-02-16,open
uci_ledger_498093,UCI-498093,393.24,customer_15372,2010-02-16,open
uci_ledger_498094,UCI-498094,197.7,customer_17778,2010-02-16,open
uci_ledger_498095,UCI-498095,553.28,customer_16940,2010-02-16,open
uci_ledger_498096,UCI-498096,340.35,customer_12836,2010-02-16,open
uci_ledger_498097,UCI-498097,774.6,customer_16525,2010-02-16,open
uci_ledger_498098,UCI-498098,171.25,customer_17789,2010-02-16,open
uci_ledger_498099,UCI-498099,196.6,customer_14466,2010-02-16,open
uci_ledger_498100,UCI-498100,215.5,customer_15325,2010-02-16,open
uci_ledger_498101,UCI-498101,413.67,customer_12960,2010-02-16,open
uci_ledger_498102,UCI-498102,242.52,customer_15372,2010-02-16,open
uci_ledger_498103,UCI-498103,310.98,customer_15680,2010-02-16,open
uci_ledger_498104,UCI-498104,927.27,customer_13503,2010-02-16,open
uci_ledger_498105,UCI-498105,1348.08,customer_15372,2010-02-16,open
uci_ledger_498106,UCI-498106,164.09,customer_14525,2010-02-16,open
uci_ledger_498107,UCI-498107,525.0,customer_15078,2010-02-16,open
uci_ledger_498108,UCI-498108,179.68,customer_13468,2010-02-16,open
uci_ledger_498110,UCI-498110,3.75,customer_13503,2010-02-16,open
uci_ledger_498112,UCI-498112,469.51,customer_12972,2010-02-16,open
uci_ledger_498114,UCI-498114,3019.35,customer_15311,2010-02-16,open
uci_ledger_498116,UCI-498116,366.0,customer_14113,2010-02-16,open
uci_ledger_498118,UCI-498118,394.42,customer_16701,2010-02-16,open
uci_ledger_498119,UCI-498119,356.5,customer_13078,2010-02-16,open
uci_ledger_498120,UCI-498120,400.8,customer_13089,2010-02-16,open
uci_ledger_498121,UCI-498121,199.7,customer_17351,2010-02-16,open
uci_ledger_498123,UCI-498123,276.44,customer_16409,2010-02-16,open
uci_ledger_498124,UCI-498124,357.39,customer_17931,2010-02-16,open
uci_ledger_498125,UCI-498125,190.95,customer_13842,2010-02-16,open
uci_ledger_498126,UCI-498126,79.32,customer_13842,2010-02-16,open
uci_ledger_498127,UCI-498127,93.87,customer_13842,2010-02-16,open
uci_ledger_498128,UCI-498128,139.35,customer_16911,2010-02-16,open
uci_ledger_498130,UCI-498130,177.88,customer_15662,2010-02-16,open
uci_ledger_498131,UCI-498131,313.55,customer_17342,2010-02-16,open
uci_ledger_498132,UCI-498132,354.7,customer_16774,2010-02-16,open
uci_ledger_498135,UCI-498135,454.35,customer_14911,2010-02-16,open
uci_ledger_498136,UCI-498136,194.74,customer_13728,2010-02-17,open
uci_ledger_498138,UCI-498138,470.9,customer_14944,2010-02-17,open
uci_ledger_498137,UCI-498137,107.7,customer_14465,2010-02-17,open
uci_ledger_498139,UCI-498139,672.1,customer_14944,2010-02-17,open
uci_ledger_498141,UCI-498141,421.03,customer_13659,2010-02-17,open
uci_ledger_498142,UCI-498142,306.48,customer_17364,2010-02-17,open
uci_ledger_498143,UCI-498143,596.48,customer_13901,2010-02-17,open
uci_ledger_498145,UCI-498145,543.1,customer_14156,2010-02-17,open
uci_ledger_498149,UCI-498149,427.0,customer_18285,2010-02-17,open
uci_ledger_498152,UCI-498152,2836.8,customer_13902,2010-02-17,open
uci_ledger_498153,UCI-498153,147.64,customer_14198,2010-02-17,open
uci_ledger_498154,UCI-498154,334.84,customer_14732,2010-02-17,open
uci_ledger_498155,UCI-498155,100.5,customer_14732,2010-02-17,open
uci_ledger_498156,UCI-498156,164.35,customer_17888,2010-02-17,open
uci_ledger_498157,UCI-498157,366.42,customer_14244,2010-02-17,open
uci_ledger_498158,UCI-498158,514.89,customer_15002,2010-02-17,open
uci_ledger_498159,UCI-498159,253.6,customer_17646,2010-02-17,open
uci_ledger_498160,UCI-498160,146.54,customer_15911,2010-02-17,open
uci_ledger_498161,UCI-498161,3157.06,customer_15251,2010-02-17,open
uci_ledger_498162,UCI-498162,223.2,customer_17560,2010-02-17,open
uci_ledger_498163,UCI-498163,2947.1,customer_17511,2010-02-17,open
uci_ledger_498164,UCI-498164,468.0,customer_13613,2010-02-17,open
uci_ledger_498205,UCI-498205,307.89,customer_14276,2010-02-17,open
uci_ledger_498213,UCI-498213,968.78,customer_18092,2010-02-17,open
uci_ledger_498216,UCI-498216,170.2,customer_17377,2010-02-17,open
uci_ledger_498217,UCI-498217,521.96,customer_17426,2010-02-17,open
uci_ledger_498221,UCI-498221,241.96,customer_17075,2010-02-17,open
uci_ledger_498222,UCI-498222,194.63,customer_14584,2010-02-17,open
uci_ledger_498223,UCI-498223,206.83,customer_16447,2010-02-17,open
uci_ledger_498224,UCI-498224,121.55,customer_17757,2010-02-17,open
uci_ledger_498236,UCI-498236,377.8,customer_15061,2010-02-17,open
uci_ledger_498238,UCI-498238,425.62,customer_15768,2010-02-17,open
uci_ledger_498240,UCI-498240,549.5,customer_12921,2010-02-17,open
uci_ledger_498249,UCI-498249,2329.48,customer_14911,2010-02-17,open
uci_ledger_498254,UCI-498254,80.96,customer_14911,2010-02-17,open
uci_ledger_498256,UCI-498256,366.83,customer_16553,2010-02-17,open
uci_ledger_498261,UCI-498261,869.82,customer_16938,2010-02-17,open
uci_ledger_498260,UCI-498260,528.05,customer_13317,2010-02-17,open
uci_ledger_498269,UCI-498269,15.0,customer_16928,2010-02-17,open
uci_ledger_498270,UCI-498270,301.92,customer_18218,2010-02-17,open
uci_ledger_498276,UCI-498276,398.1,customer_16422,2010-02-17,open
uci_ledger_498281,UCI-498281,408.5,customer_17739,2010-02-17,open
uci_ledger_498283,UCI-498283,595.0,customer_17858,2010-02-17,open
uci_ledger_498284,UCI-498284,365.9,customer_13798,2010-02-17,open
uci_ledger_498288,UCI-498288,201.42,customer_17576,2010-02-17,open
uci_ledger_498290,UCI-498290,610.56,customer_17858,2010-02-17,open
uci_ledger_498291,UCI-498291,118.2,customer_14322,2010-02-18,open
uci_ledger_498292,UCI-498292,51.0,customer_14495,2010-02-18,open
uci_ledger_498294,UCI-498294,301.79,customer_14890,2010-02-18,open
uci_ledger_498300,UCI-498300,303.98,customer_17157,2010-02-18,open
uci_ledger_498301,UCI-498301,673.12,customer_13767,2010-02-18,open
uci_ledger_498303,UCI-498303,19.5,customer_15640,2010-02-18,open
uci_ledger_498305,UCI-498305,240.75,customer_15827,2010-02-18,open
uci_ledger_498307,UCI-498307,59.7,customer_14560,2010-02-18,open
uci_ledger_498325,UCI-498325,532.41,customer_15544,2010-02-18,open
uci_ledger_498326,UCI-498326,91.4,customer_13773,2010-02-18,open
uci_ledger_498328,UCI-498328,275.04,customer_15586,2010-02-18,open
uci_ledger_498336,UCI-498336,169.55,customer_12993,2010-02-18,open
uci_ledger_498338,UCI-498338,448.01,customer_13020,2010-02-18,open
uci_ledger_498340,UCI-498340,443.52,customer_16143,2010-02-18,open
uci_ledger_498341,UCI-498341,1.25,customer_17961,2010-02-18,open
uci_ledger_498343,UCI-498343,210.07,customer_12600,2010-02-18,open
uci_ledger_498345,UCI-498345,293.45,customer_13431,2010-02-18,open
uci_ledger_498346,UCI-498346,312.96,customer_16563,2010-02-18,open
uci_ledger_498347,UCI-498347,131.42,customer_16713,2010-02-18,open
uci_ledger_498348,UCI-498348,371.4,customer_18172,2010-02-18,open
uci_ledger_498349,UCI-498349,533.36,customer_14967,2010-02-18,open
uci_ledger_498350,UCI-498350,299.52,customer_14085,2010-02-18,open
uci_ledger_498351,UCI-498351,164.7,customer_13206,2010-02-18,open
uci_ledger_498352,UCI-498352,158.32,customer_12898,2010-02-18,open
uci_ledger_498353,UCI-498353,443.06,customer_12949,2010-02-18,open
uci_ledger_498354,UCI-498354,230.51,customer_14527,2010-02-18,open
uci_ledger_498355,UCI-498355,129.11,customer_14239,2010-02-18,open
uci_ledger_498357,UCI-498357,166.13,customer_17841,2010-02-18,open
uci_ledger_498359,UCI-498359,454.4,customer_14040,2010-02-18,open
uci_ledger_498360,UCI-498360,175.27,customer_12748,2010-02-18,open
uci_ledger_498361,UCI-498361,326.55,customer_13394,2010-02-18,open
uci_ledger_498362,UCI-498362,1910.96,customer_14952,2010-02-18,open
uci_ledger_498363,UCI-498363,304.0,customer_14952,2010-02-18,open
uci_ledger_498364,UCI-498364,319.88,customer_16170,2010-02-18,open
uci_ledger_498365,UCI-498365,383.55,customer_13579,2010-02-18,open
uci_ledger_498366,UCI-498366,301.31,customer_14152,2010-02-18,open
uci_ledger_498378,UCI-498378,485.67,customer_18178,2010-02-18,open
uci_ledger_498379,UCI-498379,941.57,customer_13680,2010-02-18,open
uci_ledger_498380,UCI-498380,21.0,customer_12891,2010-02-18,open
uci_ledger_498381,UCI-498381,18.05,customer_17763,2010-02-18,open
uci_ledger_498383,UCI-498383,37.5,customer_15693,2010-02-18,open
uci_ledger_498389,UCI-498389,354.17,customer_14606,2010-02-18,open
uci_ledger_498395,UCI-498395,9695.16,customer_14646,2010-02-18,open
uci_ledger_498396,UCI-498396,1474.1,customer_14646,2010-02-18,open
uci_ledger_498397,UCI-498397,307.21,customer_17721,2010-02-18,open
uci_ledger_498398,UCI-498398,3788.34,customer_14646,2010-02-18,open
uci_ledger_498399,UCI-498399,170.68,customer_12747,2010-02-18,open
uci_ledger_498400,UCI-498400,136.93,customer_15005,2010-02-18,open
uci_ledger_498401,UCI-498401,311.21,customer_17469,2010-02-18,open
uci_ledger_498403,UCI-498403,246.22,customer_18153,2010-02-18,open
uci_ledger_498416,UCI-498416,307.3,customer_14783,2010-02-18,open
uci_ledger_498418,UCI-498418,360.38,customer_18257,2010-02-18,open
uci_ledger_498421,UCI-498421,163.55,customer_18008,2010-02-18,open
uci_ledger_498429,UCI-498429,387.51,customer_15306,2010-02-18,open
uci_ledger_498430,UCI-498430,378.46,customer_15615,2010-02-18,open
uci_ledger_498431,UCI-498431,1038.09,customer_14031,2010-02-18,open
uci_ledger_498432,UCI-498432,102.2,customer_16487,2010-02-18,open
uci_ledger_498433,UCI-498433,838.15,customer_13001,2010-02-18,open
uci_ledger_498434,UCI-498434,2160.72,customer_13952,2010-02-18,open
uci_ledger_498435,UCI-498435,266.39,customer_14686,2010-02-18,open
uci_ledger_498436,UCI-498436,50.58,customer_14686,2010-02-18,open
uci_ledger_498437,UCI-498437,408.0,customer_17941,2010-02-18,open
uci_ledger_498438,UCI-498438,162.18,customer_13333,2010-02-19,open
uci_ledger_498439,UCI-498439,276.65,customer_14285,2010-02-19,open
uci_ledger_498440,UCI-498440,6412.0,customer_18102,2010-02-19,open
uci_ledger_498442,UCI-498442,266.21,customer_13004,2010-02-19,open
uci_ledger_498445,UCI-498445,407.94,customer_16656,2010-02-19,open
uci_ledger_498446,UCI-498446,1564.28,customer_13093,2010-02-19,open
uci_ledger_498447,UCI-498447,619.86,customer_16467,2010-02-19,open
uci_ledger_498448,UCI-498448,102.84,customer_13957,2010-02-19,open
uci_ledger_498457,UCI-498457,40.32,customer_17949,2010-02-19,open
uci_ledger_498463,UCI-498463,304.61,customer_13769,2010-02-19,open
uci_ledger_498473,UCI-498473,210.0,customer_12931,2010-02-19,open
uci_ledger_498504,UCI-498504,612.5,customer_12931,2010-02-19,open
uci_ledger_498505,UCI-498505,40.32,customer_17949,2010-02-19,open
uci_ledger_498507,UCI-498507,546.6,customer_16029,2010-02-19,open
uci_ledger_498508,UCI-498508,590.91,customer_16574,2010-02-19,open
uci_ledger_498510,UCI-498510,250.92,customer_13929,2010-02-19,open
uci_ledger_498511,UCI-498511,717.62,customer_13604,2010-02-19,open
uci_ledger_498513,UCI-498513,897.03,customer_17145,2010-02-19,open
uci_ledger_498515,UCI-498515,131.95,customer_15465,2010-02-19,open
uci_ledger_498516,UCI-498516,331.12,customer_18231,2010-02-19,open
uci_ledger_498517,UCI-498517,896.73,customer_15808,2010-02-19,open
uci_ledger_498518,UCI-498518,351.32,customer_15867,2010-02-19,open
uci_ledger_498519,UCI-498519,159.9,customer_16393,2010-02-19,open
uci_ledger_498521,UCI-498521,613.78,customer_17139,2010-02-19,open
uci_ledger_498522,UCI-498522,127.34,customer_13662,2010-02-19,open
uci_ledger_498524,UCI-498524,173.13,customer_13662,2010-02-19,open
uci_ledger_498525,UCI-498525,410.86,customer_13552,2010-02-19,open
uci_ledger_498526,UCI-498526,322.1,customer_13552,2010-02-19,open
uci_ledger_498527,UCI-498527,34.92,customer_17816,2010-02-19,open
uci_ledger_498528,UCI-498528,138.8,customer_15311,2010-02-19,open
uci_ledger_498543,UCI-498543,5.05,customer_17961,2010-02-19,open
uci_ledger_498545,UCI-498545,164.69,customer_13191,2010-02-19,open
uci_ledger_498547,UCI-498547,101.35,customer_18283,2010-02-19,open
uci_ledger_498548,UCI-498548,976.01,customer_17400,2010-02-19,open
uci_ledger_498550,UCI-498550,202.56,customer_12416,2010-02-21,open
uci_ledger_498552,UCI-498552,148.4,customer_17243,2010-02-21,open
uci_ledger_498553,UCI-498553,105.31,customer_15013,2010-02-21,open
uci_ledger_498554,UCI-498554,311.9,customer_13761,2010-02-21,open
uci_ledger_498555,UCI-498555,263.24,customer_14878,2010-02-21,open
uci_ledger_498558,UCI-498558,60.6,customer_14878,2010-02-21,open
uci_ledger_498559,UCI-498559,127.2,customer_14878,2010-02-21,open
uci_ledger_498560,UCI-498560,360.75,customer_16335,2010-02-21,open
uci_ledger_498561,UCI-498561,268.8,customer_15988,2010-02-21,open
uci_ledger_498562,UCI-498562,564.89,customer_15182,2010-02-21,open
uci_ledger_498564,UCI-498564,317.69,customer_14505,2010-02-21,open
uci_ledger_498565,UCI-498565,298.5,customer_16485,2010-02-21,open
uci_ledger_498566,UCI-498566,342.04,customer_16912,2010-02-21,open
uci_ledger_498567,UCI-498567,220.56,customer_16693,2010-02-21,open
uci_ledger_498568,UCI-498568,89.28,customer_14239,2010-02-21,open
uci_ledger_498569,UCI-498569,986.8,customer_14911,2010-02-21,open
uci_ledger_498570,UCI-498570,153.95,customer_15059,2010-02-21,open
uci_ledger_498571,UCI-498571,228.28,customer_15774,2010-02-21,open
uci_ledger_498573,UCI-498573,192.76,customer_14606,2010-02-21,open
uci_ledger_498574,UCI-498574,527.2,customer_15498,2010-02-21,open
uci_ledger_498575,UCI-498575,173.88,customer_14560,2010-02-21,open
uci_ledger_498577,UCI-498577,110.9,customer_16948,2010-02-21,open
uci_ledger_498578,UCI-498578,216.9,customer_13980,2010-02-21,open
uci_ledger_498579,UCI-498579,268.86,customer_17332,2010-02-21,open
uci_ledger_498581,UCI-498581,160.19,customer_13571,2010-02-21,open
uci_ledger_498584,UCI-498584,222.08,customer_16200,2010-02-21,open
uci_ledger_498585,UCI-498585,35.4,customer_16200,2010-02-21,open
uci_ledger_498587,UCI-498587,293.53,customer_15928,2010-02-21,open
uci_ledger_498588,UCI-498588,437.16,customer_12945,2010-02-21,open
uci_ledger_498589,UCI-498589,1609.1,customer_14895,2010-02-21,open
uci_ledger_498590,UCI-498590,442.65,customer_13044,2010-02-21,open
uci_ledger_498592,UCI-498592,408.29,customer_16450,2010-02-21,open
uci_ledger_498593,UCI-498593,205.36,customer_14602,2010-02-21,open
uci_ledger_498594,UCI-498594,353.25,customer_16797,2010-02-21,open
uci_ledger_498596,UCI-498596,330.35,customer_13152,2010-02-21,open
uci_ledger_498597,UCI-498597,259.54,customer_16273,2010-02-21,open
uci_ledger_498601,UCI-498601,179.76,customer_13538,2010-02-21,open
uci_ledger_498610,UCI-498610,498.67,customer_13393,2010-02-22,open
uci_ledger_498611,UCI-498611,284.75,customer_13540,2010-02-22,open
uci_ledger_498612,UCI-498612,84.5,customer_13540,2010-02-22,open
uci_ledger_498613,UCI-498613,118.0,customer_12360,2010-02-22,open
uci_ledger_498614,UCI-498614,515.88,customer_14849,2010-02-22,open
uci_ledger_498615,UCI-498615,339.18,customer_13434,2010-02-22,open
uci_ledger_498616,UCI-498616,38.1,customer_12391,2010-02-22,open
uci_ledger_498617,UCI-498617,164.85,customer_12389,2010-02-22,open
uci_ledger_498618,UCI-498618,1632.93,customer_15382,2010-02-22,open
uci_ledger_498622,UCI-498622,355.25,customer_16985,2010-02-22,open
uci_ledger_498636,UCI-498636,273.75,customer_14159,2010-02-22,open
uci_ledger_498642,UCI-498642,826.15,customer_16057,2010-02-22,open
uci_ledger_498648,UCI-498648,367.6,customer_17955,2010-02-22,open
uci_ledger_498694,UCI-498694,237.09,customer_13787,2010-02-22,open
uci_ledger_498696,UCI-498696,995.21,customer_16619,2010-02-22,open
uci_ledger_498697,UCI-498697,230.4,customer_14997,2010-02-22,open
uci_ledger_498705,UCI-498705,743.4,customer_14680,2010-02-22,open
uci_ledger_498704,UCI-498704,290.39,customer_17841,2010-02-22,open
uci_ledger_498708,UCI-498708,249.12,customer_13199,2010-02-22,open
uci_ledger_498706,UCI-498706,325.74,customer_17439,2010-02-22,open
uci_ledger_498709,UCI-498709,132.5,customer_13217,2010-02-22,open
uci_ledger_498713,UCI-498713,562.98,customer_17195,2010-02-22,open
uci_ledger_498715,UCI-498715,112.88,customer_17081,2010-02-22,open
uci_ledger_498716,UCI-498716,1420.35,customer_15754,2010-02-22,open
uci_ledger_498717,UCI-498717,309.87,customer_17259,2010-02-22,open
uci_ledger_498718,UCI-498718,373.48,customer_17675,2010-02-22,open
uci_ledger_498719,UCI-498719,278.7,customer_13854,2010-02-22,open
uci_ledger_498720,UCI-498720,737.56,customer_15673,2010-02-22,open
uci_ledger_498721,UCI-498721,684.8,customer_13178,2010-02-22,open
uci_ledger_498722,UCI-498722,264.3,customer_16071,2010-02-22,open
uci_ledger_498723,UCI-498723,3360.0,customer_13340,2010-02-22,open
uci_ledger_498724,UCI-498724,2685.54,customer_13340,2010-02-22,open
uci_ledger_498725,UCI-498725,453.54,customer_14667,2010-02-22,open
uci_ledger_498726,UCI-498726,319.32,customer_13576,2010-02-22,open
uci_ledger_498729,UCI-498729,1310.3,customer_17829,2010-02-22,open
uci_ledger_498728,UCI-498728,950.49,customer_13408,2010-02-22,open
uci_ledger_498734,UCI-498734,158.79,customer_17610,2010-02-22,open
uci_ledger_498736,UCI-498736,347.2,customer_12748,2010-02-22,open
uci_ledger_498746,UCI-498746,299.64,customer_13513,2010-02-22,open
uci_ledger_498756,UCI-498756,1110.48,customer_12980,2010-02-22,open
uci_ledger_498757,UCI-498757,427.61,customer_14030,2010-02-22,open
uci_ledger_498758,UCI-498758,2.5,customer_12748,2010-02-22,open
uci_ledger_498759,UCI-498759,881.52,customer_14156,2010-02-22,open
uci_ledger_498762,UCI-498762,344.0,customer_14081,2010-02-22,open
uci_ledger_498763,UCI-498763,37.9,customer_14030,2010-02-22,open
uci_ledger_498764,UCI-498764,204.58,customer_14081,2010-02-22,open
uci_ledger_498765,UCI-498765,34.06,customer_12755,2010-02-23,open
uci_ledger_498766,UCI-498766,309.32,customer_18051,2010-02-23,open
uci_ledger_498767,UCI-498767,139.8,customer_17848,2010-02-23,open
uci_ledger_498769,UCI-498769,1036.64,customer_13093,2010-02-23,open
uci_ledger_498768,UCI-498768,759.32,customer_12727,2010-02-23,open
uci_ledger_498770,UCI-498770,454.7,customer_17667,2010-02-23,open
uci_ledger_498774,UCI-498774,638.57,customer_13330,2010-02-23,open
uci_ledger_498776,UCI-498776,887.4,customer_14160,2010-02-23,open
uci_ledger_498778,UCI-498778,654.12,customer_14134,2010-02-23,open
uci_ledger_498779,UCI-498779,405.78,customer_14134,2010-02-23,open
uci_ledger_498797,UCI-498797,445.01,customer_15493,2010-02-23,open
uci_ledger_498817,UCI-498817,102.03,customer_15732,2010-02-23,open
uci_ledger_498827,UCI-498827,778.68,customer_13798,2010-02-23,open
uci_ledger_498832,UCI-498832,172.15,customer_17377,2010-02-23,open
uci_ledger_498836,UCI-498836,5.1,customer_12647,2010-02-23,open
uci_ledger_498844,UCI-498844,80.7,customer_15611,2010-02-23,open
uci_ledger_498849,UCI-498849,111.35,customer_15967,2010-02-23,open
uci_ledger_498850,UCI-498850,637.44,customer_16416,2010-02-23,open
uci_ledger_498851,UCI-498851,359.05,customer_13319,2010-02-23,open
uci_ledger_498852,UCI-498852,17.0,customer_13319,2010-02-23,open
uci_ledger_498853,UCI-498853,850.0,customer_16779,2010-02-23,open
uci_ledger_498877,UCI-498877,560.97,customer_13052,2010-02-23,open
uci_ledger_498878,UCI-498878,124.75,customer_14726,2010-02-23,open
uci_ledger_498879,UCI-498879,289.6,customer_17519,2010-02-23,open
uci_ledger_498880,UCI-498880,267.45,customer_14558,2010-02-23,open
uci_ledger_498884,UCI-498884,371.56,customer_12820,2010-02-23,open
uci_ledger_498886,UCI-498886,217.24,customer_15295,2010-02-23,open
uci_ledger_498890,UCI-498890,611.42,customer_12682,2010-02-23,open
uci_ledger_498893,UCI-498893,392.2,customer_14755,2010-02-23,open
uci_ledger_498899,UCI-498899,562.6,customer_13772,2010-02-23,open
uci_ledger_498900,UCI-498900,295.64,customer_15241,2010-02-23,open
uci_ledger_498901,UCI-498901,218.81,customer_15311,2010-02-23,open
uci_ledger_498902,UCI-498902,213.0,customer_16843,2010-02-23,open
uci_ledger_498903,UCI-498903,1033.55,customer_14112,2010-02-23,open
uci_ledger_498905,UCI-498905,605.91,customer_12854,2010-02-23,open
uci_ledger_498906,UCI-498906,154.25,customer_13490,2010-02-23,open
uci_ledger_498907,UCI-498907,298.55,customer_12472,2010-02-23,open
uci_ledger_498908,UCI-498908,222.53,customer_13287,2010-02-23,open
uci_ledger_498909,UCI-498909,288.99,customer_14092,2010-02-23,open
uci_ledger_498910,UCI-498910,4010.08,customer_14091,2010-02-23,open
uci_ledger_498911,UCI-498911,246.55,customer_16702,2010-02-23,open
uci_ledger_498912,UCI-498912,91.08,customer_12748,2010-02-23,open
uci_ledger_498913,UCI-498913,552.05,customer_16553,2010-02-23,open
uci_ledger_498914,UCI-498914,389.28,customer_15955,2010-02-23,open
uci_ledger_498918,UCI-498918,238.09,customer_15607,2010-02-24,open
uci_ledger_498919,UCI-498919,78.45,customer_14681,2010-02-24,open
uci_ledger_498921,UCI-498921,1006.29,customer_14911,2010-02-24,open
uci_ledger_498923,UCI-498923,262.18,customer_17028,2010-02-24,open
uci_ledger_498925,UCI-498925,369.0,customer_13694,2010-02-24,open
uci_ledger_498926,UCI-498926,523.5,customer_13694,2010-02-24,open
uci_ledger_498927,UCI-498927,277.12,customer_15290,2010-02-24,open
uci_ledger_498928,UCI-498928,4168.98,customer_13694,2010-02-24,open
uci_ledger_498929,UCI-498929,186.05,customer_16388,2010-02-24,open
uci_ledger_498931,UCI-498931,2087.68,customer_12482,2010-02-24,open
uci_ledger_498935,UCI-498935,892.65,customer_14911,2010-02-24,open
uci_ledger_498936,UCI-498936,1087.52,customer_12482,2010-02-24,open
uci_ledger_498939,UCI-498939,1087.52,customer_12482,2010-02-24,open
uci_ledger_498943,UCI-498943,1087.52,customer_12482,2010-02-24,open
uci_ledger_498944,UCI-498944,92.49,customer_17377,2010-02-24,open
uci_ledger_498945,UCI-498945,1087.52,customer_12482,2010-02-24,open
uci_ledger_498964,UCI-498964,393.05,customer_15984,2010-02-24,open
uci_ledger_498999,UCI-498999,212.85,customer_16406,2010-02-24,open
uci_ledger_498997,UCI-498997,239.9,customer_12835,2010-02-24,open
uci_ledger_499004,UCI-499004,300.2,customer_12998,2010-02-24,open
uci_ledger_499009,UCI-499009,675.74,customer_17511,2010-02-24,open
uci_ledger_499010,UCI-499010,706.35,customer_15439,2010-02-24,open
uci_ledger_499011,UCI-499011,704.4,customer_14284,2010-02-24,open
uci_ledger_499012,UCI-499012,42.5,customer_15439,2010-02-24,open
uci_ledger_499013,UCI-499013,284.11,customer_12909,2010-02-24,open
uci_ledger_499014,UCI-499014,317.8,customer_15291,2010-02-24,open
uci_ledger_499020,UCI-499020,467.19,customer_14527,2010-02-24,open
uci_ledger_499023,UCI-499023,115.4,customer_15984,2010-02-24,open
uci_ledger_499025,UCI-499025,40.8,customer_15984,2010-02-24,open
uci_ledger_499029,UCI-499029,725.76,customer_17949,2010-02-24,open
uci_ledger_499030,UCI-499030,572.75,customer_15523,2010-02-24,open
uci_ledger_499031,UCI-499031,247.45,customer_14541,2010-02-24,open
uci_ledger_499032,UCI-499032,304.36,customer_13590,2010-02-24,open
uci_ledger_499033,UCI-499033,1022.6,customer_15144,2010-02-24,open
uci_ledger_499035,UCI-499035,220.19,customer_13982,2010-02-24,open
uci_ledger_499036,UCI-499036,664.92,customer_17850,2010-02-24,open
uci_ledger_499038,UCI-499038,654.82,customer_15768,2010-02-24,open
uci_ledger_499039,UCI-499039,1112.2,customer_14646,2010-02-24,open
uci_ledger_499044,UCI-499044,108.44,customer_15659,2010-02-24,open
uci_ledger_499043,UCI-499043,35.0,customer_17763,2010-02-24,open
uci_ledger_499045,UCI-499045,18.1,customer_17763,2010-02-24,open
uci_ledger_499056,UCI-499056,352.82,customer_13765,2010-02-24,open
uci_ledger_499057,UCI-499057,365.93,customer_15898,2010-02-24,open
uci_ledger_499058,UCI-499058,104.4,customer_17027,2010-02-24,open
uci_ledger_499059,UCI-499059,292.5,customer_12939,2010-02-24,open
uci_ledger_499061,UCI-499061,303.65,customer_15058,2010-02-24,open
uci_ledger_499062,UCI-499062,126.75,customer_14590,2010-02-24,open
uci_ledger_499064,UCI-499064,153.72,customer_13110,2010-02-24,open
uci_ledger_499065,UCI-499065,323.55,customer_16208,2010-02-24,open
uci_ledger_499066,UCI-499066,317.29,customer_16742,2010-02-24,open
uci_ledger_499067,UCI-499067,1834.84,customer_14911,2010-02-24,open
uci_ledger_499069,UCI-499069,200.43,customer_13944,2010-02-24,open
uci_ledger_499070,UCI-499070,82.4,customer_13469,2010-02-24,open
uci_ledger_499071,UCI-499071,505.6,customer_14535,2010-02-24,open
uci_ledger_499072,UCI-499072,96.66,customer_13104,2010-02-24,open
uci_ledger_499122,UCI-499122,192.14,customer_13756,2010-02-24,open
uci_ledger_499123,UCI-499123,151.67,customer_14556,2010-02-24,open
uci_ledger_499155,UCI-499155,117.22,customer_17358,2010-02-24,open
uci_ledger_499163,UCI-499163,172.85,customer_15514,2010-02-24,open
uci_ledger_499164,UCI-499164,262.32,customer_17460,2010-02-25,open
uci_ledger_499165,UCI-499165,597.76,customer_15321,2010-02-25,open
uci_ledger_499166,UCI-499166,162.0,customer_15321,2010-02-25,open
uci_ledger_499167,UCI-499167,1132.8,customer_16029,2010-02-25,open
uci_ledger_499168,UCI-499168,746.9,customer_16029,2010-02-25,open
uci_ledger_499169,UCI-499169,190.8,customer_17949,2010-02-25,open
uci_ledger_499170,UCI-499170,4376.25,customer_16118,2010-02-25,open
uci_ledger_499171,UCI-499171,330.66,customer_14006,2010-02-25,open
uci_ledger_499172,UCI-499172,121.23,customer_15465,2010-02-25,open
uci_ledger_499173,UCI-499173,228.23,customer_18268,2010-02-25,open
uci_ledger_499174,UCI-499174,323.38,customer_16471,2010-02-25,open
uci_ledger_499175,UCI-499175,112.65,customer_14867,2010-02-25,open
uci_ledger_499176,UCI-499176,5710.32,customer_16684,2010-02-25,open
uci_ledger_499177,UCI-499177,15.55,customer_12835,2010-02-25,open
uci_ledger_499218,UCI-499218,309.6,customer_12647,2010-02-25,open
uci_ledger_499219,UCI-499219,182.88,customer_13288,2010-02-25,open
uci_ledger_499220,UCI-499220,153.5,customer_14606,2010-02-25,open
uci_ledger_499221,UCI-499221,115.25,customer_14740,2010-02-25,open
uci_ledger_499222,UCI-499222,106.35,customer_15573,2010-02-25,open
uci_ledger_499223,UCI-499223,592.05,customer_12583,2010-02-25,open
uci_ledger_499226,UCI-499226,313.24,customer_13148,2010-02-25,open
uci_ledger_499225,UCI-499225,252.26,customer_18009,2010-02-25,open
uci_ledger_499227,UCI-499227,287.51,customer_15719,2010-02-25,open
uci_ledger_499228,UCI-499228,335.58,customer_17863,2010-02-25,open
uci_ledger_499229,UCI-499229,349.0,customer_16746,2010-02-25,open
uci_ledger_499230,UCI-499230,122.59,customer_12748,2010-02-25,open
uci_ledger_499231,UCI-499231,801.82,customer_15674,2010-02-25,open
uci_ledger_499232,UCI-499232,1191.62,customer_13334,2010-02-25,open
uci_ledger_499234,UCI-499234,869.56,customer_13771,2010-02-25,open
uci_ledger_499235,UCI-499235,211.3,customer_17675,2010-02-25,open
uci_ledger_499236,UCI-499236,143.56,customer_13240,2010-02-25,open
uci_ledger_499237,UCI-499237,986.64,customer_13735,2010-02-25,open
uci_ledger_499238,UCI-499238,285.6,customer_14402,2010-02-25,open
uci_ledger_499239,UCI-499239,160.81,customer_17200,2010-02-25,open
uci_ledger_499240,UCI-499240,4.25,customer_17200,2010-02-25,open
uci_ledger_499242,UCI-499242,413.08,customer_17850,2010-02-25,open
uci_ledger_499244,UCI-499244,11.74,customer_13240,2010-02-25,open
uci_ledger_499245,UCI-499245,373.5,customer_12931,2010-02-25,open
uci_ledger_499247,UCI-499247,137.64,customer_17841,2010-02-25,open
uci_ledger_499248,UCI-499248,1537.43,customer_14298,2010-02-25,open
uci_ledger_499249,UCI-499249,296.94,customer_14298,2010-02-25,open
uci_ledger_499250,UCI-499250,89.17,customer_15311,2010-02-25,open
uci_ledger_499254,UCI-499254,315.6,customer_13408,2010-02-25,open
uci_ledger_499255,UCI-499255,125.4,customer_13408,2010-02-25,open
uci_ledger_499261,UCI-499261,126.43,customer_17726,2010-02-25,open
uci_ledger_499262,UCI-499262,311.52,customer_13269,2010-02-25,open
uci_ledger_499263,UCI-499263,100.08,customer_13269,2010-02-25,open
uci_ledger_499264,UCI-499264,467.54,customer_18041,2010-02-25,open
uci_ledger_499266,UCI-499266,8.25,customer_17032,2010-02-25,open
uci_ledger_499267,UCI-499267,2320.03,customer_13935,2010-02-25,open
uci_ledger_499269,UCI-499269,263.23,customer_16677,2010-02-25,open
uci_ledger_499270,UCI-499270,220.01,customer_12500,2010-02-25,open
uci_ledger_499272,UCI-499272,567.5,customer_17032,2010-02-25,open
uci_ledger_499273,UCI-499273,502.2,customer_17534,2010-02-25,open
uci_ledger_499274,UCI-499274,199.25,customer_14898,2010-02-25,open
uci_ledger_499275,UCI-499275,393.96,customer_13652,2010-02-25,open
uci_ledger_499276,UCI-499276,295.38,customer_15456,2010-02-25,open
uci_ledger_499279,UCI-499279,19.5,customer_14732,2010-02-25,open
uci_ledger_499284,UCI-499284,936.28,customer_14770,2010-02-25,open
uci_ledger_499285,UCI-499285,303.22,customer_17207,2010-02-25,open
uci_ledger_499294,UCI-499294,99.65,customer_17323,2010-02-25,open
uci_ledger_499295,UCI-499295,168.48,customer_17883,2010-02-25,open
uci_ledger_499297,UCI-499297,5158.4,customer_18102,2010-02-25,open
uci_ledger_499298,UCI-499298,4122.0,customer_18102,2010-02-25,open
uci_ledger_499299,UCI-499299,2448.0,customer_18102,2010-02-25,open
uci_ledger_499300,UCI-499300,214.08,customer_18102,2010-02-25,open
uci_ledger_499302,UCI-499302,478.58,customer_18223,2010-02-26,open
uci_ledger_499303,UCI-499303,648.0,customer_13089,2010-02-26,open
uci_ledger_499304,UCI-499304,30.6,customer_13089,2010-02-26,open
uci_ledger_499306,UCI-499306,332.52,customer_17011,2010-02-26,open
uci_ledger_499307,UCI-499307,316.59,customer_15366,2010-02-26,open
uci_ledger_499308,UCI-499308,359.66,customer_14329,2010-02-26,open
uci_ledger_499312,UCI-499312,134.03,customer_15124,2010-02-26,open
uci_ledger_499313,UCI-499313,365.33,customer_16631,2010-02-26,open
uci_ledger_499326,UCI-499326,244.37,customer_13598,2010-02-26,open
uci_ledger_499327,UCI-499327,24.0,customer_13598,2010-02-26,open
uci_ledger_499352,UCI-499352,48.1,customer_12748,2010-02-26,open
uci_ledger_499377,UCI-499377,231.59,customer_14177,2010-02-26,open
uci_ledger_499378,UCI-499378,463.0,customer_15998,2010-02-26,open
uci_ledger_499379,UCI-499379,242.15,customer_14177,2010-02-26,open
uci_ledger_499381,UCI-499381,62.79,customer_16913,2010-02-26,open
uci_ledger_499382,UCI-499382,69.09,customer_14646,2010-02-26,open
uci_ledger_499383,UCI-499383,247.68,customer_16913,2010-02-26,open
uci_ledger_499384,UCI-499384,335.0,customer_13753,2010-02-26,open
uci_ledger_499386,UCI-499386,109.59,customer_12854,2010-02-26,open
uci_ledger_499387,UCI-499387,766.59,customer_14680,2010-02-26,open
uci_ledger_499388,UCI-499388,705.0,customer_14646,2010-02-26,open
uci_ledger_499398,UCI-499398,339.96,customer_15309,2010-02-26,open
uci_ledger_499399,UCI-499399,3537.82,customer_14459,2010-02-26,open
uci_ledger_499400,UCI-499400,311.3,customer_13889,2010-02-26,open
uci_ledger_499401,UCI-499401,145.0,customer_14646,2010-02-26,open
uci_ledger_499402,UCI-499402,287.55,customer_14667,2010-02-26,open
uci_ledger_499403,UCI-499403,128.55,customer_13727,2010-02-26,open
uci_ledger_499404,UCI-499404,432.06,customer_17850,2010-02-26,open
uci_ledger_499405,UCI-499405,707.81,customer_14739,2010-02-26,open
uci_ledger_499411,UCI-499411,364.1,customer_13999,2010-02-26,open
uci_ledger_499450,UCI-499450,177.98,customer_14522,2010-02-26,open
uci_ledger_499451,UCI-499451,153.0,customer_17848,2010-02-26,open
uci_ledger_499452,UCI-499452,142.15,customer_17243,2010-02-28,open
uci_ledger_499453,UCI-499453,255.05,customer_14466,2010-02-28,open
uci_ledger_499454,UCI-499454,279.2,customer_12708,2010-02-28,open
uci_ledger_499455,UCI-499455,368.4,customer_15477,2010-02-28,open
uci_ledger_499456,UCI-499456,131.4,customer_17819,2010-02-28,open
uci_ledger_499457,UCI-499457,259.2,customer_15569,2010-02-28,open
uci_ledger_499458,UCI-499458,398.16,customer_13941,2010-02-28,open
uci_ledger_499459,UCI-499459,159.78,customer_15149,2010-02-28,open
uci_ledger_499460,UCI-499460,164.05,customer_15149,2010-02-28,open
uci_ledger_499461,UCI-499461,179.41,customer_15013,2010-02-28,open
uci_ledger_499463,UCI-499463,464.94,customer_13564,2010-02-28,open
uci_ledger_499464,UCI-499464,202.03,customer_17150,2010-02-28,open
uci_ledger_499465,UCI-499465,349.64,customer_14807,2010-02-28,open
uci_ledger_499466,UCI-499466,208.93,customer_17050,2010-02-28,open
uci_ledger_499467,UCI-499467,189.63,customer_18046,2010-02-28,open
uci_ledger_499468,UCI-499468,248.0,customer_13542,2010-02-28,open
uci_ledger_499469,UCI-499469,679.92,customer_13762,2010-02-28,open
uci_ledger_499470,UCI-499470,45.0,customer_12484,2010-02-28,open
uci_ledger_499471,UCI-499471,141.54,customer_17760,2010-02-28,open
uci_ledger_499472,UCI-499472,236.4,customer_14507,2010-02-28,open
uci_ledger_499473,UCI-499473,245.97,customer_16950,2010-02-28,open
uci_ledger_499474,UCI-499474,693.16,customer_15421,2010-02-28,open
uci_ledger_499475,UCI-499475,198.6,customer_15990,2010-02-28,open
uci_ledger_499476,UCI-499476,101.4,customer_17969,2010-02-28,open
uci_ledger_499477,UCI-499477,145.59,customer_15943,2010-02-28,open
uci_ledger_499478,UCI-499478,410.48,customer_15664,2010-02-28,open
uci_ledger_499479,UCI-499479,421.35,customer_13883,2010-02-28,open
uci_ledger_499480,UCI-499480,132.95,customer_15953,2010-02-28,open
uci_ledger_499481,UCI-499481,658.5,customer_16843,2010-02-28,open
uci_ledger_499482,UCI-499482,523.05,customer_12471,2010-02-28,open
uci_ledger_499483,UCI-499483,175.24,customer_13413,2010-02-28,open
uci_ledger_499484,UCI-499484,196.2,customer_17929,2010-02-28,open
uci_ledger_499485,UCI-499485,170.35,customer_16939,2010-02-28,open
uci_ledger_499487,UCI-499487,199.5,customer_13561,2010-02-28,open
uci_ledger_499486,UCI-499486,1422.78,customer_15061,2010-02-28,open
uci_ledger_499488,UCI-499488,633.45,customer_17858,2010-02-28,open
uci_ledger_499490,UCI-499490,304.72,customer_18106,2010-02-28,open
uci_ledger_499491,UCI-499491,299.76,customer_14064,2010-02-28,open
uci_ledger_499494,UCI-499494,873.12,customer_16283,2010-02-28,open
uci_ledger_499495,UCI-499495,211.9,customer_17372,2010-02-28,open
uci_ledger_499496,UCI-499496,163.7,customer_17373,2010-02-28,open
uci_ledger_499497,UCI-499497,302.91,customer_14396,2010-02-28,open
uci_ledger_499498,UCI-499498,102.22,customer_14396,2010-02-28,open
uci_ledger_499499,UCI-499499,315.74,customer_17211,2010-02-28,open
uci_ledger_499500,UCI-499500,669.01,customer_13044,2010-02-28,open
uci_ledger_499502,UCI-499502,255.79,customer_14044,2010-02-28,open
uci_ledger_499503,UCI-499503,248.61,customer_14068,2010-02-28,open
uci_ledger_499504,UCI-499504,420.75,customer_17848,2010-02-28,open
uci_ledger_499505,UCI-499505,212.06,customer_14606,2010-02-28,open
uci_ledger_499506,UCI-499506,471.2,customer_15031,2010-02-28,open
uci_ledger_499507,UCI-499507,238.4,customer_17209,2010-02-28,open
uci_ledger_499508,UCI-499508,361.73,customer_18069,2010-02-28,open
uci_ledger_499509,UCI-499509,34.0,customer_18069,2010-02-28,open
uci_ledger_499510,UCI-499510,187.37,customer_14798,2010-03-01,open
uci_ledger_499511,UCI-499511,347.5,customer_16717,2010-03-01,open
uci_ledger_499512,UCI-499512,499.88,customer_16202,2010-03-01,open
uci_ledger_499513,UCI-499513,118.68,customer_14949,2010-03-01,open
uci_ledger_499515,UCI-499515,30.0,customer_16202,2010-03-01,open
uci_ledger_499516,UCI-499516,318.86,customer_12779,2010-03-01,open
uci_ledger_499517,UCI-499517,629.39,customer_12598,2010-03-01,open
uci_ledger_499519,UCI-499519,61.2,customer_13694,2010-03-01,open
uci_ledger_499520,UCI-499520,796.4,customer_13694,2010-03-01,open
uci_ledger_499521,UCI-499521,2377.38,customer_13694,2010-03-01,open
uci_ledger_499523,UCI-499523,1945.8,customer_13694,2010-03-01,open
uci_ledger_499524,UCI-499524,1943.52,customer_13694,2010-03-01,open
uci_ledger_499525,UCI-499525,132.0,customer_13694,2010-03-01,open
uci_ledger_499526,UCI-499526,124.85,customer_17241,2010-03-01,open
uci_ledger_499527,UCI-499527,399.55,customer_14870,2010-03-01,open
uci_ledger_499528,UCI-499528,240.9,customer_17865,2010-03-01,open
uci_ledger_499529,UCI-499529,177.12,customer_13010,2010-03-01,open
uci_ledger_499532,UCI-499532,379.7,customer_15219,2010-03-01,open
uci_ledger_499533,UCI-499533,136.08,customer_17362,2010-03-01,open
uci_ledger_499534,UCI-499534,255.0,customer_16013,2010-03-01,open
uci_ledger_499535,UCI-499535,364.35,customer_14527,2010-03-01,open
uci_ledger_499542,UCI-499542,187.87,customer_14131,2010-03-01,open
uci_ledger_499549,UCI-499549,214.48,customer_18231,2010-03-01,open
uci_ledger_499576,UCI-499576,106.66,customer_13948,2010-03-01,open
uci_ledger_499596,UCI-499596,300.15,customer_16511,2010-03-01,open
uci_ledger_499597,UCI-499597,353.72,customer_16037,2010-03-01,open
uci_ledger_499601,UCI-499601,605.4,customer_13018,2010-03-01,open
uci_ledger_499604,UCI-499604,213.3,customer_13018,2010-03-01,open
uci_ledger_499619,UCI-499619,2135.46,customer_17305,2010-03-01,open
uci_ledger_499623,UCI-499623,200.43,customer_17377,2010-03-01,open
uci_ledger_499624,UCI-499624,669.71,customer_17593,2010-03-01,open
uci_ledger_499625,UCI-499625,607.52,customer_17965,2010-03-01,open
uci_ledger_499628,UCI-499628,95.12,customer_16521,2010-03-01,open
uci_ledger_499629,UCI-499629,40.32,customer_17324,2010-03-01,open
uci_ledger_499630,UCI-499630,76.5,customer_16273,2010-03-01,open
uci_ledger_499633,UCI-499633,319.08,customer_15311,2010-03-01,open
uci_ledger_499632,UCI-499632,312.2,customer_14401,2010-03-01,open
uci_ledger_499631,UCI-499631,438.8,customer_12540,2010-03-01,open
uci_ledger_499635,UCI-499635,384.0,customer_13027,2010-03-01,open
uci_ledger_499636,UCI-499636,302.9,customer_13050,2010-03-01,open
uci_ledger_499637,UCI-499637,313.1,customer_12989,2010-03-01,open
uci_ledger_499639,UCI-499639,177.63,customer_16519,2010-03-01,open
uci_ledger_499640,UCI-499640,335.68,customer_15291,2010-03-01,open
uci_ledger_499641,UCI-499641,153.06,customer_17841,2010-03-01,open
uci_ledger_499650,UCI-499650,217.86,customer_13993,2010-03-01,open
uci_ledger_499656,UCI-499656,156.6,customer_17359,2010-03-01,open
uci_ledger_499657,UCI-499657,78.99,customer_14896,2010-03-01,open
uci_ledger_499659,UCI-499659,174.05,customer_16731,2010-03-01,open
uci_ledger_499660,UCI-499660,305.04,customer_13798,2010-03-01,open
uci_ledger_499663,UCI-499663,272.45,customer_14755,2010-03-01,open
uci_ledger_499664,UCI-499664,1189.34,customer_14257,2010-03-01,open
uci_ledger_499665,UCI-499665,474.71,customer_13979,2010-03-01,open
uci_ledger_499674,UCI-499674,40.0,customer_15603,2010-03-01,open
uci_ledger_499675,UCI-499675,397.84,customer_17241,2010-03-01,open
uci_ledger_499676,UCI-499676,389.78,customer_17116,2010-03-01,open
uci_ledger_499677,UCI-499677,141.24,customer_13911,2010-03-01,open
uci_ledger_499678,UCI-499678,136.15,customer_17222,2010-03-01,open
uci_ledger_499679,UCI-499679,257.2,customer_13995,2010-03-02,open
uci_ledger_499680,UCI-499680,49.95,customer_17330,2010-03-02,open
uci_ledger_499681,UCI-499681,1626.4,customer_12731,2010-03-02,open
uci_ledger_499682,UCI-499682,344.1,customer_12623,2010-03-02,open
uci_ledger_499683,UCI-499683,1464.28,customer_16705,2010-03-02,open
uci_ledger_499684,UCI-499684,122.04,customer_16705,2010-03-02,open
uci_ledger_499685,UCI-499685,1562.94,customer_14646,2010-03-02,open
uci_ledger_499686,UCI-499686,174.1,customer_13202,2010-03-02,open
uci_ledger_499687,UCI-499687,121.35,customer_13468,2010-03-02,open
uci_ledger_499689,UCI-499689,134.7,customer_17905,2010-03-02,open
uci_ledger_499691,UCI-499691,313.41,customer_16296,2010-03-02,open
uci_ledger_499692,UCI-499692,659.34,customer_16946,2010-03-02,open
uci_ledger_499752,UCI-499752,731.72,customer_17477,2010-03-02,open
uci_ledger_499754,UCI-499754,345.96,customer_17850,2010-03-02,open
uci_ledger_499756,UCI-499756,354.49,customer_13797,2010-03-02,open
uci_ledger_499757,UCI-499757,191.1,customer_17377,2010-03-02,open
uci_ledger_499758,UCI-499758,167.76,customer_15003,2010-03-02,open
uci_ledger_499759,UCI-499759,464.85,customer_13126,2010-03-02,open
uci_ledger_499760,UCI-499760,309.6,customer_13777,2010-03-02,open
uci_ledger_499761,UCI-499761,164.1,customer_12972,2010-03-02,open
uci_ledger_499762,UCI-499762,108.5,customer_14818,2010-03-02,open
uci_ledger_499763,UCI-499763,27.05,customer_12346,2010-03-02,open
uci_ledger_499764,UCI-499764,32.53,customer_17372,2010-03-02,open
uci_ledger_499768,UCI-499768,253.76,customer_13173,2010-03-02,open
uci_ledger_499770,UCI-499770,123.39,customer_15927,2010-03-02,open
uci_ledger_499769,UCI-499769,1518.8,customer_13694,2010-03-02,open
uci_ledger_499771,UCI-499771,108.72,customer_18283,2010-03-02,open
uci_ledger_499772,UCI-499772,443.98,customer_16960,2010-03-02,open
uci_ledger_499773,UCI-499773,312.0,customer_16954,2010-03-02,open
uci_ledger_499775,UCI-499775,68.28,customer_17011,2010-03-02,open
uci_ledger_499777,UCI-499777,566.43,customer_12525,2010-03-02,open
uci_ledger_499778,UCI-499778,341.73,customer_16177,2010-03-02,open
uci_ledger_499779,UCI-499779,311.7,customer_16103,2010-03-02,open
uci_ledger_499780,UCI-499780,633.68,customer_12809,2010-03-02,open
uci_ledger_499781,UCI-499781,644.25,customer_13327,2010-03-02,open
uci_ledger_499782,UCI-499782,234.0,customer_17638,2010-03-02,open
uci_ledger_499784,UCI-499784,426.0,customer_15367,2010-03-02,open
uci_ledger_499785,UCI-499785,301.9,customer_15606,2010-03-02,open
uci_ledger_499788,UCI-499788,339.46,customer_16159,2010-03-02,open
uci_ledger_499789,UCI-499789,2544.2,customer_15311,2010-03-02,open
uci_ledger_499795,UCI-499795,111.45,customer_14895,2010-03-02,open
uci_ledger_499797,UCI-499797,599.3,customer_13473,2010-03-02,open
uci_ledger_499798,UCI-499798,325.2,customer_16523,2010-03-02,open
uci_ledger_499799,UCI-499799,53.2,customer_14867,2010-03-02,open
uci_ledger_499801,UCI-499801,392.7,customer_17850,2010-03-02,open
uci_ledger_499800,UCI-499800,105.6,customer_14867,2010-03-02,open
uci_ledger_499849,UCI-499849,221.74,customer_12926,2010-03-02,open
uci_ledger_499850,UCI-499850,456.95,customer_13593,2010-03-02,open
uci_ledger_499853,UCI-499853,281.86,customer_16520,2010-03-02,open
uci_ledger_499859,UCI-499859,7.15,customer_17961,2010-03-02,open
uci_ledger_499864,UCI-499864,23.8,customer_13593,2010-03-02,open
uci_ledger_499866,UCI-499866,228.83,customer_17576,2010-03-02,open
uci_ledger_499873,UCI-499873,96.0,customer_13793,2010-03-03,open
uci_ledger_499874,UCI-499874,737.43,customer_16556,2010-03-03,open
uci_ledger_499875,UCI-499875,363.48,customer_17850,2010-03-03,open
uci_ledger_499876,UCI-499876,541.9,customer_17850,2010-03-03,open
uci_ledger_499877,UCI-499877,303.0,customer_18087,2010-03-03,open
uci_ledger_499878,UCI-499878,7720.6,customer_14156,2010-03-03,open
uci_ledger_499880,UCI-499880,545.45,customer_13663,2010-03-03,open
uci_ledger_499879,UCI-499879,305.8,customer_15224,2010-03-03,open
uci_ledger_499881,UCI-499881,473.09,customer_12645,2010-03-03,open
uci_ledger_499882,UCI-499882,392.7,customer_17850,2010-03-03,open
uci_ledger_499883,UCI-499883,508.33,customer_16947,2010-03-03,open
uci_ledger_499884,UCI-499884,326.7,customer_14440,2010-03-03,open
uci_ledger_499886,UCI-499886,136.5,customer_16099,2010-03-03,open
uci_ledger_499887,UCI-499887,124.05,customer_15039,2010-03-03,open
uci_ledger_499890,UCI-499890,258.42,customer_14606,2010-03-03,open
uci_ledger_499891,UCI-499891,604.0,customer_14051,2010-03-03,open
uci_ledger_499894,UCI-499894,274.77,customer_14593,2010-03-03,open
uci_ledger_499893,UCI-499893,114.1,customer_18148,2010-03-03,open
uci_ledger_499895,UCI-499895,133.48,customer_14593,2010-03-03,open
uci_ledger_499897,UCI-499897,1730.74,customer_14298,2010-03-03,open
uci_ledger_499899,UCI-499899,159.3,customer_13820,2010-03-03,open
uci_ledger_499900,UCI-499900,344.57,customer_14194,2010-03-03,open
uci_ledger_499914,UCI-499914,341.0,customer_13097,2010-03-03,open
uci_ledger_499912,UCI-499912,599.57,customer_15179,2010-03-03,open
uci_ledger_499918,UCI-499918,564.49,customer_13097,2010-03-03,open
uci_ledger_499919,UCI-499919,537.01,customer_14911,2010-03-03,open
uci_ledger_499922,UCI-499922,129.11,customer_14911,2010-03-03,open
uci_ledger_499921,UCI-499921,991.62,customer_14911,2010-03-03,open
uci_ledger_499939,UCI-499939,316.86,customer_17020,2010-03-03,open
uci_ledger_499942,UCI-499942,149.55,customer_13873,2010-03-03,open
uci_ledger_499944,UCI-499944,222.57,customer_14530,2010-03-03,open
uci_ledger_499956,UCI-499956,155.65,customer_15015,2010-03-03,open
uci_ledger_499958,UCI-499958,165.2,customer_14915,2010-03-03,open
uci_ledger_499959,UCI-499959,200.0,customer_12380,2010-03-03,open
uci_ledger_499960,UCI-499960,815.79,customer_13294,2010-03-03,open
uci_ledger_499961,UCI-499961,1085.01,customer_16019,2010-03-03,open
uci_ledger_499962,UCI-499962,208.92,customer_12835,2010-03-03,open
uci_ledger_499964,UCI-499964,154.14,customer_12594,2010-03-03,open
uci_ledger_499965,UCI-499965,776.65,customer_16461,2010-03-03,open
uci_ledger_499966,UCI-499966,193.66,customer_17742,2010-03-03,open
uci_ledger_499967,UCI-499967,1115.33,customer_16636,2010-03-03,open
uci_ledger_499967,UCI-499967,196.12,customer_16636,2010-03-03,open
uci_ledger_499968,UCI-499968,1647.63,customer_13214,2010-03-03,open
uci_ledger_499969,UCI-499969,664.54,customer_13722,2010-03-03,open
uci_ledger_499971,UCI-499971,268.68,customer_17188,2010-03-03,open
uci_ledger_499972,UCI-499972,773.79,customer_13680,2010-03-03,open
uci_ledger_499973,UCI-499973,547.69,customer_13595,2010-03-03,open
uci_ledger_499974,UCI-499974,113.8,customer_14905,2010-03-03,open
uci_ledger_499975,UCI-499975,159.07,customer_16125,2010-03-03,open
uci_ledger_499977,UCI-499977,359.53,customer_14142,2010-03-03,open
uci_ledger_499979,UCI-499979,426.69,customer_18152,2010-03-03,open
uci_ledger_499981,UCI-499981,128.19,customer_15605,2010-03-03,open
uci_ledger_499982,UCI-499982,299.28,customer_12681,2010-03-03,open
uci_ledger_499985,UCI-499985,20.32,customer_12598,2010-03-03,open
uci_ledger_499986,UCI-499986,176.9,customer_16285,2010-03-03,open
uci_ledger_499988,UCI-499988,98.7,customer_13654,2010-03-03,open
uci_ledger_499990,UCI-499990,306.54,customer_13890,2010-03-03,open
uci_ledger_499991,UCI-499991,171.15,customer_14156,2010-03-03,open
uci_ledger_499993,UCI-499993,152.85,customer_14157,2010-03-03,open
uci_ledger_499994,UCI-499994,111.72,customer_15875,2010-03-03,open
uci_ledger_499995,UCI-499995,366.51,customer_15544,2010-03-03,open
uci_ledger_499996,UCI-499996,124.45,customer_13835,2010-03-04,open
uci_ledger_499997,UCI-499997,758.38,customer_15798,2010-03-04,open
uci_ledger_499998,UCI-499998,381.54,customer_14156,2010-03-04,open
uci_ledger_499999,UCI-499999,39.95,customer_15754,2010-03-04,open
uci_ledger_500001,UCI-500001,286.6,customer_15222,2010-03-04,open
uci_ledger_500008,UCI-500008,394.59,customer_12431,2010-03-04,open
uci_ledger_500009,UCI-500009,99.6,customer_13249,2010-03-04,open
uci_ledger_500010,UCI-500010,815.32,customer_13377,2010-03-04,open
uci_ledger_500012,UCI-500012,620.54,customer_17049,2010-03-04,open
uci_ledger_500014,UCI-500014,1449.74,customer_15622,2010-03-04,open
uci_ledger_500015,UCI-500015,327.4,customer_17861,2010-03-04,open
uci_ledger_500017,UCI-500017,196.2,customer_14298,2010-03-04,open
uci_ledger_500018,UCI-500018,243.36,customer_17930,2010-03-04,open
uci_ledger_500019,UCI-500019,90.0,customer_13770,2010-03-04,open
uci_ledger_500020,UCI-500020,349.4,customer_15084,2010-03-04,open
uci_ledger_500022,UCI-500022,132.0,customer_14097,2010-03-04,open
uci_ledger_500021,UCI-500021,276.49,customer_13044,2010-03-04,open
uci_ledger_500023,UCI-500023,564.2,customer_18151,2010-03-04,open
uci_ledger_500024,UCI-500024,395.5,customer_13879,2010-03-04,open
uci_ledger_500025,UCI-500025,751.8,customer_15950,2010-03-04,open
uci_ledger_500029,UCI-500029,301.33,customer_13266,2010-03-04,open
uci_ledger_500030,UCI-500030,288.5,customer_14527,2010-03-04,open
uci_ledger_500045,UCI-500045,97.5,customer_16748,2010-03-04,open
uci_ledger_500064,UCI-500064,547.2,customer_17663,2010-03-04,open
uci_ledger_500072,UCI-500072,579.75,customer_15538,2010-03-04,open
uci_ledger_500073,UCI-500073,356.24,customer_13047,2010-03-04,open
uci_ledger_500083,UCI-500083,392.7,customer_17850,2010-03-04,open
uci_ledger_500092,UCI-500092,498.63,customer_12978,2010-03-04,open
uci_ledger_500093,UCI-500093,183.64,customer_15910,2010-03-04,open
uci_ledger_500094,UCI-500094,331.58,customer_15005,2010-03-04,open
uci_ledger_500096,UCI-500096,269.2,customer_14560,2010-03-04,open
uci_ledger_500098,UCI-500098,718.21,customer_16771,2010-03-04,open
uci_ledger_500097,UCI-500097,399.9,customer_15633,2010-03-04,open
uci_ledger_500100,UCI-500100,257.77,customer_16859,2010-03-04,open
uci_ledger_500099,UCI-500099,213.29,customer_15358,2010-03-04,open
uci_ledger_500105,UCI-500105,233.8,customer_17287,2010-03-04,open
uci_ledger_500108,UCI-500108,440.2,customer_15358,2010-03-04,open
uci_ledger_500113,UCI-500113,308.74,customer_13097,2010-03-04,open
uci_ledger_500114,UCI-500114,635.0,customer_18272,2010-03-04,open
uci_ledger_500115,UCI-500115,40.65,customer_17847,2010-03-04,open
uci_ledger_500116,UCI-500116,236.35,customer_17577,2010-03-04,open
uci_ledger_500117,UCI-500117,663.96,customer_18064,2010-03-04,open
uci_ledger_500118,UCI-500118,955.5,customer_14680,2010-03-04,open
uci_ledger_500119,UCI-500119,236.66,customer_17905,2010-03-04,open
uci_ledger_500120,UCI-500120,453.08,customer_14135,2010-03-04,open
uci_ledger_500121,UCI-500121,202.35,customer_12490,2010-03-04,open
uci_ledger_500122,UCI-500122,367.15,customer_14018,2010-03-04,open
uci_ledger_500123,UCI-500123,743.62,customer_14911,2010-03-04,open
uci_ledger_500124,UCI-500124,434.55,customer_14388,2010-03-04,open
uci_ledger_500125,UCI-500125,437.24,customer_14426,2010-03-04,open
uci_ledger_500126,UCI-500126,2985.5,customer_13881,2010-03-04,open
uci_ledger_500128,UCI-500128,128.55,customer_13610,2010-03-04,open
uci_ledger_500129,UCI-500129,610.54,customer_15768,2010-03-04,open
uci_ledger_500130,UCI-500130,261.3,customer_17159,2010-03-04,open
uci_ledger_500132,UCI-500132,513.05,customer_15311,2010-03-04,open
uci_ledger_500133,UCI-500133,402.79,customer_16329,2010-03-04,open
uci_ledger_500134,UCI-500134,314.57,customer_14740,2010-03-04,open
uci_ledger_500135,UCI-500135,576.9,customer_16096,2010-03-04,open
uci_ledger_500141,UCI-500141,281.76,customer_15601,2010-03-04,open
uci_ledger_500144,UCI-500144,604.33,customer_15601,2010-03-04,open
uci_ledger_500145,UCI-500145,363.56,customer_14748,2010-03-04,open
uci_ledger_500146,UCI-500146,392.67,customer_15030,2010-03-04,open
uci_ledger_500147,UCI-500147,270.05,customer_15812,2010-03-04,open
uci_ledger_500148,UCI-500148,431.59,customer_17448,2010-03-04,open
uci_ledger_500149,UCI-500149,184.72,customer_17931,2010-03-04,open
uci_ledger_500150,UCI-500150,290.05,customer_14769,2010-03-04,open
uci_ledger_500151,UCI-500151,53.12,customer_17931,2010-03-04,open
uci_ledger_500153,UCI-500153,3.95,customer_17931,2010-03-04,open
uci_ledger_500155,UCI-500155,7.5,customer_17931,2010-03-04,open
uci_ledger_500157,UCI-500157,320.88,customer_12371,2010-03-04,open
uci_ledger_500158,UCI-500158,286.8,customer_12371,2010-03-04,open
uci_ledger_500159,UCI-500159,219.83,customer_14159,2010-03-04,open
uci_ledger_500160,UCI-500160,411.79,customer_14841,2010-03-04,open
uci_ledger_500161,UCI-500161,394.35,customer_12647,2010-03-05,open
uci_ledger_500162,UCI-500162,299.83,customer_17718,2010-03-05,open
uci_ledger_500163,UCI-500163,205.98,customer_12399,2010-03-05,open
uci_ledger_500165,UCI-500165,478.5,customer_13280,2010-03-05,open
uci_ledger_500166,UCI-500166,328.72,customer_15203,2010-03-05,open
uci_ledger_500167,UCI-500167,70.0,customer_12568,2010-03-05,open
uci_ledger_500169,UCI-500169,1211.76,customer_12497,2010-03-05,open
uci_ledger_500168,UCI-500168,240.8,customer_13476,2010-03-05,open
uci_ledger_500170,UCI-500170,421.45,customer_18226,2010-03-05,open
uci_ledger_500171,UCI-500171,73.6,customer_14037,2010-03-05,open
uci_ledger_500172,UCI-500172,807.12,customer_18102,2010-03-05,open
uci_ledger_500173,UCI-500173,5525.28,customer_18102,2010-03-05,open
uci_ledger_500174,UCI-500174,302.52,customer_12839,2010-03-05,open
uci_ledger_500175,UCI-500175,750.28,customer_14156,2010-03-05,open
uci_ledger_500176,UCI-500176,334.06,customer_12437,2010-03-05,open
uci_ledger_500177,UCI-500177,224.8,customer_16742,2010-03-05,open
uci_ledger_500181,UCI-500181,274.8,customer_14957,2010-03-05,open
uci_ledger_500183,UCI-500183,522.73,customer_17508,2010-03-05,open
uci_ledger_500198,UCI-500198,721.46,customer_13037,2010-03-05,open
uci_ledger_500205,UCI-500205,23.4,customer_13037,2010-03-05,open
uci_ledger_500220,UCI-500220,237.95,customer_14896,2010-03-05,open
uci_ledger_500223,UCI-500223,204.34,customer_14186,2010-03-05,open
uci_ledger_500232,UCI-500232,2640.0,customer_15769,2010-03-05,open
uci_ledger_500233,UCI-500233,194.32,customer_13544,2010-03-05,open
uci_ledger_500234,UCI-500234,407.36,customer_17841,2010-03-05,open
uci_ledger_500235,UCI-500235,317.5,customer_12823,2010-03-05,open
uci_ledger_500236,UCI-500236,332.8,customer_16746,2010-03-05,open
uci_ledger_500237,UCI-500237,498.04,customer_12417,2010-03-05,open
uci_ledger_500238,UCI-500238,116.5,customer_15827,2010-03-05,open
uci_ledger_500239,UCI-500239,188.1,customer_13515,2010-03-05,open
uci_ledger_500240,UCI-500240,192.6,customer_18061,2010-03-05,open
uci_ledger_500241,UCI-500241,310.8,customer_16156,2010-03-05,open
uci_ledger_500246,UCI-500246,53.4,customer_17707,2010-03-05,open
uci_ledger_500247,UCI-500247,300.05,customer_14136,2010-03-05,open
uci_ledger_500249,UCI-500249,27.36,customer_14156,2010-03-05,open
uci_ledger_500250,UCI-500250,50.0,customer_15094,2010-03-05,open
uci_ledger_500251,UCI-500251,89.55,customer_14681,2010-03-05,open
uci_ledger_500252,UCI-500252,80.3,customer_15607,2010-03-05,open
uci_ledger_500254,UCI-500254,315.17,customer_13446,2010-03-05,open
uci_ledger_500255,UCI-500255,405.42,customer_17190,2010-03-05,open
uci_ledger_500256,UCI-500256,400.13,customer_14649,2010-03-05,open
uci_ledger_500257,UCI-500257,180.81,customer_17006,2010-03-05,open
uci_ledger_500259,UCI-500259,269.0,customer_17716,2010-03-05,open
uci_ledger_500260,UCI-500260,156.9,customer_15795,2010-03-05,open
uci_ledger_500261,UCI-500261,15.25,customer_18037,2010-03-05,open
uci_ledger_500262,UCI-500262,295.05,customer_15630,2010-03-05,open
uci_ledger_500267,UCI-500267,599.12,customer_15978,2010-03-05,open
uci_ledger_500271,UCI-500271,104.25,customer_15732,2010-03-05,open
uci_ledger_500278,UCI-500278,284.05,customer_14852,2010-03-05,open
uci_ledger_500282,UCI-500282,594.0,customer_15929,2010-03-05,open
uci_ledger_500285,UCI-500285,40.1,customer_17961,2010-03-05,open
uci_ledger_500287,UCI-500287,157.74,customer_14852,2010-03-05,open
uci_ledger_500289,UCI-500289,330.0,customer_14045,2010-03-05,open
uci_ledger_500292,UCI-500292,187.44,customer_16620,2010-03-05,open
uci_ledger_500293,UCI-500293,638.56,customer_13174,2010-03-05,open
uci_ledger_500294,UCI-500294,425.3,customer_14233,2010-03-05,open
uci_ledger_500296,UCI-500296,12.12,customer_12748,2010-03-05,open
uci_ledger_500297,UCI-500297,378.3,customer_13799,2010-03-05,open
uci_ledger_500299,UCI-500299,268.52,customer_14085,2010-03-05,open
uci_ledger_500300,UCI-500300,621.15,customer_15482,2010-03-07,open
uci_ledger_500301,UCI-500301,164.05,customer_17365,2010-03-07,open
uci_ledger_500302,UCI-500302,337.74,customer_14110,2010-03-07,open
uci_ledger_500303,UCI-500303,477.1,customer_16331,2010-03-07,open
uci_ledger_500304,UCI-500304,130.3,customer_14172,2010-03-07,open
uci_ledger_500306,UCI-500306,316.75,customer_13201,2010-03-07,open
uci_ledger_500310,UCI-500310,309.3,customer_15270,2010-03-07,open
uci_ledger_500311,UCI-500311,451.88,customer_16923,2010-03-07,open
uci_ledger_500313,UCI-500313,94.5,customer_17769,2010-03-07,open
uci_ledger_500312,UCI-500312,296.21,customer_17448,2010-03-07,open
uci_ledger_500316,UCI-500316,176.08,customer_13508,2010-03-07,open
uci_ledger_500318,UCI-500318,388.35,customer_17675,2010-03-07,open
uci_ledger_500320,UCI-500320,679.04,customer_16271,2010-03-07,open
uci_ledger_500322,UCI-500322,375.61,customer_16798,2010-03-07,open
uci_ledger_500323,UCI-500323,487.75,customer_13958,2010-03-07,open
uci_ledger_500324,UCI-500324,406.27,customer_15443,2010-03-07,open
uci_ledger_500325,UCI-500325,232.65,customer_14205,2010-03-07,open
uci_ledger_500326,UCI-500326,206.7,customer_14877,2010-03-07,open
uci_ledger_500327,UCI-500327,203.37,customer_17913,2010-03-07,open
uci_ledger_500328,UCI-500328,317.88,customer_18253,2010-03-07,open
uci_ledger_500329,UCI-500329,583.25,customer_13764,2010-03-07,open
uci_ledger_500330,UCI-500330,231.79,customer_17236,2010-03-07,open
uci_ledger_500331,UCI-500331,369.99,customer_13764,2010-03-07,open
uci_ledger_500332,UCI-500332,259.36,customer_17085,2010-03-07,open
uci_ledger_500333,UCI-500333,442.59,customer_16735,2010-03-07,open
uci_ledger_500334,UCI-500334,315.28,customer_12872,2010-03-07,open
uci_ledger_500335,UCI-500335,242.72,customer_14606,2010-03-07,open
uci_ledger_500336,UCI-500336,619.04,customer_17589,2010-03-07,open
uci_ledger_500337,UCI-500337,321.7,customer_17734,2010-03-07,open
uci_ledger_500338,UCI-500338,396.83,customer_13276,2010-03-07,open
uci_ledger_500339,UCI-500339,337.56,customer_13557,2010-03-07,open
uci_ledger_500340,UCI-500340,152.75,customer_13561,2010-03-07,open
uci_ledger_500341,UCI-500341,479.91,customer_16466,2010-03-07,open
uci_ledger_500342,UCI-500342,9.3,customer_13561,2010-03-07,open
uci_ledger_500343,UCI-500343,357.0,customer_12530,2010-03-07,open
uci_ledger_500344,UCI-500344,353.14,customer_17448,2010-03-07,open
uci_ledger_500346,UCI-500346,114.6,customer_17969,2010-03-07,open
uci_ledger_500347,UCI-500347,596.67,customer_15631,2010-03-07,open
uci_ledger_500349,UCI-500349,102.13,customer_15751,2010-03-07,open
uci_ledger_500350,UCI-500350,7.5,customer_15751,2010-03-07,open
uci_ledger_500353,UCI-500353,439.55,customer_12668,2010-03-07,open
uci_ledger_500353,UCI-500353,1527.29,customer_12668,2010-03-07,open
uci_ledger_500354,UCI-500354,250.02,customer_13026,2010-03-07,open
uci_ledger_500355,UCI-500355,433.77,customer_18029,2010-03-07,open
uci_ledger_500356,UCI-500356,1816.98,customer_16984,2010-03-07,open
uci_ledger_500357,UCI-500357,190.38,customer_16310,2010-03-07,open
uci_ledger_500359,UCI-500359,299.44,customer_14369,2010-03-07,open
uci_ledger_500358,UCI-500358,635.9,customer_16534,2010-03-07,open
uci_ledger_500360,UCI-500360,298.5,customer_17158,2010-03-07,open
uci_ledger_500361,UCI-500361,7.5,customer_17961,2010-03-07,open
uci_ledger_500362,UCI-500362,365.15,customer_17449,2010-03-07,open
uci_ledger_500367,UCI-500367,348.32,customer_12369,2010-03-08,open
uci_ledger_500368,UCI-500368,553.7,customer_14493,2010-03-08,open
uci_ledger_500369,UCI-500369,314.6,customer_14628,2010-03-08,open
uci_ledger_500370,UCI-500370,296.25,customer_17063,2010-03-08,open
uci_ledger_500371,UCI-500371,80.62,customer_15847,2010-03-08,open
uci_ledger_500372,UCI-500372,122.02,customer_17298,2010-03-08,open
uci_ledger_500373,UCI-500373,307.33,customer_15791,2010-03-08,open
uci_ledger_500374,UCI-500374,147.0,customer_12765,2010-03-08,open
uci_ledger_500375,UCI-500375,373.5,customer_17682,2010-03-08,open
uci_ledger_500376,UCI-500376,703.2,customer_12524,2010-03-08,open
uci_ledger_500377,UCI-500377,204.05,customer_17454,2010-03-08,open
uci_ledger_500379,UCI-500379,337.74,customer_12359,2010-03-08,open
uci_ledger_500378,UCI-500378,304.32,customer_14404,2010-03-08,open
uci_ledger_500380,UCI-500380,214.83,customer_12825,2010-03-08,open
uci_ledger_500381,UCI-500381,387.24,customer_13148,2010-03-08,open
uci_ledger_500382,UCI-500382,224.94,customer_16351,2010-03-08,open
uci_ledger_500383,UCI-500383,456.85,customer_12986,2010-03-08,open
uci_ledger_500384,UCI-500384,50.4,customer_17740,2010-03-08,open
uci_ledger_500385,UCI-500385,514.48,customer_14290,2010-03-08,open
uci_ledger_500386,UCI-500386,308.4,customer_14160,2010-03-08,open
uci_ledger_500389,UCI-500389,2133.16,customer_16029,2010-03-08,open
uci_ledger_500399,UCI-500399,101.9,customer_17325,2010-03-08,open
uci_ledger_500400,UCI-500400,2394.0,customer_16754,2010-03-08,open
uci_ledger_500425,UCI-500425,343.35,customer_13798,2010-03-08,open
uci_ledger_500428,UCI-500428,193.2,customer_13157,2010-03-08,open
uci_ledger_500449,UCI-500449,159.15,customer_17542,2010-03-08,open
uci_ledger_500448,UCI-500448,468.0,customer_17857,2010-03-08,open
uci_ledger_500450,UCI-500450,651.18,customer_16013,2010-03-08,open
uci_ledger_500451,UCI-500451,127.5,customer_16013,2010-03-08,open
uci_ledger_500452,UCI-500452,339.36,customer_16422,2010-03-08,open
uci_ledger_500453,UCI-500453,11.8,customer_17542,2010-03-08,open
uci_ledger_500455,UCI-500455,580.08,customer_12514,2010-03-08,open
uci_ledger_500454,UCI-500454,1095.0,customer_15538,2010-03-08,open
uci_ledger_500456,UCI-500456,232.64,customer_13497,2010-03-08,open
uci_ledger_500457,UCI-500457,10.9,customer_17960,2010-03-08,open
uci_ledger_500458,UCI-500458,78.0,customer_16628,2010-03-08,open
uci_ledger_500459,UCI-500459,309.26,customer_13004,2010-03-08,open
uci_ledger_500460,UCI-500460,313.2,customer_18170,2010-03-08,open
uci_ledger_500476,UCI-500476,323.02,customer_15719,2010-03-08,open
uci_ledger_500493,UCI-500493,47.79,customer_17289,2010-03-08,open
uci_ledger_500495,UCI-500495,10.0,customer_15078,2010-03-08,open
uci_ledger_500498,UCI-500498,1334.27,customer_17672,2010-03-08,open
uci_ledger_500500,UCI-500500,111.56,customer_14173,2010-03-08,open
uci_ledger_500501,UCI-500501,210.0,customer_18219,2010-03-08,open
uci_ledger_500502,UCI-500502,848.7,customer_17025,2010-03-08,open
uci_ledger_500503,UCI-500503,332.83,customer_15916,2010-03-08,open
uci_ledger_500504,UCI-500504,23.35,customer_16537,2010-03-08,open
uci_ledger_500505,UCI-500505,445.44,customer_13001,2010-03-08,open
uci_ledger_500506,UCI-500506,340.03,customer_14562,2010-03-08,open
uci_ledger_500508,UCI-500508,111.3,customer_12932,2010-03-08,open
uci_ledger_500509,UCI-500509,229.53,customer_16400,2010-03-08,open
uci_ledger_500510,UCI-500510,336.5,customer_17488,2010-03-08,open
uci_ledger_500511,UCI-500511,151.5,customer_16681,2010-03-08,open
uci_ledger_500523,UCI-500523,137.7,customer_16287,2010-03-08,open
uci_ledger_500533,UCI-500533,484.4,customer_13473,2010-03-08,open
uci_ledger_500536,UCI-500536,2.55,customer_17961,2010-03-08,open
uci_ledger_500535,UCI-500535,397.07,customer_12472,2010-03-08,open
uci_ledger_500537,UCI-500537,219.87,customer_13454,2010-03-08,open
uci_ledger_500538,UCI-500538,695.84,customer_16275,2010-03-08,open
uci_ledger_500539,UCI-500539,477.3,customer_16568,2010-03-08,open
uci_ledger_500540,UCI-500540,106.26,customer_13911,2010-03-08,open
uci_ledger_500541,UCI-500541,310.77,customer_18245,2010-03-08,open
uci_ledger_500564,UCI-500564,85.2,customer_17002,2010-03-08,open
uci_ledger_500566,UCI-500566,131.16,customer_17002,2010-03-08,open
uci_ledger_500567,UCI-500567,1509.6,customer_13694,2010-03-08,open
uci_ledger_500568,UCI-500568,278.8,customer_13831,2010-03-08,open
uci_ledger_500574,UCI-500574,693.26,customer_17663,2010-03-08,open
uci_ledger_500576,UCI-500576,263.73,customer_17438,2010-03-08,open
uci_ledger_500577,UCI-500577,166.48,customer_17222,2010-03-08,open
uci_ledger_500578,UCI-500578,60.0,customer_15250,2010-03-09,open
uci_ledger_500579,UCI-500579,234.61,customer_13641,2010-03-09,open
uci_ledger_500580,UCI-500580,143.45,customer_13643,2010-03-09,open
uci_ledger_500581,UCI-500581,495.0,customer_16182,2010-03-09,open
uci_ledger_500582,UCI-500582,400.2,customer_12490,2010-03-09,open
uci_ledger_500583,UCI-500583,858.08,customer_13178,2010-03-09,open
uci_ledger_500584,UCI-500584,106.05,customer_12648,2010-03-09,open
uci_ledger_500585,UCI-500585,124.1,customer_15637,2010-03-09,open
uci_ledger_500587,UCI-500587,766.94,customer_17138,2010-03-09,open
uci_ledger_500588,UCI-500588,61.2,customer_15591,2010-03-09,open
uci_ledger_500589,UCI-500589,79.2,customer_16027,2010-03-09,open
uci_ledger_500590,UCI-500590,212.0,customer_13013,2010-03-09,open
uci_ledger_500611,UCI-500611,116.68,customer_17266,2010-03-09,open
uci_ledger_500615,UCI-500615,166.86,customer_17157,2010-03-09,open
uci_ledger_500616,UCI-500616,193.29,customer_15437,2010-03-09,open
uci_ledger_500639,UCI-500639,357.4,customer_12495,2010-03-09,open
uci_ledger_500638,UCI-500638,312.39,customer_13854,2010-03-09,open
uci_ledger_500652,UCI-500652,100.18,customer_15921,2010-03-09,open
uci_ledger_500653,UCI-500653,689.45,customer_12682,2010-03-09,open
uci_ledger_500654,UCI-500654,145.0,customer_12668,2010-03-09,open
uci_ledger_500655,UCI-500655,1691.16,customer_16525,2010-03-09,open
uci_ledger_500656,UCI-500656,120.97,customer_18039,2010-03-09,open
uci_ledger_500658,UCI-500658,42.61,customer_12748,2010-03-09,open
uci_ledger_500659,UCI-500659,400.61,customer_16558,2010-03-09,open
uci_ledger_500661,UCI-500661,16.0,customer_17961,2010-03-09,open
uci_ledger_500662,UCI-500662,769.56,customer_15838,2010-03-09,open
uci_ledger_500663,UCI-500663,534.6,customer_17700,2010-03-09,open
uci_ledger_500664,UCI-500664,215.38,customer_17841,2010-03-09,open
uci_ledger_500672,UCI-500672,221.98,customer_14527,2010-03-09,open
uci_ledger_500673,UCI-500673,285.68,customer_13874,2010-03-09,open
uci_ledger_500685,UCI-500685,291.76,customer_17907,2010-03-09,open
uci_ledger_500696,UCI-500696,273.6,customer_16208,2010-03-09,open
uci_ledger_500699,UCI-500699,745.94,customer_16210,2010-03-09,open
uci_ledger_500701,UCI-500701,178.36,customer_16791,2010-03-09,open
uci_ledger_500702,UCI-500702,343.5,customer_16210,2010-03-09,open
uci_ledger_500703,UCI-500703,248.2,customer_14147,2010-03-09,open
uci_ledger_500706,UCI-500706,299.41,customer_16701,2010-03-09,open
uci_ledger_500711,UCI-500711,304.4,customer_13627,2010-03-09,open
uci_ledger_500712,UCI-500712,1119.48,customer_13089,2010-03-09,open
uci_ledger_500713,UCI-500713,283.47,customer_17213,2010-03-09,open
uci_ledger_500715,UCI-500715,1290.81,customer_16854,2010-03-09,open
uci_ledger_500716,UCI-500716,127.8,customer_13283,2010-03-09,open
uci_ledger_500718,UCI-500718,488.1,customer_15722,2010-03-09,open
uci_ledger_500719,UCI-500719,185.99,customer_16707,2010-03-09,open
uci_ledger_500720,UCI-500720,210.89,customer_12747,2010-03-09,open
uci_ledger_500721,UCI-500721,505.73,customer_17059,2010-03-09,open
uci_ledger_500728,UCI-500728,273.54,customer_16756,2010-03-09,open
uci_ledger_500730,UCI-500730,551.2,customer_15078,2010-03-09,open
uci_ledger_500734,UCI-500734,364.79,customer_12542,2010-03-09,open
uci_ledger_500737,UCI-500737,401.31,customer_13491,2010-03-09,open
uci_ledger_500736,UCI-500736,107.76,customer_13089,2010-03-09,open
uci_ledger_500739,UCI-500739,76.32,customer_13413,2010-03-09,open
uci_ledger_500741,UCI-500741,1108.85,customer_15856,2010-03-09,open
uci_ledger_500744,UCI-500744,602.76,customer_13078,2010-03-10,open
uci_ledger_500745,UCI-500745,452.96,customer_13426,2010-03-10,open
uci_ledger_500746,UCI-500746,352.14,customer_13319,2010-03-10,open
uci_ledger_500747,UCI-500747,655.92,customer_14676,2010-03-10,open
uci_ledger_500749,UCI-500749,2017.36,customer_13316,2010-03-10,open
uci_ledger_500751,UCI-500751,3176.34,customer_13081,2010-03-10,open
uci_ledger_500754,UCI-500754,249.8,customer_12638,2010-03-10,open
uci_ledger_500773,UCI-500773,17.7,customer_16946,2010-03-10,open
uci_ledger_500778,UCI-500778,17.0,customer_15309,2010-03-10,open
uci_ledger_500782,UCI-500782,572.91,customer_13941,2010-03-10,open
uci_ledger_500781,UCI-500781,649.22,customer_14286,2010-03-10,open
uci_ledger_500784,UCI-500784,353.28,customer_14286,2010-03-10,open
uci_ledger_500788,UCI-500788,665.38,customer_17044,2010-03-10,open
uci_ledger_500794,UCI-500794,321.48,customer_14828,2010-03-10,open
uci_ledger_500828,UCI-500828,496.56,customer_13783,2010-03-10,open
uci_ledger_500829,UCI-500829,126.5,customer_17377,2010-03-10,open
uci_ledger_500830,UCI-500830,84.2,customer_17377,2010-03-10,open
uci_ledger_500832,UCI-500832,1.65,customer_17377,2010-03-10,open
uci_ledger_500834,UCI-500834,165.78,customer_13484,2010-03-10,open
uci_ledger_500836,UCI-500836,355.86,customer_16846,2010-03-10,open
uci_ledger_500838,UCI-500838,249.21,customer_15898,2010-03-10,open
uci_ledger_500837,UCI-500837,113.53,customer_14590,2010-03-10,open
uci_ledger_500839,UCI-500839,386.0,customer_13798,2010-03-10,open
uci_ledger_500840,UCI-500840,70.89,customer_13413,2010-03-10,open
uci_ledger_500843,UCI-500843,429.81,customer_17348,2010-03-10,open
uci_ledger_500844,UCI-500844,47.75,customer_13413,2010-03-10,open
uci_ledger_500845,UCI-500845,41.75,customer_13413,2010-03-10,open
uci_ledger_500853,UCI-500853,291.12,customer_13566,2010-03-10,open
uci_ledger_500857,UCI-500857,215.46,customer_15911,2010-03-10,open
uci_ledger_500860,UCI-500860,194.4,customer_17880,2010-03-10,open
uci_ledger_500861,UCI-500861,1012.4,customer_14680,2010-03-10,open
uci_ledger_500862,UCI-500862,227.7,customer_13408,2010-03-10,open
uci_ledger_500863,UCI-500863,720.72,customer_13408,2010-03-10,open
uci_ledger_500864,UCI-500864,310.14,customer_14924,2010-03-10,open
uci_ledger_500866,UCI-500866,260.4,customer_16700,2010-03-10,open
uci_ledger_500867,UCI-500867,50.4,customer_14680,2010-03-10,open
uci_ledger_500868,UCI-500868,551.95,customer_14156,2010-03-10,open
uci_ledger_500869,UCI-500869,137.75,customer_17220,2010-03-10,open
uci_ledger_500871,UCI-500871,152.09,customer_17220,2010-03-10,open
uci_ledger_500872,UCI-500872,441.65,customer_13668,2010-03-10,open
uci_ledger_500873,UCI-500873,330.0,customer_17029,2010-03-10,open
uci_ledger_500874,UCI-500874,286.35,customer_16719,2010-03-10,open
uci_ledger_500875,UCI-500875,176.4,customer_14403,2010-03-10,open
uci_ledger_500876,UCI-500876,474.55,customer_15218,2010-03-10,open
uci_ledger_500878,UCI-500878,754.95,customer_16258,2010-03-10,open
uci_ledger_500879,UCI-500879,612.7,customer_15093,2010-03-10,open
uci_ledger_500881,UCI-500881,415.78,customer_13305,2010-03-10,open
uci_ledger_500880,UCI-500880,359.83,customer_15544,2010-03-10,open
uci_ledger_500882,UCI-500882,109.6,customer_12471,2010-03-10,open
uci_ledger_500883,UCI-500883,274.9,customer_12471,2010-03-10,open
uci_ledger_500884,UCI-500884,430.0,customer_12483,2010-03-10,open
uci_ledger_500885,UCI-500885,412.2,customer_15633,2010-03-10,open
uci_ledger_500886,UCI-500886,214.13,customer_15558,2010-03-10,open
uci_ledger_500889,UCI-500889,287.04,customer_16611,2010-03-10,open
uci_ledger_500890,UCI-500890,272.16,customer_17338,2010-03-10,open
uci_ledger_500896,UCI-500896,349.68,customer_15291,2010-03-10,open
uci_ledger_500899,UCI-500899,306.6,customer_12976,2010-03-11,open
uci_ledger_500900,UCI-500900,167.75,customer_14060,2010-03-11,open
uci_ledger_500901,UCI-500901,365.7,customer_13093,2010-03-11,open
uci_ledger_500902,UCI-500902,715.42,customer_13093,2010-03-11,open
uci_ledger_500903,UCI-500903,2655.96,customer_18251,2010-03-11,open
uci_ledger_500904,UCI-500904,162.45,customer_12954,2010-03-11,open
uci_ledger_500917,UCI-500917,451.68,customer_13599,2010-03-11,open
uci_ledger_500919,UCI-500919,353.72,customer_15311,2010-03-11,open
uci_ledger_500920,UCI-500920,105.08,customer_13468,2010-03-11,open
uci_ledger_500921,UCI-500921,611.84,customer_13659,2010-03-11,open
uci_ledger_500922,UCI-500922,37.75,customer_16161,2010-03-11,open
uci_ledger_500933,UCI-500933,216.89,customer_14606,2010-03-11,open
uci_ledger_500940,UCI-500940,219.46,customer_14527,2010-03-11,open
uci_ledger_500941,UCI-500941,306.26,customer_13823,2010-03-11,open
uci_ledger_500943,UCI-500943,760.38,customer_17409,2010-03-11,open
uci_ledger_500963,UCI-500963,304.05,customer_15696,2010-03-11,open
uci_ledger_500964,UCI-500964,140.19,customer_16387,2010-03-11,open
uci_ledger_500968,UCI-500968,119.76,customer_14942,2010-03-11,open
uci_ledger_500971,UCI-500971,588.0,customer_12931,2010-03-11,open
uci_ledger_500970,UCI-500970,203.7,customer_12931,2010-03-11,open
uci_ledger_500973,UCI-500973,597.48,customer_13418,2010-03-11,open
uci_ledger_500979,UCI-500979,11.9,customer_14172,2010-03-11,open
uci_ledger_500986,UCI-500986,124.07,customer_17076,2010-03-11,open
uci_ledger_500995,UCI-500995,138.89,customer_12924,2010-03-11,open
uci_ledger_500996,UCI-500996,257.55,customer_14422,2010-03-11,open
uci_ledger_500997,UCI-500997,335.9,customer_15955,2010-03-11,open
uci_ledger_500998,UCI-500998,1609.01,customer_12957,2010-03-11,open
uci_ledger_501000,UCI-501000,120.4,customer_17757,2010-03-11,open
uci_ledger_500999,UCI-500999,518.91,customer_16933,2010-03-11,open
uci_ledger_501001,UCI-501001,129.33,customer_14878,2010-03-11,open
uci_ledger_501002,UCI-501002,24.5,customer_14878,2010-03-11,open
uci_ledger_501004,UCI-501004,366.69,customer_17841,2010-03-11,open
uci_ledger_501005,UCI-501005,296.34,customer_17448,2010-03-11,open
uci_ledger_501006,UCI-501006,3425.26,customer_14646,2010-03-11,open
uci_ledger_501007,UCI-501007,865.45,customer_16126,2010-03-11,open
uci_ledger_501008,UCI-501008,281.89,customer_17448,2010-03-11,open
uci_ledger_501009,UCI-501009,316.77,customer_17448,2010-03-11,open
uci_ledger_501010,UCI-501010,848.03,customer_13715,2010-03-11,open
uci_ledger_501011,UCI-501011,477.74,customer_15768,2010-03-11,open
uci_ledger_501028,UCI-501028,246.1,customer_15311,2010-03-11,open
uci_ledger_501029,UCI-501029,122.7,customer_16011,2010-03-11,open
uci_ledger_501030,UCI-501030,371.72,customer_17448,2010-03-11,open
uci_ledger_501031,UCI-501031,574.11,customer_16718,2010-03-11,open
uci_ledger_501033,UCI-501033,215.15,customer_16918,2010-03-11,open
uci_ledger_501034,UCI-501034,335.4,customer_14209,2010-03-11,open
uci_ledger_501035,UCI-501035,229.71,customer_14713,2010-03-11,open
uci_ledger_501037,UCI-501037,35.4,customer_14322,2010-03-12,open
uci_ledger_501038,UCI-501038,384.46,customer_17448,2010-03-12,open
uci_ledger_501039,UCI-501039,1019.31,customer_13162,2010-03-12,open
uci_ledger_501042,UCI-501042,255.1,customer_12523,2010-03-12,open
uci_ledger_501043,UCI-501043,917.56,customer_14911,2010-03-12,open
uci_ledger_501044,UCI-501044,93.23,customer_14484,2010-03-12,open
uci_ledger_501045,UCI-501045,415.3,customer_14745,2010-03-12,open
uci_ledger_501046,UCI-501046,612.0,customer_14646,2010-03-12,open
uci_ledger_501047,UCI-501047,1780.9,customer_14646,2010-03-12,open
uci_ledger_501048,UCI-501048,323.35,customer_15221,2010-03-12,open
uci_ledger_501049,UCI-501049,5089.72,customer_14646,2010-03-12,open
uci_ledger_501079,UCI-501079,120.0,customer_15008,2010-03-12,open
uci_ledger_501082,UCI-501082,97.35,customer_17065,2010-03-12,open
uci_ledger_501083,UCI-501083,97.35,customer_17065,2010-03-12,open
uci_ledger_501084,UCI-501084,148.94,customer_13462,2010-03-12,open
uci_ledger_501085,UCI-501085,302.0,customer_17289,2010-03-12,open
uci_ledger_501086,UCI-501086,128.06,customer_17228,2010-03-12,open
uci_ledger_501093,UCI-501093,402.5,customer_17588,2010-03-12,open
uci_ledger_501098,UCI-501098,221.74,customer_16347,2010-03-12,open
uci_ledger_501101,UCI-501101,222.5,customer_13795,2010-03-12,open
uci_ledger_501102,UCI-501102,615.61,customer_15874,2010-03-12,open
uci_ledger_501103,UCI-501103,795.5,customer_14824,2010-03-12,open
uci_ledger_501104,UCI-501104,146.4,customer_15874,2010-03-12,open
uci_ledger_501114,UCI-501114,110.95,customer_12692,2010-03-12,open
uci_ledger_501117,UCI-501117,322.53,customer_17448,2010-03-12,open
uci_ledger_501118,UCI-501118,405.0,customer_15941,2010-03-12,open
uci_ledger_501119,UCI-501119,728.88,customer_12435,2010-03-12,open
uci_ledger_501121,UCI-501121,197.28,customer_15428,2010-03-12,open
uci_ledger_501123,UCI-501123,604.74,customer_15808,2010-03-12,open
uci_ledger_501124,UCI-501124,96.96,customer_13824,2010-03-12,open
uci_ledger_501126,UCI-501126,213.01,customer_13724,2010-03-12,open
uci_ledger_501127,UCI-501127,638.75,customer_18178,2010-03-12,open
uci_ledger_501128,UCI-501128,81.85,customer_13573,2010-03-12,open
uci_ledger_501129,UCI-501129,535.27,customer_17754,2010-03-12,open
uci_ledger_501132,UCI-501132,986.75,customer_14031,2010-03-12,open
uci_ledger_501133,UCI-501133,807.22,customer_17920,2010-03-14,open
uci_ledger_501134,UCI-501134,254.6,customer_13571,2010-03-14,open
uci_ledger_501135,UCI-501135,328.05,customer_16586,2010-03-14,open
uci_ledger_501136,UCI-501136,404.16,customer_15994,2010-03-14,open
uci_ledger_501137,UCI-501137,324.8,customer_13802,2010-03-14,open
uci_ledger_501138,UCI-501138,418.06,customer_14532,2010-03-14,open
uci_ledger_501140,UCI-501140,115.9,customer_16911,2010-03-14,open
uci_ledger_501141,UCI-501141,318.54,customer_16255,2010-03-14,open
uci_ledger_501142,UCI-501142,116.85,customer_17332,2010-03-14,open
uci_ledger_501143,UCI-501143,493.44,customer_13183,2010-03-14,open
uci_ledger_501144,UCI-501144,451.97,customer_14161,2010-03-14,open
uci_ledger_501145,UCI-501145,367.29,customer_18149,2010-03-14,open
uci_ledger_501146,UCI-501146,256.77,customer_13634,2010-03-14,open
uci_ledger_501147,UCI-501147,167.73,customer_17905,2010-03-14,open
uci_ledger_501148,UCI-501148,1968.98,customer_14646,2010-03-14,open
uci_ledger_501149,UCI-501149,180.4,customer_13211,2010-03-14,open
uci_ledger_501150,UCI-501150,116.86,customer_13211,2010-03-14,open
uci_ledger_501151,UCI-501151,375.5,customer_13688,2010-03-14,open
uci_ledger_501152,UCI-501152,311.7,customer_18231,2010-03-14,open
uci_ledger_501153,UCI-501153,591.43,customer_15665,2010-03-14,open
uci_ledger_501154,UCI-501154,111.18,customer_17849,2010-03-14,open
uci_ledger_501155,UCI-501155,79.9,customer_17849,2010-03-14,open
uci_ledger_501156,UCI-501156,39.29,customer_12748,2010-03-14,open
uci_ledger_501157,UCI-501157,432.08,customer_16686,2010-03-14,open
uci_ledger_501158,UCI-501158,717.23,customer_17809,2010-03-15,open
uci_ledger_501159,UCI-501159,221.0,customer_13382,2010-03-15,open
uci_ledger_501160,UCI-501160,92.0,customer_12703,2010-03-15,open
uci_ledger_501167,UCI-501167,267.98,customer_17448,2010-03-15,open
uci_ledger_501166,UCI-501166,427.98,customer_13481,2010-03-15,open
uci_ledger_501168,UCI-501168,321.6,customer_13883,2010-03-15,open
uci_ledger_501172,UCI-501172,110.4,customer_12755,2010-03-15,open
uci_ledger_501176,UCI-501176,830.87,customer_14857,2010-03-15,open
uci_ledger_501175,UCI-501175,480.75,customer_13946,2010-03-15,open
uci_ledger_501177,UCI-501177,12.6,customer_14857,2010-03-15,open
uci_ledger_501178,UCI-501178,165.0,customer_14646,2010-03-15,open
uci_ledger_501181,UCI-501181,279.8,customer_14645,2010-03-15,open
uci_ledger_501182,UCI-501182,484.65,customer_16186,2010-03-15,open
uci_ledger_501186,UCI-501186,332.05,customer_14527,2010-03-15,open
uci_ledger_501201,UCI-501201,718.68,customer_14911,2010-03-15,open
uci_ledger_501251,UCI-501251,216.0,customer_17949,2010-03-15,open
uci_ledger_501256,UCI-501256,879.6,customer_17949,2010-03-15,open
uci_ledger_501257,UCI-501257,972.0,customer_17949,2010-03-15,open
uci_ledger_501261,UCI-501261,153.0,customer_17949,2010-03-15,open
uci_ledger_501263,UCI-501263,126.48,customer_17949,2010-03-15,open
uci_ledger_501264,UCI-501264,365.43,customer_14315,2010-03-15,open
uci_ledger_501265,UCI-501265,178.2,customer_17949,2010-03-15,open
uci_ledger_501266,UCI-501266,362.88,customer_16754,2010-03-15,open
uci_ledger_501267,UCI-501267,391.15,customer_17085,2010-03-15,open
uci_ledger_501268,UCI-501268,607.35,customer_15251,2010-03-15,open
uci_ledger_501272,UCI-501272,851.16,customer_13543,2010-03-15,open
uci_ledger_501273,UCI-501273,274.09,customer_15117,2010-03-15,open
uci_ledger_501274,UCI-501274,85.6,customer_15117,2010-03-15,open
uci_ledger_501275,UCI-501275,242.44,customer_14667,2010-03-15,open
uci_ledger_501276,UCI-501276,190.9,customer_18135,2010-03-15,open
uci_ledger_501277,UCI-501277,306.98,customer_18051,2010-03-15,open
uci_ledger_501278,UCI-501278,189.29,customer_17180,2010-03-15,open
uci_ledger_501279,UCI-501279,402.98,customer_13530,2010-03-15,open
uci_ledger_501280,UCI-501280,238.07,customer_17841,2010-03-15,open
uci_ledger_501281,UCI-501281,819.24,customer_14911,2010-03-15,open
uci_ledger_501282,UCI-501282,371.7,customer_14534,2010-03-15,open
uci_ledger_501284,UCI-501284,1182.35,customer_12714,2010-03-15,open
uci_ledger_501291,UCI-501291,475.54,customer_14343,2010-03-15,open
uci_ledger_501295,UCI-501295,169.65,customer_18251,2010-03-15,open
uci_ledger_501296,UCI-501296,527.48,customer_16242,2010-03-15,open
uci_ledger_501297,UCI-501297,115.16,customer_14606,2010-03-15,open
uci_ledger_501298,UCI-501298,180.85,customer_17218,2010-03-15,open
uci_ledger_501299,UCI-501299,112.9,customer_18008,2010-03-15,open
uci_ledger_501300,UCI-501300,1881.27,customer_14062,2010-03-15,open
uci_ledger_501301,UCI-501301,661.04,customer_13786,2010-03-15,open
uci_ledger_501302,UCI-501302,241.04,customer_17848,2010-03-15,open
uci_ledger_501303,UCI-501303,807.2,customer_14195,2010-03-15,open
uci_ledger_501304,UCI-501304,270.92,customer_17231,2010-03-15,open
uci_ledger_501305,UCI-501305,298.9,customer_13600,2010-03-15,open
uci_ledger_501308,UCI-501308,334.08,customer_15227,2010-03-16,open
uci_ledger_501316,UCI-501316,508.01,customer_14669,2010-03-16,open
uci_ledger_501318,UCI-501318,329.5,customer_13777,2010-03-16,open
uci_ledger_501320,UCI-501320,456.66,customer_15123,2010-03-16,open
uci_ledger_501333,UCI-501333,500.24,customer_12366,2010-03-16,open
uci_ledger_501335,UCI-501335,3.3,customer_15719,2010-03-16,open
uci_ledger_501345,UCI-501345,1155.02,customer_15946,2010-03-16,open
uci_ledger_501347,UCI-501347,334.45,customer_14873,2010-03-16,open
uci_ledger_501369,UCI-501369,299.03,customer_17243,2010-03-16,open
uci_ledger_501385,UCI-501385,355.21,customer_17238,2010-03-16,open
uci_ledger_501386,UCI-501386,985.44,customer_16779,2010-03-16,open
uci_ledger_501387,UCI-501387,235.6,customer_17241,2010-03-16,open
uci_ledger_501403,UCI-501403,46.8,customer_12483,2010-03-16,open
uci_ledger_501420,UCI-501420,83.52,customer_16467,2010-03-16,open
uci_ledger_501422,UCI-501422,152.55,customer_14146,2010-03-16,open
uci_ledger_501423,UCI-501423,146.95,customer_14146,2010-03-16,open
uci_ledger_501425,UCI-501425,277.13,customer_17774,2010-03-16,open
uci_ledger_501426,UCI-501426,424.74,customer_13983,2010-03-16,open
uci_ledger_501427,UCI-501427,153.1,customer_14467,2010-03-16,open
uci_ledger_501430,UCI-501430,389.4,customer_17679,2010-03-16,open
uci_ledger_501431,UCI-501431,143.86,customer_14604,2010-03-16,open
uci_ledger_501432,UCI-501432,102.0,customer_18063,2010-03-16,open
uci_ledger_501434,UCI-501434,754.26,customer_14496,2010-03-16,open
uci_ledger_501437,UCI-501437,73.45,customer_12703,2010-03-16,open
uci_ledger_501438,UCI-501438,547.32,customer_12701,2010-03-16,open
uci_ledger_501439,UCI-501439,112.8,customer_17268,2010-03-16,open
uci_ledger_501440,UCI-501440,1442.57,customer_15311,2010-03-16,open
uci_ledger_501442,UCI-501442,517.95,customer_12835,2010-03-16,open
uci_ledger_501443,UCI-501443,165.63,customer_15005,2010-03-16,open
uci_ledger_501444,UCI-501444,1842.88,customer_17716,2010-03-16,open
uci_ledger_501445,UCI-501445,706.2,customer_17478,2010-03-16,open
uci_ledger_501446,UCI-501446,344.78,customer_16150,2010-03-16,open
uci_ledger_501447,UCI-501447,303.98,customer_14872,2010-03-16,open
uci_ledger_501449,UCI-501449,454.73,customer_14210,2010-03-16,open
uci_ledger_501461,UCI-501461,115.03,customer_15885,2010-03-16,open
uci_ledger_501463,UCI-501463,123.6,customer_12500,2010-03-16,open
uci_ledger_501464,UCI-501464,205.56,customer_12931,2010-03-16,open
uci_ledger_501469,UCI-501469,224.1,customer_14399,2010-03-16,open
uci_ledger_501470,UCI-501470,234.59,customer_17596,2010-03-16,open
uci_ledger_501471,UCI-501471,305.41,customer_15312,2010-03-16,open
uci_ledger_501472,UCI-501472,271.32,customer_14465,2010-03-16,open
uci_ledger_501473,UCI-501473,4607.3,customer_17511,2010-03-16,open
uci_ledger_501474,UCI-501474,382.79,customer_17568,2010-03-16,open
uci_ledger_501476,UCI-501476,266.73,customer_15990,2010-03-17,open
uci_ledger_501477,UCI-501477,389.26,customer_17479,2010-03-17,open
uci_ledger_501478,UCI-501478,278.45,customer_16945,2010-03-17,open
uci_ledger_501479,UCI-501479,300.6,customer_16945,2010-03-17,open
uci_ledger_501480,UCI-501480,864.0,customer_13027,2010-03-17,open
uci_ledger_501482,UCI-501482,422.09,customer_13935,2010-03-17,open
uci_ledger_501483,UCI-501483,1448.64,customer_16652,2010-03-17,open
uci_ledger_501484,UCI-501484,331.32,customer_14911,2010-03-17,open
uci_ledger_501485,UCI-501485,975.0,customer_16331,2010-03-17,open
uci_ledger_501505,UCI-501505,304.09,customer_17448,2010-03-17,open
uci_ledger_501507,UCI-501507,110.95,customer_14662,2010-03-17,open
uci_ledger_501508,UCI-501508,431.39,customer_17448,2010-03-17,open
uci_ledger_501509,UCI-501509,155.64,customer_16891,2010-03-17,open
uci_ledger_501515,UCI-501515,298.44,customer_15867,2010-03-17,open
uci_ledger_501523,UCI-501523,818.29,customer_13612,2010-03-17,open
uci_ledger_501524,UCI-501524,470.72,customer_17690,2010-03-17,open
uci_ledger_501525,UCI-501525,427.2,customer_16553,2010-03-17,open
uci_ledger_501526,UCI-501526,537.92,customer_16875,2010-03-17,open
uci_ledger_501528,UCI-501528,746.94,customer_14680,2010-03-17,open
uci_ledger_501529,UCI-501529,209.88,customer_16777,2010-03-17,open
uci_ledger_501530,UCI-501530,1607.04,customer_13089,2010-03-17,open
uci_ledger_501531,UCI-501531,152.16,customer_13089,2010-03-17,open
uci_ledger_501532,UCI-501532,137.11,customer_14606,2010-03-17,open
uci_ledger_501533,UCI-501533,320.12,customer_13798,2010-03-17,open
uci_ledger_501534,UCI-501534,6866.3,customer_13902,2010-03-17,open
uci_ledger_501535,UCI-501535,162.15,customer_18231,2010-03-17,open
uci_ledger_501537,UCI-501537,328.35,customer_15194,2010-03-17,open
uci_ledger_501539,UCI-501539,180.16,customer_13275,2010-03-17,open
uci_ledger_501540,UCI-501540,236.02,customer_16085,2010-03-17,open
uci_ledger_501541,UCI-501541,1225.2,customer_13478,2010-03-17,open
uci_ledger_501542,UCI-501542,308.0,customer_16004,2010-03-17,open
uci_ledger_501543,UCI-501543,39.12,customer_13478,2010-03-17,open
uci_ledger_501544,UCI-501544,292.93,customer_18196,2010-03-17,open
uci_ledger_501545,UCI-501545,2917.76,customer_12709,2010-03-17,open
uci_ledger_501546,UCI-501546,114.69,customer_17933,2010-03-17,open
uci_ledger_501547,UCI-501547,169.45,customer_17227,2010-03-17,open
uci_ledger_501548,UCI-501548,1466.31,customer_16917,2010-03-17,open
uci_ledger_501550,UCI-501550,1189.01,customer_13371,2010-03-17,open
uci_ledger_501552,UCI-501552,381.95,customer_14249,2010-03-17,open
uci_ledger_501553,UCI-501553,177.44,customer_16254,2010-03-17,open
uci_ledger_501556,UCI-501556,1050.56,customer_12921,2010-03-17,open
uci_ledger_501557,UCI-501557,156.52,customer_17075,2010-03-17,open
uci_ledger_501563,UCI-501563,156.2,customer_16510,2010-03-17,open
uci_ledger_501564,UCI-501564,197.38,customer_12748,2010-03-17,open
uci_ledger_501565,UCI-501565,140.16,customer_13406,2010-03-18,open
uci_ledger_501566,UCI-501566,204.2,customer_14821,2010-03-18,open
uci_ledger_501567,UCI-501567,45.6,customer_15775,2010-03-18,open
uci_ledger_501568,UCI-501568,425.64,customer_16525,2010-03-18,open
uci_ledger_501569,UCI-501569,1328.04,customer_16336,2010-03-18,open
uci_ledger_501570,UCI-501570,459.86,customer_16336,2010-03-18,open
uci_ledger_501571,UCI-501571,222.96,customer_18131,2010-03-18,open
uci_ledger_501572,UCI-501572,407.91,customer_16571,2010-03-18,open
uci_ledger_501574,UCI-501574,724.89,customer_18187,2010-03-18,open
uci_ledger_501573,UCI-501573,595.1,customer_14427,2010-03-18,open
uci_ledger_501575,UCI-501575,1321.55,customer_17677,2010-03-18,open
uci_ledger_501576,UCI-501576,153.94,customer_16742,2010-03-18,open
uci_ledger_501578,UCI-501578,1922.1,customer_14258,2010-03-18,open
uci_ledger_501611,UCI-501611,1835.0,customer_13694,2010-03-18,open
uci_ledger_501612,UCI-501612,120.65,customer_17356,2010-03-18,open
uci_ledger_501613,UCI-501613,219.8,customer_15311,2010-03-18,open
uci_ledger_501614,UCI-501614,3137.85,customer_13694,2010-03-18,open
uci_ledger_501616,UCI-501616,140.2,customer_16977,2010-03-18,open
uci_ledger_501617,UCI-501617,228.9,customer_15819,2010-03-18,open
uci_ledger_501618,UCI-501618,197.4,customer_15819,2010-03-18,open
uci_ledger_501618,UCI-501618,99.02,customer_15819,2010-03-18,open
uci_ledger_501619,UCI-501619,525.9,customer_14299,2010-03-18,open
uci_ledger_501620,UCI-501620,241.05,customer_14527,2010-03-18,open
uci_ledger_501621,UCI-501621,571.62,customer_16422,2010-03-18,open
uci_ledger_501622,UCI-501622,99.0,customer_16017,2010-03-18,open
uci_ledger_501623,UCI-501623,452.82,customer_16422,2010-03-18,open
uci_ledger_501624,UCI-501624,319.03,customer_14651,2010-03-18,open
uci_ledger_501625,UCI-501625,248.65,customer_15918,2010-03-18,open
uci_ledger_501626,UCI-501626,57.82,customer_14651,2010-03-18,open
uci_ledger_501627,UCI-501627,91.8,customer_14911,2010-03-18,open
uci_ledger_501628,UCI-501628,782.56,customer_14911,2010-03-18,open
uci_ledger_501629,UCI-501629,96.23,customer_15039,2010-03-18,open
uci_ledger_501638,UCI-501638,1048.08,customer_12621,2010-03-18,open
uci_ledger_501637,UCI-501637,102.0,customer_13199,2010-03-18,open
uci_ledger_501639,UCI-501639,120.6,customer_13199,2010-03-18,open
uci_ledger_501640,UCI-501640,656.25,customer_14400,2010-03-18,open
uci_ledger_501641,UCI-501641,353.49,customer_13057,2010-03-18,open
uci_ledger_501645,UCI-501645,627.74,customer_14249,2010-03-18,open
uci_ledger_501647,UCI-501647,210.0,customer_15461,2010-03-18,open
uci_ledger_501646,UCI-501646,199.12,customer_17377,2010-03-18,open
uci_ledger_501648,UCI-501648,76.32,customer_17307,2010-03-18,open
uci_ledger_501649,UCI-501649,24.05,customer_17377,2010-03-18,open
uci_ledger_501650,UCI-501650,360.26,customer_15858,2010-03-18,open
uci_ledger_501651,UCI-501651,110.26,customer_16385,2010-03-18,open
uci_ledger_501652,UCI-501652,281.03,customer_17841,2010-03-18,open
uci_ledger_501653,UCI-501653,347.15,customer_16365,2010-03-18,open
uci_ledger_501654,UCI-501654,47.93,customer_14648,2010-03-18,open
uci_ledger_501656,UCI-501656,185.23,customer_14648,2010-03-18,open
uci_ledger_501657,UCI-501657,292.66,customer_13243,2010-03-18,open
uci_ledger_501658,UCI-501658,146.14,customer_15496,2010-03-18,open
uci_ledger_501660,UCI-501660,328.03,customer_17095,2010-03-18,open
uci_ledger_501661,UCI-501661,312.97,customer_16125,2010-03-18,open
uci_ledger_501662,UCI-501662,250.47,customer_16497,2010-03-18,open
uci_ledger_501663,UCI-501663,1155.48,customer_12615,2010-03-18,open
uci_ledger_501664,UCI-501664,618.36,customer_16303,2010-03-18,open
uci_ledger_501665,UCI-501665,327.19,customer_16108,2010-03-18,open
uci_ledger_501666,UCI-501666,136.1,customer_17349,2010-03-18,open
uci_ledger_501667,UCI-501667,906.82,customer_13694,2010-03-18,open
uci_ledger_501669,UCI-501669,406.7,customer_17512,2010-03-18,open
uci_ledger_501670,UCI-501670,263.5,customer_13128,2010-03-18,open
uci_ledger_501671,UCI-501671,305.55,customer_18171,2010-03-18,open
uci_ledger_501672,UCI-501672,323.93,customer_17364,2010-03-18,open
uci_ledger_501673,UCI-501673,187.64,customer_16569,2010-03-18,open
uci_ledger_501674,UCI-501674,155.05,customer_12951,2010-03-18,open
uci_ledger_501675,UCI-501675,186.0,customer_18247,2010-03-18,open
uci_ledger_501676,UCI-501676,325.35,customer_16722,2010-03-18,open
uci_ledger_501677,UCI-501677,560.98,customer_12647,2010-03-18,open
uci_ledger_501679,UCI-501679,120.32,customer_13203,2010-03-18,open
uci_ledger_501681,UCI-501681,266.9,customer_12993,2010-03-18,open
uci_ledger_501682,UCI-501682,330.29,customer_17519,2010-03-18,open
uci_ledger_501685,UCI-501685,4580.0,customer_18102,2010-03-18,open
uci_ledger_501687,UCI-501687,583.1,customer_14543,2010-03-18,open
uci_ledger_501688,UCI-501688,286.22,customer_15738,2010-03-18,open
uci_ledger_501689,UCI-501689,190.67,customer_15738,2010-03-18,open
uci_ledger_501691,UCI-501691,663.6,customer_18223,2010-03-18,open
uci_ledger_501693,UCI-501693,222.93,customer_15030,2010-03-18,open
uci_ledger_501694,UCI-501694,138.54,customer_16668,2010-03-18,open
uci_ledger_501695,UCI-501695,285.0,customer_12989,2010-03-18,open
uci_ledger_501696,UCI-501696,66.0,customer_16199,2010-03-18,open
uci_ledger_501697,UCI-501697,94.9,customer_17848,2010-03-18,open
uci_ledger_501699,UCI-501699,162.14,customer_14702,2010-03-18,open
uci_ledger_501700,UCI-501700,283.0,customer_13230,2010-03-18,open
uci_ledger_501701,UCI-501701,176.52,customer_13150,2010-03-19,open
uci_ledger_501706,UCI-501706,174.6,customer_13089,2010-03-19,open
uci_ledger_501705,UCI-501705,448.42,customer_17838,2010-03-19,open
uci_ledger_501707,UCI-501707,8.5,customer_17838,2010-03-19,open
uci_ledger_501708,UCI-501708,116.85,customer_13089,2010-03-19,open
uci_ledger_501709,UCI-501709,497.9,customer_15615,2010-03-19,open
uci_ledger_501710,UCI-501710,453.17,customer_17738,2010-03-19,open
uci_ledger_501711,UCI-501711,327.44,customer_17930,2010-03-19,open
uci_ledger_501712,UCI-501712,161.6,customer_17581,2010-03-19,open
uci_ledger_501713,UCI-501713,1048.76,customer_18225,2010-03-19,open
uci_ledger_501714,UCI-501714,698.45,customer_17581,2010-03-19,open
uci_ledger_501715,UCI-501715,959.7,customer_16636,2010-03-19,open
uci_ledger_501716,UCI-501716,419.55,customer_13021,2010-03-19,open
uci_ledger_501717,UCI-501717,405.53,customer_13267,2010-03-19,open
uci_ledger_501718,UCI-501718,177.3,customer_15325,2010-03-19,open
uci_ledger_501719,UCI-501719,355.8,customer_13881,2010-03-19,open
uci_ledger_501730,UCI-501730,275.35,customer_14159,2010-03-19,open
uci_ledger_501729,UCI-501729,1248.48,customer_16716,2010-03-19,open
uci_ledger_501731,UCI-501731,291.45,customer_16008,2010-03-19,open
uci_ledger_501732,UCI-501732,704.58,customer_14292,2010-03-19,open
uci_ledger_501766,UCI-501766,6958.17,customer_15760,2010-03-19,open
uci_ledger_501767,UCI-501767,728.37,customer_16335,2010-03-19,open
uci_ledger_501768,UCI-501768,6958.17,customer_15760,2010-03-19,open
uci_ledger_501770,UCI-501770,318.06,customer_14851,2010-03-19,open
uci_ledger_501776,UCI-501776,306.97,customer_17612,2010-03-19,open
uci_ledger_501785,UCI-501785,138.49,customer_16452,2010-03-19,open
uci_ledger_501789,UCI-501789,653.01,customer_15768,2010-03-19,open
uci_ledger_501790,UCI-501790,1263.36,customer_14607,2010-03-19,open
uci_ledger_501791,UCI-501791,414.5,customer_17230,2010-03-19,open
uci_ledger_501792,UCI-501792,313.4,customer_15279,2010-03-19,open
uci_ledger_501793,UCI-501793,421.31,customer_15329,2010-03-19,open
uci_ledger_501795,UCI-501795,248.8,customer_16508,2010-03-19,open
uci_ledger_501800,UCI-501800,595.8,customer_13694,2010-03-19,open
uci_ledger_501805,UCI-501805,376.44,customer_13542,2010-03-19,open
uci_ledger_501806,UCI-501806,593.84,customer_17673,2010-03-19,open
uci_ledger_501807,UCI-501807,494.99,customer_17799,2010-03-19,open
uci_ledger_501808,UCI-501808,149.56,customer_14796,2010-03-19,open
uci_ledger_501810,UCI-501810,1055.51,customer_14911,2010-03-19,open
uci_ledger_501811,UCI-501811,169.8,customer_15465,2010-03-19,open
uci_ledger_501813,UCI-501813,343.94,customer_12418,2010-03-19,open
uci_ledger_501812,UCI-501812,308.96,customer_14327,2010-03-19,open
uci_ledger_501815,UCI-501815,149.15,customer_13415,2010-03-19,open
uci_ledger_501816,UCI-501816,154.21,customer_16905,2010-03-19,open
uci_ledger_501818,UCI-501818,117.1,customer_13415,2010-03-19,open
uci_ledger_501819,UCI-501819,322.69,customer_14832,2010-03-19,open
uci_ledger_501822,UCI-501822,385.38,customer_14316,2010-03-19,open
uci_ledger_501824,UCI-501824,150.34,customer_18077,2010-03-19,open
uci_ledger_501825,UCI-501825,409.44,customer_14408,2010-03-19,open
uci_ledger_501828,UCI-501828,606.45,customer_15218,2010-03-19,open
uci_ledger_501830,UCI-501830,318.0,customer_12908,2010-03-19,open
uci_ledger_501831,UCI-501831,198.58,customer_14584,2010-03-19,open
uci_ledger_501836,UCI-501836,824.4,customer_15808,2010-03-19,open
uci_ledger_501845,UCI-501845,604.65,customer_17920,2010-03-21,open
uci_ledger_501846,UCI-501846,17.6,customer_17920,2010-03-21,open
uci_ledger_501847,UCI-501847,361.04,customer_17243,2010-03-21,open
uci_ledger_501848,UCI-501848,377.87,customer_13555,2010-03-21,open
uci_ledger_501849,UCI-501849,215.55,customer_14451,2010-03-21,open
uci_ledger_501850,UCI-501850,144.35,customer_13214,2010-03-21,open
uci_ledger_501852,UCI-501852,324.89,customer_17465,2010-03-21,open
uci_ledger_501853,UCI-501853,219.8,customer_16782,2010-03-21,open
uci_ledger_501854,UCI-501854,107.34,customer_15446,2010-03-21,open
uci_ledger_501855,UCI-501855,329.38,customer_17526,2010-03-21,open
uci_ledger_501856,UCI-501856,17.0,customer_17526,2010-03-21,open
uci_ledger_501858,UCI-501858,418.15,customer_13593,2010-03-21,open
uci_ledger_501859,UCI-501859,280.0,customer_14080,2010-03-21,open
uci_ledger_501860,UCI-501860,746.98,customer_15425,2010-03-21,open
uci_ledger_501862,UCI-501862,268.83,customer_16326,2010-03-21,open
uci_ledger_501863,UCI-501863,359.08,customer_15650,2010-03-21,open
uci_ledger_501864,UCI-501864,161.4,customer_17681,2010-03-21,open
uci_ledger_501866,UCI-501866,280.2,customer_13668,2010-03-21,open
uci_ledger_501867,UCI-501867,258.75,customer_18085,2010-03-21,open
uci_ledger_501868,UCI-501868,496.85,customer_16746,2010-03-21,open
uci_ledger_501869,UCI-501869,320.0,customer_13848,2010-03-21,open
uci_ledger_501870,UCI-501870,411.42,customer_17448,2010-03-21,open
uci_ledger_501871,UCI-501871,51.6,customer_14970,2010-03-21,open
uci_ledger_501871,UCI-501871,606.4,customer_14970,2010-03-21,open
uci_ledger_501872,UCI-501872,18.41,customer_17916,2010-03-21,open
uci_ledger_501874,UCI-501874,2613.62,customer_17133,2010-03-21,open
uci_ledger_501875,UCI-501875,226.6,customer_16168,2010-03-21,open
uci_ledger_501876,UCI-501876,150.64,customer_17236,2010-03-21,open
uci_ledger_501877,UCI-501877,549.99,customer_17611,2010-03-21,open
uci_ledger_501879,UCI-501879,224.81,customer_17472,2010-03-21,open
uci_ledger_501880,UCI-501880,215.44,customer_17285,2010-03-21,open
uci_ledger_501881,UCI-501881,294.6,customer_15482,2010-03-21,open
uci_ledger_501882,UCI-501882,101.75,customer_17372,2010-03-21,open
uci_ledger_501883,UCI-501883,262.31,customer_13466,2010-03-21,open
uci_ledger_501884,UCI-501884,111.35,customer_17611,2010-03-21,open
uci_ledger_501885,UCI-501885,86.25,customer_13092,2010-03-21,open
uci_ledger_501886,UCI-501886,194.22,customer_17448,2010-03-21,open
uci_ledger_501887,UCI-501887,181.66,customer_17587,2010-03-21,open
uci_ledger_501888,UCI-501888,321.34,customer_15633,2010-03-21,open
uci_ledger_501889,UCI-501889,552.38,customer_13093,2010-03-21,open
uci_ledger_501890,UCI-501890,198.85,customer_14606,2010-03-21,open
uci_ledger_501891,UCI-501891,113.25,customer_17969,2010-03-21,open
uci_ledger_501892,UCI-501892,167.65,customer_17051,2010-03-21,open
uci_ledger_501893,UCI-501893,254.64,customer_15005,2010-03-21,open
uci_ledger_501894,UCI-501894,181.8,customer_16858,2010-03-21,open
uci_ledger_501895,UCI-501895,143.48,customer_16039,2010-03-21,open
uci_ledger_501896,UCI-501896,477.28,customer_15623,2010-03-21,open
uci_ledger_501897,UCI-501897,758.74,customer_17539,2010-03-21,open
uci_ledger_501898,UCI-501898,220.0,customer_18177,2010-03-21,open
uci_ledger_501899,UCI-501899,1089.98,customer_13798,2010-03-21,open
uci_ledger_501900,UCI-501900,127.88,customer_16397,2010-03-21,open
uci_ledger_501902,UCI-501902,381.0,customer_12796,2010-03-21,open
uci_ledger_501903,UCI-501903,372.74,customer_18078,2010-03-21,open
uci_ledger_501904,UCI-501904,917.7,customer_12368,2010-03-21,open
uci_ledger_501906,UCI-501906,1073.75,customer_17340,2010-03-21,open
uci_ledger_501907,UCI-501907,872.94,customer_13451,2010-03-21,open
uci_ledger_501908,UCI-501908,17.4,customer_14541,2010-03-22,open
uci_ledger_501909,UCI-501909,314.1,customer_14051,2010-03-22,open
uci_ledger_501910,UCI-501910,253.58,customer_12639,2010-03-22,open
uci_ledger_501911,UCI-501911,223.91,customer_14928,2010-03-22,open
uci_ledger_501912,UCI-501912,415.92,customer_17552,2010-03-22,open
uci_ledger_501913,UCI-501913,343.12,customer_15222,2010-03-22,open
uci_ledger_501916,UCI-501916,142.95,customer_15611,2010-03-22,open
uci_ledger_501917,UCI-501917,535.53,customer_15810,2010-03-22,open
uci_ledger_501918,UCI-501918,2545.44,customer_17949,2010-03-22,open
uci_ledger_501919,UCI-501919,391.5,customer_13148,2010-03-22,open
uci_ledger_501920,UCI-501920,371.5,customer_14040,2010-03-22,open
uci_ledger_501921,UCI-501921,353.4,customer_16132,2010-03-22,open
uci_ledger_501922,UCI-501922,1021.37,customer_13151,2010-03-22,open
uci_ledger_501923,UCI-501923,151.45,customer_13482,2010-03-22,open
uci_ledger_501925,UCI-501925,988.04,customer_15311,2010-03-22,open
uci_ledger_501926,UCI-501926,851.96,customer_14175,2010-03-22,open
uci_ledger_501927,UCI-501927,437.97,customer_12533,2010-03-22,open
uci_ledger_501928,UCI-501928,186.9,customer_16895,2010-03-22,open
uci_ledger_501930,UCI-501930,782.45,customer_14016,2010-03-22,open
uci_ledger_501929,UCI-501929,95.4,customer_17760,2010-03-22,open
uci_ledger_501931,UCI-501931,0.95,customer_17760,2010-03-22,open
uci_ledger_501938,UCI-501938,1183.8,customer_15523,2010-03-22,open
uci_ledger_501944,UCI-501944,218.34,customer_15732,2010-03-22,open
uci_ledger_501945,UCI-501945,120.9,customer_15860,2010-03-22,open
uci_ledger_501947,UCI-501947,107.7,customer_15607,2010-03-22,open
uci_ledger_501959,UCI-501959,133.6,customer_16225,2010-03-22,open
uci_ledger_501960,UCI-501960,546.03,customer_14817,2010-03-22,open
uci_ledger_501996,UCI-501996,139.2,customer_13089,2010-03-22,open
uci_ledger_502028,UCI-502028,310.98,customer_13313,2010-03-22,open
uci_ledger_502035,UCI-502035,318.8,customer_15298,2010-03-22,open
uci_ledger_502036,UCI-502036,301.5,customer_14709,2010-03-22,open
uci_ledger_502037,UCI-502037,298.4,customer_12472,2010-03-22,open
uci_ledger_502038,UCI-502038,623.69,customer_13206,2010-03-22,open
uci_ledger_502039,UCI-502039,34.8,customer_13206,2010-03-22,open
uci_ledger_502053,UCI-502053,388.6,customer_17841,2010-03-22,open
uci_ledger_502055,UCI-502055,1523.77,customer_13357,2010-03-22,open
uci_ledger_502056,UCI-502056,471.16,customer_17138,2010-03-22,open
uci_ledger_502057,UCI-502057,49.3,customer_13357,2010-03-22,open
uci_ledger_502058,UCI-502058,233.55,customer_18061,2010-03-22,open
uci_ledger_502059,UCI-502059,370.75,customer_16560,2010-03-22,open
uci_ledger_502060,UCI-502060,630.72,customer_17696,2010-03-22,open
uci_ledger_502063,UCI-502063,301.14,customer_14355,2010-03-22,open
uci_ledger_502064,UCI-502064,60.0,customer_14464,2010-03-22,open
uci_ledger_502069,UCI-502069,222.06,customer_13141,2010-03-22,open
uci_ledger_502080,UCI-502080,195.35,customer_14530,2010-03-22,open
uci_ledger_502082,UCI-502082,310.8,customer_14643,2010-03-22,open
uci_ledger_502087,UCI-502087,388.48,customer_17496,2010-03-22,open
uci_ledger_502089,UCI-502089,511.23,customer_14307,2010-03-22,open
uci_ledger_502091,UCI-502091,114.5,customer_17432,2010-03-22,open
uci_ledger_502093,UCI-502093,266.08,customer_16823,2010-03-22,open
uci_ledger_502094,UCI-502094,628.08,customer_12748,2010-03-22,open
uci_ledger_502096,UCI-502096,225.74,customer_16441,2010-03-22,open
uci_ledger_502097,UCI-502097,313.38,customer_15793,2010-03-23,open
uci_ledger_502098,UCI-502098,345.6,customer_12359,2010-03-23,open
uci_ledger_502099,UCI-502099,473.98,customer_17640,2010-03-23,open
uci_ledger_502100,UCI-502100,300.38,customer_13706,2010-03-23,open
uci_ledger_502101,UCI-502101,372.94,customer_14769,2010-03-23,open
uci_ledger_502102,UCI-502102,284.04,customer_16656,2010-03-23,open
uci_ledger_502104,UCI-502104,198.9,customer_15984,2010-03-23,open
uci_ledger_502106,UCI-502106,490.84,customer_12843,2010-03-23,open
uci_ledger_502105,UCI-502105,163.41,customer_13711,2010-03-23,open
uci_ledger_502107,UCI-502107,227.02,customer_12843,2010-03-23,open
uci_ledger_502109,UCI-502109,105.66,customer_15732,2010-03-23,open
uci_ledger_502108,UCI-502108,238.5,customer_18172,2010-03-23,open
uci_ledger_502110,UCI-502110,301.86,customer_16071,2010-03-23,open
uci_ledger_502111,UCI-502111,777.91,customer_12455,2010-03-23,open
uci_ledger_502112,UCI-502112,9.9,customer_15732,2010-03-23,open
uci_ledger_502113,UCI-502113,512.48,customer_15998,2010-03-23,open
uci_ledger_502118,UCI-502118,1327.98,customer_15614,2010-03-23,open
uci_ledger_502138,UCI-502138,10.14,customer_15998,2010-03-23,open
uci_ledger_502169,UCI-502169,487.8,customer_15270,2010-03-23,open
uci_ledger_502189,UCI-502189,129.83,customer_15003,2010-03-23,open
uci_ledger_502192,UCI-502192,869.27,customer_14680,2010-03-23,open
uci_ledger_502219,UCI-502219,81.6,customer_14680,2010-03-23,open
uci_ledger_502228,UCI-502228,190.78,customer_15716,2010-03-23,open
uci_ledger_502229,UCI-502229,531.42,customer_12921,2010-03-23,open
uci_ledger_502230,UCI-502230,229.47,customer_14596,2010-03-23,open
uci_ledger_502232,UCI-502232,330.38,customer_15105,2010-03-23,open
uci_ledger_502233,UCI-502233,255.02,customer_14739,2010-03-23,open
uci_ledger_502234,UCI-502234,677.38,customer_16327,2010-03-23,open
uci_ledger_502235,UCI-502235,260.75,customer_15571,2010-03-23,open
uci_ledger_502236,UCI-502236,312.45,customer_14160,2010-03-23,open
uci_ledger_502237,UCI-502237,257.34,customer_18009,2010-03-23,open
uci_ledger_502238,UCI-502238,309.8,customer_16296,2010-03-23,open
uci_ledger_502239,UCI-502239,190.5,customer_12823,2010-03-23,open
uci_ledger_502240,UCI-502240,426.27,customer_13293,2010-03-23,open
uci_ledger_502241,UCI-502241,122.18,customer_17389,2010-03-23,open
uci_ledger_502242,UCI-502242,149.3,customer_14958,2010-03-23,open
uci_ledger_502244,UCI-502244,364.31,customer_13872,2010-03-23,open
uci_ledger_502245,UCI-502245,1017.43,customer_15079,2010-03-23,open
uci_ledger_502246,UCI-502246,71.4,customer_16970,2010-03-23,open
uci_ledger_502247,UCI-502247,359.27,customer_17147,2010-03-23,open
uci_ledger_502249,UCI-502249,298.74,customer_17797,2010-03-23,open
uci_ledger_502251,UCI-502251,496.66,customer_13869,2010-03-23,open
uci_ledger_502252,UCI-502252,156.9,customer_14590,2010-03-23,open
uci_ledger_502255,UCI-502255,390.6,customer_13495,2010-03-23,open
uci_ledger_502256,UCI-502256,377.4,customer_14543,2010-03-23,open
uci_ledger_502257,UCI-502257,597.3,customer_17675,2010-03-23,open
uci_ledger_502258,UCI-502258,111.95,customer_14166,2010-03-23,open
uci_ledger_502259,UCI-502259,156.6,customer_16578,2010-03-23,open
uci_ledger_502260,UCI-502260,291.5,customer_16615,2010-03-23,open
uci_ledger_502261,UCI-502261,63.0,customer_12891,2010-03-23,open
uci_ledger_502263,UCI-502263,10953.5,customer_12918,2010-03-23,open
uci_ledger_502266,UCI-502266,241.9,customer_13445,2010-03-23,open
uci_ledger_502267,UCI-502267,1900.0,customer_17940,2010-03-23,open
uci_ledger_502269,UCI-502269,10000.0,customer_17940,2010-03-23,open
uci_ledger_502268,UCI-502268,117.05,customer_14762,2010-03-23,open
uci_ledger_502272,UCI-502272,355.62,customer_14344,2010-03-23,open
uci_ledger_502273,UCI-502273,159.5,customer_13613,2010-03-23,open
uci_ledger_502274,UCI-502274,10.05,customer_17961,2010-03-23,open
uci_ledger_502275,UCI-502275,34.8,customer_16321,2010-03-23,open
uci_ledger_502278,UCI-502278,395.23,customer_15785,2010-03-23,open
uci_ledger_502279,UCI-502279,27.4,customer_15785,2010-03-23,open
uci_ledger_502280,UCI-502280,289.45,customer_14156,2010-03-23,open
uci_ledger_502281,UCI-502281,174.02,customer_15869,2010-03-23,open
uci_ledger_502286,UCI-502286,220.6,customer_17576,2010-03-23,open
uci_ledger_502287,UCI-502287,15.9,customer_17576,2010-03-23,open
uci_ledger_502288,UCI-502288,412.88,customer_12681,2010-03-24,open
uci_ledger_502293,UCI-502293,388.55,customer_13896,2010-03-24,open
uci_ledger_502300,UCI-502300,2509.9,customer_16029,2010-03-24,open
uci_ledger_502301,UCI-502301,877.18,customer_17082,2010-03-24,open
uci_ledger_502303,UCI-502303,301.5,customer_13151,2010-03-24,open
uci_ledger_502313,UCI-502313,446.21,customer_17113,2010-03-24,open
uci_ledger_502314,UCI-502314,762.68,customer_13078,2010-03-24,open
uci_ledger_502315,UCI-502315,30.6,customer_17512,2010-03-24,open
uci_ledger_502316,UCI-502316,79.2,customer_17512,2010-03-24,open
uci_ledger_502318,UCI-502318,313.49,customer_18189,2010-03-24,open
uci_ledger_502317,UCI-502317,571.05,customer_16003,2010-03-24,open
uci_ledger_502319,UCI-502319,309.35,customer_14370,2010-03-24,open
uci_ledger_502320,UCI-502320,334.08,customer_14341,2010-03-24,open
uci_ledger_502322,UCI-502322,38.35,customer_16003,2010-03-24,open
uci_ledger_502323,UCI-502323,349.75,customer_17838,2010-03-24,open
uci_ledger_502326,UCI-502326,1885.37,customer_12758,2010-03-24,open
uci_ledger_502328,UCI-502328,230.01,customer_16711,2010-03-24,open
uci_ledger_502327,UCI-502327,346.9,customer_13252,2010-03-24,open
uci_ledger_502331,UCI-502331,40.0,customer_12360,2010-03-24,open
uci_ledger_502334,UCI-502334,36.8,customer_14911,2010-03-24,open
uci_ledger_502333,UCI-502333,2300.4,customer_16077,2010-03-24,open
uci_ledger_502337,UCI-502337,300.8,customer_17377,2010-03-24,open
uci_ledger_502336,UCI-502336,187.95,customer_13468,2010-03-24,open
uci_ledger_502347,UCI-502347,310.2,customer_13988,2010-03-24,open
uci_ledger_502363,UCI-502363,120.29,customer_14606,2010-03-24,open
uci_ledger_502375,UCI-502375,243.29,customer_17165,2010-03-24,open
uci_ledger_502393,UCI-502393,1020.48,customer_12524,2010-03-24,open
uci_ledger_502396,UCI-502396,560.94,customer_15057,2010-03-24,open
uci_ledger_502399,UCI-502399,302.86,customer_13611,2010-03-24,open
uci_ledger_502404,UCI-502404,306.96,customer_15607,2010-03-24,open
uci_ledger_502418,UCI-502418,119.0,customer_17935,2010-03-24,open
uci_ledger_502419,UCI-502419,443.21,customer_16300,2010-03-24,open
uci_ledger_502420,UCI-502420,293.5,customer_15015,2010-03-24,open
uci_ledger_502421,UCI-502421,34.5,customer_15329,2010-03-24,open
uci_ledger_502422,UCI-502422,519.3,customer_14911,2010-03-24,open
uci_ledger_502423,UCI-502423,1083.05,customer_15601,2010-03-24,open
uci_ledger_502424,UCI-502424,330.15,customer_14527,2010-03-24,open
uci_ledger_502425,UCI-502425,59.5,customer_13835,2010-03-24,open
uci_ledger_502427,UCI-502427,363.51,customer_17019,2010-03-24,open
uci_ledger_502426,UCI-502426,568.94,customer_13199,2010-03-24,open
uci_ledger_502429,UCI-502429,1201.52,customer_12742,2010-03-24,open
uci_ledger_502430,UCI-502430,327.93,customer_16735,2010-03-24,open
uci_ledger_502432,UCI-502432,102.0,customer_17716,2010-03-24,open
uci_ledger_502433,UCI-502433,132.64,customer_13497,2010-03-24,open
uci_ledger_502436,UCI-502436,169.21,customer_16002,2010-03-24,open
uci_ledger_502439,UCI-502439,42.9,customer_15920,2010-03-24,open
uci_ledger_502440,UCI-502440,45.0,customer_15015,2010-03-24,open
uci_ledger_502441,UCI-502441,379.04,customer_17640,2010-03-24,open
uci_ledger_502443,UCI-502443,8.5,customer_18037,2010-03-24,open
uci_ledger_502444,UCI-502444,275.35,customer_14729,2010-03-24,open
uci_ledger_502445,UCI-502445,5.05,customer_14729,2010-03-24,open
uci_ledger_502446,UCI-502446,110.03,customer_15086,2010-03-24,open
uci_ledger_502448,UCI-502448,193.22,customer_15311,2010-03-24,open
uci_ledger_502449,UCI-502449,354.79,customer_16444,2010-03-24,open
uci_ledger_502450,UCI-502450,386.53,customer_14026,2010-03-24,open
uci_ledger_502455,UCI-502455,782.56,customer_14911,2010-03-24,open
uci_ledger_502456,UCI-502456,91.8,customer_14911,2010-03-24,open
uci_ledger_502462,UCI-502462,101.3,customer_15447,2010-03-24,open
uci_ledger_502463,UCI-502463,169.33,customer_15605,2010-03-24,open
uci_ledger_502464,UCI-502464,26.55,customer_12748,2010-03-24,open
uci_ledger_502465,UCI-502465,81.0,customer_17402,2010-03-24,open
uci_ledger_502466,UCI-502466,173.06,customer_16741,2010-03-24,open
uci_ledger_502467,UCI-502467,391.59,customer_12437,2010-03-24,open
uci_ledger_502468,UCI-502468,342.36,customer_16984,2010-03-24,open
uci_ledger_502484,UCI-502484,123.37,customer_13571,2010-03-24,open
uci_ledger_502485,UCI-502485,282.05,customer_17072,2010-03-24,open
uci_ledger_502487,UCI-502487,85.65,customer_12663,2010-03-25,open
uci_ledger_502488,UCI-502488,392.94,customer_12540,2010-03-25,open
uci_ledger_502489,UCI-502489,59.8,customer_15527,2010-03-25,open
uci_ledger_502490,UCI-502490,520.92,customer_14640,2010-03-25,open
uci_ledger_502491,UCI-502491,828.8,customer_12471,2010-03-25,open
uci_ledger_502492,UCI-502492,529.62,customer_13459,2010-03-25,open
uci_ledger_502493,UCI-502493,141.06,customer_12370,2010-03-25,open
uci_ledger_502494,UCI-502494,463.35,customer_13564,2010-03-25,open
uci_ledger_502496,UCI-502496,241.2,customer_14202,2010-03-25,open
uci_ledger_502495,UCI-502495,161.5,customer_13557,2010-03-25,open
uci_ledger_502498,UCI-502498,134.2,customer_15602,2010-03-25,open
uci_ledger_502499,UCI-502499,1009.67,customer_15513,2010-03-25,open
uci_ledger_502500,UCI-502500,213.75,customer_15513,2010-03-25,open
uci_ledger_502501,UCI-502501,316.58,customer_13004,2010-03-25,open
uci_ledger_502509,UCI-502509,328.3,customer_16554,2010-03-25,open
uci_ledger_502523,UCI-502523,205.23,customer_15443,2010-03-25,open
uci_ledger_502525,UCI-502525,2779.34,customer_13694,2010-03-25,open
uci_ledger_502528,UCI-502528,322.6,customer_14947,2010-03-25,open
uci_ledger_502532,UCI-502532,2640.0,customer_13694,2010-03-25,open
uci_ledger_502535,UCI-502535,937.54,customer_13694,2010-03-25,open
uci_ledger_502534,UCI-502534,578.63,customer_15547,2010-03-25,open
uci_ledger_502567,UCI-502567,139.32,customer_15374,2010-03-25,open
uci_ledger_502565,UCI-502565,509.65,customer_13849,2010-03-25,open
uci_ledger_502568,UCI-502568,70.6,customer_12370,2010-03-25,open
uci_ledger_502569,UCI-502569,283.36,customer_14522,2010-03-25,open
uci_ledger_502570,UCI-502570,220.32,customer_15380,2010-03-25,open
uci_ledger_502583,UCI-502583,331.5,customer_13875,2010-03-25,open
uci_ledger_502584,UCI-502584,309.3,customer_13875,2010-03-25,open
uci_ledger_502586,UCI-502586,577.24,customer_17001,2010-03-25,open
uci_ledger_502588,UCI-502588,867.04,customer_16550,2010-03-25,open
uci_ledger_502590,UCI-502590,342.0,customer_17353,2010-03-25,open
uci_ledger_502591,UCI-502591,201.85,customer_17841,2010-03-25,open
uci_ledger_502592,UCI-502592,62.95,customer_13995,2010-03-25,open
uci_ledger_502594,UCI-502594,205.91,customer_16090,2010-03-25,open
uci_ledger_502595,UCI-502595,736.1,customer_14911,2010-03-25,open
uci_ledger_502596,UCI-502596,336.04,customer_16553,2010-03-25,open
uci_ledger_502597,UCI-502597,360.95,customer_13969,2010-03-25,open
uci_ledger_502598,UCI-502598,766.52,customer_14156,2010-03-25,open
uci_ledger_502599,UCI-502599,132.8,customer_17301,2010-03-25,open
uci_ledger_502602,UCI-502602,241.38,customer_16943,2010-03-25,open
uci_ledger_502604,UCI-502604,141.3,customer_16699,2010-03-25,open
uci_ledger_502605,UCI-502605,726.32,customer_14685,2010-03-25,open
uci_ledger_502606,UCI-502606,260.5,customer_13900,2010-03-25,open
uci_ledger_502607,UCI-502607,325.15,customer_12373,2010-03-25,open
uci_ledger_502608,UCI-502608,503.97,customer_13001,2010-03-25,open
uci_ledger_502609,UCI-502609,344.3,customer_17873,2010-03-25,open
uci_ledger_502610,UCI-502610,1103.85,customer_13408,2010-03-25,open
uci_ledger_502611,UCI-502611,251.78,customer_13668,2010-03-25,open
uci_ledger_502613,UCI-502613,885.14,customer_14535,2010-03-25,open
uci_ledger_502614,UCI-502614,69.6,customer_12471,2010-03-25,open
uci_ledger_502615,UCI-502615,340.3,customer_13285,2010-03-25,open
uci_ledger_502616,UCI-502616,209.3,customer_12870,2010-03-25,open
uci_ledger_502617,UCI-502617,525.34,customer_15027,2010-03-25,open
uci_ledger_502618,UCI-502618,227.52,customer_14085,2010-03-25,open
uci_ledger_502620,UCI-502620,172.35,customer_14167,2010-03-25,open
uci_ledger_502623,UCI-502623,86.22,customer_18219,2010-03-25,open
uci_ledger_502624,UCI-502624,243.03,customer_16794,2010-03-25,open
uci_ledger_502628,UCI-502628,531.97,customer_16670,2010-03-25,open
uci_ledger_502632,UCI-502632,133.85,customer_17484,2010-03-25,open
uci_ledger_502633,UCI-502633,429.9,customer_12510,2010-03-25,open
uci_ledger_502636,UCI-502636,381.36,customer_12726,2010-03-25,open
uci_ledger_502637,UCI-502637,545.98,customer_15768,2010-03-25,open
uci_ledger_502638,UCI-502638,357.91,customer_15260,2010-03-25,open
uci_ledger_502643,UCI-502643,41.85,customer_15549,2010-03-25,open
uci_ledger_502648,UCI-502648,935.36,customer_16210,2010-03-25,open
uci_ledger_502653,UCI-502653,312.46,customer_17160,2010-03-25,open
uci_ledger_502659,UCI-502659,82.2,customer_14682,2010-03-25,open
uci_ledger_502660,UCI-502660,112.24,customer_13187,2010-03-25,open
uci_ledger_502661,UCI-502661,250.45,customer_13705,2010-03-25,open
uci_ledger_502662,UCI-502662,119.84,customer_14704,2010-03-25,open
uci_ledger_502663,UCI-502663,146.68,customer_12791,2010-03-25,open
uci_ledger_502664,UCI-502664,209.93,customer_15722,2010-03-25,open
uci_ledger_502665,UCI-502665,46.2,customer_15698,2010-03-25,open
uci_ledger_502667,UCI-502667,17.91,customer_13187,2010-03-25,open
uci_ledger_502668,UCI-502668,0.84,customer_13187,2010-03-25,open
uci_ledger_502669,UCI-502669,724.25,customer_15523,2010-03-26,open
uci_ledger_502670,UCI-502670,200.63,customer_14330,2010-03-26,open
uci_ledger_502671,UCI-502671,403.28,customer_13767,2010-03-26,open
uci_ledger_502672,UCI-502672,19.8,customer_12471,2010-03-26,open
uci_ledger_502673,UCI-502673,833.2,customer_14911,2010-03-26,open
uci_ledger_502674,UCI-502674,272.95,customer_16286,2010-03-26,open
uci_ledger_502675,UCI-502675,174.2,customer_14013,2010-03-26,open
uci_ledger_502677,UCI-502677,352.77,customer_15755,2010-03-26,open
uci_ledger_502692,UCI-502692,1708.2,customer_17949,2010-03-26,open
uci_ledger_502716,UCI-502716,914.17,customer_16779,2010-03-26,open
uci_ledger_502721,UCI-502721,383.75,customer_15789,2010-03-26,open
uci_ledger_502723,UCI-502723,870.0,customer_17949,2010-03-26,open
uci_ledger_502724,UCI-502724,286.58,customer_14110,2010-03-26,open
uci_ledger_502725,UCI-502725,307.98,customer_16558,2010-03-26,open
uci_ledger_502728,UCI-502728,299.75,customer_18188,2010-03-26,open
uci_ledger_502730,UCI-502730,20.4,customer_15443,2010-03-26,open
uci_ledger_502733,UCI-502733,280.6,customer_15911,2010-03-26,open
uci_ledger_502734,UCI-502734,485.52,customer_13082,2010-03-26,open
uci_ledger_502735,UCI-502735,146.68,customer_12791,2010-03-26,open
uci_ledger_502736,UCI-502736,14.85,customer_15911,2010-03-26,open
uci_ledger_502738,UCI-502738,131.68,customer_12791,2010-03-26,open
uci_ledger_502739,UCI-502739,409.2,customer_16170,2010-03-26,open
uci_ledger_502740,UCI-502740,303.55,customer_17582,2010-03-26,open
uci_ledger_502743,UCI-502743,175.5,customer_18166,2010-03-26,open
uci_ledger_502745,UCI-502745,81.4,customer_16158,2010-03-26,open
uci_ledger_502747,UCI-502747,798.55,customer_18215,2010-03-26,open
uci_ledger_502748,UCI-502748,465.51,customer_16493,2010-03-26,open
uci_ledger_502749,UCI-502749,187.14,customer_18245,2010-03-26,open
uci_ledger_502751,UCI-502751,102.54,customer_17290,2010-03-26,open
uci_ledger_502752,UCI-502752,90.15,customer_18252,2010-03-26,open
uci_ledger_502753,UCI-502753,194.8,customer_16923,2010-03-26,open
uci_ledger_502755,UCI-502755,67.25,customer_16601,2010-03-26,open
uci_ledger_502756,UCI-502756,501.36,customer_13931,2010-03-26,open
uci_ledger_502757,UCI-502757,285.84,customer_14537,2010-03-26,open
uci_ledger_502758,UCI-502758,4865.7,customer_14646,2010-03-26,open
uci_ledger_502759,UCI-502759,3208.44,customer_14646,2010-03-26,open
uci_ledger_502760,UCI-502760,816.0,customer_14646,2010-03-26,open
uci_ledger_502761,UCI-502761,128.22,customer_13117,2010-03-26,open
uci_ledger_502762,UCI-502762,219.4,customer_14074,2010-03-26,open
uci_ledger_502763,UCI-502763,292.47,customer_17966,2010-03-26,open
uci_ledger_502764,UCI-502764,2021.23,customer_12477,2010-03-26,open
uci_ledger_502765,UCI-502765,84.37,customer_17371,2010-03-26,open
uci_ledger_502768,UCI-502768,181.7,customer_14994,2010-03-26,open
uci_ledger_502771,UCI-502771,2585.75,customer_13694,2010-03-26,open
uci_ledger_502772,UCI-502772,120.0,customer_13694,2010-03-26,open
uci_ledger_502779,UCI-502779,274.05,customer_16807,2010-03-26,open
uci_ledger_502781,UCI-502781,45.6,customer_13694,2010-03-26,open
uci_ledger_502784,UCI-502784,780.92,customer_15249,2010-03-26,open
uci_ledger_502785,UCI-502785,181.58,customer_13767,2010-03-26,open
uci_ledger_502792,UCI-502792,205.35,customer_14253,2010-03-26,open
uci_ledger_502794,UCI-502794,312.88,customer_16833,2010-03-26,open
uci_ledger_502796,UCI-502796,362.56,customer_17191,2010-03-26,open
uci_ledger_502795,UCI-502795,132.88,customer_16510,2010-03-26,open
uci_ledger_502799,UCI-502799,259.08,customer_15867,2010-03-26,open
uci_ledger_502798,UCI-502798,162.4,customer_15552,2010-03-26,open
uci_ledger_502810,UCI-502810,155.33,customer_15339,2010-03-26,open
uci_ledger_502811,UCI-502811,290.95,customer_17243,2010-03-28,open
uci_ledger_502812,UCI-502812,226.3,customer_15965,2010-03-28,open
uci_ledger_502814,UCI-502814,397.54,customer_13767,2010-03-28,open
uci_ledger_502813,UCI-502813,201.13,customer_16104,2010-03-28,open
uci_ledger_502815,UCI-502815,376.2,customer_16768,2010-03-28,open
uci_ledger_502816,UCI-502816,299.0,customer_13871,2010-03-28,open
uci_ledger_502817,UCI-502817,139.94,customer_15848,2010-03-28,open
uci_ledger_502818,UCI-502818,112.23,customer_13825,2010-03-28,open
uci_ledger_502819,UCI-502819,63.72,customer_17644,2010-03-28,open
uci_ledger_502820,UCI-502820,941.42,customer_14849,2010-03-28,open
uci_ledger_502821,UCI-502821,70.2,customer_14849,2010-03-28,open
uci_ledger_502822,UCI-502822,118.0,customer_17155,2010-03-28,open
uci_ledger_502823,UCI-502823,1290.28,customer_13209,2010-03-28,open
uci_ledger_502824,UCI-502824,127.65,customer_13053,2010-03-28,open
uci_ledger_502825,UCI-502825,463.62,customer_16787,2010-03-28,open
uci_ledger_502826,UCI-502826,722.17,customer_17920,2010-03-28,open
uci_ledger_502827,UCI-502827,439.62,customer_15289,2010-03-28,open
uci_ledger_502828,UCI-502828,293.5,customer_16727,2010-03-28,open
uci_ledger_502829,UCI-502829,392.59,customer_17827,2010-03-28,open
uci_ledger_502830,UCI-502830,131.25,customer_14378,2010-03-28,open
uci_ledger_502831,UCI-502831,30.0,customer_17372,2010-03-28,open
uci_ledger_502832,UCI-502832,197.78,customer_14805,2010-03-28,open
uci_ledger_502833,UCI-502833,924.54,customer_13225,2010-03-28,open
uci_ledger_502835,UCI-502835,382.2,customer_16934,2010-03-28,open
uci_ledger_502834,UCI-502834,95.78,customer_17731,2010-03-28,open
uci_ledger_502836,UCI-502836,156.74,customer_16939,2010-03-28,open
uci_ledger_502837,UCI-502837,307.25,customer_14771,2010-03-28,open
uci_ledger_502838,UCI-502838,210.47,customer_16784,2010-03-28,open
uci_ledger_502839,UCI-502839,1017.96,customer_12910,2010-03-28,open
uci_ledger_502840,UCI-502840,334.87,customer_15068,2010-03-28,open
uci_ledger_502841,UCI-502841,144.35,customer_18283,2010-03-28,open
uci_ledger_502842,UCI-502842,153.55,customer_17518,2010-03-28,open
uci_ledger_502843,UCI-502843,656.72,customer_14101,2010-03-28,open
uci_ledger_502844,UCI-502844,1031.37,customer_14291,2010-03-28,open
uci_ledger_502845,UCI-502845,351.69,customer_13615,2010-03-28,open
uci_ledger_502846,UCI-502846,153.55,customer_15423,2010-03-28,open
uci_ledger_502847,UCI-502847,379.04,customer_14572,2010-03-28,open
uci_ledger_502848,UCI-502848,742.41,customer_15570,2010-03-28,open
uci_ledger_502850,UCI-502850,28.9,customer_17954,2010-03-28,open
uci_ledger_502851,UCI-502851,253.45,customer_17068,2010-03-28,open
uci_ledger_502852,UCI-502852,213.15,customer_18231,2010-03-28,open
uci_ledger_502853,UCI-502853,826.87,customer_17589,2010-03-28,open
uci_ledger_502854,UCI-502854,190.53,customer_13684,2010-03-28,open
uci_ledger_502855,UCI-502855,292.44,customer_16710,2010-03-28,open
uci_ledger_502856,UCI-502856,364.47,customer_14078,2010-03-28,open
uci_ledger_502857,UCI-502857,309.99,customer_14735,2010-03-28,open
uci_ledger_502858,UCI-502858,250.26,customer_15231,2010-03-28,open
uci_ledger_502859,UCI-502859,309.3,customer_14735,2010-03-28,open
uci_ledger_502860,UCI-502860,106.96,customer_16666,2010-03-28,open
uci_ledger_502861,UCI-502861,256.83,customer_14583,2010-03-28,open
uci_ledger_502862,UCI-502862,359.46,customer_17504,2010-03-28,open
uci_ledger_502863,UCI-502863,1162.95,customer_16067,2010-03-28,open
uci_ledger_502864,UCI-502864,415.71,customer_14809,2010-03-28,open
uci_ledger_502865,UCI-502865,271.05,customer_14809,2010-03-28,open
uci_ledger_502866,UCI-502866,186.23,customer_16549,2010-03-28,open
uci_ledger_502867,UCI-502867,284.64,customer_15141,2010-03-28,open
uci_ledger_502868,UCI-502868,181.89,customer_16655,2010-03-28,open
uci_ledger_502869,UCI-502869,523.53,customer_13113,2010-03-28,open
uci_ledger_502870,UCI-502870,1406.43,customer_13373,2010-03-28,open
uci_ledger_502871,UCI-502871,367.69,customer_17642,2010-03-29,open
uci_ledger_502873,UCI-502873,381.0,customer_15981,2010-03-29,open
uci_ledger_502874,UCI-502874,348.47,customer_13319,2010-03-29,open
uci_ledger_502875,UCI-502875,243.0,customer_13319,2010-03-29,open
uci_ledger_502876,UCI-502876,1110.0,customer_17949,2010-03-29,open
uci_ledger_502877,UCI-502877,861.6,customer_16532,2010-03-29,open
uci_ledger_502880,UCI-502880,574.19,customer_17994,2010-03-29,open
uci_ledger_502881,UCI-502881,288.57,customer_17448,2010-03-29,open
uci_ledger_502882,UCI-502882,890.4,customer_16754,2010-03-29,open
uci_ledger_502883,UCI-502883,2121.36,customer_16754,2010-03-29,open
uci_ledger_502884,UCI-502884,637.11,customer_16019,2010-03-29,open
uci_ledger_502885,UCI-502885,197.79,customer_16019,2010-03-29,open
uci_ledger_502886,UCI-502886,749.28,customer_16456,2010-03-29,open
uci_ledger_502887,UCI-502887,7090.8,customer_16754,2010-03-29,open
uci_ledger_502888,UCI-502888,1652.4,customer_18102,2010-03-29,open
uci_ledger_502889,UCI-502889,461.76,customer_17448,2010-03-29,open
uci_ledger_502890,UCI-502890,74.0,customer_15039,2010-03-29,open
uci_ledger_502891,UCI-502891,173.67,customer_17448,2010-03-29,open
uci_ledger_502892,UCI-502892,164.47,customer_17419,2010-03-29,open
uci_ledger_502893,UCI-502893,401.65,customer_17448,2010-03-29,open
uci_ledger_502895,UCI-502895,317.61,customer_17448,2010-03-29,open
uci_ledger_502896,UCI-502896,325.85,customer_15527,2010-03-29,open
uci_ledger_502897,UCI-502897,292.95,customer_14527,2010-03-29,open
uci_ledger_502898,UCI-502898,270.95,customer_17448,2010-03-29,open
uci_ledger_502901,UCI-502901,940.52,customer_13340,2010-03-29,open
uci_ledger_502902,UCI-502902,315.4,customer_16634,2010-03-29,open
uci_ledger_502905,UCI-502905,306.0,customer_12931,2010-03-29,open
uci_ledger_502906,UCI-502906,1045.44,customer_18102,2010-03-29,open
uci_ledger_502908,UCI-502908,1.45,customer_16327,2010-03-29,open
uci_ledger_502909,UCI-502909,350.1,customer_17448,2010-03-29,open
uci_ledger_502911,UCI-502911,228.67,customer_17448,2010-03-29,open
uci_ledger_502912,UCI-502912,579.6,customer_14680,2010-03-29,open
uci_ledger_502913,UCI-502913,415.14,customer_13975,2010-03-29,open
uci_ledger_502914,UCI-502914,41.25,customer_14680,2010-03-29,open
uci_ledger_502915,UCI-502915,265.14,customer_17920,2010-03-29,open
uci_ledger_502916,UCI-502916,236.55,customer_16502,2010-03-29,open
uci_ledger_502917,UCI-502917,147.3,customer_15311,2010-03-29,open
